seed,iter,method,best
1001,0,BASS-BO,5.2578803482622645
1001,1,BASS-BO,5.2578803482622645
1001,2,BASS-BO,5.2578803482622645
1001,3,BASS-BO,5.2578803482622645
1001,4,BASS-BO,5.2578803482622645
1001,5,BASS-BO,5.2578803482622645
1001,6,BASS-BO,5.2578803482622645
1001,7,BASS-BO,5.2578803482622645
1001,8,BASS-BO,5.2578803482622645
1001,9,BASS-BO,5.2578803482622645
1001,10,BASS-BO,5.2578803482622645
1001,11,BASS-BO,0.8554143489108466
1001,12,BASS-BO,0.8554143489108466
1001,13,BASS-BO,0.8554143489108466
1001,14,BASS-BO,0.8554143489108466
1001,15,BASS-BO,0.8554143489108466
1001,16,BASS-BO,0.8554143489108466
1001,17,BASS-BO,0.8554143489108466
1001,18,BASS-BO,0.8554143489108466
1001,19,BASS-BO,0.8554143489108466
1001,20,BASS-BO,0.8554143489108466
1001,21,BASS-BO,0.8554143489108466
1001,22,BASS-BO,0.8554143489108466
1001,23,BASS-BO,0.8554143489108466
1001,24,BASS-BO,0.8554143489108466
1001,25,BASS-BO,0.8554143489108466
1001,26,BASS-BO,0.8554143489108466
1001,27,BASS-BO,0.8554143489108466
1001,28,BASS-BO,0.8554143489108466
1001,29,BASS-BO,0.8554143489108466
1001,30,BASS-BO,0.8554143489108466
1001,31,BASS-BO,0.8554143489108466
1001,32,BASS-BO,0.8554143489108466
1001,33,BASS-BO,0.8554143489108466
1001,34,BASS-BO,0.8554143489108466
1001,35,BASS-BO,0.8554143489108466
1001,36,BASS-BO,0.8554143489108466
1001,37,BASS-BO,0.8554143489108466
1001,38,BASS-BO,0.8554143489108466
1001,39,BASS-BO,0.8554143489108466
1001,40,BASS-BO,0.8554143489108466
1001,41,BASS-BO,0.8554143489108466
1001,42,BASS-BO,0.8554143489108466
1001,43,BASS-BO,0.8554143489108466
1001,44,BASS-BO,0.8554143489108466
1001,45,BASS-BO,0.8554143489108466
1001,46,BASS-BO,0.8554143489108466
1001,47,BASS-BO,0.8554143489108466
1001,48,BASS-BO,0.8554143489108466
1001,49,BASS-BO,0.8554143489108466
1001,50,BASS-BO,0.8554143489108466
1001,51,BASS-BO,0.8554143489108466
1001,52,BASS-BO,0.8554143489108466
1001,53,BASS-BO,0.8554143489108466
1001,54,BASS-BO,0.8554143489108466
1001,55,BASS-BO,0.8554143489108466
1001,56,BASS-BO,0.8554143489108466
1001,57,BASS-BO,0.8554143489108466
1001,58,BASS-BO,0.8554143489108466
1001,59,BASS-BO,0.8554143489108466
1001,60,BASS-BO,0.8554143489108466
1001,61,BASS-BO,0.8554143489108466
1001,62,BASS-BO,0.8554143489108466
1001,63,BASS-BO,0.8554143489108466
1001,64,BASS-BO,0.8554143489108466
1001,65,BASS-BO,0.8554143489108466
1001,66,BASS-BO,0.8554143489108466
1001,67,BASS-BO,0.8554143489108466
1001,68,BASS-BO,0.8554143489108466
1001,69,BASS-BO,0.8554143489108466
1001,70,BASS-BO,0.8554143489108466
1001,71,BASS-BO,0.8554143489108466
1001,72,BASS-BO,0.8554143489108466
1001,73,BASS-BO,0.5978834271506379
1001,74,BASS-BO,0.5978834271506379
1001,75,BASS-BO,0.5978834271506379
1001,76,BASS-BO,0.5978834271506379
1001,77,BASS-BO,0.5978834271506379
1001,78,BASS-BO,0.5978834271506379
1001,79,BASS-BO,0.5978834271506379
1001,80,BASS-BO,0.5978834271506379
1001,0,GP-BO,5.2578803482622645
1001,1,GP-BO,5.2578803482622645
1001,2,GP-BO,5.2578803482622645
1001,3,GP-BO,5.2578803482622645
1001,4,GP-BO,3.367412803425239
1001,5,GP-BO,3.367412803425239
1001,6,GP-BO,1.6541498321851975
1001,7,GP-BO,1.6541498321851975
1001,8,GP-BO,1.6541498321851975
1001,9,GP-BO,1.6541498321851975
1001,10,GP-BO,1.6541498321851975
1001,11,GP-BO,1.10730196985058
1001,12,GP-BO,0.41640313202975143
1001,13,GP-BO,0.41640313202975143
1001,14,GP-BO,0.41640313202975143
1001,15,GP-BO,0.41640313202975143
1001,16,GP-BO,0.41640313202975143
1001,17,GP-BO,0.41640313202975143
1001,18,GP-BO,0.41640313202975143
1001,19,GP-BO,0.41640313202975143
1001,20,GP-BO,0.41640313202975143
1001,21,GP-BO,0.41640313202975143
1001,22,GP-BO,0.41640313202975143
1001,23,GP-BO,0.41640313202975143
1001,24,GP-BO,0.41640313202975143
1001,25,GP-BO,0.41640313202975143
1001,26,GP-BO,0.41640313202975143
1001,27,GP-BO,0.41640313202975143
1001,28,GP-BO,0.41640313202975143
1001,29,GP-BO,0.3990684909055169
1001,30,GP-BO,0.3990684909055169
1001,31,GP-BO,0.3990684909055169
1001,32,GP-BO,0.3990684909055169
1001,33,GP-BO,0.3990684909055169
1001,34,GP-BO,0.3990684909055169
1001,35,GP-BO,0.3990684909055169
1001,36,GP-BO,0.3990684909055169
1001,37,GP-BO,0.3990684909055169
1001,38,GP-BO,0.3990684909055169
1001,39,GP-BO,0.3990684909055169
1001,40,GP-BO,0.3990684909055169
1001,41,GP-BO,0.3990684909055169
1001,42,GP-BO,0.3990684909055169
1001,43,GP-BO,0.3990684909055169
1001,44,GP-BO,0.3990684909055169
1001,45,GP-BO,0.3990684909055169
1001,46,GP-BO,0.3990684909055169
1001,47,GP-BO,0.3990684909055169
1001,48,GP-BO,0.3990684909055169
1001,49,GP-BO,0.3990684909055169
1001,50,GP-BO,0.3990684909055169
1001,51,GP-BO,0.3990684909055169
1001,52,GP-BO,0.3990684909055169
1001,53,GP-BO,0.3990684909055169
1001,54,GP-BO,0.3990684909055169
1001,55,GP-BO,0.3990684909055169
1001,56,GP-BO,0.3990684909055169
1001,57,GP-BO,0.3990684909055169
1001,58,GP-BO,0.3990684909055169
1001,59,GP-BO,0.3990684909055169
1001,60,GP-BO,0.3990684909055169
1001,61,GP-BO,0.3990684909055169
1001,62,GP-BO,0.3990684909055169
1001,63,GP-BO,0.3990684909055169
1001,64,GP-BO,0.3990684909055169
1001,65,GP-BO,0.3990684909055169
1001,66,GP-BO,0.3990684909055169
1001,67,GP-BO,0.3990684909055169
1001,68,GP-BO,0.3990684909055169
1001,69,GP-BO,0.39791739766478074
1001,70,GP-BO,0.39791739766478074
1001,71,GP-BO,0.39791739766478074
1001,72,GP-BO,0.39791739766478074
1001,73,GP-BO,0.39791739766478074
1001,74,GP-BO,0.39791739766478074
1001,75,GP-BO,0.39791739766478074
1001,76,GP-BO,0.39791739766478074
1001,77,GP-BO,0.39791739766478074
1001,78,GP-BO,0.39791739766478074
1001,79,GP-BO,0.39791739766478074
1001,80,GP-BO,0.39791739766478074
1001,0,Random,5.2578803482622645
1001,1,Random,5.2578803482622645
1001,2,Random,5.2578803482622645
1001,3,Random,5.2578803482622645
1001,4,Random,5.2578803482622645
1001,5,Random,1.488630790118851
1001,6,Random,1.488630790118851
1001,7,Random,1.488630790118851
1001,8,Random,1.488630790118851
1001,9,Random,1.488630790118851
1001,10,Random,1.488630790118851
1001,11,Random,1.488630790118851
1001,12,Random,1.488630790118851
1001,13,Random,1.488630790118851
1001,14,Random,1.488630790118851
1001,15,Random,1.488630790118851
1001,16,Random,1.488630790118851
1001,17,Random,1.488630790118851
1001,18,Random,1.488630790118851
1001,19,Random,1.488630790118851
1001,20,Random,1.488630790118851
1001,21,Random,0.94614131641403
1001,22,Random,0.94614131641403
1001,23,Random,0.94614131641403
1001,24,Random,0.94614131641403
1001,25,Random,0.94614131641403
1001,26,Random,0.94614131641403
1001,27,Random,0.94614131641403
1001,28,Random,0.94614131641403
1001,29,Random,0.94614131641403
1001,30,Random,0.94614131641403
1001,31,Random,0.94614131641403
1001,32,Random,0.94614131641403
1001,33,Random,0.94614131641403
1001,34,Random,0.94614131641403
1001,35,Random,0.94614131641403
1001,36,Random,0.94614131641403
1001,37,Random,0.94614131641403
1001,38,Random,0.94614131641403
1001,39,Random,0.94614131641403
1001,40,Random,0.94614131641403
1001,41,Random,0.94614131641403
1001,42,Random,0.94614131641403
1001,43,Random,0.94614131641403
1001,44,Random,0.94614131641403
1001,45,Random,0.94614131641403
1001,46,Random,0.94614131641403
1001,47,Random,0.94614131641403
1001,48,Random,0.94614131641403
1001,49,Random,0.94614131641403
1001,50,Random,0.94614131641403
1001,51,Random,0.94614131641403
1001,52,Random,0.94614131641403
1001,53,Random,0.94614131641403
1001,54,Random,0.94614131641403
1001,55,Random,0.94614131641403
1001,56,Random,0.94614131641403
1001,57,Random,0.94614131641403
1001,58,Random,0.94614131641403
1001,59,Random,0.94614131641403
1001,60,Random,0.94614131641403
1001,61,Random,0.94614131641403
1001,62,Random,0.94614131641403
1001,63,Random,0.94614131641403
1001,64,Random,0.94614131641403
1001,65,Random,0.94614131641403
1001,66,Random,0.94614131641403
1001,67,Random,0.94614131641403
1001,68,Random,0.94614131641403
1001,69,Random,0.94614131641403
1001,70,Random,0.94614131641403
1001,71,Random,0.94614131641403
1001,72,Random,0.94614131641403
1001,73,Random,0.94614131641403
1001,74,Random,0.94614131641403
1001,75,Random,0.94614131641403
1001,76,Random,0.94614131641403
1001,77,Random,0.94614131641403
1001,78,Random,0.94614131641403
1001,79,Random,0.94614131641403
1001,80,Random,0.94614131641403
1002,0,BASS-BO,0.5841154865457856
1002,1,BASS-BO,0.5841154865457856
1002,2,BASS-BO,0.5841154865457856
1002,3,BASS-BO,0.5841154865457856
1002,4,BASS-BO,0.5841154865457856
1002,5,BASS-BO,0.5841154865457856
1002,6,BASS-BO,0.5841154865457856
1002,7,BASS-BO,0.5841154865457856
1002,8,BASS-BO,0.5841154865457856
1002,9,BASS-BO,0.5841154865457856
1002,10,BASS-BO,0.5841154865457856
1002,11,BASS-BO,0.5841154865457856
1002,12,BASS-BO,0.5841154865457856
1002,13,BASS-BO,0.5841154865457856
1002,14,BASS-BO,0.5841154865457856
1002,15,BASS-BO,0.5841154865457856
1002,16,BASS-BO,0.5841154865457856
1002,17,BASS-BO,0.5841154865457856
1002,18,BASS-BO,0.5841154865457856
1002,19,BASS-BO,0.5841154865457856
1002,20,BASS-BO,0.5841154865457856
1002,21,BASS-BO,0.5841154865457856
1002,22,BASS-BO,0.5841154865457856
1002,23,BASS-BO,0.5841154865457856
1002,24,BASS-BO,0.5841154865457856
1002,25,BASS-BO,0.5841154865457856
1002,26,BASS-BO,0.5841154865457856
1002,27,BASS-BO,0.5841154865457856
1002,28,BASS-BO,0.5841154865457856
1002,29,BASS-BO,0.5841154865457856
1002,30,BASS-BO,0.5841154865457856
1002,31,BASS-BO,0.5841154865457856
1002,32,BASS-BO,0.5841154865457856
1002,33,BASS-BO,0.5841154865457856
1002,34,BASS-BO,0.5841154865457856
1002,35,BASS-BO,0.5841154865457856
1002,36,BASS-BO,0.5841154865457856
1002,37,BASS-BO,0.5841154865457856
1002,38,BASS-BO,0.5841154865457856
1002,39,BASS-BO,0.5841154865457856
1002,40,BASS-BO,0.5841154865457856
1002,41,BASS-BO,0.5841154865457856
1002,42,BASS-BO,0.5841154865457856
1002,43,BASS-BO,0.5841154865457856
1002,44,BASS-BO,0.5841154865457856
1002,45,BASS-BO,0.5841154865457856
1002,46,BASS-BO,0.5841154865457856
1002,47,BASS-BO,0.5841154865457856
1002,48,BASS-BO,0.5841154865457856
1002,49,BASS-BO,0.5841154865457856
1002,50,BASS-BO,0.5841154865457856
1002,51,BASS-BO,0.5841154865457856
1002,52,BASS-BO,0.5841154865457856
1002,53,BASS-BO,0.5841154865457856
1002,54,BASS-BO,0.5841154865457856
1002,55,BASS-BO,0.5841154865457856
1002,56,BASS-BO,0.5841154865457856
1002,57,BASS-BO,0.5841154865457856
1002,58,BASS-BO,0.5841154865457856
1002,59,BASS-BO,0.5841154865457856
1002,60,BASS-BO,0.5841154865457856
1002,61,BASS-BO,0.5841154865457856
1002,62,BASS-BO,0.5841154865457856
1002,63,BASS-BO,0.5841154865457856
1002,64,BASS-BO,0.5841154865457856
1002,65,BASS-BO,0.5841154865457856
1002,66,BASS-BO,0.5841154865457856
1002,67,BASS-BO,0.5841154865457856
1002,68,BASS-BO,0.4706106810876456
1002,69,BASS-BO,0.4706106810876456
1002,70,BASS-BO,0.4706106810876456
1002,71,BASS-BO,0.4706106810876456
1002,72,BASS-BO,0.4706106810876456
1002,73,BASS-BO,0.4706106810876456
1002,74,BASS-BO,0.4706106810876456
1002,75,BASS-BO,0.408152275911819
1002,76,BASS-BO,0.408152275911819
1002,77,BASS-BO,0.408152275911819
1002,78,BASS-BO,0.39860803994619864
1002,79,BASS-BO,0.39860803994619864
1002,80,BASS-BO,0.39860803994619864
1002,0,GP-BO,0.5841154865457856
1002,1,GP-BO,0.5841154865457856
1002,2,GP-BO,0.5841154865457856
1002,3,GP-BO,0.5841154865457856
1002,4,GP-BO,0.5841154865457856
1002,5,GP-BO,0.5841154865457856
1002,6,GP-BO,0.5841154865457856
1002,7,GP-BO,0.5841154865457856
1002,8,GP-BO,0.5841154865457856
1002,9,GP-BO,0.5768434808528138
1002,10,GP-BO,0.4639748190358084
1002,11,GP-BO,0.4639748190358084
1002,12,GP-BO,0.4639748190358084
1002,13,GP-BO,0.4639748190358084
1002,14,GP-BO,0.4639748190358084
1002,15,GP-BO,0.4639748190358084
1002,16,GP-BO,0.447839458339617
1002,17,GP-BO,0.4066413905446513
1002,18,GP-BO,0.4066413905446513
1002,19,GP-BO,0.40158764890653487
1002,20,GP-BO,0.40158764890653487
1002,21,GP-BO,0.40158764890653487
1002,22,GP-BO,0.40158764890653487
1002,23,GP-BO,0.40158764890653487
1002,24,GP-BO,0.40158764890653487
1002,25,GP-BO,0.40158764890653487
1002,26,GP-BO,0.40158764890653487
1002,27,GP-BO,0.40158764890653487
1002,28,GP-BO,0.40158764890653487
1002,29,GP-BO,0.40158764890653487
1002,30,GP-BO,0.40158764890653487
1002,31,GP-BO,0.40158764890653487
1002,32,GP-BO,0.399122313182831
1002,33,GP-BO,0.399122313182831
1002,34,GP-BO,0.399122313182831
1002,35,GP-BO,0.399122313182831
1002,36,GP-BO,0.399122313182831
1002,37,GP-BO,0.399122313182831
1002,38,GP-BO,0.399122313182831
1002,39,GP-BO,0.399122313182831
1002,40,GP-BO,0.399122313182831
1002,41,GP-BO,0.399122313182831
1002,42,GP-BO,0.399122313182831
1002,43,GP-BO,0.399122313182831
1002,44,GP-BO,0.399122313182831
1002,45,GP-BO,0.399122313182831
1002,46,GP-BO,0.399122313182831
1002,47,GP-BO,0.399122313182831
1002,48,GP-BO,0.39833410175872963
1002,49,GP-BO,0.39833410175872963
1002,50,GP-BO,0.39833410175872963
1002,51,GP-BO,0.39833410175872963
1002,52,GP-BO,0.39833410175872963
1002,53,GP-BO,0.3982589155598024
1002,54,GP-BO,0.3982589155598024
1002,55,GP-BO,0.3982589155598024
1002,56,GP-BO,0.3982589155598024
1002,57,GP-BO,0.3982589155598024
1002,58,GP-BO,0.3982589155598024
1002,59,GP-BO,0.3982589155598024
1002,60,GP-BO,0.3982589155598024
1002,61,GP-BO,0.3982589155598024
1002,62,GP-BO,0.3982589155598024
1002,63,GP-BO,0.3982589155598024
1002,64,GP-BO,0.3982589155598024
1002,65,GP-BO,0.3982589155598024
1002,66,GP-BO,0.3982589155598024
1002,67,GP-BO,0.3982589155598024
1002,68,GP-BO,0.3982589155598024
1002,69,GP-BO,0.3982589155598024
1002,70,GP-BO,0.3982589155598024
1002,71,GP-BO,0.3982589155598024
1002,72,GP-BO,0.39813200873656207
1002,73,GP-BO,0.39813200873656207
1002,74,GP-BO,0.39813200873656207
1002,75,GP-BO,0.39799816781405895
1002,76,GP-BO,0.39799816781405895
1002,77,GP-BO,0.39799816781405895
1002,78,GP-BO,0.39788969121590334
1002,79,GP-BO,0.39788969121590334
1002,80,GP-BO,0.39788969121590334
1002,0,Random,0.5841154865457856
1002,1,Random,0.5841154865457856
1002,2,Random,0.5841154865457856
1002,3,Random,0.5841154865457856
1002,4,Random,0.5841154865457856
1002,5,Random,0.5841154865457856
1002,6,Random,0.5841154865457856
1002,7,Random,0.5841154865457856
1002,8,Random,0.5841154865457856
1002,9,Random,0.5841154865457856
1002,10,Random,0.5841154865457856
1002,11,Random,0.5841154865457856
1002,12,Random,0.5841154865457856
1002,13,Random,0.5841154865457856
1002,14,Random,0.5841154865457856
1002,15,Random,0.5841154865457856
1002,16,Random,0.5841154865457856
1002,17,Random,0.5841154865457856
1002,18,Random,0.5841154865457856
1002,19,Random,0.5841154865457856
1002,20,Random,0.5841154865457856
1002,21,Random,0.5841154865457856
1002,22,Random,0.5841154865457856
1002,23,Random,0.5841154865457856
1002,24,Random,0.5841154865457856
1002,25,Random,0.5841154865457856
1002,26,Random,0.5494018152678724
1002,27,Random,0.5494018152678724
1002,28,Random,0.5494018152678724
1002,29,Random,0.5494018152678724
1002,30,Random,0.5494018152678724
1002,31,Random,0.5494018152678724
1002,32,Random,0.5494018152678724
1002,33,Random,0.5494018152678724
1002,34,Random,0.5494018152678724
1002,35,Random,0.5494018152678724
1002,36,Random,0.5494018152678724
1002,37,Random,0.5494018152678724
1002,38,Random,0.5494018152678724
1002,39,Random,0.5494018152678724
1002,40,Random,0.5494018152678724
1002,41,Random,0.5494018152678724
1002,42,Random,0.5494018152678724
1002,43,Random,0.5494018152678724
1002,44,Random,0.5494018152678724
1002,45,Random,0.5494018152678724
1002,46,Random,0.5494018152678724
1002,47,Random,0.5494018152678724
1002,48,Random,0.5494018152678724
1002,49,Random,0.5494018152678724
1002,50,Random,0.5494018152678724
1002,51,Random,0.5494018152678724
1002,52,Random,0.5494018152678724
1002,53,Random,0.5494018152678724
1002,54,Random,0.5494018152678724
1002,55,Random,0.5494018152678724
1002,56,Random,0.5494018152678724
1002,57,Random,0.5494018152678724
1002,58,Random,0.5494018152678724
1002,59,Random,0.5494018152678724
1002,60,Random,0.5494018152678724
1002,61,Random,0.5494018152678724
1002,62,Random,0.5494018152678724
1002,63,Random,0.5494018152678724
1002,64,Random,0.5494018152678724
1002,65,Random,0.5494018152678724
1002,66,Random,0.5494018152678724
1002,67,Random,0.5494018152678724
1002,68,Random,0.5494018152678724
1002,69,Random,0.5494018152678724
1002,70,Random,0.5494018152678724
1002,71,Random,0.5494018152678724
1002,72,Random,0.5494018152678724
1002,73,Random,0.5494018152678724
1002,74,Random,0.5494018152678724
1002,75,Random,0.5494018152678724
1002,76,Random,0.5494018152678724
1002,77,Random,0.5494018152678724
1002,78,Random,0.5494018152678724
1002,79,Random,0.5494018152678724
1002,80,Random,0.5494018152678724
1003,0,BASS-BO,3.558070772063399
1003,1,BASS-BO,2.556893949924685
1003,2,BASS-BO,2.556893949924685
1003,3,BASS-BO,2.556893949924685
1003,4,BASS-BO,2.556893949924685
1003,5,BASS-BO,2.556893949924685
1003,6,BASS-BO,2.556893949924685
1003,7,BASS-BO,2.556893949924685
1003,8,BASS-BO,2.556893949924685
1003,9,BASS-BO,2.556893949924685
1003,10,BASS-BO,2.556893949924685
1003,11,BASS-BO,2.556893949924685
1003,12,BASS-BO,2.556893949924685
1003,13,BASS-BO,2.556893949924685
1003,14,BASS-BO,2.556893949924685
1003,15,BASS-BO,2.556893949924685
1003,16,BASS-BO,2.556893949924685
1003,17,BASS-BO,2.556893949924685
1003,18,BASS-BO,2.556893949924685
1003,19,BASS-BO,2.556893949924685
1003,20,BASS-BO,2.556893949924685
1003,21,BASS-BO,2.556893949924685
1003,22,BASS-BO,2.556893949924685
1003,23,BASS-BO,2.556893949924685
1003,24,BASS-BO,2.556893949924685
1003,25,BASS-BO,2.556893949924685
1003,26,BASS-BO,2.556893949924685
1003,27,BASS-BO,2.556893949924685
1003,28,BASS-BO,1.8337799110006365
1003,29,BASS-BO,1.8337799110006365
1003,30,BASS-BO,1.8337799110006365
1003,31,BASS-BO,1.4016107694509081
1003,32,BASS-BO,1.4016107694509081
1003,33,BASS-BO,1.4016107694509081
1003,34,BASS-BO,1.4016107694509081
1003,35,BASS-BO,0.4657549396614922
1003,36,BASS-BO,0.4657549396614922
1003,37,BASS-BO,0.4657549396614922
1003,38,BASS-BO,0.4657549396614922
1003,39,BASS-BO,0.4657549396614922
1003,40,BASS-BO,0.4657549396614922
1003,41,BASS-BO,0.4657549396614922
1003,42,BASS-BO,0.4657549396614922
1003,43,BASS-BO,0.4657549396614922
1003,44,BASS-BO,0.4657549396614922
1003,45,BASS-BO,0.4657549396614922
1003,46,BASS-BO,0.4657549396614922
1003,47,BASS-BO,0.4099972008564414
1003,48,BASS-BO,0.4099972008564414
1003,49,BASS-BO,0.4099972008564414
1003,50,BASS-BO,0.4099972008564414
1003,51,BASS-BO,0.4099972008564414
1003,52,BASS-BO,0.4099972008564414
1003,53,BASS-BO,0.4099972008564414
1003,54,BASS-BO,0.4093513948973211
1003,55,BASS-BO,0.4093513948973211
1003,56,BASS-BO,0.4093513948973211
1003,57,BASS-BO,0.4093513948973211
1003,58,BASS-BO,0.4093513948973211
1003,59,BASS-BO,0.4093513948973211
1003,60,BASS-BO,0.4093513948973211
1003,61,BASS-BO,0.4093513948973211
1003,62,BASS-BO,0.4093513948973211
1003,63,BASS-BO,0.4093513948973211
1003,64,BASS-BO,0.4093513948973211
1003,65,BASS-BO,0.4093513948973211
1003,66,BASS-BO,0.4093513948973211
1003,67,BASS-BO,0.4093513948973211
1003,68,BASS-BO,0.4093513948973211
1003,69,BASS-BO,0.4093513948973211
1003,70,BASS-BO,0.4093513948973211
1003,71,BASS-BO,0.4093513948973211
1003,72,BASS-BO,0.4093513948973211
1003,73,BASS-BO,0.4093513948973211
1003,74,BASS-BO,0.4093513948973211
1003,75,BASS-BO,0.40319705402283823
1003,76,BASS-BO,0.40319705402283823
1003,77,BASS-BO,0.40319705402283823
1003,78,BASS-BO,0.40319705402283823
1003,79,BASS-BO,0.40319705402283823
1003,80,BASS-BO,0.40319705402283823
1003,0,GP-BO,3.558070772063399
1003,1,GP-BO,3.558070772063399
1003,2,GP-BO,3.558070772063399
1003,3,GP-BO,3.558070772063399
1003,4,GP-BO,3.558070772063399
1003,5,GP-BO,3.558070772063399
1003,6,GP-BO,3.558070772063399
1003,7,GP-BO,3.558070772063399
1003,8,GP-BO,1.9975032567705462
1003,9,GP-BO,0.9006956530090235
1003,10,GP-BO,0.9006956530090235
1003,11,GP-BO,0.45064123286343793
1003,12,GP-BO,0.45064123286343793
1003,13,GP-BO,0.45064123286343793
1003,14,GP-BO,0.45064123286343793
1003,15,GP-BO,0.45064123286343793
1003,16,GP-BO,0.45064123286343793
1003,17,GP-BO,0.45064123286343793
1003,18,GP-BO,0.45064123286343793
1003,19,GP-BO,0.45064123286343793
1003,20,GP-BO,0.45064123286343793
1003,21,GP-BO,0.42875768974951534
1003,22,GP-BO,0.42875768974951534
1003,23,GP-BO,0.42875768974951534
1003,24,GP-BO,0.42875768974951534
1003,25,GP-BO,0.42875768974951534
1003,26,GP-BO,0.42875768974951534
1003,27,GP-BO,0.42875768974951534
1003,28,GP-BO,0.4167885598520069
1003,29,GP-BO,0.4167885598520069
1003,30,GP-BO,0.4167885598520069
1003,31,GP-BO,0.4167885598520069
1003,32,GP-BO,0.4167885598520069
1003,33,GP-BO,0.4167885598520069
1003,34,GP-BO,0.409726271542878
1003,35,GP-BO,0.409726271542878
1003,36,GP-BO,0.40442610168264004
1003,37,GP-BO,0.40442610168264004
1003,38,GP-BO,0.40442610168264004
1003,39,GP-BO,0.40442610168264004
1003,40,GP-BO,0.40442610168264004
1003,41,GP-BO,0.39803542544999715
1003,42,GP-BO,0.39803542544999715
1003,43,GP-BO,0.39803542544999715
1003,44,GP-BO,0.39803542544999715
1003,45,GP-BO,0.39803542544999715
1003,46,GP-BO,0.39803542544999715
1003,47,GP-BO,0.39803542544999715
1003,48,GP-BO,0.39803542544999715
1003,49,GP-BO,0.39803542544999715
1003,50,GP-BO,0.39803542544999715
1003,51,GP-BO,0.39803542544999715
1003,52,GP-BO,0.39803542544999715
1003,53,GP-BO,0.39803542544999715
1003,54,GP-BO,0.39803542544999715
1003,55,GP-BO,0.39803542544999715
1003,56,GP-BO,0.39803542544999715
1003,57,GP-BO,0.39803542544999715
1003,58,GP-BO,0.39803542544999715
1003,59,GP-BO,0.39803542544999715
1003,60,GP-BO,0.39803542544999715
1003,61,GP-BO,0.39803542544999715
1003,62,GP-BO,0.39803542544999715
1003,63,GP-BO,0.39803542544999715
1003,64,GP-BO,0.39803542544999715
1003,65,GP-BO,0.39803542544999715
1003,66,GP-BO,0.39803542544999715
1003,67,GP-BO,0.39803542544999715
1003,68,GP-BO,0.39803542544999715
1003,69,GP-BO,0.39803542544999715
1003,70,GP-BO,0.39803542544999715
1003,71,GP-BO,0.39803542544999715
1003,72,GP-BO,0.39803542544999715
1003,73,GP-BO,0.39803542544999715
1003,74,GP-BO,0.39803542544999715
1003,75,GP-BO,0.39803542544999715
1003,76,GP-BO,0.39803542544999715
1003,77,GP-BO,0.39803542544999715
1003,78,GP-BO,0.39803542544999715
1003,79,GP-BO,0.39803542544999715
1003,80,GP-BO,0.39803542544999715
1003,0,Random,3.558070772063399
1003,1,Random,3.558070772063399
1003,2,Random,3.558070772063399
1003,3,Random,3.558070772063399
1003,4,Random,3.558070772063399
1003,5,Random,3.558070772063399
1003,6,Random,2.826667202418454
1003,7,Random,2.826667202418454
1003,8,Random,2.826667202418454
1003,9,Random,2.826667202418454
1003,10,Random,2.826667202418454
1003,11,Random,2.826667202418454
1003,12,Random,2.826667202418454
1003,13,Random,2.826667202418454
1003,14,Random,2.826667202418454
1003,15,Random,2.826667202418454
1003,16,Random,2.826667202418454
1003,17,Random,2.826667202418454
1003,18,Random,2.826667202418454
1003,19,Random,2.826667202418454
1003,20,Random,2.826667202418454
1003,21,Random,2.826667202418454
1003,22,Random,2.826667202418454
1003,23,Random,2.826667202418454
1003,24,Random,2.826667202418454
1003,25,Random,2.826667202418454
1003,26,Random,2.826667202418454
1003,27,Random,0.542175558165928
1003,28,Random,0.542175558165928
1003,29,Random,0.542175558165928
1003,30,Random,0.542175558165928
1003,31,Random,0.542175558165928
1003,32,Random,0.542175558165928
1003,33,Random,0.542175558165928
1003,34,Random,0.542175558165928
1003,35,Random,0.542175558165928
1003,36,Random,0.542175558165928
1003,37,Random,0.542175558165928
1003,38,Random,0.542175558165928
1003,39,Random,0.542175558165928
1003,40,Random,0.542175558165928
1003,41,Random,0.542175558165928
1003,42,Random,0.542175558165928
1003,43,Random,0.542175558165928
1003,44,Random,0.542175558165928
1003,45,Random,0.542175558165928
1003,46,Random,0.542175558165928
1003,47,Random,0.542175558165928
1003,48,Random,0.542175558165928
1003,49,Random,0.542175558165928
1003,50,Random,0.542175558165928
1003,51,Random,0.542175558165928
1003,52,Random,0.542175558165928
1003,53,Random,0.542175558165928
1003,54,Random,0.542175558165928
1003,55,Random,0.542175558165928
1003,56,Random,0.542175558165928
1003,57,Random,0.542175558165928
1003,58,Random,0.542175558165928
1003,59,Random,0.542175558165928
1003,60,Random,0.542175558165928
1003,61,Random,0.542175558165928
1003,62,Random,0.542175558165928
1003,63,Random,0.542175558165928
1003,64,Random,0.542175558165928
1003,65,Random,0.542175558165928
1003,66,Random,0.542175558165928
1003,67,Random,0.542175558165928
1003,68,Random,0.542175558165928
1003,69,Random,0.542175558165928
1003,70,Random,0.542175558165928
1003,71,Random,0.542175558165928
1003,72,Random,0.542175558165928
1003,73,Random,0.542175558165928
1003,74,Random,0.542175558165928
1003,75,Random,0.542175558165928
1003,76,Random,0.542175558165928
1003,77,Random,0.542175558165928
1003,78,Random,0.542175558165928
1003,79,Random,0.542175558165928
1003,80,Random,0.542175558165928
1004,0,BASS-BO,6.949770464671544
1004,1,BASS-BO,6.949770464671544
1004,2,BASS-BO,6.949770464671544
1004,3,BASS-BO,6.949770464671544
1004,4,BASS-BO,5.425176035698966
1004,5,BASS-BO,5.425176035698966
1004,6,BASS-BO,5.425176035698966
1004,7,BASS-BO,5.425176035698966
1004,8,BASS-BO,0.7993105677308527
1004,9,BASS-BO,0.7993105677308527
1004,10,BASS-BO,0.7993105677308527
1004,11,BASS-BO,0.7993105677308527
1004,12,BASS-BO,0.7993105677308527
1004,13,BASS-BO,0.7993105677308527
1004,14,BASS-BO,0.7993105677308527
1004,15,BASS-BO,0.7993105677308527
1004,16,BASS-BO,0.7993105677308527
1004,17,BASS-BO,0.7993105677308527
1004,18,BASS-BO,0.7993105677308527
1004,19,BASS-BO,0.7993105677308527
1004,20,BASS-BO,0.7993105677308527
1004,21,BASS-BO,0.7993105677308527
1004,22,BASS-BO,0.7993105677308527
1004,23,BASS-BO,0.7993105677308527
1004,24,BASS-BO,0.7993105677308527
1004,25,BASS-BO,0.7993105677308527
1004,26,BASS-BO,0.7993105677308527
1004,27,BASS-BO,0.7993105677308527
1004,28,BASS-BO,0.7993105677308527
1004,29,BASS-BO,0.7993105677308527
1004,30,BASS-BO,0.7993105677308527
1004,31,BASS-BO,0.7993105677308527
1004,32,BASS-BO,0.7993105677308527
1004,33,BASS-BO,0.7993105677308527
1004,34,BASS-BO,0.7993105677308527
1004,35,BASS-BO,0.7993105677308527
1004,36,BASS-BO,0.7993105677308527
1004,37,BASS-BO,0.7993105677308527
1004,38,BASS-BO,0.7993105677308527
1004,39,BASS-BO,0.7993105677308527
1004,40,BASS-BO,0.7993105677308527
1004,41,BASS-BO,0.7993105677308527
1004,42,BASS-BO,0.7993105677308527
1004,43,BASS-BO,0.7993105677308527
1004,44,BASS-BO,0.7993105677308527
1004,45,BASS-BO,0.7717772607332147
1004,46,BASS-BO,0.7717772607332147
1004,47,BASS-BO,0.7717772607332147
1004,48,BASS-BO,0.7717772607332147
1004,49,BASS-BO,0.7717772607332147
1004,50,BASS-BO,0.7717772607332147
1004,51,BASS-BO,0.7717772607332147
1004,52,BASS-BO,0.7717772607332147
1004,53,BASS-BO,0.7717772607332147
1004,54,BASS-BO,0.7717772607332147
1004,55,BASS-BO,0.7717772607332147
1004,56,BASS-BO,0.7717772607332147
1004,57,BASS-BO,0.7717772607332147
1004,58,BASS-BO,0.7717772607332147
1004,59,BASS-BO,0.7717772607332147
1004,60,BASS-BO,0.7717772607332147
1004,61,BASS-BO,0.7717772607332147
1004,62,BASS-BO,0.7717772607332147
1004,63,BASS-BO,0.7717772607332147
1004,64,BASS-BO,0.7717772607332147
1004,65,BASS-BO,0.7717772607332147
1004,66,BASS-BO,0.7717772607332147
1004,67,BASS-BO,0.7717772607332147
1004,68,BASS-BO,0.7717772607332147
1004,69,BASS-BO,0.7717772607332147
1004,70,BASS-BO,0.7717772607332147
1004,71,BASS-BO,0.7717772607332147
1004,72,BASS-BO,0.7717772607332147
1004,73,BASS-BO,0.7717772607332147
1004,74,BASS-BO,0.7717772607332147
1004,75,BASS-BO,0.7717772607332147
1004,76,BASS-BO,0.7717772607332147
1004,77,BASS-BO,0.7717772607332147
1004,78,BASS-BO,0.7717772607332147
1004,79,BASS-BO,0.7717772607332147
1004,80,BASS-BO,0.7717772607332147
1004,0,GP-BO,6.949770464671544
1004,1,GP-BO,6.949770464671544
1004,2,GP-BO,6.949770464671544
1004,3,GP-BO,1.7917179150937503
1004,4,GP-BO,1.7917179150937503
1004,5,GP-BO,1.7917179150937503
1004,6,GP-BO,1.7917179150937503
1004,7,GP-BO,1.7917179150937503
1004,8,GP-BO,1.7917179150937503
1004,9,GP-BO,0.5937995767024304
1004,10,GP-BO,0.5937995767024304
1004,11,GP-BO,0.5937995767024304
1004,12,GP-BO,0.5937995767024304
1004,13,GP-BO,0.5937995767024304
1004,14,GP-BO,0.40856809879310774
1004,15,GP-BO,0.40856809879310774
1004,16,GP-BO,0.40856809879310774
1004,17,GP-BO,0.40856809879310774
1004,18,GP-BO,0.40856809879310774
1004,19,GP-BO,0.40856809879310774
1004,20,GP-BO,0.40856809879310774
1004,21,GP-BO,0.40856809879310774
1004,22,GP-BO,0.40856809879310774
1004,23,GP-BO,0.40856809879310774
1004,24,GP-BO,0.40856809879310774
1004,25,GP-BO,0.40856809879310774
1004,26,GP-BO,0.40856809879310774
1004,27,GP-BO,0.40856809879310774
1004,28,GP-BO,0.40856809879310774
1004,29,GP-BO,0.40856809879310774
1004,30,GP-BO,0.40856809879310774
1004,31,GP-BO,0.40856809879310774
1004,32,GP-BO,0.40856809879310774
1004,33,GP-BO,0.40856809879310774
1004,34,GP-BO,0.40856809879310774
1004,35,GP-BO,0.40856809879310774
1004,36,GP-BO,0.40856809879310774
1004,37,GP-BO,0.40856809879310774
1004,38,GP-BO,0.40856809879310774
1004,39,GP-BO,0.40856809879310774
1004,40,GP-BO,0.40856809879310774
1004,41,GP-BO,0.40856809879310774
1004,42,GP-BO,0.40856809879310774
1004,43,GP-BO,0.40856809879310774
1004,44,GP-BO,0.40856809879310774
1004,45,GP-BO,0.40856809879310774
1004,46,GP-BO,0.40856809879310774
1004,47,GP-BO,0.40856809879310774
1004,48,GP-BO,0.40856809879310774
1004,49,GP-BO,0.40856809879310774
1004,50,GP-BO,0.401998237943765
1004,51,GP-BO,0.401998237943765
1004,52,GP-BO,0.401998237943765
1004,53,GP-BO,0.39911008683507454
1004,54,GP-BO,0.39911008683507454
1004,55,GP-BO,0.39911008683507454
1004,56,GP-BO,0.39911008683507454
1004,57,GP-BO,0.39911008683507454
1004,58,GP-BO,0.39911008683507454
1004,59,GP-BO,0.39911008683507454
1004,60,GP-BO,0.39911008683507454
1004,61,GP-BO,0.39911008683507454
1004,62,GP-BO,0.39911008683507454
1004,63,GP-BO,0.39911008683507454
1004,64,GP-BO,0.39911008683507454
1004,65,GP-BO,0.39911008683507454
1004,66,GP-BO,0.39911008683507454
1004,67,GP-BO,0.39911008683507454
1004,68,GP-BO,0.39911008683507454
1004,69,GP-BO,0.39911008683507454
1004,70,GP-BO,0.39911008683507454
1004,71,GP-BO,0.39911008683507454
1004,72,GP-BO,0.39911008683507454
1004,73,GP-BO,0.39911008683507454
1004,74,GP-BO,0.39911008683507454
1004,75,GP-BO,0.39905787153740135
1004,76,GP-BO,0.39905787153740135
1004,77,GP-BO,0.39905787153740135
1004,78,GP-BO,0.39905787153740135
1004,79,GP-BO,0.39905787153740135
1004,80,GP-BO,0.39905787153740135
1004,0,Random,6.949770464671544
1004,1,Random,6.949770464671544
1004,2,Random,6.949770464671544
1004,3,Random,0.6571253493452875
1004,4,Random,0.6571253493452875
1004,5,Random,0.6571253493452875
1004,6,Random,0.6571253493452875
1004,7,Random,0.6571253493452875
1004,8,Random,0.6571253493452875
1004,9,Random,0.6571253493452875
1004,10,Random,0.6571253493452875
1004,11,Random,0.6571253493452875
1004,12,Random,0.6571253493452875
1004,13,Random,0.6571253493452875
1004,14,Random,0.6571253493452875
1004,15,Random,0.6571253493452875
1004,16,Random,0.6571253493452875
1004,17,Random,0.6571253493452875
1004,18,Random,0.6571253493452875
1004,19,Random,0.6571253493452875
1004,20,Random,0.6571253493452875
1004,21,Random,0.6571253493452875
1004,22,Random,0.6571253493452875
1004,23,Random,0.6571253493452875
1004,24,Random,0.6571253493452875
1004,25,Random,0.6571253493452875
1004,26,Random,0.6571253493452875
1004,27,Random,0.6571253493452875
1004,28,Random,0.6571253493452875
1004,29,Random,0.6571253493452875
1004,30,Random,0.6571253493452875
1004,31,Random,0.6571253493452875
1004,32,Random,0.6571253493452875
1004,33,Random,0.6571253493452875
1004,34,Random,0.6571253493452875
1004,35,Random,0.6571253493452875
1004,36,Random,0.6571253493452875
1004,37,Random,0.6571253493452875
1004,38,Random,0.6571253493452875
1004,39,Random,0.6571253493452875
1004,40,Random,0.6571253493452875
1004,41,Random,0.6571253493452875
1004,42,Random,0.6571253493452875
1004,43,Random,0.6571253493452875
1004,44,Random,0.6571253493452875
1004,45,Random,0.6571253493452875
1004,46,Random,0.6571253493452875
1004,47,Random,0.6571253493452875
1004,48,Random,0.6571253493452875
1004,49,Random,0.6571253493452875
1004,50,Random,0.6571253493452875
1004,51,Random,0.6571253493452875
1004,52,Random,0.6571253493452875
1004,53,Random,0.6571253493452875
1004,54,Random,0.6571253493452875
1004,55,Random,0.6571253493452875
1004,56,Random,0.6571253493452875
1004,57,Random,0.6571253493452875
1004,58,Random,0.6571253493452875
1004,59,Random,0.6571253493452875
1004,60,Random,0.6571253493452875
1004,61,Random,0.6571253493452875
1004,62,Random,0.6571253493452875
1004,63,Random,0.6571253493452875
1004,64,Random,0.6571253493452875
1004,65,Random,0.6571253493452875
1004,66,Random,0.6571253493452875
1004,67,Random,0.6571253493452875
1004,68,Random,0.6571253493452875
1004,69,Random,0.6571253493452875
1004,70,Random,0.6571253493452875
1004,71,Random,0.6571253493452875
1004,72,Random,0.6571253493452875
1004,73,Random,0.6571253493452875
1004,74,Random,0.6571253493452875
1004,75,Random,0.6571253493452875
1004,76,Random,0.6571253493452875
1004,77,Random,0.6571253493452875
1004,78,Random,0.6571253493452875
1004,79,Random,0.6571253493452875
1004,80,Random,0.6571253493452875
1005,0,BASS-BO,12.476544022212863
1005,1,BASS-BO,5.249149127074905
1005,2,BASS-BO,5.249149127074905
1005,3,BASS-BO,5.249149127074905
1005,4,BASS-BO,5.249149127074905
1005,5,BASS-BO,5.249149127074905
1005,6,BASS-BO,4.959383879629706
1005,7,BASS-BO,4.959383879629706
1005,8,BASS-BO,4.959383879629706
1005,9,BASS-BO,4.959383879629706
1005,10,BASS-BO,3.463233893028275
1005,11,BASS-BO,3.463233893028275
1005,12,BASS-BO,3.463233893028275
1005,13,BASS-BO,3.463233893028275
1005,14,BASS-BO,3.463233893028275
1005,15,BASS-BO,3.463233893028275
1005,16,BASS-BO,3.463233893028275
1005,17,BASS-BO,1.9197325233771725
1005,18,BASS-BO,1.9197325233771725
1005,19,BASS-BO,1.468643933741589
1005,20,BASS-BO,1.468643933741589
1005,21,BASS-BO,1.468643933741589
1005,22,BASS-BO,0.4814193582591688
1005,23,BASS-BO,0.4814193582591688
1005,24,BASS-BO,0.4814193582591688
1005,25,BASS-BO,0.4814193582591688
1005,26,BASS-BO,0.4814193582591688
1005,27,BASS-BO,0.4814193582591688
1005,28,BASS-BO,0.4814193582591688
1005,29,BASS-BO,0.4814193582591688
1005,30,BASS-BO,0.4814193582591688
1005,31,BASS-BO,0.4814193582591688
1005,32,BASS-BO,0.4814193582591688
1005,33,BASS-BO,0.4814193582591688
1005,34,BASS-BO,0.4814193582591688
1005,35,BASS-BO,0.4814193582591688
1005,36,BASS-BO,0.4814193582591688
1005,37,BASS-BO,0.4814193582591688
1005,38,BASS-BO,0.4814193582591688
1005,39,BASS-BO,0.4814193582591688
1005,40,BASS-BO,0.4814193582591688
1005,41,BASS-BO,0.4814193582591688
1005,42,BASS-BO,0.40537686767000736
1005,43,BASS-BO,0.40537686767000736
1005,44,BASS-BO,0.40537686767000736
1005,45,BASS-BO,0.40537686767000736
1005,46,BASS-BO,0.40537686767000736
1005,47,BASS-BO,0.40537686767000736
1005,48,BASS-BO,0.40537686767000736
1005,49,BASS-BO,0.40537686767000736
1005,50,BASS-BO,0.40537686767000736
1005,51,BASS-BO,0.40537686767000736
1005,52,BASS-BO,0.40537686767000736
1005,53,BASS-BO,0.40537686767000736
1005,54,BASS-BO,0.40537686767000736
1005,55,BASS-BO,0.40537686767000736
1005,56,BASS-BO,0.40537686767000736
1005,57,BASS-BO,0.40537686767000736
1005,58,BASS-BO,0.40537686767000736
1005,59,BASS-BO,0.40537686767000736
1005,60,BASS-BO,0.40537686767000736
1005,61,BASS-BO,0.40537686767000736
1005,62,BASS-BO,0.40537686767000736
1005,63,BASS-BO,0.40537686767000736
1005,64,BASS-BO,0.40537686767000736
1005,65,BASS-BO,0.40537686767000736
1005,66,BASS-BO,0.40537686767000736
1005,67,BASS-BO,0.40537686767000736
1005,68,BASS-BO,0.40537686767000736
1005,69,BASS-BO,0.40537686767000736
1005,70,BASS-BO,0.40537686767000736
1005,71,BASS-BO,0.40537686767000736
1005,72,BASS-BO,0.40537686767000736
1005,73,BASS-BO,0.40537686767000736
1005,74,BASS-BO,0.40537686767000736
1005,75,BASS-BO,0.40537686767000736
1005,76,BASS-BO,0.40537686767000736
1005,77,BASS-BO,0.40537686767000736
1005,78,BASS-BO,0.40537686767000736
1005,79,BASS-BO,0.40537686767000736
1005,80,BASS-BO,0.40537686767000736
1005,0,GP-BO,12.476544022212863
1005,1,GP-BO,12.476544022212863
1005,2,GP-BO,1.3169686086860146
1005,3,GP-BO,1.3169686086860146
1005,4,GP-BO,1.3169686086860146
1005,5,GP-BO,1.3169686086860146
1005,6,GP-BO,1.3169686086860146
1005,7,GP-BO,1.3169686086860146
1005,8,GP-BO,1.3169686086860146
1005,9,GP-BO,0.693986043319148
1005,10,GP-BO,0.693986043319148
1005,11,GP-BO,0.4129604520317418
1005,12,GP-BO,0.4129604520317418
1005,13,GP-BO,0.4129604520317418
1005,14,GP-BO,0.4129604520317418
1005,15,GP-BO,0.4129604520317418
1005,16,GP-BO,0.4129604520317418
1005,17,GP-BO,0.4129604520317418
1005,18,GP-BO,0.4129604520317418
1005,19,GP-BO,0.4129604520317418
1005,20,GP-BO,0.39808856246672697
1005,21,GP-BO,0.39808856246672697
1005,22,GP-BO,0.39808856246672697
1005,23,GP-BO,0.39808856246672697
1005,24,GP-BO,0.39808856246672697
1005,25,GP-BO,0.39808856246672697
1005,26,GP-BO,0.39808856246672697
1005,27,GP-BO,0.39808856246672697
1005,28,GP-BO,0.39808856246672697
1005,29,GP-BO,0.39808856246672697
1005,30,GP-BO,0.39808856246672697
1005,31,GP-BO,0.39808856246672697
1005,32,GP-BO,0.39808856246672697
1005,33,GP-BO,0.39808856246672697
1005,34,GP-BO,0.39808856246672697
1005,35,GP-BO,0.39808856246672697
1005,36,GP-BO,0.39808856246672697
1005,37,GP-BO,0.39808856246672697
1005,38,GP-BO,0.39808856246672697
1005,39,GP-BO,0.39808856246672697
1005,40,GP-BO,0.39808856246672697
1005,41,GP-BO,0.39808856246672697
1005,42,GP-BO,0.39808856246672697
1005,43,GP-BO,0.39808856246672697
1005,44,GP-BO,0.39808856246672697
1005,45,GP-BO,0.39808856246672697
1005,46,GP-BO,0.39808856246672697
1005,47,GP-BO,0.39808856246672697
1005,48,GP-BO,0.39808856246672697
1005,49,GP-BO,0.39808856246672697
1005,50,GP-BO,0.39808856246672697
1005,51,GP-BO,0.39808856246672697
1005,52,GP-BO,0.39808856246672697
1005,53,GP-BO,0.39808856246672697
1005,54,GP-BO,0.39808856246672697
1005,55,GP-BO,0.39808856246672697
1005,56,GP-BO,0.39808856246672697
1005,57,GP-BO,0.39808856246672697
1005,58,GP-BO,0.39808856246672697
1005,59,GP-BO,0.39808856246672697
1005,60,GP-BO,0.39808856246672697
1005,61,GP-BO,0.39808856246672697
1005,62,GP-BO,0.39791910618794013
1005,63,GP-BO,0.39791910618794013
1005,64,GP-BO,0.39791910618794013
1005,65,GP-BO,0.39791910618794013
1005,66,GP-BO,0.39791910618794013
1005,67,GP-BO,0.39791910618794013
1005,68,GP-BO,0.39791910618794013
1005,69,GP-BO,0.39791910618794013
1005,70,GP-BO,0.39791910618794013
1005,71,GP-BO,0.3979080317817729
1005,72,GP-BO,0.3979080317817729
1005,73,GP-BO,0.3979080317817729
1005,74,GP-BO,0.3979080317817729
1005,75,GP-BO,0.3979080317817729
1005,76,GP-BO,0.3979080317817729
1005,77,GP-BO,0.3979080317817729
1005,78,GP-BO,0.3979080317817729
1005,79,GP-BO,0.3979080317817729
1005,80,GP-BO,0.3979080317817729
1005,0,Random,12.476544022212863
1005,1,Random,12.476544022212863
1005,2,Random,3.0682024386085445
1005,3,Random,3.0682024386085445
1005,4,Random,3.0682024386085445
1005,5,Random,3.0682024386085445
1005,6,Random,3.0682024386085445
1005,7,Random,3.0682024386085445
1005,8,Random,3.0682024386085445
1005,9,Random,3.0682024386085445
1005,10,Random,3.0682024386085445
1005,11,Random,3.0682024386085445
1005,12,Random,3.0682024386085445
1005,13,Random,3.0682024386085445
1005,14,Random,3.0682024386085445
1005,15,Random,3.0682024386085445
1005,16,Random,3.0682024386085445
1005,17,Random,3.0682024386085445
1005,18,Random,3.0682024386085445
1005,19,Random,0.49953728457544777
1005,20,Random,0.49953728457544777
1005,21,Random,0.49953728457544777
1005,22,Random,0.49953728457544777
1005,23,Random,0.49953728457544777
1005,24,Random,0.49953728457544777
1005,25,Random,0.49953728457544777
1005,26,Random,0.49953728457544777
1005,27,Random,0.49953728457544777
1005,28,Random,0.49953728457544777
1005,29,Random,0.49953728457544777
1005,30,Random,0.49953728457544777
1005,31,Random,0.49953728457544777
1005,32,Random,0.49953728457544777
1005,33,Random,0.49953728457544777
1005,34,Random,0.49953728457544777
1005,35,Random,0.49953728457544777
1005,36,Random,0.49953728457544777
1005,37,Random,0.49953728457544777
1005,38,Random,0.49953728457544777
1005,39,Random,0.49953728457544777
1005,40,Random,0.49953728457544777
1005,41,Random,0.49953728457544777
1005,42,Random,0.49953728457544777
1005,43,Random,0.49953728457544777
1005,44,Random,0.49953728457544777
1005,45,Random,0.49953728457544777
1005,46,Random,0.49953728457544777
1005,47,Random,0.49953728457544777
1005,48,Random,0.49953728457544777
1005,49,Random,0.49953728457544777
1005,50,Random,0.49953728457544777
1005,51,Random,0.49953728457544777
1005,52,Random,0.49953728457544777
1005,53,Random,0.49953728457544777
1005,54,Random,0.49953728457544777
1005,55,Random,0.49953728457544777
1005,56,Random,0.49953728457544777
1005,57,Random,0.49953728457544777
1005,58,Random,0.49953728457544777
1005,59,Random,0.49953728457544777
1005,60,Random,0.49953728457544777
1005,61,Random,0.49953728457544777
1005,62,Random,0.49953728457544777
1005,63,Random,0.49953728457544777
1005,64,Random,0.49953728457544777
1005,65,Random,0.49953728457544777
1005,66,Random,0.49953728457544777
1005,67,Random,0.49953728457544777
1005,68,Random,0.49953728457544777
1005,69,Random,0.49953728457544777
1005,70,Random,0.49953728457544777
1005,71,Random,0.49953728457544777
1005,72,Random,0.49953728457544777
1005,73,Random,0.49953728457544777
1005,74,Random,0.49953728457544777
1005,75,Random,0.49953728457544777
1005,76,Random,0.49953728457544777
1005,77,Random,0.49953728457544777
1005,78,Random,0.49953728457544777
1005,79,Random,0.49953728457544777
1005,80,Random,0.49953728457544777
1006,0,BASS-BO,0.7471996889124739
1006,1,BASS-BO,0.7471996889124739
1006,2,BASS-BO,0.7471996889124739
1006,3,BASS-BO,0.7471996889124739
1006,4,BASS-BO,0.7471996889124739
1006,5,BASS-BO,0.7471996889124739
1006,6,BASS-BO,0.7471996889124739
1006,7,BASS-BO,0.7471996889124739
1006,8,BASS-BO,0.7471996889124739
1006,9,BASS-BO,0.7471996889124739
1006,10,BASS-BO,0.7471996889124739
1006,11,BASS-BO,0.7471996889124739
1006,12,BASS-BO,0.7471996889124739
1006,13,BASS-BO,0.4682531751151764
1006,14,BASS-BO,0.4682531751151764
1006,15,BASS-BO,0.4682531751151764
1006,16,BASS-BO,0.4682531751151764
1006,17,BASS-BO,0.4682531751151764
1006,18,BASS-BO,0.4682531751151764
1006,19,BASS-BO,0.4682531751151764
1006,20,BASS-BO,0.4682531751151764
1006,21,BASS-BO,0.4682531751151764
1006,22,BASS-BO,0.4682531751151764
1006,23,BASS-BO,0.4682531751151764
1006,24,BASS-BO,0.4682531751151764
1006,25,BASS-BO,0.4682531751151764
1006,26,BASS-BO,0.4682531751151764
1006,27,BASS-BO,0.4682531751151764
1006,28,BASS-BO,0.4682531751151764
1006,29,BASS-BO,0.4682531751151764
1006,30,BASS-BO,0.4682531751151764
1006,31,BASS-BO,0.4682531751151764
1006,32,BASS-BO,0.44645138735501
1006,33,BASS-BO,0.44645138735501
1006,34,BASS-BO,0.44645138735501
1006,35,BASS-BO,0.44645138735501
1006,36,BASS-BO,0.44645138735501
1006,37,BASS-BO,0.44645138735501
1006,38,BASS-BO,0.44645138735501
1006,39,BASS-BO,0.44645138735501
1006,40,BASS-BO,0.44645138735501
1006,41,BASS-BO,0.44645138735501
1006,42,BASS-BO,0.44645138735501
1006,43,BASS-BO,0.44645138735501
1006,44,BASS-BO,0.44645138735501
1006,45,BASS-BO,0.44645138735501
1006,46,BASS-BO,0.44645138735501
1006,47,BASS-BO,0.43401812056103495
1006,48,BASS-BO,0.43401812056103495
1006,49,BASS-BO,0.43401812056103495
1006,50,BASS-BO,0.43401812056103495
1006,51,BASS-BO,0.43401812056103495
1006,52,BASS-BO,0.43401812056103495
1006,53,BASS-BO,0.43401812056103495
1006,54,BASS-BO,0.43401812056103495
1006,55,BASS-BO,0.4210995335009464
1006,56,BASS-BO,0.4185597902103826
1006,57,BASS-BO,0.4185597902103826
1006,58,BASS-BO,0.4185597902103826
1006,59,BASS-BO,0.4185597902103826
1006,60,BASS-BO,0.4185597902103826
1006,61,BASS-BO,0.4185597902103826
1006,62,BASS-BO,0.4185597902103826
1006,63,BASS-BO,0.4185597902103826
1006,64,BASS-BO,0.4185597902103826
1006,65,BASS-BO,0.4185597902103826
1006,66,BASS-BO,0.4185597902103826
1006,67,BASS-BO,0.4185597902103826
1006,68,BASS-BO,0.4185597902103826
1006,69,BASS-BO,0.4185597902103826
1006,70,BASS-BO,0.4065430216485826
1006,71,BASS-BO,0.4065430216485826
1006,72,BASS-BO,0.3997595773737128
1006,73,BASS-BO,0.3997595773737128
1006,74,BASS-BO,0.3997595773737128
1006,75,BASS-BO,0.3997595773737128
1006,76,BASS-BO,0.3997595773737128
1006,77,BASS-BO,0.3997595773737128
1006,78,BASS-BO,0.3997595773737128
1006,79,BASS-BO,0.3997595773737128
1006,80,BASS-BO,0.3997595773737128
1006,0,GP-BO,0.7471996889124739
1006,1,GP-BO,0.7471996889124739
1006,2,GP-BO,0.7471996889124739
1006,3,GP-BO,0.7471996889124739
1006,4,GP-BO,0.7471996889124739
1006,5,GP-BO,0.7471996889124739
1006,6,GP-BO,0.7471996889124739
1006,7,GP-BO,0.7471996889124739
1006,8,GP-BO,0.6836222425679601
1006,9,GP-BO,0.6836222425679601
1006,10,GP-BO,0.40540316532079324
1006,11,GP-BO,0.40540316532079324
1006,12,GP-BO,0.40540316532079324
1006,13,GP-BO,0.40540316532079324
1006,14,GP-BO,0.40540316532079324
1006,15,GP-BO,0.40540316532079324
1006,16,GP-BO,0.40540316532079324
1006,17,GP-BO,0.40540316532079324
1006,18,GP-BO,0.40540316532079324
1006,19,GP-BO,0.40540316532079324
1006,20,GP-BO,0.40540316532079324
1006,21,GP-BO,0.40540316532079324
1006,22,GP-BO,0.40540316532079324
1006,23,GP-BO,0.40540316532079324
1006,24,GP-BO,0.40540316532079324
1006,25,GP-BO,0.40540316532079324
1006,26,GP-BO,0.40540316532079324
1006,27,GP-BO,0.40540316532079324
1006,28,GP-BO,0.40540316532079324
1006,29,GP-BO,0.40540316532079324
1006,30,GP-BO,0.40540316532079324
1006,31,GP-BO,0.40540316532079324
1006,32,GP-BO,0.40540316532079324
1006,33,GP-BO,0.40540316532079324
1006,34,GP-BO,0.40540316532079324
1006,35,GP-BO,0.4000439773330964
1006,36,GP-BO,0.4000439773330964
1006,37,GP-BO,0.4000439773330964
1006,38,GP-BO,0.4000439773330964
1006,39,GP-BO,0.4000439773330964
1006,40,GP-BO,0.4000439773330964
1006,41,GP-BO,0.4000439773330964
1006,42,GP-BO,0.4000439773330964
1006,43,GP-BO,0.4000439773330964
1006,44,GP-BO,0.4000439773330964
1006,45,GP-BO,0.4000439773330964
1006,46,GP-BO,0.4000439773330964
1006,47,GP-BO,0.4000439773330964
1006,48,GP-BO,0.4000439773330964
1006,49,GP-BO,0.4000439773330964
1006,50,GP-BO,0.4000439773330964
1006,51,GP-BO,0.4000439773330964
1006,52,GP-BO,0.4000439773330964
1006,53,GP-BO,0.397888736607813
1006,54,GP-BO,0.397888736607813
1006,55,GP-BO,0.397888736607813
1006,56,GP-BO,0.397888736607813
1006,57,GP-BO,0.397888736607813
1006,58,GP-BO,0.397888736607813
1006,59,GP-BO,0.397888736607813
1006,60,GP-BO,0.397888736607813
1006,61,GP-BO,0.397888736607813
1006,62,GP-BO,0.397888736607813
1006,63,GP-BO,0.397888736607813
1006,64,GP-BO,0.397888736607813
1006,65,GP-BO,0.397888736607813
1006,66,GP-BO,0.397888736607813
1006,67,GP-BO,0.397888736607813
1006,68,GP-BO,0.397888736607813
1006,69,GP-BO,0.397888736607813
1006,70,GP-BO,0.397888736607813
1006,71,GP-BO,0.397888736607813
1006,72,GP-BO,0.397888736607813
1006,73,GP-BO,0.397888736607813
1006,74,GP-BO,0.397888736607813
1006,75,GP-BO,0.397888736607813
1006,76,GP-BO,0.397888736607813
1006,77,GP-BO,0.397888736607813
1006,78,GP-BO,0.397888736607813
1006,79,GP-BO,0.397888736607813
1006,80,GP-BO,0.397888736607813
1006,0,Random,0.7471996889124739
1006,1,Random,0.7471996889124739
1006,2,Random,0.7471996889124739
1006,3,Random,0.7471996889124739
1006,4,Random,0.7471996889124739
1006,5,Random,0.7471996889124739
1006,6,Random,0.7471996889124739
1006,7,Random,0.7471996889124739
1006,8,Random,0.7471996889124739
1006,9,Random,0.7471996889124739
1006,10,Random,0.7471996889124739
1006,11,Random,0.7471996889124739
1006,12,Random,0.7471996889124739
1006,13,Random,0.7471996889124739
1006,14,Random,0.7471996889124739
1006,15,Random,0.7471996889124739
1006,16,Random,0.7471996889124739
1006,17,Random,0.7471996889124739
1006,18,Random,0.7471996889124739
1006,19,Random,0.7471996889124739
1006,20,Random,0.7471996889124739
1006,21,Random,0.7471996889124739
1006,22,Random,0.7471996889124739
1006,23,Random,0.7471996889124739
1006,24,Random,0.7471996889124739
1006,25,Random,0.7471996889124739
1006,26,Random,0.7471996889124739
1006,27,Random,0.7471996889124739
1006,28,Random,0.7471996889124739
1006,29,Random,0.7471996889124739
1006,30,Random,0.7471996889124739
1006,31,Random,0.7471996889124739
1006,32,Random,0.7471996889124739
1006,33,Random,0.7471996889124739
1006,34,Random,0.7471996889124739
1006,35,Random,0.7471996889124739
1006,36,Random,0.7471996889124739
1006,37,Random,0.7471996889124739
1006,38,Random,0.7471996889124739
1006,39,Random,0.7471996889124739
1006,40,Random,0.7471996889124739
1006,41,Random,0.7471996889124739
1006,42,Random,0.7471996889124739
1006,43,Random,0.7471996889124739
1006,44,Random,0.5455173545248204
1006,45,Random,0.5455173545248204
1006,46,Random,0.5455173545248204
1006,47,Random,0.5455173545248204
1006,48,Random,0.5455173545248204
1006,49,Random,0.5455173545248204
1006,50,Random,0.5455173545248204
1006,51,Random,0.5455173545248204
1006,52,Random,0.5455173545248204
1006,53,Random,0.5455173545248204
1006,54,Random,0.5455173545248204
1006,55,Random,0.5455173545248204
1006,56,Random,0.5455173545248204
1006,57,Random,0.5455173545248204
1006,58,Random,0.5455173545248204
1006,59,Random,0.4953566146127262
1006,60,Random,0.4953566146127262
1006,61,Random,0.4953566146127262
1006,62,Random,0.4953566146127262
1006,63,Random,0.4953566146127262
1006,64,Random,0.4953566146127262
1006,65,Random,0.4953566146127262
1006,66,Random,0.4953566146127262
1006,67,Random,0.4953566146127262
1006,68,Random,0.4953566146127262
1006,69,Random,0.4953566146127262
1006,70,Random,0.4953566146127262
1006,71,Random,0.4953566146127262
1006,72,Random,0.4953566146127262
1006,73,Random,0.4953566146127262
1006,74,Random,0.4953566146127262
1006,75,Random,0.4953566146127262
1006,76,Random,0.4953566146127262
1006,77,Random,0.4953566146127262
1006,78,Random,0.4953566146127262
1006,79,Random,0.4953566146127262
1006,80,Random,0.4953566146127262
1007,0,BASS-BO,0.8934343049168749
1007,1,BASS-BO,0.8934343049168749
1007,2,BASS-BO,0.8934343049168749
1007,3,BASS-BO,0.8934343049168749
1007,4,BASS-BO,0.8934343049168749
1007,5,BASS-BO,0.8934343049168749
1007,6,BASS-BO,0.8934343049168749
1007,7,BASS-BO,0.8934343049168749
1007,8,BASS-BO,0.8934343049168749
1007,9,BASS-BO,0.8934343049168749
1007,10,BASS-BO,0.8934343049168749
1007,11,BASS-BO,0.8934343049168749
1007,12,BASS-BO,0.8934343049168749
1007,13,BASS-BO,0.8934343049168749
1007,14,BASS-BO,0.8934343049168749
1007,15,BASS-BO,0.8934343049168749
1007,16,BASS-BO,0.8934343049168749
1007,17,BASS-BO,0.8934343049168749
1007,18,BASS-BO,0.8934343049168749
1007,19,BASS-BO,0.8934343049168749
1007,20,BASS-BO,0.8934343049168749
1007,21,BASS-BO,0.8934343049168749
1007,22,BASS-BO,0.8934343049168749
1007,23,BASS-BO,0.8934343049168749
1007,24,BASS-BO,0.8934343049168749
1007,25,BASS-BO,0.8934343049168749
1007,26,BASS-BO,0.6136848301190572
1007,27,BASS-BO,0.6136848301190572
1007,28,BASS-BO,0.6136848301190572
1007,29,BASS-BO,0.6136848301190572
1007,30,BASS-BO,0.6136848301190572
1007,31,BASS-BO,0.6136848301190572
1007,32,BASS-BO,0.42785414999510074
1007,33,BASS-BO,0.42785414999510074
1007,34,BASS-BO,0.42785414999510074
1007,35,BASS-BO,0.42785414999510074
1007,36,BASS-BO,0.42785414999510074
1007,37,BASS-BO,0.42785414999510074
1007,38,BASS-BO,0.42785414999510074
1007,39,BASS-BO,0.42785414999510074
1007,40,BASS-BO,0.42785414999510074
1007,41,BASS-BO,0.42785414999510074
1007,42,BASS-BO,0.42785414999510074
1007,43,BASS-BO,0.42785414999510074
1007,44,BASS-BO,0.42785414999510074
1007,45,BASS-BO,0.42785414999510074
1007,46,BASS-BO,0.42785414999510074
1007,47,BASS-BO,0.42785414999510074
1007,48,BASS-BO,0.42785414999510074
1007,49,BASS-BO,0.42785414999510074
1007,50,BASS-BO,0.42785414999510074
1007,51,BASS-BO,0.42785414999510074
1007,52,BASS-BO,0.42785414999510074
1007,53,BASS-BO,0.42785414999510074
1007,54,BASS-BO,0.42785414999510074
1007,55,BASS-BO,0.42785414999510074
1007,56,BASS-BO,0.42785414999510074
1007,57,BASS-BO,0.42785414999510074
1007,58,BASS-BO,0.42785414999510074
1007,59,BASS-BO,0.42785414999510074
1007,60,BASS-BO,0.42785414999510074
1007,61,BASS-BO,0.42785414999510074
1007,62,BASS-BO,0.42785414999510074
1007,63,BASS-BO,0.42785414999510074
1007,64,BASS-BO,0.42785414999510074
1007,65,BASS-BO,0.42785414999510074
1007,66,BASS-BO,0.42785414999510074
1007,67,BASS-BO,0.42785414999510074
1007,68,BASS-BO,0.42785414999510074
1007,69,BASS-BO,0.42785414999510074
1007,70,BASS-BO,0.42785414999510074
1007,71,BASS-BO,0.42785414999510074
1007,72,BASS-BO,0.42785414999510074
1007,73,BASS-BO,0.42785414999510074
1007,74,BASS-BO,0.42785414999510074
1007,75,BASS-BO,0.42785414999510074
1007,76,BASS-BO,0.42785414999510074
1007,77,BASS-BO,0.42785414999510074
1007,78,BASS-BO,0.42785414999510074
1007,79,BASS-BO,0.42785414999510074
1007,80,BASS-BO,0.42785414999510074
1007,0,GP-BO,0.8934343049168749
1007,1,GP-BO,0.8934343049168749
1007,2,GP-BO,0.8934343049168749
1007,3,GP-BO,0.8934343049168749
1007,4,GP-BO,0.8934343049168749
1007,5,GP-BO,0.8934343049168749
1007,6,GP-BO,0.8934343049168749
1007,7,GP-BO,0.8934343049168749
1007,8,GP-BO,0.8934343049168749
1007,9,GP-BO,0.8934343049168749
1007,10,GP-BO,0.8934343049168749
1007,11,GP-BO,0.8934343049168749
1007,12,GP-BO,0.8934343049168749
1007,13,GP-BO,0.42863342543395255
1007,14,GP-BO,0.42863342543395255
1007,15,GP-BO,0.42863342543395255
1007,16,GP-BO,0.42863342543395255
1007,17,GP-BO,0.42863342543395255
1007,18,GP-BO,0.42863342543395255
1007,19,GP-BO,0.42863342543395255
1007,20,GP-BO,0.42863342543395255
1007,21,GP-BO,0.42573927630803077
1007,22,GP-BO,0.42573927630803077
1007,23,GP-BO,0.42573927630803077
1007,24,GP-BO,0.42573927630803077
1007,25,GP-BO,0.42573927630803077
1007,26,GP-BO,0.42573927630803077
1007,27,GP-BO,0.42573927630803077
1007,28,GP-BO,0.42573927630803077
1007,29,GP-BO,0.4110766309625493
1007,30,GP-BO,0.4110766309625493
1007,31,GP-BO,0.4110766309625493
1007,32,GP-BO,0.4110766309625493
1007,33,GP-BO,0.4110766309625493
1007,34,GP-BO,0.4110766309625493
1007,35,GP-BO,0.40344897030027127
1007,36,GP-BO,0.40344897030027127
1007,37,GP-BO,0.40344897030027127
1007,38,GP-BO,0.40344897030027127
1007,39,GP-BO,0.40344897030027127
1007,40,GP-BO,0.40344897030027127
1007,41,GP-BO,0.40344897030027127
1007,42,GP-BO,0.40344897030027127
1007,43,GP-BO,0.4003194259833478
1007,44,GP-BO,0.4003194259833478
1007,45,GP-BO,0.4003194259833478
1007,46,GP-BO,0.39793859415438604
1007,47,GP-BO,0.39793859415438604
1007,48,GP-BO,0.39793859415438604
1007,49,GP-BO,0.39793859415438604
1007,50,GP-BO,0.39793859415438604
1007,51,GP-BO,0.39793859415438604
1007,52,GP-BO,0.39793859415438604
1007,53,GP-BO,0.39793859415438604
1007,54,GP-BO,0.39793859415438604
1007,55,GP-BO,0.39793859415438604
1007,56,GP-BO,0.39793859415438604
1007,57,GP-BO,0.39793859415438604
1007,58,GP-BO,0.39793859415438604
1007,59,GP-BO,0.39793859415438604
1007,60,GP-BO,0.39793859415438604
1007,61,GP-BO,0.39793859415438604
1007,62,GP-BO,0.39793859415438604
1007,63,GP-BO,0.39793859415438604
1007,64,GP-BO,0.39793859415438604
1007,65,GP-BO,0.39793859415438604
1007,66,GP-BO,0.39793859415438604
1007,67,GP-BO,0.39793859415438604
1007,68,GP-BO,0.39793859415438604
1007,69,GP-BO,0.39793859415438604
1007,70,GP-BO,0.39793859415438604
1007,71,GP-BO,0.39793859415438604
1007,72,GP-BO,0.39793859415438604
1007,73,GP-BO,0.39793859415438604
1007,74,GP-BO,0.39793859415438604
1007,75,GP-BO,0.39793859415438604
1007,76,GP-BO,0.39793859415438604
1007,77,GP-BO,0.39793859415438604
1007,78,GP-BO,0.39793859415438604
1007,79,GP-BO,0.39793859415438604
1007,80,GP-BO,0.39793859415438604
1007,0,Random,0.8934343049168749
1007,1,Random,0.8934343049168749
1007,2,Random,0.8934343049168749
1007,3,Random,0.8934343049168749
1007,4,Random,0.8934343049168749
1007,5,Random,0.8934343049168749
1007,6,Random,0.8934343049168749
1007,7,Random,0.8934343049168749
1007,8,Random,0.8934343049168749
1007,9,Random,0.8934343049168749
1007,10,Random,0.8934343049168749
1007,11,Random,0.8934343049168749
1007,12,Random,0.8934343049168749
1007,13,Random,0.8934343049168749
1007,14,Random,0.8934343049168749
1007,15,Random,0.8934343049168749
1007,16,Random,0.8934343049168749
1007,17,Random,0.8934343049168749
1007,18,Random,0.8934343049168749
1007,19,Random,0.8934343049168749
1007,20,Random,0.8934343049168749
1007,21,Random,0.8934343049168749
1007,22,Random,0.8934343049168749
1007,23,Random,0.8934343049168749
1007,24,Random,0.8934343049168749
1007,25,Random,0.8934343049168749
1007,26,Random,0.8934343049168749
1007,27,Random,0.8934343049168749
1007,28,Random,0.8934343049168749
1007,29,Random,0.8934343049168749
1007,30,Random,0.8934343049168749
1007,31,Random,0.8934343049168749
1007,32,Random,0.8934343049168749
1007,33,Random,0.8934343049168749
1007,34,Random,0.8934343049168749
1007,35,Random,0.8934343049168749
1007,36,Random,0.8934343049168749
1007,37,Random,0.8934343049168749
1007,38,Random,0.8934343049168749
1007,39,Random,0.8934343049168749
1007,40,Random,0.8934343049168749
1007,41,Random,0.8934343049168749
1007,42,Random,0.8934343049168749
1007,43,Random,0.8934343049168749
1007,44,Random,0.8934343049168749
1007,45,Random,0.8934343049168749
1007,46,Random,0.8934343049168749
1007,47,Random,0.8934343049168749
1007,48,Random,0.8934343049168749
1007,49,Random,0.8934343049168749
1007,50,Random,0.8934343049168749
1007,51,Random,0.8934343049168749
1007,52,Random,0.8934343049168749
1007,53,Random,0.8934343049168749
1007,54,Random,0.8934343049168749
1007,55,Random,0.8934343049168749
1007,56,Random,0.8934343049168749
1007,57,Random,0.8934343049168749
1007,58,Random,0.8934343049168749
1007,59,Random,0.8934343049168749
1007,60,Random,0.8934343049168749
1007,61,Random,0.8934343049168749
1007,62,Random,0.8934343049168749
1007,63,Random,0.8934343049168749
1007,64,Random,0.8934343049168749
1007,65,Random,0.8934343049168749
1007,66,Random,0.8934343049168749
1007,67,Random,0.8934343049168749
1007,68,Random,0.8934343049168749
1007,69,Random,0.8934343049168749
1007,70,Random,0.8934343049168749
1007,71,Random,0.8934343049168749
1007,72,Random,0.8934343049168749
1007,73,Random,0.8934343049168749
1007,74,Random,0.8934343049168749
1007,75,Random,0.8934343049168749
1007,76,Random,0.8934343049168749
1007,77,Random,0.8934343049168749
1007,78,Random,0.8934343049168749
1007,79,Random,0.8934343049168749
1007,80,Random,0.8934343049168749
1008,0,BASS-BO,3.2689293634995895
1008,1,BASS-BO,3.2689293634995895
1008,2,BASS-BO,3.2689293634995895
1008,3,BASS-BO,3.2689293634995895
1008,4,BASS-BO,3.2689293634995895
1008,5,BASS-BO,3.2689293634995895
1008,6,BASS-BO,3.2689293634995895
1008,7,BASS-BO,3.2689293634995895
1008,8,BASS-BO,3.2689293634995895
1008,9,BASS-BO,3.2689293634995895
1008,10,BASS-BO,3.2689293634995895
1008,11,BASS-BO,2.2525866284737672
1008,12,BASS-BO,2.2525866284737672
1008,13,BASS-BO,1.8048778036540138
1008,14,BASS-BO,1.8048778036540138
1008,15,BASS-BO,1.8048778036540138
1008,16,BASS-BO,1.8048778036540138
1008,17,BASS-BO,1.8048778036540138
1008,18,BASS-BO,1.8048778036540138
1008,19,BASS-BO,1.8048778036540138
1008,20,BASS-BO,1.8048778036540138
1008,21,BASS-BO,1.8048778036540138
1008,22,BASS-BO,1.8048778036540138
1008,23,BASS-BO,1.8048778036540138
1008,24,BASS-BO,1.8048778036540138
1008,25,BASS-BO,1.8048778036540138
1008,26,BASS-BO,1.8048778036540138
1008,27,BASS-BO,1.8048778036540138
1008,28,BASS-BO,1.8048778036540138
1008,29,BASS-BO,1.8048778036540138
1008,30,BASS-BO,1.8048778036540138
1008,31,BASS-BO,1.8048778036540138
1008,32,BASS-BO,1.8048778036540138
1008,33,BASS-BO,1.8048778036540138
1008,34,BASS-BO,1.8048778036540138
1008,35,BASS-BO,0.5801285837102199
1008,36,BASS-BO,0.5801285837102199
1008,37,BASS-BO,0.5801285837102199
1008,38,BASS-BO,0.5801285837102199
1008,39,BASS-BO,0.5801285837102199
1008,40,BASS-BO,0.5801285837102199
1008,41,BASS-BO,0.5801285837102199
1008,42,BASS-BO,0.5801285837102199
1008,43,BASS-BO,0.5801285837102199
1008,44,BASS-BO,0.5801285837102199
1008,45,BASS-BO,0.5801285837102199
1008,46,BASS-BO,0.5801285837102199
1008,47,BASS-BO,0.5801285837102199
1008,48,BASS-BO,0.5801285837102199
1008,49,BASS-BO,0.5801285837102199
1008,50,BASS-BO,0.5801285837102199
1008,51,BASS-BO,0.5801285837102199
1008,52,BASS-BO,0.5801285837102199
1008,53,BASS-BO,0.5801285837102199
1008,54,BASS-BO,0.5801285837102199
1008,55,BASS-BO,0.4824330093881226
1008,56,BASS-BO,0.4824330093881226
1008,57,BASS-BO,0.4824330093881226
1008,58,BASS-BO,0.4824330093881226
1008,59,BASS-BO,0.4824330093881226
1008,60,BASS-BO,0.4824330093881226
1008,61,BASS-BO,0.4824330093881226
1008,62,BASS-BO,0.4824330093881226
1008,63,BASS-BO,0.4824330093881226
1008,64,BASS-BO,0.4824330093881226
1008,65,BASS-BO,0.4824330093881226
1008,66,BASS-BO,0.4824330093881226
1008,67,BASS-BO,0.4824330093881226
1008,68,BASS-BO,0.4824330093881226
1008,69,BASS-BO,0.4824330093881226
1008,70,BASS-BO,0.4824330093881226
1008,71,BASS-BO,0.4824330093881226
1008,72,BASS-BO,0.4824330093881226
1008,73,BASS-BO,0.4824330093881226
1008,74,BASS-BO,0.4824330093881226
1008,75,BASS-BO,0.4824330093881226
1008,76,BASS-BO,0.4824330093881226
1008,77,BASS-BO,0.4824330093881226
1008,78,BASS-BO,0.4824330093881226
1008,79,BASS-BO,0.4824330093881226
1008,80,BASS-BO,0.4824330093881226
1008,0,GP-BO,3.2689293634995895
1008,1,GP-BO,3.2689293634995895
1008,2,GP-BO,3.2689293634995895
1008,3,GP-BO,2.045337724551402
1008,4,GP-BO,2.045337724551402
1008,5,GP-BO,2.045337724551402
1008,6,GP-BO,2.045337724551402
1008,7,GP-BO,2.045337724551402
1008,8,GP-BO,0.5485060705636737
1008,9,GP-BO,0.5485060705636737
1008,10,GP-BO,0.5485060705636737
1008,11,GP-BO,0.4197140335429399
1008,12,GP-BO,0.4197140335429399
1008,13,GP-BO,0.4197140335429399
1008,14,GP-BO,0.4197140335429399
1008,15,GP-BO,0.4197140335429399
1008,16,GP-BO,0.4197140335429399
1008,17,GP-BO,0.4197140335429399
1008,18,GP-BO,0.4197140335429399
1008,19,GP-BO,0.4197140335429399
1008,20,GP-BO,0.40973857174185113
1008,21,GP-BO,0.40973857174185113
1008,22,GP-BO,0.40973857174185113
1008,23,GP-BO,0.4004006750358915
1008,24,GP-BO,0.4004006750358915
1008,25,GP-BO,0.4004006750358915
1008,26,GP-BO,0.4004006750358915
1008,27,GP-BO,0.4004006750358915
1008,28,GP-BO,0.4004006750358915
1008,29,GP-BO,0.4004006750358915
1008,30,GP-BO,0.4004006750358915
1008,31,GP-BO,0.4004006750358915
1008,32,GP-BO,0.4004006750358915
1008,33,GP-BO,0.4004006750358915
1008,34,GP-BO,0.40011096346142594
1008,35,GP-BO,0.40011096346142594
1008,36,GP-BO,0.40011096346142594
1008,37,GP-BO,0.40011096346142594
1008,38,GP-BO,0.40011096346142594
1008,39,GP-BO,0.40011096346142594
1008,40,GP-BO,0.40011096346142594
1008,41,GP-BO,0.40011096346142594
1008,42,GP-BO,0.3989191353593924
1008,43,GP-BO,0.3989191353593924
1008,44,GP-BO,0.3989191353593924
1008,45,GP-BO,0.3989191353593924
1008,46,GP-BO,0.3989191353593924
1008,47,GP-BO,0.3989191353593924
1008,48,GP-BO,0.3989191353593924
1008,49,GP-BO,0.3989191353593924
1008,50,GP-BO,0.3989191353593924
1008,51,GP-BO,0.39825816635255507
1008,52,GP-BO,0.39808863472291733
1008,53,GP-BO,0.39808863472291733
1008,54,GP-BO,0.39808863472291733
1008,55,GP-BO,0.39808863472291733
1008,56,GP-BO,0.39808863472291733
1008,57,GP-BO,0.39808863472291733
1008,58,GP-BO,0.39808863472291733
1008,59,GP-BO,0.39808863472291733
1008,60,GP-BO,0.39808863472291733
1008,61,GP-BO,0.39808863472291733
1008,62,GP-BO,0.39808863472291733
1008,63,GP-BO,0.39808863472291733
1008,64,GP-BO,0.39808863472291733
1008,65,GP-BO,0.3979895098954014
1008,66,GP-BO,0.3979895098954014
1008,67,GP-BO,0.3979895098954014
1008,68,GP-BO,0.3979895098954014
1008,69,GP-BO,0.3979895098954014
1008,70,GP-BO,0.3979895098954014
1008,71,GP-BO,0.3979895098954014
1008,72,GP-BO,0.3979895098954014
1008,73,GP-BO,0.3979895098954014
1008,74,GP-BO,0.3979895098954014
1008,75,GP-BO,0.3979895098954014
1008,76,GP-BO,0.3979895098954014
1008,77,GP-BO,0.3979895098954014
1008,78,GP-BO,0.3979895098954014
1008,79,GP-BO,0.3979895098954014
1008,80,GP-BO,0.3979895098954014
1008,0,Random,3.2689293634995895
1008,1,Random,3.2689293634995895
1008,2,Random,3.2689293634995895
1008,3,Random,3.2689293634995895
1008,4,Random,3.2689293634995895
1008,5,Random,3.2689293634995895
1008,6,Random,3.2689293634995895
1008,7,Random,3.2689293634995895
1008,8,Random,3.2689293634995895
1008,9,Random,3.2689293634995895
1008,10,Random,3.2689293634995895
1008,11,Random,3.2689293634995895
1008,12,Random,3.2689293634995895
1008,13,Random,3.2689293634995895
1008,14,Random,3.2689293634995895
1008,15,Random,3.2689293634995895
1008,16,Random,3.2689293634995895
1008,17,Random,3.2689293634995895
1008,18,Random,3.2689293634995895
1008,19,Random,3.2689293634995895
1008,20,Random,3.2689293634995895
1008,21,Random,3.2689293634995895
1008,22,Random,3.2689293634995895
1008,23,Random,3.2689293634995895
1008,24,Random,3.2689293634995895
1008,25,Random,3.2689293634995895
1008,26,Random,3.2689293634995895
1008,27,Random,3.2689293634995895
1008,28,Random,3.2689293634995895
1008,29,Random,3.2689293634995895
1008,30,Random,3.2689293634995895
1008,31,Random,1.0393627100334246
1008,32,Random,1.0393627100334246
1008,33,Random,1.0393627100334246
1008,34,Random,1.0393627100334246
1008,35,Random,1.0393627100334246
1008,36,Random,1.0393627100334246
1008,37,Random,1.0393627100334246
1008,38,Random,1.0393627100334246
1008,39,Random,1.0393627100334246
1008,40,Random,1.0393627100334246
1008,41,Random,1.0393627100334246
1008,42,Random,1.0393627100334246
1008,43,Random,1.0393627100334246
1008,44,Random,1.0393627100334246
1008,45,Random,1.0393627100334246
1008,46,Random,1.0393627100334246
1008,47,Random,1.0393627100334246
1008,48,Random,1.0393627100334246
1008,49,Random,1.0393627100334246
1008,50,Random,1.0393627100334246
1008,51,Random,1.0393627100334246
1008,52,Random,1.0393627100334246
1008,53,Random,1.0393627100334246
1008,54,Random,1.0393627100334246
1008,55,Random,1.0393627100334246
1008,56,Random,1.0393627100334246
1008,57,Random,1.0393627100334246
1008,58,Random,1.0393627100334246
1008,59,Random,1.0393627100334246
1008,60,Random,1.0393627100334246
1008,61,Random,1.0393627100334246
1008,62,Random,1.0393627100334246
1008,63,Random,1.0393627100334246
1008,64,Random,1.0393627100334246
1008,65,Random,1.0393627100334246
1008,66,Random,1.0393627100334246
1008,67,Random,1.0393627100334246
1008,68,Random,1.0393627100334246
1008,69,Random,1.0393627100334246
1008,70,Random,1.0393627100334246
1008,71,Random,1.0393627100334246
1008,72,Random,1.0393627100334246
1008,73,Random,1.0393627100334246
1008,74,Random,1.0393627100334246
1008,75,Random,1.0393627100334246
1008,76,Random,1.0393627100334246
1008,77,Random,1.0393627100334246
1008,78,Random,1.0393627100334246
1008,79,Random,1.0393627100334246
1008,80,Random,1.0393627100334246
1009,0,BASS-BO,6.660733091122788
1009,1,BASS-BO,6.660733091122788
1009,2,BASS-BO,6.660733091122788
1009,3,BASS-BO,6.660733091122788
1009,4,BASS-BO,6.660733091122788
1009,5,BASS-BO,6.660733091122788
1009,6,BASS-BO,6.660733091122788
1009,7,BASS-BO,4.204895869148424
1009,8,BASS-BO,4.204895869148424
1009,9,BASS-BO,4.204895869148424
1009,10,BASS-BO,4.204895869148424
1009,11,BASS-BO,4.204895869148424
1009,12,BASS-BO,4.204895869148424
1009,13,BASS-BO,4.204895869148424
1009,14,BASS-BO,4.204895869148424
1009,15,BASS-BO,4.204895869148424
1009,16,BASS-BO,4.204895869148424
1009,17,BASS-BO,4.204895869148424
1009,18,BASS-BO,4.204895869148424
1009,19,BASS-BO,4.204895869148424
1009,20,BASS-BO,4.204895869148424
1009,21,BASS-BO,4.047826812788866
1009,22,BASS-BO,2.591788127579875
1009,23,BASS-BO,2.591788127579875
1009,24,BASS-BO,2.591788127579875
1009,25,BASS-BO,2.591788127579875
1009,26,BASS-BO,2.591788127579875
1009,27,BASS-BO,2.591788127579875
1009,28,BASS-BO,2.591788127579875
1009,29,BASS-BO,2.591788127579875
1009,30,BASS-BO,2.591788127579875
1009,31,BASS-BO,2.591788127579875
1009,32,BASS-BO,2.591788127579875
1009,33,BASS-BO,2.591788127579875
1009,34,BASS-BO,2.474764656850045
1009,35,BASS-BO,2.474764656850045
1009,36,BASS-BO,2.474764656850045
1009,37,BASS-BO,2.474764656850045
1009,38,BASS-BO,2.1886184594629476
1009,39,BASS-BO,1.4874453032538675
1009,40,BASS-BO,1.4874453032538675
1009,41,BASS-BO,0.5988138303051489
1009,42,BASS-BO,0.5988138303051489
1009,43,BASS-BO,0.5988138303051489
1009,44,BASS-BO,0.5988138303051489
1009,45,BASS-BO,0.5988138303051489
1009,46,BASS-BO,0.5988138303051489
1009,47,BASS-BO,0.5988138303051489
1009,48,BASS-BO,0.5988138303051489
1009,49,BASS-BO,0.5988138303051489
1009,50,BASS-BO,0.5988138303051489
1009,51,BASS-BO,0.5170698828843605
1009,52,BASS-BO,0.5170698828843605
1009,53,BASS-BO,0.5170698828843605
1009,54,BASS-BO,0.5170698828843605
1009,55,BASS-BO,0.5170698828843605
1009,56,BASS-BO,0.5170698828843605
1009,57,BASS-BO,0.4305391237194911
1009,58,BASS-BO,0.4305391237194911
1009,59,BASS-BO,0.4305391237194911
1009,60,BASS-BO,0.4305391237194911
1009,61,BASS-BO,0.4305391237194911
1009,62,BASS-BO,0.4305391237194911
1009,63,BASS-BO,0.4305391237194911
1009,64,BASS-BO,0.4305391237194911
1009,65,BASS-BO,0.4305391237194911
1009,66,BASS-BO,0.4305391237194911
1009,67,BASS-BO,0.4305391237194911
1009,68,BASS-BO,0.4305391237194911
1009,69,BASS-BO,0.4305391237194911
1009,70,BASS-BO,0.4305391237194911
1009,71,BASS-BO,0.4305391237194911
1009,72,BASS-BO,0.4305391237194911
1009,73,BASS-BO,0.4305391237194911
1009,74,BASS-BO,0.4305391237194911
1009,75,BASS-BO,0.4305391237194911
1009,76,BASS-BO,0.4305391237194911
1009,77,BASS-BO,0.4305391237194911
1009,78,BASS-BO,0.4305391237194911
1009,79,BASS-BO,0.4305391237194911
1009,80,BASS-BO,0.4305391237194911
1009,0,GP-BO,6.660733091122788
1009,1,GP-BO,5.1126295265067325
1009,2,GP-BO,2.7319101825726877
1009,3,GP-BO,1.939524642387621
1009,4,GP-BO,1.939524642387621
1009,5,GP-BO,1.939524642387621
1009,6,GP-BO,1.939524642387621
1009,7,GP-BO,1.939524642387621
1009,8,GP-BO,1.939524642387621
1009,9,GP-BO,0.5556911819193324
1009,10,GP-BO,0.5556911819193324
1009,11,GP-BO,0.5556911819193324
1009,12,GP-BO,0.5556911819193324
1009,13,GP-BO,0.5556911819193324
1009,14,GP-BO,0.5556911819193324
1009,15,GP-BO,0.5556911819193324
1009,16,GP-BO,0.5556911819193324
1009,17,GP-BO,0.5556911819193324
1009,18,GP-BO,0.5556911819193324
1009,19,GP-BO,0.43454976486123975
1009,20,GP-BO,0.43454976486123975
1009,21,GP-BO,0.43454976486123975
1009,22,GP-BO,0.43454976486123975
1009,23,GP-BO,0.43454976486123975
1009,24,GP-BO,0.43454976486123975
1009,25,GP-BO,0.43454976486123975
1009,26,GP-BO,0.43454976486123975
1009,27,GP-BO,0.43454976486123975
1009,28,GP-BO,0.40315396279942917
1009,29,GP-BO,0.40315396279942917
1009,30,GP-BO,0.40315396279942917
1009,31,GP-BO,0.40315396279942917
1009,32,GP-BO,0.40315396279942917
1009,33,GP-BO,0.40315396279942917
1009,34,GP-BO,0.40315396279942917
1009,35,GP-BO,0.40315396279942917
1009,36,GP-BO,0.40315396279942917
1009,37,GP-BO,0.40315396279942917
1009,38,GP-BO,0.40315396279942917
1009,39,GP-BO,0.40026886223936486
1009,40,GP-BO,0.40026886223936486
1009,41,GP-BO,0.40026886223936486
1009,42,GP-BO,0.398504512732746
1009,43,GP-BO,0.398504512732746
1009,44,GP-BO,0.398504512732746
1009,45,GP-BO,0.398504512732746
1009,46,GP-BO,0.398504512732746
1009,47,GP-BO,0.398504512732746
1009,48,GP-BO,0.398504512732746
1009,49,GP-BO,0.398504512732746
1009,50,GP-BO,0.398504512732746
1009,51,GP-BO,0.398504512732746
1009,52,GP-BO,0.398504512732746
1009,53,GP-BO,0.398504512732746
1009,54,GP-BO,0.398504512732746
1009,55,GP-BO,0.398504512732746
1009,56,GP-BO,0.398504512732746
1009,57,GP-BO,0.398504512732746
1009,58,GP-BO,0.398504512732746
1009,59,GP-BO,0.398504512732746
1009,60,GP-BO,0.398504512732746
1009,61,GP-BO,0.398504512732746
1009,62,GP-BO,0.398504512732746
1009,63,GP-BO,0.398504512732746
1009,64,GP-BO,0.398504512732746
1009,65,GP-BO,0.398504512732746
1009,66,GP-BO,0.398504512732746
1009,67,GP-BO,0.398504512732746
1009,68,GP-BO,0.398504512732746
1009,69,GP-BO,0.398504512732746
1009,70,GP-BO,0.398504512732746
1009,71,GP-BO,0.398504512732746
1009,72,GP-BO,0.398504512732746
1009,73,GP-BO,0.398504512732746
1009,74,GP-BO,0.398504512732746
1009,75,GP-BO,0.398504512732746
1009,76,GP-BO,0.398504512732746
1009,77,GP-BO,0.398504512732746
1009,78,GP-BO,0.398504512732746
1009,79,GP-BO,0.398504512732746
1009,80,GP-BO,0.398504512732746
1009,0,Random,6.660733091122788
1009,1,Random,6.660733091122788
1009,2,Random,6.660733091122788
1009,3,Random,6.660733091122788
1009,4,Random,6.660733091122788
1009,5,Random,6.660733091122788
1009,6,Random,4.3298611256055395
1009,7,Random,4.3298611256055395
1009,8,Random,4.3298611256055395
1009,9,Random,4.3298611256055395
1009,10,Random,4.3298611256055395
1009,11,Random,4.3298611256055395
1009,12,Random,4.3298611256055395
1009,13,Random,4.3298611256055395
1009,14,Random,4.3298611256055395
1009,15,Random,4.3298611256055395
1009,16,Random,4.3298611256055395
1009,17,Random,4.3298611256055395
1009,18,Random,4.008520958973928
1009,19,Random,4.008520958973928
1009,20,Random,4.008520958973928
1009,21,Random,4.008520958973928
1009,22,Random,4.008520958973928
1009,23,Random,4.008520958973928
1009,24,Random,4.008520958973928
1009,25,Random,4.008520958973928
1009,26,Random,4.008520958973928
1009,27,Random,4.008520958973928
1009,28,Random,4.008520958973928
1009,29,Random,4.008520958973928
1009,30,Random,4.008520958973928
1009,31,Random,4.008520958973928
1009,32,Random,4.008520958973928
1009,33,Random,4.008520958973928
1009,34,Random,4.008520958973928
1009,35,Random,4.008520958973928
1009,36,Random,4.008520958973928
1009,37,Random,4.008520958973928
1009,38,Random,4.008520958973928
1009,39,Random,4.008520958973928
1009,40,Random,4.008520958973928
1009,41,Random,4.008520958973928
1009,42,Random,4.008520958973928
1009,43,Random,4.008520958973928
1009,44,Random,4.008520958973928
1009,45,Random,4.008520958973928
1009,46,Random,4.008520958973928
1009,47,Random,4.008520958973928
1009,48,Random,4.008520958973928
1009,49,Random,4.008520958973928
1009,50,Random,4.008520958973928
1009,51,Random,4.008520958973928
1009,52,Random,4.008520958973928
1009,53,Random,4.008520958973928
1009,54,Random,4.008520958973928
1009,55,Random,4.008520958973928
1009,56,Random,4.008520958973928
1009,57,Random,4.008520958973928
1009,58,Random,4.008520958973928
1009,59,Random,4.008520958973928
1009,60,Random,4.008520958973928
1009,61,Random,4.008520958973928
1009,62,Random,4.008520958973928
1009,63,Random,4.008520958973928
1009,64,Random,4.008520958973928
1009,65,Random,4.008520958973928
1009,66,Random,4.008520958973928
1009,67,Random,4.008520958973928
1009,68,Random,4.008520958973928
1009,69,Random,4.008520958973928
1009,70,Random,4.008520958973928
1009,71,Random,4.008520958973928
1009,72,Random,4.008520958973928
1009,73,Random,4.008520958973928
1009,74,Random,4.008520958973928
1009,75,Random,4.008520958973928
1009,76,Random,4.008520958973928
1009,77,Random,4.008520958973928
1009,78,Random,4.008520958973928
1009,79,Random,4.008520958973928
1009,80,Random,4.008520958973928
1010,0,BASS-BO,1.73290372899943
1010,1,BASS-BO,1.73290372899943
1010,2,BASS-BO,1.73290372899943
1010,3,BASS-BO,1.73290372899943
1010,4,BASS-BO,1.73290372899943
1010,5,BASS-BO,1.73290372899943
1010,6,BASS-BO,1.73290372899943
1010,7,BASS-BO,1.73290372899943
1010,8,BASS-BO,1.73290372899943
1010,9,BASS-BO,1.73290372899943
1010,10,BASS-BO,1.73290372899943
1010,11,BASS-BO,1.73290372899943
1010,12,BASS-BO,1.73290372899943
1010,13,BASS-BO,1.73290372899943
1010,14,BASS-BO,1.73290372899943
1010,15,BASS-BO,1.73290372899943
1010,16,BASS-BO,1.73290372899943
1010,17,BASS-BO,1.2547589577760743
1010,18,BASS-BO,1.2547589577760743
1010,19,BASS-BO,1.2547589577760743
1010,20,BASS-BO,1.2547589577760743
1010,21,BASS-BO,1.2547589577760743
1010,22,BASS-BO,1.2547589577760743
1010,23,BASS-BO,1.2547589577760743
1010,24,BASS-BO,1.2547589577760743
1010,25,BASS-BO,1.2547589577760743
1010,26,BASS-BO,1.2547589577760743
1010,27,BASS-BO,1.2547589577760743
1010,28,BASS-BO,1.2547589577760743
1010,29,BASS-BO,1.2547589577760743
1010,30,BASS-BO,1.2547589577760743
1010,31,BASS-BO,1.2547589577760743
1010,32,BASS-BO,1.2547589577760743
1010,33,BASS-BO,1.2547589577760743
1010,34,BASS-BO,1.2547589577760743
1010,35,BASS-BO,1.2547589577760743
1010,36,BASS-BO,1.082549605073238
1010,37,BASS-BO,1.082549605073238
1010,38,BASS-BO,1.082549605073238
1010,39,BASS-BO,1.082549605073238
1010,40,BASS-BO,1.082549605073238
1010,41,BASS-BO,1.082549605073238
1010,42,BASS-BO,1.082549605073238
1010,43,BASS-BO,1.082549605073238
1010,44,BASS-BO,1.082549605073238
1010,45,BASS-BO,1.082549605073238
1010,46,BASS-BO,1.082549605073238
1010,47,BASS-BO,1.082549605073238
1010,48,BASS-BO,1.082549605073238
1010,49,BASS-BO,1.082549605073238
1010,50,BASS-BO,1.082549605073238
1010,51,BASS-BO,1.082549605073238
1010,52,BASS-BO,1.082549605073238
1010,53,BASS-BO,1.082549605073238
1010,54,BASS-BO,1.082549605073238
1010,55,BASS-BO,1.082549605073238
1010,56,BASS-BO,1.082549605073238
1010,57,BASS-BO,1.082549605073238
1010,58,BASS-BO,1.082549605073238
1010,59,BASS-BO,1.082549605073238
1010,60,BASS-BO,1.082549605073238
1010,61,BASS-BO,1.082549605073238
1010,62,BASS-BO,1.082549605073238
1010,63,BASS-BO,1.082549605073238
1010,64,BASS-BO,1.082549605073238
1010,65,BASS-BO,1.082549605073238
1010,66,BASS-BO,1.082549605073238
1010,67,BASS-BO,1.082549605073238
1010,68,BASS-BO,1.082549605073238
1010,69,BASS-BO,1.082549605073238
1010,70,BASS-BO,1.082549605073238
1010,71,BASS-BO,1.082549605073238
1010,72,BASS-BO,1.082549605073238
1010,73,BASS-BO,1.082549605073238
1010,74,BASS-BO,1.082549605073238
1010,75,BASS-BO,1.082549605073238
1010,76,BASS-BO,1.082549605073238
1010,77,BASS-BO,1.082549605073238
1010,78,BASS-BO,0.5268321751125136
1010,79,BASS-BO,0.5268321751125136
1010,80,BASS-BO,0.5268321751125136
1010,0,GP-BO,1.73290372899943
1010,1,GP-BO,1.73290372899943
1010,2,GP-BO,1.73290372899943
1010,3,GP-BO,1.73290372899943
1010,4,GP-BO,1.73290372899943
1010,5,GP-BO,1.73290372899943
1010,6,GP-BO,1.73290372899943
1010,7,GP-BO,1.73290372899943
1010,8,GP-BO,1.73290372899943
1010,9,GP-BO,1.73290372899943
1010,10,GP-BO,0.6091455332552815
1010,11,GP-BO,0.5300578153578908
1010,12,GP-BO,0.5300578153578908
1010,13,GP-BO,0.40170370978920467
1010,14,GP-BO,0.40170370978920467
1010,15,GP-BO,0.40170370978920467
1010,16,GP-BO,0.40170370978920467
1010,17,GP-BO,0.40170370978920467
1010,18,GP-BO,0.40170370978920467
1010,19,GP-BO,0.40170370978920467
1010,20,GP-BO,0.40170370978920467
1010,21,GP-BO,0.40170370978920467
1010,22,GP-BO,0.40170370978920467
1010,23,GP-BO,0.40170370978920467
1010,24,GP-BO,0.40170370978920467
1010,25,GP-BO,0.40170370978920467
1010,26,GP-BO,0.40170370978920467
1010,27,GP-BO,0.40170370978920467
1010,28,GP-BO,0.40170370978920467
1010,29,GP-BO,0.40170370978920467
1010,30,GP-BO,0.40170370978920467
1010,31,GP-BO,0.40170370978920467
1010,32,GP-BO,0.40170370978920467
1010,33,GP-BO,0.40170370978920467
1010,34,GP-BO,0.40170370978920467
1010,35,GP-BO,0.40170370978920467
1010,36,GP-BO,0.40170370978920467
1010,37,GP-BO,0.3980104617980196
1010,38,GP-BO,0.3980104617980196
1010,39,GP-BO,0.3980104617980196
1010,40,GP-BO,0.3980104617980196
1010,41,GP-BO,0.3980104617980196
1010,42,GP-BO,0.3980104617980196
1010,43,GP-BO,0.3980104617980196
1010,44,GP-BO,0.3980104617980196
1010,45,GP-BO,0.3980104617980196
1010,46,GP-BO,0.3980104617980196
1010,47,GP-BO,0.3980104617980196
1010,48,GP-BO,0.3980104617980196
1010,49,GP-BO,0.3980104617980196
1010,50,GP-BO,0.3980104617980196
1010,51,GP-BO,0.3979814507346493
1010,52,GP-BO,0.3979814507346493
1010,53,GP-BO,0.3979814507346493
1010,54,GP-BO,0.3979814507346493
1010,55,GP-BO,0.3979814507346493
1010,56,GP-BO,0.3979814507346493
1010,57,GP-BO,0.3979814507346493
1010,58,GP-BO,0.3979814507346493
1010,59,GP-BO,0.3979814507346493
1010,60,GP-BO,0.3979814507346493
1010,61,GP-BO,0.3979814507346493
1010,62,GP-BO,0.3979814507346493
1010,63,GP-BO,0.3979814507346493
1010,64,GP-BO,0.3979814507346493
1010,65,GP-BO,0.3979814507346493
1010,66,GP-BO,0.3979814507346493
1010,67,GP-BO,0.3979814507346493
1010,68,GP-BO,0.3979814507346493
1010,69,GP-BO,0.3979814507346493
1010,70,GP-BO,0.3979814507346493
1010,71,GP-BO,0.3979814507346493
1010,72,GP-BO,0.3979814507346493
1010,73,GP-BO,0.3979814507346493
1010,74,GP-BO,0.3979814507346493
1010,75,GP-BO,0.3979814507346493
1010,76,GP-BO,0.3979814507346493
1010,77,GP-BO,0.3979814507346493
1010,78,GP-BO,0.3979814507346493
1010,79,GP-BO,0.3979814507346493
1010,80,GP-BO,0.3979814507346493
1010,0,Random,1.73290372899943
1010,1,Random,1.73290372899943
1010,2,Random,1.73290372899943
1010,3,Random,1.73290372899943
1010,4,Random,1.73290372899943
1010,5,Random,1.73290372899943
1010,6,Random,1.73290372899943
1010,7,Random,1.73290372899943
1010,8,Random,1.73290372899943
1010,9,Random,1.73290372899943
1010,10,Random,1.73290372899943
1010,11,Random,1.73290372899943
1010,12,Random,1.73290372899943
1010,13,Random,1.73290372899943
1010,14,Random,1.73290372899943
1010,15,Random,1.73290372899943
1010,16,Random,1.73290372899943
1010,17,Random,1.73290372899943
1010,18,Random,1.73290372899943
1010,19,Random,1.73290372899943
1010,20,Random,1.73290372899943
1010,21,Random,1.73290372899943
1010,22,Random,1.73290372899943
1010,23,Random,1.73290372899943
1010,24,Random,1.73290372899943
1010,25,Random,1.73290372899943
1010,26,Random,1.73290372899943
1010,27,Random,1.73290372899943
1010,28,Random,1.73290372899943
1010,29,Random,1.73290372899943
1010,30,Random,1.73290372899943
1010,31,Random,1.73290372899943
1010,32,Random,1.73290372899943
1010,33,Random,1.73290372899943
1010,34,Random,1.73290372899943
1010,35,Random,1.73290372899943
1010,36,Random,1.73290372899943
1010,37,Random,1.73290372899943
1010,38,Random,1.73290372899943
1010,39,Random,1.73290372899943
1010,40,Random,1.73290372899943
1010,41,Random,1.73290372899943
1010,42,Random,1.73290372899943
1010,43,Random,1.73290372899943
1010,44,Random,1.73290372899943
1010,45,Random,1.73290372899943
1010,46,Random,1.73290372899943
1010,47,Random,1.73290372899943
1010,48,Random,1.73290372899943
1010,49,Random,1.73290372899943
1010,50,Random,1.73290372899943
1010,51,Random,1.73290372899943
1010,52,Random,1.73290372899943
1010,53,Random,1.73290372899943
1010,54,Random,1.73290372899943
1010,55,Random,1.73290372899943
1010,56,Random,1.73290372899943
1010,57,Random,1.73290372899943
1010,58,Random,1.73290372899943
1010,59,Random,1.73290372899943
1010,60,Random,1.73290372899943
1010,61,Random,1.73290372899943
1010,62,Random,1.73290372899943
1010,63,Random,1.73290372899943
1010,64,Random,1.73290372899943
1010,65,Random,1.73290372899943
1010,66,Random,1.73290372899943
1010,67,Random,1.73290372899943
1010,68,Random,1.73290372899943
1010,69,Random,1.73290372899943
1010,70,Random,1.73290372899943
1010,71,Random,0.7253673953840813
1010,72,Random,0.7253673953840813
1010,73,Random,0.7253673953840813
1010,74,Random,0.7253673953840813
1010,75,Random,0.7253673953840813
1010,76,Random,0.7253673953840813
1010,77,Random,0.7253673953840813
1010,78,Random,0.7253673953840813
1010,79,Random,0.7253673953840813
1010,80,Random,0.7253673953840813
1011,0,BASS-BO,2.204309085265759
1011,1,BASS-BO,2.204309085265759
1011,2,BASS-BO,2.204309085265759
1011,3,BASS-BO,2.204309085265759
1011,4,BASS-BO,2.204309085265759
1011,5,BASS-BO,2.204309085265759
1011,6,BASS-BO,2.204309085265759
1011,7,BASS-BO,2.204309085265759
1011,8,BASS-BO,2.204309085265759
1011,9,BASS-BO,2.204309085265759
1011,10,BASS-BO,2.204309085265759
1011,11,BASS-BO,2.204309085265759
1011,12,BASS-BO,2.204309085265759
1011,13,BASS-BO,2.204309085265759
1011,14,BASS-BO,2.204309085265759
1011,15,BASS-BO,2.204309085265759
1011,16,BASS-BO,2.204309085265759
1011,17,BASS-BO,2.204309085265759
1011,18,BASS-BO,2.204309085265759
1011,19,BASS-BO,2.204309085265759
1011,20,BASS-BO,1.9507137259553833
1011,21,BASS-BO,1.9507137259553833
1011,22,BASS-BO,1.9507137259553833
1011,23,BASS-BO,1.9507137259553833
1011,24,BASS-BO,1.9507137259553833
1011,25,BASS-BO,1.94349307459302
1011,26,BASS-BO,1.94349307459302
1011,27,BASS-BO,1.94349307459302
1011,28,BASS-BO,1.94349307459302
1011,29,BASS-BO,1.94349307459302
1011,30,BASS-BO,1.94349307459302
1011,31,BASS-BO,1.94349307459302
1011,32,BASS-BO,1.9434904840456753
1011,33,BASS-BO,1.7719864120762363
1011,34,BASS-BO,1.7719864120762363
1011,35,BASS-BO,0.8580908503274696
1011,36,BASS-BO,0.8580908503274696
1011,37,BASS-BO,0.5913816883937706
1011,38,BASS-BO,0.5913816883937706
1011,39,BASS-BO,0.5913816883937706
1011,40,BASS-BO,0.5913816883937706
1011,41,BASS-BO,0.5913816883937706
1011,42,BASS-BO,0.5913816883937706
1011,43,BASS-BO,0.5913816883937706
1011,44,BASS-BO,0.5913816883937706
1011,45,BASS-BO,0.5913816883937706
1011,46,BASS-BO,0.5913816883937706
1011,47,BASS-BO,0.5913816883937706
1011,48,BASS-BO,0.5913816883937706
1011,49,BASS-BO,0.5913816883937706
1011,50,BASS-BO,0.5913816883937706
1011,51,BASS-BO,0.5913816883937706
1011,52,BASS-BO,0.5913816883937706
1011,53,BASS-BO,0.5913816883937706
1011,54,BASS-BO,0.5913816883937706
1011,55,BASS-BO,0.5913816883937706
1011,56,BASS-BO,0.5913816883937706
1011,57,BASS-BO,0.5913816883937706
1011,58,BASS-BO,0.5913816883937706
1011,59,BASS-BO,0.5913816883937706
1011,60,BASS-BO,0.5913816883937706
1011,61,BASS-BO,0.5913816883937706
1011,62,BASS-BO,0.5913816883937706
1011,63,BASS-BO,0.5913816883937706
1011,64,BASS-BO,0.5913816883937706
1011,65,BASS-BO,0.5913816883937706
1011,66,BASS-BO,0.5913816883937706
1011,67,BASS-BO,0.5913816883937706
1011,68,BASS-BO,0.5913816883937706
1011,69,BASS-BO,0.5913816883937706
1011,70,BASS-BO,0.5913816883937706
1011,71,BASS-BO,0.5913816883937706
1011,72,BASS-BO,0.5913816883937706
1011,73,BASS-BO,0.5913816883937706
1011,74,BASS-BO,0.5913816883937706
1011,75,BASS-BO,0.5913816883937706
1011,76,BASS-BO,0.5913816883937706
1011,77,BASS-BO,0.5913816883937706
1011,78,BASS-BO,0.5913816883937706
1011,79,BASS-BO,0.5913816883937706
1011,80,BASS-BO,0.5913816883937706
1011,0,GP-BO,2.204309085265759
1011,1,GP-BO,2.204309085265759
1011,2,GP-BO,2.204309085265759
1011,3,GP-BO,2.1493163669706057
1011,4,GP-BO,2.1493163669706057
1011,5,GP-BO,0.7538050473819222
1011,6,GP-BO,0.7538050473819222
1011,7,GP-BO,0.7538050473819222
1011,8,GP-BO,0.7538050473819222
1011,9,GP-BO,0.7538050473819222
1011,10,GP-BO,0.7538050473819222
1011,11,GP-BO,0.7538050473819222
1011,12,GP-BO,0.39812306288903976
1011,13,GP-BO,0.39812306288903976
1011,14,GP-BO,0.39812306288903976
1011,15,GP-BO,0.39812306288903976
1011,16,GP-BO,0.39812306288903976
1011,17,GP-BO,0.39812306288903976
1011,18,GP-BO,0.39812306288903976
1011,19,GP-BO,0.39812306288903976
1011,20,GP-BO,0.39812306288903976
1011,21,GP-BO,0.39812306288903976
1011,22,GP-BO,0.39812306288903976
1011,23,GP-BO,0.39812306288903976
1011,24,GP-BO,0.39812306288903976
1011,25,GP-BO,0.39812306288903976
1011,26,GP-BO,0.39812306288903976
1011,27,GP-BO,0.39812306288903976
1011,28,GP-BO,0.39812306288903976
1011,29,GP-BO,0.39812306288903976
1011,30,GP-BO,0.39812306288903976
1011,31,GP-BO,0.39812306288903976
1011,32,GP-BO,0.39812306288903976
1011,33,GP-BO,0.39812306288903976
1011,34,GP-BO,0.39812306288903976
1011,35,GP-BO,0.39812306288903976
1011,36,GP-BO,0.39812306288903976
1011,37,GP-BO,0.39812306288903976
1011,38,GP-BO,0.39812306288903976
1011,39,GP-BO,0.39812306288903976
1011,40,GP-BO,0.39812306288903976
1011,41,GP-BO,0.39812306288903976
1011,42,GP-BO,0.39812306288903976
1011,43,GP-BO,0.39812306288903976
1011,44,GP-BO,0.39812306288903976
1011,45,GP-BO,0.39812306288903976
1011,46,GP-BO,0.39812306288903976
1011,47,GP-BO,0.39812306288903976
1011,48,GP-BO,0.39812306288903976
1011,49,GP-BO,0.39812306288903976
1011,50,GP-BO,0.39812306288903976
1011,51,GP-BO,0.39812306288903976
1011,52,GP-BO,0.39812306288903976
1011,53,GP-BO,0.39812306288903976
1011,54,GP-BO,0.39812306288903976
1011,55,GP-BO,0.39812306288903976
1011,56,GP-BO,0.39812306288903976
1011,57,GP-BO,0.39812306288903976
1011,58,GP-BO,0.39812306288903976
1011,59,GP-BO,0.39812306288903976
1011,60,GP-BO,0.39812306288903976
1011,61,GP-BO,0.39812306288903976
1011,62,GP-BO,0.39812306288903976
1011,63,GP-BO,0.39812306288903976
1011,64,GP-BO,0.39808099221361815
1011,65,GP-BO,0.39808099221361815
1011,66,GP-BO,0.39808099221361815
1011,67,GP-BO,0.39808099221361815
1011,68,GP-BO,0.39808099221361815
1011,69,GP-BO,0.39808099221361815
1011,70,GP-BO,0.39808099221361815
1011,71,GP-BO,0.39808099221361815
1011,72,GP-BO,0.3979472159758135
1011,73,GP-BO,0.3979472159758135
1011,74,GP-BO,0.3979472159758135
1011,75,GP-BO,0.3979472159758135
1011,76,GP-BO,0.3979472159758135
1011,77,GP-BO,0.3979472159758135
1011,78,GP-BO,0.3979472159758135
1011,79,GP-BO,0.39791736471849504
1011,80,GP-BO,0.39791736471849504
1011,0,Random,2.204309085265759
1011,1,Random,2.204309085265759
1011,2,Random,2.204309085265759
1011,3,Random,2.204309085265759
1011,4,Random,2.204309085265759
1011,5,Random,2.204309085265759
1011,6,Random,2.204309085265759
1011,7,Random,2.204309085265759
1011,8,Random,2.204309085265759
1011,9,Random,2.204309085265759
1011,10,Random,2.204309085265759
1011,11,Random,2.204309085265759
1011,12,Random,2.204309085265759
1011,13,Random,2.204309085265759
1011,14,Random,2.204309085265759
1011,15,Random,2.204309085265759
1011,16,Random,2.204309085265759
1011,17,Random,2.204309085265759
1011,18,Random,2.204309085265759
1011,19,Random,2.204309085265759
1011,20,Random,2.204309085265759
1011,21,Random,2.204309085265759
1011,22,Random,2.204309085265759
1011,23,Random,2.204309085265759
1011,24,Random,2.204309085265759
1011,25,Random,2.204309085265759
1011,26,Random,2.204309085265759
1011,27,Random,2.204309085265759
1011,28,Random,1.9078158935430274
1011,29,Random,1.9078158935430274
1011,30,Random,1.9078158935430274
1011,31,Random,1.9078158935430274
1011,32,Random,1.9078158935430274
1011,33,Random,1.9078158935430274
1011,34,Random,1.9078158935430274
1011,35,Random,1.9078158935430274
1011,36,Random,1.9078158935430274
1011,37,Random,1.9078158935430274
1011,38,Random,1.9078158935430274
1011,39,Random,1.9078158935430274
1011,40,Random,1.9078158935430274
1011,41,Random,1.9078158935430274
1011,42,Random,1.9078158935430274
1011,43,Random,1.9078158935430274
1011,44,Random,1.9078158935430274
1011,45,Random,1.9078158935430274
1011,46,Random,1.9078158935430274
1011,47,Random,1.9078158935430274
1011,48,Random,1.9078158935430274
1011,49,Random,1.9078158935430274
1011,50,Random,1.9078158935430274
1011,51,Random,1.9078158935430274
1011,52,Random,1.9078158935430274
1011,53,Random,1.9078158935430274
1011,54,Random,1.9078158935430274
1011,55,Random,1.9078158935430274
1011,56,Random,1.9078158935430274
1011,57,Random,1.9078158935430274
1011,58,Random,1.9078158935430274
1011,59,Random,1.9078158935430274
1011,60,Random,1.9078158935430274
1011,61,Random,1.9078158935430274
1011,62,Random,1.2367533093589103
1011,63,Random,1.2367533093589103
1011,64,Random,1.2367533093589103
1011,65,Random,1.2367533093589103
1011,66,Random,1.2367533093589103
1011,67,Random,1.2367533093589103
1011,68,Random,1.2367533093589103
1011,69,Random,1.2367533093589103
1011,70,Random,1.2367533093589103
1011,71,Random,1.2367533093589103
1011,72,Random,1.2367533093589103
1011,73,Random,1.2367533093589103
1011,74,Random,1.2367533093589103
1011,75,Random,1.2367533093589103
1011,76,Random,1.2367533093589103
1011,77,Random,1.2367533093589103
1011,78,Random,1.2367533093589103
1011,79,Random,1.2367533093589103
1011,80,Random,1.2367533093589103
1012,0,BASS-BO,2.2931741352358985
1012,1,BASS-BO,2.2931741352358985
1012,2,BASS-BO,2.2931741352358985
1012,3,BASS-BO,2.2931741352358985
1012,4,BASS-BO,2.2931741352358985
1012,5,BASS-BO,2.2931741352358985
1012,6,BASS-BO,2.2931741352358985
1012,7,BASS-BO,2.2931741352358985
1012,8,BASS-BO,2.2931741352358985
1012,9,BASS-BO,2.2931741352358985
1012,10,BASS-BO,2.2931741352358985
1012,11,BASS-BO,2.072863166639708
1012,12,BASS-BO,2.072863166639708
1012,13,BASS-BO,2.072863166639708
1012,14,BASS-BO,2.072863166639708
1012,15,BASS-BO,2.072863166639708
1012,16,BASS-BO,2.072863166639708
1012,17,BASS-BO,2.0661397538219717
1012,18,BASS-BO,2.0661397538219717
1012,19,BASS-BO,2.065004140664091
1012,20,BASS-BO,2.065004140664091
1012,21,BASS-BO,2.065004140664091
1012,22,BASS-BO,2.065004140664091
1012,23,BASS-BO,2.065004140664091
1012,24,BASS-BO,2.065004140664091
1012,25,BASS-BO,2.065004140664091
1012,26,BASS-BO,2.065004140664091
1012,27,BASS-BO,2.065004140664091
1012,28,BASS-BO,2.065004140664091
1012,29,BASS-BO,1.3533609584893433
1012,30,BASS-BO,1.3533609584893433
1012,31,BASS-BO,0.809401093635584
1012,32,BASS-BO,0.809401093635584
1012,33,BASS-BO,0.809401093635584
1012,34,BASS-BO,0.701667761200822
1012,35,BASS-BO,0.701667761200822
1012,36,BASS-BO,0.701667761200822
1012,37,BASS-BO,0.701667761200822
1012,38,BASS-BO,0.6262369014514224
1012,39,BASS-BO,0.6262369014514224
1012,40,BASS-BO,0.6262369014514224
1012,41,BASS-BO,0.6262369014514224
1012,42,BASS-BO,0.6262369014514224
1012,43,BASS-BO,0.6262369014514224
1012,44,BASS-BO,0.6262369014514224
1012,45,BASS-BO,0.6262369014514224
1012,46,BASS-BO,0.6262369014514224
1012,47,BASS-BO,0.6262369014514224
1012,48,BASS-BO,0.6262369014514224
1012,49,BASS-BO,0.6262369014514224
1012,50,BASS-BO,0.6262369014514224
1012,51,BASS-BO,0.6262369014514224
1012,52,BASS-BO,0.6262369014514224
1012,53,BASS-BO,0.6262369014514224
1012,54,BASS-BO,0.6253597115767064
1012,55,BASS-BO,0.6253597115767064
1012,56,BASS-BO,0.6253597115767064
1012,57,BASS-BO,0.6253597115767064
1012,58,BASS-BO,0.5866970642543343
1012,59,BASS-BO,0.5866970642543343
1012,60,BASS-BO,0.5866970642543343
1012,61,BASS-BO,0.5866970642543343
1012,62,BASS-BO,0.5866970642543343
1012,63,BASS-BO,0.5866970642543343
1012,64,BASS-BO,0.5866970642543343
1012,65,BASS-BO,0.5866970642543343
1012,66,BASS-BO,0.5866970642543343
1012,67,BASS-BO,0.5866970642543343
1012,68,BASS-BO,0.5866970642543343
1012,69,BASS-BO,0.5866970642543343
1012,70,BASS-BO,0.5345108312231854
1012,71,BASS-BO,0.5345108312231854
1012,72,BASS-BO,0.5345108312231854
1012,73,BASS-BO,0.47839534419007634
1012,74,BASS-BO,0.47839534419007634
1012,75,BASS-BO,0.47839534419007634
1012,76,BASS-BO,0.47839534419007634
1012,77,BASS-BO,0.47839534419007634
1012,78,BASS-BO,0.47839534419007634
1012,79,BASS-BO,0.47839534419007634
1012,80,BASS-BO,0.47839534419007634
1012,0,GP-BO,2.2931741352358985
1012,1,GP-BO,2.2931741352358985
1012,2,GP-BO,2.2931741352358985
1012,3,GP-BO,2.2931741352358985
1012,4,GP-BO,2.2931741352358985
1012,5,GP-BO,2.2931741352358985
1012,6,GP-BO,2.2931741352358985
1012,7,GP-BO,2.0133204330643455
1012,8,GP-BO,2.0133204330643455
1012,9,GP-BO,0.49716707588781617
1012,10,GP-BO,0.49716707588781617
1012,11,GP-BO,0.49716707588781617
1012,12,GP-BO,0.49716707588781617
1012,13,GP-BO,0.41943645652951567
1012,14,GP-BO,0.41943645652951567
1012,15,GP-BO,0.41943645652951567
1012,16,GP-BO,0.41943645652951567
1012,17,GP-BO,0.41943645652951567
1012,18,GP-BO,0.41943645652951567
1012,19,GP-BO,0.41943645652951567
1012,20,GP-BO,0.41943645652951567
1012,21,GP-BO,0.41943645652951567
1012,22,GP-BO,0.41943645652951567
1012,23,GP-BO,0.41943645652951567
1012,24,GP-BO,0.41943645652951567
1012,25,GP-BO,0.41943645652951567
1012,26,GP-BO,0.41943645652951567
1012,27,GP-BO,0.41943645652951567
1012,28,GP-BO,0.41943645652951567
1012,29,GP-BO,0.41943645652951567
1012,30,GP-BO,0.41943645652951567
1012,31,GP-BO,0.41943645652951567
1012,32,GP-BO,0.4067864585187042
1012,33,GP-BO,0.4067864585187042
1012,34,GP-BO,0.4067864585187042
1012,35,GP-BO,0.4067864585187042
1012,36,GP-BO,0.4067864585187042
1012,37,GP-BO,0.4067864585187042
1012,38,GP-BO,0.39850459701292884
1012,39,GP-BO,0.39850459701292884
1012,40,GP-BO,0.39850459701292884
1012,41,GP-BO,0.39850459701292884
1012,42,GP-BO,0.39850459701292884
1012,43,GP-BO,0.39850459701292884
1012,44,GP-BO,0.39850459701292884
1012,45,GP-BO,0.39850459701292884
1012,46,GP-BO,0.39850459701292884
1012,47,GP-BO,0.39850459701292884
1012,48,GP-BO,0.39850459701292884
1012,49,GP-BO,0.39850459701292884
1012,50,GP-BO,0.39850459701292884
1012,51,GP-BO,0.39850459701292884
1012,52,GP-BO,0.39850459701292884
1012,53,GP-BO,0.39850459701292884
1012,54,GP-BO,0.39850459701292884
1012,55,GP-BO,0.39850459701292884
1012,56,GP-BO,0.39850459701292884
1012,57,GP-BO,0.39850459701292884
1012,58,GP-BO,0.39850459701292884
1012,59,GP-BO,0.39850459701292884
1012,60,GP-BO,0.39850459701292884
1012,61,GP-BO,0.39850459701292884
1012,62,GP-BO,0.39850459701292884
1012,63,GP-BO,0.39850459701292884
1012,64,GP-BO,0.39850459701292884
1012,65,GP-BO,0.39850459701292884
1012,66,GP-BO,0.39850459701292884
1012,67,GP-BO,0.39850459701292884
1012,68,GP-BO,0.39850459701292884
1012,69,GP-BO,0.3979852192193132
1012,70,GP-BO,0.3979852192193132
1012,71,GP-BO,0.3979852192193132
1012,72,GP-BO,0.3979852192193132
1012,73,GP-BO,0.3979852192193132
1012,74,GP-BO,0.3979852192193132
1012,75,GP-BO,0.3979852192193132
1012,76,GP-BO,0.3979852192193132
1012,77,GP-BO,0.3979852192193132
1012,78,GP-BO,0.3979852192193132
1012,79,GP-BO,0.3979852192193132
1012,80,GP-BO,0.3979852192193132
1012,0,Random,2.2931741352358985
1012,1,Random,2.2931741352358985
1012,2,Random,2.2931741352358985
1012,3,Random,2.2931741352358985
1012,4,Random,2.2931741352358985
1012,5,Random,2.2931741352358985
1012,6,Random,2.2931741352358985
1012,7,Random,2.2931741352358985
1012,8,Random,2.2931741352358985
1012,9,Random,2.2931741352358985
1012,10,Random,2.2931741352358985
1012,11,Random,2.2931741352358985
1012,12,Random,2.2931741352358985
1012,13,Random,2.2931741352358985
1012,14,Random,2.2931741352358985
1012,15,Random,2.2931741352358985
1012,16,Random,2.2931741352358985
1012,17,Random,2.2931741352358985
1012,18,Random,2.2931741352358985
1012,19,Random,2.2931741352358985
1012,20,Random,2.2931741352358985
1012,21,Random,2.2931741352358985
1012,22,Random,2.2931741352358985
1012,23,Random,2.2931741352358985
1012,24,Random,2.2931741352358985
1012,25,Random,2.2931741352358985
1012,26,Random,2.2931741352358985
1012,27,Random,2.2931741352358985
1012,28,Random,2.2931741352358985
1012,29,Random,2.2931741352358985
1012,30,Random,2.2931741352358985
1012,31,Random,0.7309935946271668
1012,32,Random,0.7309935946271668
1012,33,Random,0.7309935946271668
1012,34,Random,0.7309935946271668
1012,35,Random,0.7309935946271668
1012,36,Random,0.7309935946271668
1012,37,Random,0.7309935946271668
1012,38,Random,0.7309935946271668
1012,39,Random,0.7309935946271668
1012,40,Random,0.7309935946271668
1012,41,Random,0.7309935946271668
1012,42,Random,0.7309935946271668
1012,43,Random,0.7309935946271668
1012,44,Random,0.4461243521694449
1012,45,Random,0.4461243521694449
1012,46,Random,0.4461243521694449
1012,47,Random,0.4461243521694449
1012,48,Random,0.4461243521694449
1012,49,Random,0.4461243521694449
1012,50,Random,0.4461243521694449
1012,51,Random,0.4461243521694449
1012,52,Random,0.4461243521694449
1012,53,Random,0.4461243521694449
1012,54,Random,0.4461243521694449
1012,55,Random,0.4461243521694449
1012,56,Random,0.4461243521694449
1012,57,Random,0.4461243521694449
1012,58,Random,0.4461243521694449
1012,59,Random,0.4461243521694449
1012,60,Random,0.4461243521694449
1012,61,Random,0.4461243521694449
1012,62,Random,0.4461243521694449
1012,63,Random,0.4461243521694449
1012,64,Random,0.4461243521694449
1012,65,Random,0.4461243521694449
1012,66,Random,0.4461243521694449
1012,67,Random,0.4461243521694449
1012,68,Random,0.4461243521694449
1012,69,Random,0.4461243521694449
1012,70,Random,0.4461243521694449
1012,71,Random,0.4461243521694449
1012,72,Random,0.4461243521694449
1012,73,Random,0.4461243521694449
1012,74,Random,0.4461243521694449
1012,75,Random,0.4461243521694449
1012,76,Random,0.4461243521694449
1012,77,Random,0.4461243521694449
1012,78,Random,0.4461243521694449
1012,79,Random,0.4461243521694449
1012,80,Random,0.4461243521694449
1013,0,BASS-BO,17.138303293309704
1013,1,BASS-BO,17.138303293309704
1013,2,BASS-BO,15.003932296862583
1013,3,BASS-BO,10.960889035651505
1013,4,BASS-BO,5.45415925808009
1013,5,BASS-BO,5.45415925808009
1013,6,BASS-BO,5.45415925808009
1013,7,BASS-BO,5.45415925808009
1013,8,BASS-BO,3.487991777768748
1013,9,BASS-BO,3.487991777768748
1013,10,BASS-BO,0.8597161030898715
1013,11,BASS-BO,0.8597161030898715
1013,12,BASS-BO,0.8597161030898715
1013,13,BASS-BO,0.8597161030898715
1013,14,BASS-BO,0.8597161030898715
1013,15,BASS-BO,0.5125352142508923
1013,16,BASS-BO,0.5125352142508923
1013,17,BASS-BO,0.5125352142508923
1013,18,BASS-BO,0.4032505746350097
1013,19,BASS-BO,0.4032505746350097
1013,20,BASS-BO,0.4032505746350097
1013,21,BASS-BO,0.4032505746350097
1013,22,BASS-BO,0.4032505746350097
1013,23,BASS-BO,0.4032505746350097
1013,24,BASS-BO,0.4032505746350097
1013,25,BASS-BO,0.4032505746350097
1013,26,BASS-BO,0.4032505746350097
1013,27,BASS-BO,0.4032505746350097
1013,28,BASS-BO,0.4032505746350097
1013,29,BASS-BO,0.4032505746350097
1013,30,BASS-BO,0.4032505746350097
1013,31,BASS-BO,0.4032505746350097
1013,32,BASS-BO,0.4032505746350097
1013,33,BASS-BO,0.4032505746350097
1013,34,BASS-BO,0.4032505746350097
1013,35,BASS-BO,0.4032505746350097
1013,36,BASS-BO,0.4032505746350097
1013,37,BASS-BO,0.4032505746350097
1013,38,BASS-BO,0.4032505746350097
1013,39,BASS-BO,0.4032505746350097
1013,40,BASS-BO,0.4032505746350097
1013,41,BASS-BO,0.4032505746350097
1013,42,BASS-BO,0.4032505746350097
1013,43,BASS-BO,0.4032505746350097
1013,44,BASS-BO,0.4032505746350097
1013,45,BASS-BO,0.4032505746350097
1013,46,BASS-BO,0.4032505746350097
1013,47,BASS-BO,0.4032505746350097
1013,48,BASS-BO,0.4032505746350097
1013,49,BASS-BO,0.4032505746350097
1013,50,BASS-BO,0.4032505746350097
1013,51,BASS-BO,0.4032505746350097
1013,52,BASS-BO,0.4032505746350097
1013,53,BASS-BO,0.4032505746350097
1013,54,BASS-BO,0.4032505746350097
1013,55,BASS-BO,0.4032505746350097
1013,56,BASS-BO,0.4032505746350097
1013,57,BASS-BO,0.4032505746350097
1013,58,BASS-BO,0.39844199037575656
1013,59,BASS-BO,0.39844199037575656
1013,60,BASS-BO,0.39844199037575656
1013,61,BASS-BO,0.39844199037575656
1013,62,BASS-BO,0.39844199037575656
1013,63,BASS-BO,0.39844199037575656
1013,64,BASS-BO,0.39844199037575656
1013,65,BASS-BO,0.39844199037575656
1013,66,BASS-BO,0.39844199037575656
1013,67,BASS-BO,0.39844199037575656
1013,68,BASS-BO,0.39844199037575656
1013,69,BASS-BO,0.39844199037575656
1013,70,BASS-BO,0.39844199037575656
1013,71,BASS-BO,0.39844199037575656
1013,72,BASS-BO,0.39844199037575656
1013,73,BASS-BO,0.39844199037575656
1013,74,BASS-BO,0.39844199037575656
1013,75,BASS-BO,0.39844199037575656
1013,76,BASS-BO,0.39844199037575656
1013,77,BASS-BO,0.39844199037575656
1013,78,BASS-BO,0.39844199037575656
1013,79,BASS-BO,0.39844199037575656
1013,80,BASS-BO,0.39844199037575656
1013,0,GP-BO,17.138303293309704
1013,1,GP-BO,13.224515705779318
1013,2,GP-BO,13.224515705779318
1013,3,GP-BO,13.224515705779318
1013,4,GP-BO,6.038790031832859
1013,5,GP-BO,6.038790031832859
1013,6,GP-BO,2.176244654919352
1013,7,GP-BO,2.176244654919352
1013,8,GP-BO,2.176244654919352
1013,9,GP-BO,2.176244654919352
1013,10,GP-BO,2.176244654919352
1013,11,GP-BO,0.6557980511952781
1013,12,GP-BO,0.5155380618507337
1013,13,GP-BO,0.5155380618507337
1013,14,GP-BO,0.5155380618507337
1013,15,GP-BO,0.5155380618507337
1013,16,GP-BO,0.42204498120811706
1013,17,GP-BO,0.42204498120811706
1013,18,GP-BO,0.42204498120811706
1013,19,GP-BO,0.42204498120811706
1013,20,GP-BO,0.42204498120811706
1013,21,GP-BO,0.42204498120811706
1013,22,GP-BO,0.42204498120811706
1013,23,GP-BO,0.42204498120811706
1013,24,GP-BO,0.42204498120811706
1013,25,GP-BO,0.42204498120811706
1013,26,GP-BO,0.42204498120811706
1013,27,GP-BO,0.42204498120811706
1013,28,GP-BO,0.42204498120811706
1013,29,GP-BO,0.42204498120811706
1013,30,GP-BO,0.42204498120811706
1013,31,GP-BO,0.42204498120811706
1013,32,GP-BO,0.42204498120811706
1013,33,GP-BO,0.40576316163696724
1013,34,GP-BO,0.40576316163696724
1013,35,GP-BO,0.40576316163696724
1013,36,GP-BO,0.40576316163696724
1013,37,GP-BO,0.40576316163696724
1013,38,GP-BO,0.40576316163696724
1013,39,GP-BO,0.40576316163696724
1013,40,GP-BO,0.40576316163696724
1013,41,GP-BO,0.40576316163696724
1013,42,GP-BO,0.40576316163696724
1013,43,GP-BO,0.40576316163696724
1013,44,GP-BO,0.40576316163696724
1013,45,GP-BO,0.40576316163696724
1013,46,GP-BO,0.40576316163696724
1013,47,GP-BO,0.40576316163696724
1013,48,GP-BO,0.403919544947966
1013,49,GP-BO,0.403919544947966
1013,50,GP-BO,0.403919544947966
1013,51,GP-BO,0.4006291525152559
1013,52,GP-BO,0.4006291525152559
1013,53,GP-BO,0.4006291525152559
1013,54,GP-BO,0.4006291525152559
1013,55,GP-BO,0.4006291525152559
1013,56,GP-BO,0.4006291525152559
1013,57,GP-BO,0.4006291525152559
1013,58,GP-BO,0.4006291525152559
1013,59,GP-BO,0.4006291525152559
1013,60,GP-BO,0.4006291525152559
1013,61,GP-BO,0.4006291525152559
1013,62,GP-BO,0.4006291525152559
1013,63,GP-BO,0.4006291525152559
1013,64,GP-BO,0.4006291525152559
1013,65,GP-BO,0.3989055648520523
1013,66,GP-BO,0.3989055648520523
1013,67,GP-BO,0.3989055648520523
1013,68,GP-BO,0.3989055648520523
1013,69,GP-BO,0.3989055648520523
1013,70,GP-BO,0.3989055648520523
1013,71,GP-BO,0.3989055648520523
1013,72,GP-BO,0.3989055648520523
1013,73,GP-BO,0.3989055648520523
1013,74,GP-BO,0.3989055648520523
1013,75,GP-BO,0.398342199371724
1013,76,GP-BO,0.398342199371724
1013,77,GP-BO,0.398342199371724
1013,78,GP-BO,0.398342199371724
1013,79,GP-BO,0.398342199371724
1013,80,GP-BO,0.398342199371724
1013,0,Random,17.138303293309704
1013,1,Random,17.138303293309704
1013,2,Random,17.138303293309704
1013,3,Random,17.138303293309704
1013,4,Random,17.138303293309704
1013,5,Random,17.138303293309704
1013,6,Random,17.138303293309704
1013,7,Random,2.0445606368651292
1013,8,Random,2.0445606368651292
1013,9,Random,1.139343269513903
1013,10,Random,1.139343269513903
1013,11,Random,1.139343269513903
1013,12,Random,1.139343269513903
1013,13,Random,1.139343269513903
1013,14,Random,1.139343269513903
1013,15,Random,1.139343269513903
1013,16,Random,1.139343269513903
1013,17,Random,1.139343269513903
1013,18,Random,1.139343269513903
1013,19,Random,1.139343269513903
1013,20,Random,1.139343269513903
1013,21,Random,1.139343269513903
1013,22,Random,0.8717050314128603
1013,23,Random,0.8717050314128603
1013,24,Random,0.8717050314128603
1013,25,Random,0.8717050314128603
1013,26,Random,0.8717050314128603
1013,27,Random,0.8717050314128603
1013,28,Random,0.8717050314128603
1013,29,Random,0.8717050314128603
1013,30,Random,0.8717050314128603
1013,31,Random,0.8717050314128603
1013,32,Random,0.8717050314128603
1013,33,Random,0.8717050314128603
1013,34,Random,0.8717050314128603
1013,35,Random,0.8717050314128603
1013,36,Random,0.8717050314128603
1013,37,Random,0.8717050314128603
1013,38,Random,0.8717050314128603
1013,39,Random,0.8717050314128603
1013,40,Random,0.8717050314128603
1013,41,Random,0.8717050314128603
1013,42,Random,0.8717050314128603
1013,43,Random,0.8717050314128603
1013,44,Random,0.8717050314128603
1013,45,Random,0.8717050314128603
1013,46,Random,0.8717050314128603
1013,47,Random,0.8717050314128603
1013,48,Random,0.8717050314128603
1013,49,Random,0.8717050314128603
1013,50,Random,0.8717050314128603
1013,51,Random,0.8717050314128603
1013,52,Random,0.8717050314128603
1013,53,Random,0.8717050314128603
1013,54,Random,0.8717050314128603
1013,55,Random,0.8717050314128603
1013,56,Random,0.8717050314128603
1013,57,Random,0.8717050314128603
1013,58,Random,0.8717050314128603
1013,59,Random,0.8717050314128603
1013,60,Random,0.8717050314128603
1013,61,Random,0.8717050314128603
1013,62,Random,0.8717050314128603
1013,63,Random,0.8717050314128603
1013,64,Random,0.8717050314128603
1013,65,Random,0.8717050314128603
1013,66,Random,0.8717050314128603
1013,67,Random,0.8717050314128603
1013,68,Random,0.8717050314128603
1013,69,Random,0.8717050314128603
1013,70,Random,0.8717050314128603
1013,71,Random,0.8717050314128603
1013,72,Random,0.8717050314128603
1013,73,Random,0.8717050314128603
1013,74,Random,0.8717050314128603
1013,75,Random,0.8717050314128603
1013,76,Random,0.8717050314128603
1013,77,Random,0.8717050314128603
1013,78,Random,0.8717050314128603
1013,79,Random,0.45463155367560404
1013,80,Random,0.45463155367560404
1014,0,BASS-BO,13.146243403867523
1014,1,BASS-BO,13.146243403867523
1014,2,BASS-BO,3.322192958997923
1014,3,BASS-BO,3.322192958997923
1014,4,BASS-BO,3.322192958997923
1014,5,BASS-BO,3.322192958997923
1014,6,BASS-BO,3.322192958997923
1014,7,BASS-BO,3.322192958997923
1014,8,BASS-BO,3.322192958997923
1014,9,BASS-BO,3.322192958997923
1014,10,BASS-BO,1.9566532468059439
1014,11,BASS-BO,1.9566532468059439
1014,12,BASS-BO,1.9566532468059439
1014,13,BASS-BO,1.9566532468059439
1014,14,BASS-BO,1.9566532468059439
1014,15,BASS-BO,1.9566532468059439
1014,16,BASS-BO,1.9566532468059439
1014,17,BASS-BO,1.9566532468059439
1014,18,BASS-BO,1.9566532468059439
1014,19,BASS-BO,1.9566532468059439
1014,20,BASS-BO,1.9566532468059439
1014,21,BASS-BO,1.9566532468059439
1014,22,BASS-BO,1.9566532468059439
1014,23,BASS-BO,1.9566532468059439
1014,24,BASS-BO,1.9566532468059439
1014,25,BASS-BO,1.9566532468059439
1014,26,BASS-BO,1.9566532468059439
1014,27,BASS-BO,1.9566532468059439
1014,28,BASS-BO,1.9566532468059439
1014,29,BASS-BO,1.9566532468059439
1014,30,BASS-BO,1.9566532468059439
1014,31,BASS-BO,1.9566532468059439
1014,32,BASS-BO,1.9566532468059439
1014,33,BASS-BO,1.9566532468059439
1014,34,BASS-BO,1.9566532468059439
1014,35,BASS-BO,1.3712636506841172
1014,36,BASS-BO,1.3712636506841172
1014,37,BASS-BO,1.3712636506841172
1014,38,BASS-BO,1.3712636506841172
1014,39,BASS-BO,1.3712636506841172
1014,40,BASS-BO,1.3712636506841172
1014,41,BASS-BO,1.3712636506841172
1014,42,BASS-BO,1.3712636506841172
1014,43,BASS-BO,1.3712636506841172
1014,44,BASS-BO,1.3712636506841172
1014,45,BASS-BO,1.1115955145602587
1014,46,BASS-BO,1.1115955145602587
1014,47,BASS-BO,1.1115955145602587
1014,48,BASS-BO,1.022495892846056
1014,49,BASS-BO,1.022495892846056
1014,50,BASS-BO,1.022495892846056
1014,51,BASS-BO,1.022495892846056
1014,52,BASS-BO,1.022495892846056
1014,53,BASS-BO,1.022495892846056
1014,54,BASS-BO,1.022495892846056
1014,55,BASS-BO,0.5401396479445353
1014,56,BASS-BO,0.47944548259347997
1014,57,BASS-BO,0.4714859221435095
1014,58,BASS-BO,0.4714859221435095
1014,59,BASS-BO,0.4714859221435095
1014,60,BASS-BO,0.4714859221435095
1014,61,BASS-BO,0.4714859221435095
1014,62,BASS-BO,0.4714859221435095
1014,63,BASS-BO,0.4714859221435095
1014,64,BASS-BO,0.4714859221435095
1014,65,BASS-BO,0.4555461832343326
1014,66,BASS-BO,0.4555461832343326
1014,67,BASS-BO,0.4555461832343326
1014,68,BASS-BO,0.4555461832343326
1014,69,BASS-BO,0.4555461832343326
1014,70,BASS-BO,0.43647864920169077
1014,71,BASS-BO,0.43647864920169077
1014,72,BASS-BO,0.43647864920169077
1014,73,BASS-BO,0.43647864920169077
1014,74,BASS-BO,0.43647864920169077
1014,75,BASS-BO,0.43647864920169077
1014,76,BASS-BO,0.43647864920169077
1014,77,BASS-BO,0.43647864920169077
1014,78,BASS-BO,0.43647864920169077
1014,79,BASS-BO,0.43647864920169077
1014,80,BASS-BO,0.43647864920169077
1014,0,GP-BO,13.146243403867523
1014,1,GP-BO,10.960889035651505
1014,2,GP-BO,10.960889035651505
1014,3,GP-BO,2.2548551107086388
1014,4,GP-BO,1.9700168813053196
1014,5,GP-BO,1.9658884199362916
1014,6,GP-BO,1.9658884199362916
1014,7,GP-BO,1.9658884199362916
1014,8,GP-BO,1.9658884199362916
1014,9,GP-BO,1.9658884199362916
1014,10,GP-BO,0.9715417287332802
1014,11,GP-BO,0.9715417287332802
1014,12,GP-BO,0.48209633152728415
1014,13,GP-BO,0.48209633152728415
1014,14,GP-BO,0.48209633152728415
1014,15,GP-BO,0.4163743817369525
1014,16,GP-BO,0.4163743817369525
1014,17,GP-BO,0.4163743817369525
1014,18,GP-BO,0.4163743817369525
1014,19,GP-BO,0.4163743817369525
1014,20,GP-BO,0.40101558097396506
1014,21,GP-BO,0.40101558097396506
1014,22,GP-BO,0.40101558097396506
1014,23,GP-BO,0.40101558097396506
1014,24,GP-BO,0.40101558097396506
1014,25,GP-BO,0.40101558097396506
1014,26,GP-BO,0.40101558097396506
1014,27,GP-BO,0.40101558097396506
1014,28,GP-BO,0.40101558097396506
1014,29,GP-BO,0.40101558097396506
1014,30,GP-BO,0.40101558097396506
1014,31,GP-BO,0.40101558097396506
1014,32,GP-BO,0.40101558097396506
1014,33,GP-BO,0.40101558097396506
1014,34,GP-BO,0.40101558097396506
1014,35,GP-BO,0.40101558097396506
1014,36,GP-BO,0.40036570827514595
1014,37,GP-BO,0.40036570827514595
1014,38,GP-BO,0.40036570827514595
1014,39,GP-BO,0.40036570827514595
1014,40,GP-BO,0.40036570827514595
1014,41,GP-BO,0.40036570827514595
1014,42,GP-BO,0.40036570827514595
1014,43,GP-BO,0.40036570827514595
1014,44,GP-BO,0.40036570827514595
1014,45,GP-BO,0.40036570827514595
1014,46,GP-BO,0.40036570827514595
1014,47,GP-BO,0.40036570827514595
1014,48,GP-BO,0.3979138542254148
1014,49,GP-BO,0.3979138542254148
1014,50,GP-BO,0.3979138542254148
1014,51,GP-BO,0.3979138542254148
1014,52,GP-BO,0.3979138542254148
1014,53,GP-BO,0.3979138542254148
1014,54,GP-BO,0.3979138542254148
1014,55,GP-BO,0.3979138542254148
1014,56,GP-BO,0.3979138542254148
1014,57,GP-BO,0.3979138542254148
1014,58,GP-BO,0.3979138542254148
1014,59,GP-BO,0.3979138542254148
1014,60,GP-BO,0.3979138542254148
1014,61,GP-BO,0.3979138542254148
1014,62,GP-BO,0.3979138542254148
1014,63,GP-BO,0.3979138542254148
1014,64,GP-BO,0.3979138542254148
1014,65,GP-BO,0.3979138542254148
1014,66,GP-BO,0.3979138542254148
1014,67,GP-BO,0.3979138542254148
1014,68,GP-BO,0.3979138542254148
1014,69,GP-BO,0.3979138542254148
1014,70,GP-BO,0.3979138542254148
1014,71,GP-BO,0.3979138542254148
1014,72,GP-BO,0.3979138542254148
1014,73,GP-BO,0.3979138542254148
1014,74,GP-BO,0.3979138542254148
1014,75,GP-BO,0.3979138542254148
1014,76,GP-BO,0.3979138542254148
1014,77,GP-BO,0.3979138542254148
1014,78,GP-BO,0.3979138542254148
1014,79,GP-BO,0.3979138542254148
1014,80,GP-BO,0.3979138542254148
1014,0,Random,13.146243403867523
1014,1,Random,13.146243403867523
1014,2,Random,13.146243403867523
1014,3,Random,13.146243403867523
1014,4,Random,13.146243403867523
1014,5,Random,13.146243403867523
1014,6,Random,13.146243403867523
1014,7,Random,13.146243403867523
1014,8,Random,13.146243403867523
1014,9,Random,13.146243403867523
1014,10,Random,13.146243403867523
1014,11,Random,13.146243403867523
1014,12,Random,13.146243403867523
1014,13,Random,13.146243403867523
1014,14,Random,13.146243403867523
1014,15,Random,13.146243403867523
1014,16,Random,13.146243403867523
1014,17,Random,13.146243403867523
1014,18,Random,13.146243403867523
1014,19,Random,13.146243403867523
1014,20,Random,13.146243403867523
1014,21,Random,13.146243403867523
1014,22,Random,13.146243403867523
1014,23,Random,13.146243403867523
1014,24,Random,13.146243403867523
1014,25,Random,13.146243403867523
1014,26,Random,13.146243403867523
1014,27,Random,13.146243403867523
1014,28,Random,13.146243403867523
1014,29,Random,11.628000399274896
1014,30,Random,11.628000399274896
1014,31,Random,11.628000399274896
1014,32,Random,11.628000399274896
1014,33,Random,11.628000399274896
1014,34,Random,0.8150527589543017
1014,35,Random,0.8150527589543017
1014,36,Random,0.8150527589543017
1014,37,Random,0.8150527589543017
1014,38,Random,0.8150527589543017
1014,39,Random,0.8150527589543017
1014,40,Random,0.8150527589543017
1014,41,Random,0.8150527589543017
1014,42,Random,0.8150527589543017
1014,43,Random,0.8150527589543017
1014,44,Random,0.8150527589543017
1014,45,Random,0.8150527589543017
1014,46,Random,0.8150527589543017
1014,47,Random,0.8150527589543017
1014,48,Random,0.8150527589543017
1014,49,Random,0.8150527589543017
1014,50,Random,0.8150527589543017
1014,51,Random,0.8150527589543017
1014,52,Random,0.8150527589543017
1014,53,Random,0.8150527589543017
1014,54,Random,0.8150527589543017
1014,55,Random,0.8150527589543017
1014,56,Random,0.8150527589543017
1014,57,Random,0.8150527589543017
1014,58,Random,0.8150527589543017
1014,59,Random,0.8150527589543017
1014,60,Random,0.8150527589543017
1014,61,Random,0.8150527589543017
1014,62,Random,0.8150527589543017
1014,63,Random,0.8150527589543017
1014,64,Random,0.8150527589543017
1014,65,Random,0.8150527589543017
1014,66,Random,0.8150527589543017
1014,67,Random,0.8150527589543017
1014,68,Random,0.8150527589543017
1014,69,Random,0.8150527589543017
1014,70,Random,0.8150527589543017
1014,71,Random,0.8150527589543017
1014,72,Random,0.8150527589543017
1014,73,Random,0.8150527589543017
1014,74,Random,0.8150527589543017
1014,75,Random,0.8150527589543017
1014,76,Random,0.8150527589543017
1014,77,Random,0.8150527589543017
1014,78,Random,0.8150527589543017
1014,79,Random,0.8150527589543017
1014,80,Random,0.8150527589543017
1015,0,BASS-BO,1.8123870269504572
1015,1,BASS-BO,1.8123870269504572
1015,2,BASS-BO,1.8123870269504572
1015,3,BASS-BO,1.8123870269504572
1015,4,BASS-BO,1.8123870269504572
1015,5,BASS-BO,1.8123870269504572
1015,6,BASS-BO,1.8123870269504572
1015,7,BASS-BO,1.8123870269504572
1015,8,BASS-BO,1.8123870269504572
1015,9,BASS-BO,1.8123870269504572
1015,10,BASS-BO,1.8123870269504572
1015,11,BASS-BO,1.8123870269504572
1015,12,BASS-BO,1.8123870269504572
1015,13,BASS-BO,1.8123870269504572
1015,14,BASS-BO,1.8123870269504572
1015,15,BASS-BO,1.8123870269504572
1015,16,BASS-BO,1.8123870269504572
1015,17,BASS-BO,1.6764736263202575
1015,18,BASS-BO,1.6764736263202575
1015,19,BASS-BO,1.6764736263202575
1015,20,BASS-BO,1.6764736263202575
1015,21,BASS-BO,1.6764736263202575
1015,22,BASS-BO,1.6764736263202575
1015,23,BASS-BO,1.6764736263202575
1015,24,BASS-BO,1.6764736263202575
1015,25,BASS-BO,1.6764736263202575
1015,26,BASS-BO,1.323505690036356
1015,27,BASS-BO,1.323505690036356
1015,28,BASS-BO,0.6670597493603498
1015,29,BASS-BO,0.6670597493603498
1015,30,BASS-BO,0.5125071942946047
1015,31,BASS-BO,0.5125071942946047
1015,32,BASS-BO,0.5125071942946047
1015,33,BASS-BO,0.5125071942946047
1015,34,BASS-BO,0.5125071942946047
1015,35,BASS-BO,0.5125071942946047
1015,36,BASS-BO,0.5125071942946047
1015,37,BASS-BO,0.5125071942946047
1015,38,BASS-BO,0.5125071942946047
1015,39,BASS-BO,0.5125071942946047
1015,40,BASS-BO,0.5125071942946047
1015,41,BASS-BO,0.5125071942946047
1015,42,BASS-BO,0.5125071942946047
1015,43,BASS-BO,0.5110259647487805
1015,44,BASS-BO,0.5110259647487805
1015,45,BASS-BO,0.5110259647487805
1015,46,BASS-BO,0.5110259647487805
1015,47,BASS-BO,0.5110259647487805
1015,48,BASS-BO,0.5110259647487805
1015,49,BASS-BO,0.5110259647487805
1015,50,BASS-BO,0.5110259647487805
1015,51,BASS-BO,0.5110259647487805
1015,52,BASS-BO,0.5110259647487805
1015,53,BASS-BO,0.44521165664381357
1015,54,BASS-BO,0.44521165664381357
1015,55,BASS-BO,0.44521165664381357
1015,56,BASS-BO,0.44521165664381357
1015,57,BASS-BO,0.44521165664381357
1015,58,BASS-BO,0.44521165664381357
1015,59,BASS-BO,0.44521165664381357
1015,60,BASS-BO,0.44521165664381357
1015,61,BASS-BO,0.44521165664381357
1015,62,BASS-BO,0.44521165664381357
1015,63,BASS-BO,0.44521165664381357
1015,64,BASS-BO,0.44521165664381357
1015,65,BASS-BO,0.44521165664381357
1015,66,BASS-BO,0.4439251691295727
1015,67,BASS-BO,0.4439251691295727
1015,68,BASS-BO,0.4439251691295727
1015,69,BASS-BO,0.4439251691295727
1015,70,BASS-BO,0.4439251691295727
1015,71,BASS-BO,0.4439251691295727
1015,72,BASS-BO,0.4439251691295727
1015,73,BASS-BO,0.4439251691295727
1015,74,BASS-BO,0.4374744721345696
1015,75,BASS-BO,0.4374744721345696
1015,76,BASS-BO,0.4374744721345696
1015,77,BASS-BO,0.4374744721345696
1015,78,BASS-BO,0.4374744721345696
1015,79,BASS-BO,0.4374744721345696
1015,80,BASS-BO,0.4374744721345696
1015,0,GP-BO,1.8123870269504572
1015,1,GP-BO,1.8123870269504572
1015,2,GP-BO,1.8123870269504572
1015,3,GP-BO,1.8123870269504572
1015,4,GP-BO,1.8123870269504572
1015,5,GP-BO,1.1858974783649217
1015,6,GP-BO,1.1858974783649217
1015,7,GP-BO,0.5677233754564703
1015,8,GP-BO,0.5677233754564703
1015,9,GP-BO,0.5162777624923098
1015,10,GP-BO,0.4151285339373061
1015,11,GP-BO,0.4151285339373061
1015,12,GP-BO,0.4151285339373061
1015,13,GP-BO,0.4151285339373061
1015,14,GP-BO,0.4151285339373061
1015,15,GP-BO,0.4151285339373061
1015,16,GP-BO,0.4041162819086921
1015,17,GP-BO,0.4041162819086921
1015,18,GP-BO,0.4041162819086921
1015,19,GP-BO,0.4041162819086921
1015,20,GP-BO,0.4041162819086921
1015,21,GP-BO,0.4041162819086921
1015,22,GP-BO,0.4041162819086921
1015,23,GP-BO,0.4041162819086921
1015,24,GP-BO,0.4041162819086921
1015,25,GP-BO,0.3988636568915993
1015,26,GP-BO,0.3988636568915993
1015,27,GP-BO,0.3988636568915993
1015,28,GP-BO,0.3988636568915993
1015,29,GP-BO,0.3988636568915993
1015,30,GP-BO,0.3988636568915993
1015,31,GP-BO,0.3988636568915993
1015,32,GP-BO,0.3988636568915993
1015,33,GP-BO,0.3988636568915993
1015,34,GP-BO,0.3988636568915993
1015,35,GP-BO,0.3988636568915993
1015,36,GP-BO,0.3988636568915993
1015,37,GP-BO,0.3988636568915993
1015,38,GP-BO,0.3988636568915993
1015,39,GP-BO,0.39847757626414726
1015,40,GP-BO,0.39847757626414726
1015,41,GP-BO,0.39847757626414726
1015,42,GP-BO,0.39847757626414726
1015,43,GP-BO,0.39847757626414726
1015,44,GP-BO,0.39847757626414726
1015,45,GP-BO,0.39847757626414726
1015,46,GP-BO,0.39847757626414726
1015,47,GP-BO,0.39847757626414726
1015,48,GP-BO,0.39809739644741526
1015,49,GP-BO,0.39809739644741526
1015,50,GP-BO,0.39809739644741526
1015,51,GP-BO,0.39809739644741526
1015,52,GP-BO,0.39809739644741526
1015,53,GP-BO,0.39809739644741526
1015,54,GP-BO,0.39809739644741526
1015,55,GP-BO,0.39809739644741526
1015,56,GP-BO,0.39809739644741526
1015,57,GP-BO,0.3979302917588772
1015,58,GP-BO,0.3979302917588772
1015,59,GP-BO,0.3979302917588772
1015,60,GP-BO,0.3979302917588772
1015,61,GP-BO,0.3979302917588772
1015,62,GP-BO,0.3979302917588772
1015,63,GP-BO,0.3979302917588772
1015,64,GP-BO,0.3979302917588772
1015,65,GP-BO,0.3979302917588772
1015,66,GP-BO,0.3979302917588772
1015,67,GP-BO,0.3979302917588772
1015,68,GP-BO,0.3979302917588772
1015,69,GP-BO,0.3979302917588772
1015,70,GP-BO,0.3979302917588772
1015,71,GP-BO,0.3979302917588772
1015,72,GP-BO,0.3979302917588772
1015,73,GP-BO,0.3979302917588772
1015,74,GP-BO,0.3979302917588772
1015,75,GP-BO,0.3979302917588772
1015,76,GP-BO,0.3979302917588772
1015,77,GP-BO,0.3979302917588772
1015,78,GP-BO,0.3979302917588772
1015,79,GP-BO,0.3979302917588772
1015,80,GP-BO,0.3979302917588772
1015,0,Random,1.8123870269504572
1015,1,Random,1.8123870269504572
1015,2,Random,1.8123870269504572
1015,3,Random,1.8123870269504572
1015,4,Random,1.8123870269504572
1015,5,Random,1.8123870269504572
1015,6,Random,1.8123870269504572
1015,7,Random,1.8123870269504572
1015,8,Random,1.8123870269504572
1015,9,Random,1.8123870269504572
1015,10,Random,1.8123870269504572
1015,11,Random,1.8123870269504572
1015,12,Random,1.8123870269504572
1015,13,Random,1.8123870269504572
1015,14,Random,1.8123870269504572
1015,15,Random,1.8123870269504572
1015,16,Random,1.8123870269504572
1015,17,Random,1.8123870269504572
1015,18,Random,1.8123870269504572
1015,19,Random,1.8123870269504572
1015,20,Random,1.8123870269504572
1015,21,Random,1.8123870269504572
1015,22,Random,1.8123870269504572
1015,23,Random,1.8123870269504572
1015,24,Random,1.8123870269504572
1015,25,Random,1.8123870269504572
1015,26,Random,1.8123870269504572
1015,27,Random,1.8123870269504572
1015,28,Random,1.8123870269504572
1015,29,Random,1.7399489920137672
1015,30,Random,1.7399489920137672
1015,31,Random,1.7399489920137672
1015,32,Random,1.7399489920137672
1015,33,Random,1.7399489920137672
1015,34,Random,1.7399489920137672
1015,35,Random,1.7399489920137672
1015,36,Random,1.7399489920137672
1015,37,Random,1.7399489920137672
1015,38,Random,1.7399489920137672
1015,39,Random,1.7399489920137672
1015,40,Random,1.7399489920137672
1015,41,Random,1.7399489920137672
1015,42,Random,1.7399489920137672
1015,43,Random,1.7399489920137672
1015,44,Random,1.7399489920137672
1015,45,Random,1.7399489920137672
1015,46,Random,1.7399489920137672
1015,47,Random,1.7399489920137672
1015,48,Random,1.7399489920137672
1015,49,Random,1.7399489920137672
1015,50,Random,1.7399489920137672
1015,51,Random,1.7399489920137672
1015,52,Random,1.7399489920137672
1015,53,Random,1.7399489920137672
1015,54,Random,1.7399489920137672
1015,55,Random,1.7399489920137672
1015,56,Random,1.7399489920137672
1015,57,Random,1.7399489920137672
1015,58,Random,1.7399489920137672
1015,59,Random,1.7399489920137672
1015,60,Random,1.7399489920137672
1015,61,Random,1.7399489920137672
1015,62,Random,1.7399489920137672
1015,63,Random,1.7399489920137672
1015,64,Random,1.7399489920137672
1015,65,Random,1.7399489920137672
1015,66,Random,1.7399489920137672
1015,67,Random,1.5083632619792624
1015,68,Random,1.5083632619792624
1015,69,Random,1.5083632619792624
1015,70,Random,1.5083632619792624
1015,71,Random,1.5083632619792624
1015,72,Random,1.5083632619792624
1015,73,Random,1.5083632619792624
1015,74,Random,1.5083632619792624
1015,75,Random,1.5083632619792624
1015,76,Random,1.5083632619792624
1015,77,Random,1.5083632619792624
1015,78,Random,1.5083632619792624
1015,79,Random,1.5083632619792624
1015,80,Random,1.5083632619792624
1016,0,BASS-BO,11.255664716910502
1016,1,BASS-BO,10.960889035651505
1016,2,BASS-BO,10.960889035651505
1016,3,BASS-BO,10.960889035651505
1016,4,BASS-BO,10.960889035651505
1016,5,BASS-BO,4.00498908002559
1016,6,BASS-BO,4.00498908002559
1016,7,BASS-BO,4.00498908002559
1016,8,BASS-BO,4.00498908002559
1016,9,BASS-BO,1.9435079162327664
1016,10,BASS-BO,1.9435079162327664
1016,11,BASS-BO,1.9435079162327664
1016,12,BASS-BO,1.9435079162327664
1016,13,BASS-BO,1.9435079162327664
1016,14,BASS-BO,1.9435079162327664
1016,15,BASS-BO,1.9435079162327664
1016,16,BASS-BO,1.9435079162327664
1016,17,BASS-BO,1.9435079162327664
1016,18,BASS-BO,1.9435079162327664
1016,19,BASS-BO,1.9435079162327664
1016,20,BASS-BO,1.9435079162327664
1016,21,BASS-BO,1.9435079162327664
1016,22,BASS-BO,1.9435079162327664
1016,23,BASS-BO,1.9435079162327664
1016,24,BASS-BO,1.9435079162327664
1016,25,BASS-BO,1.9435079162327664
1016,26,BASS-BO,1.9435079162327664
1016,27,BASS-BO,1.9435079162327664
1016,28,BASS-BO,1.9435079162327664
1016,29,BASS-BO,1.9435079162327664
1016,30,BASS-BO,1.9435079162327664
1016,31,BASS-BO,1.9435079162327664
1016,32,BASS-BO,1.9435079162327664
1016,33,BASS-BO,1.9435079162327664
1016,34,BASS-BO,1.9435079162327664
1016,35,BASS-BO,1.9435079162327664
1016,36,BASS-BO,1.9435079162327664
1016,37,BASS-BO,0.7603400879955196
1016,38,BASS-BO,0.7603400879955196
1016,39,BASS-BO,0.7603400879955196
1016,40,BASS-BO,0.7603400879955196
1016,41,BASS-BO,0.7603400879955196
1016,42,BASS-BO,0.7603400879955196
1016,43,BASS-BO,0.7603400879955196
1016,44,BASS-BO,0.7603400879955196
1016,45,BASS-BO,0.7603400879955196
1016,46,BASS-BO,0.7603400879955196
1016,47,BASS-BO,0.7603400879955196
1016,48,BASS-BO,0.7603400879955196
1016,49,BASS-BO,0.7603400879955196
1016,50,BASS-BO,0.7603400879955196
1016,51,BASS-BO,0.7603400879955196
1016,52,BASS-BO,0.7603400879955196
1016,53,BASS-BO,0.7603400879955196
1016,54,BASS-BO,0.7603400879955196
1016,55,BASS-BO,0.7603400879955196
1016,56,BASS-BO,0.7603400879955196
1016,57,BASS-BO,0.7603400879955196
1016,58,BASS-BO,0.7603400879955196
1016,59,BASS-BO,0.7603400879955196
1016,60,BASS-BO,0.7603400879955196
1016,61,BASS-BO,0.6498264207397675
1016,62,BASS-BO,0.6498264207397675
1016,63,BASS-BO,0.6498264207397675
1016,64,BASS-BO,0.6498264207397675
1016,65,BASS-BO,0.6498264207397675
1016,66,BASS-BO,0.6498264207397675
1016,67,BASS-BO,0.6498264207397675
1016,68,BASS-BO,0.6498264207397675
1016,69,BASS-BO,0.6498264207397675
1016,70,BASS-BO,0.6498264207397675
1016,71,BASS-BO,0.6498264207397675
1016,72,BASS-BO,0.46529632542062416
1016,73,BASS-BO,0.46529632542062416
1016,74,BASS-BO,0.46529632542062416
1016,75,BASS-BO,0.46529632542062416
1016,76,BASS-BO,0.46529632542062416
1016,77,BASS-BO,0.46529632542062416
1016,78,BASS-BO,0.46529632542062416
1016,79,BASS-BO,0.46529632542062416
1016,80,BASS-BO,0.46529632542062416
1016,0,GP-BO,11.255664716910502
1016,1,GP-BO,11.255664716910502
1016,2,GP-BO,3.1115915580023215
1016,3,GP-BO,3.1115915580023215
1016,4,GP-BO,3.1115915580023215
1016,5,GP-BO,3.1115915580023215
1016,6,GP-BO,0.4102144200273816
1016,7,GP-BO,0.4102144200273816
1016,8,GP-BO,0.4102144200273816
1016,9,GP-BO,0.4102144200273816
1016,10,GP-BO,0.4102144200273816
1016,11,GP-BO,0.4102144200273816
1016,12,GP-BO,0.4102144200273816
1016,13,GP-BO,0.4102144200273816
1016,14,GP-BO,0.4102144200273816
1016,15,GP-BO,0.4102144200273816
1016,16,GP-BO,0.4102144200273816
1016,17,GP-BO,0.4102144200273816
1016,18,GP-BO,0.4102144200273816
1016,19,GP-BO,0.4102144200273816
1016,20,GP-BO,0.4102144200273816
1016,21,GP-BO,0.4102144200273816
1016,22,GP-BO,0.4058809289866545
1016,23,GP-BO,0.4058809289866545
1016,24,GP-BO,0.4058809289866545
1016,25,GP-BO,0.4058809289866545
1016,26,GP-BO,0.4058809289866545
1016,27,GP-BO,0.4058809289866545
1016,28,GP-BO,0.40568683096452496
1016,29,GP-BO,0.40568683096452496
1016,30,GP-BO,0.40568683096452496
1016,31,GP-BO,0.40329584229268534
1016,32,GP-BO,0.40059867417507355
1016,33,GP-BO,0.3986447928128225
1016,34,GP-BO,0.3986447928128225
1016,35,GP-BO,0.3986447928128225
1016,36,GP-BO,0.3986447928128225
1016,37,GP-BO,0.3986447928128225
1016,38,GP-BO,0.3986447928128225
1016,39,GP-BO,0.3986447928128225
1016,40,GP-BO,0.3986447928128225
1016,41,GP-BO,0.3986447928128225
1016,42,GP-BO,0.3986447928128225
1016,43,GP-BO,0.3983545585893076
1016,44,GP-BO,0.3983545585893076
1016,45,GP-BO,0.3983545585893076
1016,46,GP-BO,0.3983545585893076
1016,47,GP-BO,0.3983545585893076
1016,48,GP-BO,0.3983545585893076
1016,49,GP-BO,0.3983545585893076
1016,50,GP-BO,0.3983545585893076
1016,51,GP-BO,0.3983545585893076
1016,52,GP-BO,0.3983545585893076
1016,53,GP-BO,0.3983545585893076
1016,54,GP-BO,0.3983545585893076
1016,55,GP-BO,0.3983545585893076
1016,56,GP-BO,0.3983545585893076
1016,57,GP-BO,0.3983545585893076
1016,58,GP-BO,0.3983545585893076
1016,59,GP-BO,0.39790309159202053
1016,60,GP-BO,0.39790309159202053
1016,61,GP-BO,0.39790309159202053
1016,62,GP-BO,0.39790309159202053
1016,63,GP-BO,0.39790309159202053
1016,64,GP-BO,0.39790309159202053
1016,65,GP-BO,0.39790309159202053
1016,66,GP-BO,0.39790309159202053
1016,67,GP-BO,0.39790309159202053
1016,68,GP-BO,0.39790309159202053
1016,69,GP-BO,0.39790309159202053
1016,70,GP-BO,0.39790309159202053
1016,71,GP-BO,0.39790309159202053
1016,72,GP-BO,0.39790309159202053
1016,73,GP-BO,0.39790309159202053
1016,74,GP-BO,0.39790309159202053
1016,75,GP-BO,0.39790309159202053
1016,76,GP-BO,0.39790309159202053
1016,77,GP-BO,0.39790309159202053
1016,78,GP-BO,0.39790309159202053
1016,79,GP-BO,0.39790309159202053
1016,80,GP-BO,0.39790309159202053
1016,0,Random,11.255664716910502
1016,1,Random,11.255664716910502
1016,2,Random,11.255664716910502
1016,3,Random,11.255664716910502
1016,4,Random,11.255664716910502
1016,5,Random,4.021625040553397
1016,6,Random,4.021625040553397
1016,7,Random,4.021625040553397
1016,8,Random,4.021625040553397
1016,9,Random,4.021625040553397
1016,10,Random,4.021625040553397
1016,11,Random,4.021625040553397
1016,12,Random,4.021625040553397
1016,13,Random,4.021625040553397
1016,14,Random,4.021625040553397
1016,15,Random,4.021625040553397
1016,16,Random,4.021625040553397
1016,17,Random,4.021625040553397
1016,18,Random,4.021625040553397
1016,19,Random,4.021625040553397
1016,20,Random,4.021625040553397
1016,21,Random,4.021625040553397
1016,22,Random,1.207425337204942
1016,23,Random,1.207425337204942
1016,24,Random,1.207425337204942
1016,25,Random,1.207425337204942
1016,26,Random,1.207425337204942
1016,27,Random,1.207425337204942
1016,28,Random,1.207425337204942
1016,29,Random,1.207425337204942
1016,30,Random,1.207425337204942
1016,31,Random,1.207425337204942
1016,32,Random,1.207425337204942
1016,33,Random,1.207425337204942
1016,34,Random,1.207425337204942
1016,35,Random,1.207425337204942
1016,36,Random,1.207425337204942
1016,37,Random,1.207425337204942
1016,38,Random,1.207425337204942
1016,39,Random,1.207425337204942
1016,40,Random,1.207425337204942
1016,41,Random,1.207425337204942
1016,42,Random,1.207425337204942
1016,43,Random,1.207425337204942
1016,44,Random,1.207425337204942
1016,45,Random,1.207425337204942
1016,46,Random,1.207425337204942
1016,47,Random,1.207425337204942
1016,48,Random,1.207425337204942
1016,49,Random,1.207425337204942
1016,50,Random,1.207425337204942
1016,51,Random,1.207425337204942
1016,52,Random,1.207425337204942
1016,53,Random,1.207425337204942
1016,54,Random,1.207425337204942
1016,55,Random,1.207425337204942
1016,56,Random,1.0475383331568189
1016,57,Random,1.0475383331568189
1016,58,Random,1.0475383331568189
1016,59,Random,1.0475383331568189
1016,60,Random,1.0475383331568189
1016,61,Random,1.0475383331568189
1016,62,Random,1.0475383331568189
1016,63,Random,1.0475383331568189
1016,64,Random,1.0475383331568189
1016,65,Random,1.0475383331568189
1016,66,Random,1.0475383331568189
1016,67,Random,1.0475383331568189
1016,68,Random,1.0475383331568189
1016,69,Random,1.0475383331568189
1016,70,Random,1.0475383331568189
1016,71,Random,1.0475383331568189
1016,72,Random,1.0475383331568189
1016,73,Random,1.0475383331568189
1016,74,Random,1.0475383331568189
1016,75,Random,1.0475383331568189
1016,76,Random,1.0475383331568189
1016,77,Random,1.0475383331568189
1016,78,Random,1.0475383331568189
1016,79,Random,1.0475383331568189
1016,80,Random,1.0475383331568189
1017,0,BASS-BO,2.2494221182045733
1017,1,BASS-BO,2.2494221182045733
1017,2,BASS-BO,2.2494221182045733
1017,3,BASS-BO,2.2494221182045733
1017,4,BASS-BO,2.2494221182045733
1017,5,BASS-BO,2.2494221182045733
1017,6,BASS-BO,2.2494221182045733
1017,7,BASS-BO,2.2494221182045733
1017,8,BASS-BO,2.2494221182045733
1017,9,BASS-BO,2.2494221182045733
1017,10,BASS-BO,2.2494221182045733
1017,11,BASS-BO,2.2494221182045733
1017,12,BASS-BO,2.2494221182045733
1017,13,BASS-BO,2.2494221182045733
1017,14,BASS-BO,2.2494221182045733
1017,15,BASS-BO,2.2494221182045733
1017,16,BASS-BO,2.2494221182045733
1017,17,BASS-BO,2.2494221182045733
1017,18,BASS-BO,2.2494221182045733
1017,19,BASS-BO,2.2494221182045733
1017,20,BASS-BO,2.2494221182045733
1017,21,BASS-BO,2.2494221182045733
1017,22,BASS-BO,2.2494221182045733
1017,23,BASS-BO,2.2494221182045733
1017,24,BASS-BO,2.2494221182045733
1017,25,BASS-BO,2.2494221182045733
1017,26,BASS-BO,0.5190090979791453
1017,27,BASS-BO,0.5190090979791453
1017,28,BASS-BO,0.5190090979791453
1017,29,BASS-BO,0.5190090979791453
1017,30,BASS-BO,0.5190090979791453
1017,31,BASS-BO,0.5190090979791453
1017,32,BASS-BO,0.5190090979791453
1017,33,BASS-BO,0.5190090979791453
1017,34,BASS-BO,0.5190090979791453
1017,35,BASS-BO,0.5190090979791453
1017,36,BASS-BO,0.5190090979791453
1017,37,BASS-BO,0.5190090979791453
1017,38,BASS-BO,0.5190090979791453
1017,39,BASS-BO,0.5190090979791453
1017,40,BASS-BO,0.5190090979791453
1017,41,BASS-BO,0.5190090979791453
1017,42,BASS-BO,0.5190090979791453
1017,43,BASS-BO,0.5190090979791453
1017,44,BASS-BO,0.5190090979791453
1017,45,BASS-BO,0.5190090979791453
1017,46,BASS-BO,0.4760567503316313
1017,47,BASS-BO,0.4760567503316313
1017,48,BASS-BO,0.4760567503316313
1017,49,BASS-BO,0.4760567503316313
1017,50,BASS-BO,0.4760567503316313
1017,51,BASS-BO,0.4760567503316313
1017,52,BASS-BO,0.4760567503316313
1017,53,BASS-BO,0.4760567503316313
1017,54,BASS-BO,0.4760567503316313
1017,55,BASS-BO,0.4760567503316313
1017,56,BASS-BO,0.4760567503316313
1017,57,BASS-BO,0.4760567503316313
1017,58,BASS-BO,0.4760567503316313
1017,59,BASS-BO,0.4760567503316313
1017,60,BASS-BO,0.4760567503316313
1017,61,BASS-BO,0.4760567503316313
1017,62,BASS-BO,0.4760567503316313
1017,63,BASS-BO,0.4760567503316313
1017,64,BASS-BO,0.4760567503316313
1017,65,BASS-BO,0.4760567503316313
1017,66,BASS-BO,0.4760567503316313
1017,67,BASS-BO,0.4760567503316313
1017,68,BASS-BO,0.4760567503316313
1017,69,BASS-BO,0.4760567503316313
1017,70,BASS-BO,0.4760567503316313
1017,71,BASS-BO,0.4760567503316313
1017,72,BASS-BO,0.4760567503316313
1017,73,BASS-BO,0.4760567503316313
1017,74,BASS-BO,0.4760567503316313
1017,75,BASS-BO,0.4760567503316313
1017,76,BASS-BO,0.4760567503316313
1017,77,BASS-BO,0.4760567503316313
1017,78,BASS-BO,0.4760567503316313
1017,79,BASS-BO,0.4760567503316313
1017,80,BASS-BO,0.4760567503316313
1017,0,GP-BO,2.2494221182045733
1017,1,GP-BO,2.2494221182045733
1017,2,GP-BO,2.2494221182045733
1017,3,GP-BO,2.2494221182045733
1017,4,GP-BO,2.2494221182045733
1017,5,GP-BO,2.2494221182045733
1017,6,GP-BO,2.2494221182045733
1017,7,GP-BO,2.2494221182045733
1017,8,GP-BO,2.2494221182045733
1017,9,GP-BO,1.2715841651651871
1017,10,GP-BO,0.4791771178042161
1017,11,GP-BO,0.4791771178042161
1017,12,GP-BO,0.4791771178042161
1017,13,GP-BO,0.4791771178042161
1017,14,GP-BO,0.4791771178042161
1017,15,GP-BO,0.4791771178042161
1017,16,GP-BO,0.4791771178042161
1017,17,GP-BO,0.4791771178042161
1017,18,GP-BO,0.4791771178042161
1017,19,GP-BO,0.4791771178042161
1017,20,GP-BO,0.4791771178042161
1017,21,GP-BO,0.415461685591513
1017,22,GP-BO,0.415461685591513
1017,23,GP-BO,0.415461685591513
1017,24,GP-BO,0.415461685591513
1017,25,GP-BO,0.415461685591513
1017,26,GP-BO,0.415461685591513
1017,27,GP-BO,0.415461685591513
1017,28,GP-BO,0.415461685591513
1017,29,GP-BO,0.415461685591513
1017,30,GP-BO,0.415461685591513
1017,31,GP-BO,0.415461685591513
1017,32,GP-BO,0.415461685591513
1017,33,GP-BO,0.415461685591513
1017,34,GP-BO,0.415461685591513
1017,35,GP-BO,0.415461685591513
1017,36,GP-BO,0.415461685591513
1017,37,GP-BO,0.415461685591513
1017,38,GP-BO,0.415461685591513
1017,39,GP-BO,0.415461685591513
1017,40,GP-BO,0.415461685591513
1017,41,GP-BO,0.415461685591513
1017,42,GP-BO,0.415461685591513
1017,43,GP-BO,0.40908891834053485
1017,44,GP-BO,0.40908891834053485
1017,45,GP-BO,0.40908891834053485
1017,46,GP-BO,0.40908891834053485
1017,47,GP-BO,0.40908891834053485
1017,48,GP-BO,0.40908891834053485
1017,49,GP-BO,0.40908891834053485
1017,50,GP-BO,0.4078360268512178
1017,51,GP-BO,0.4078360268512178
1017,52,GP-BO,0.4078360268512178
1017,53,GP-BO,0.40156772467557467
1017,54,GP-BO,0.40156772467557467
1017,55,GP-BO,0.39803449471320107
1017,56,GP-BO,0.39803449471320107
1017,57,GP-BO,0.39803449471320107
1017,58,GP-BO,0.39803449471320107
1017,59,GP-BO,0.39803449471320107
1017,60,GP-BO,0.39803449471320107
1017,61,GP-BO,0.39803449471320107
1017,62,GP-BO,0.39803449471320107
1017,63,GP-BO,0.39803449471320107
1017,64,GP-BO,0.39803449471320107
1017,65,GP-BO,0.39803449471320107
1017,66,GP-BO,0.39803449471320107
1017,67,GP-BO,0.39803449471320107
1017,68,GP-BO,0.39803449471320107
1017,69,GP-BO,0.39803449471320107
1017,70,GP-BO,0.39803449471320107
1017,71,GP-BO,0.39803449471320107
1017,72,GP-BO,0.39803449471320107
1017,73,GP-BO,0.39803449471320107
1017,74,GP-BO,0.39803449471320107
1017,75,GP-BO,0.39803449471320107
1017,76,GP-BO,0.39803449471320107
1017,77,GP-BO,0.39803449471320107
1017,78,GP-BO,0.39803449471320107
1017,79,GP-BO,0.39803449471320107
1017,80,GP-BO,0.39803449471320107
1017,0,Random,2.2494221182045733
1017,1,Random,2.2494221182045733
1017,2,Random,2.2494221182045733
1017,3,Random,2.2494221182045733
1017,4,Random,2.2494221182045733
1017,5,Random,2.2494221182045733
1017,6,Random,2.2494221182045733
1017,7,Random,2.2494221182045733
1017,8,Random,2.2494221182045733
1017,9,Random,2.2494221182045733
1017,10,Random,2.2494221182045733
1017,11,Random,2.2494221182045733
1017,12,Random,2.2494221182045733
1017,13,Random,2.2494221182045733
1017,14,Random,2.2494221182045733
1017,15,Random,2.2494221182045733
1017,16,Random,2.2494221182045733
1017,17,Random,2.2494221182045733
1017,18,Random,2.2494221182045733
1017,19,Random,2.2494221182045733
1017,20,Random,2.2494221182045733
1017,21,Random,2.2494221182045733
1017,22,Random,2.2494221182045733
1017,23,Random,2.2494221182045733
1017,24,Random,2.2494221182045733
1017,25,Random,2.2494221182045733
1017,26,Random,2.2494221182045733
1017,27,Random,2.2494221182045733
1017,28,Random,2.2494221182045733
1017,29,Random,2.2494221182045733
1017,30,Random,2.2494221182045733
1017,31,Random,2.2494221182045733
1017,32,Random,2.2494221182045733
1017,33,Random,2.2494221182045733
1017,34,Random,2.2494221182045733
1017,35,Random,2.2494221182045733
1017,36,Random,2.2494221182045733
1017,37,Random,2.2494221182045733
1017,38,Random,2.2494221182045733
1017,39,Random,2.2494221182045733
1017,40,Random,2.2494221182045733
1017,41,Random,2.2494221182045733
1017,42,Random,2.2494221182045733
1017,43,Random,2.2494221182045733
1017,44,Random,2.2494221182045733
1017,45,Random,2.2494221182045733
1017,46,Random,2.2494221182045733
1017,47,Random,2.2494221182045733
1017,48,Random,2.2494221182045733
1017,49,Random,2.2494221182045733
1017,50,Random,2.2494221182045733
1017,51,Random,2.2494221182045733
1017,52,Random,2.2494221182045733
1017,53,Random,2.2494221182045733
1017,54,Random,2.0243693039192348
1017,55,Random,2.0243693039192348
1017,56,Random,2.0243693039192348
1017,57,Random,2.0243693039192348
1017,58,Random,2.0243693039192348
1017,59,Random,2.0243693039192348
1017,60,Random,1.71999237839883
1017,61,Random,1.71999237839883
1017,62,Random,1.71999237839883
1017,63,Random,1.0030446031215021
1017,64,Random,1.0030446031215021
1017,65,Random,1.0030446031215021
1017,66,Random,1.0030446031215021
1017,67,Random,1.0030446031215021
1017,68,Random,1.0030446031215021
1017,69,Random,1.0030446031215021
1017,70,Random,1.0030446031215021
1017,71,Random,1.0030446031215021
1017,72,Random,1.0030446031215021
1017,73,Random,1.0030446031215021
1017,74,Random,1.0030446031215021
1017,75,Random,1.0030446031215021
1017,76,Random,1.0030446031215021
1017,77,Random,1.0030446031215021
1017,78,Random,1.0030446031215021
1017,79,Random,1.0030446031215021
1017,80,Random,1.0030446031215021
1018,0,BASS-BO,2.1698756269606214
1018,1,BASS-BO,2.1698756269606214
1018,2,BASS-BO,2.1698756269606214
1018,3,BASS-BO,2.1698756269606214
1018,4,BASS-BO,2.1698756269606214
1018,5,BASS-BO,2.1698756269606214
1018,6,BASS-BO,2.1698756269606214
1018,7,BASS-BO,1.5733359287618995
1018,8,BASS-BO,1.5733359287618995
1018,9,BASS-BO,1.5733359287618995
1018,10,BASS-BO,1.5733359287618995
1018,11,BASS-BO,1.5733359287618995
1018,12,BASS-BO,1.5733359287618995
1018,13,BASS-BO,1.5733359287618995
1018,14,BASS-BO,1.5733359287618995
1018,15,BASS-BO,0.5454954034565613
1018,16,BASS-BO,0.5454954034565613
1018,17,BASS-BO,0.5454954034565613
1018,18,BASS-BO,0.5454954034565613
1018,19,BASS-BO,0.5454954034565613
1018,20,BASS-BO,0.5454954034565613
1018,21,BASS-BO,0.5454954034565613
1018,22,BASS-BO,0.5454954034565613
1018,23,BASS-BO,0.5454954034565613
1018,24,BASS-BO,0.5454954034565613
1018,25,BASS-BO,0.5454954034565613
1018,26,BASS-BO,0.5454954034565613
1018,27,BASS-BO,0.5454954034565613
1018,28,BASS-BO,0.5454954034565613
1018,29,BASS-BO,0.5454954034565613
1018,30,BASS-BO,0.5454954034565613
1018,31,BASS-BO,0.5454954034565613
1018,32,BASS-BO,0.5454954034565613
1018,33,BASS-BO,0.5454954034565613
1018,34,BASS-BO,0.5454954034565613
1018,35,BASS-BO,0.5454954034565613
1018,36,BASS-BO,0.5454954034565613
1018,37,BASS-BO,0.5454954034565613
1018,38,BASS-BO,0.5454954034565613
1018,39,BASS-BO,0.5454954034565613
1018,40,BASS-BO,0.5454954034565613
1018,41,BASS-BO,0.5454954034565613
1018,42,BASS-BO,0.5454954034565613
1018,43,BASS-BO,0.5454954034565613
1018,44,BASS-BO,0.5454954034565613
1018,45,BASS-BO,0.5454954034565613
1018,46,BASS-BO,0.5454954034565613
1018,47,BASS-BO,0.5454954034565613
1018,48,BASS-BO,0.5454954034565613
1018,49,BASS-BO,0.5454954034565613
1018,50,BASS-BO,0.5454954034565613
1018,51,BASS-BO,0.5454954034565613
1018,52,BASS-BO,0.5454954034565613
1018,53,BASS-BO,0.5454954034565613
1018,54,BASS-BO,0.5454954034565613
1018,55,BASS-BO,0.5454954034565613
1018,56,BASS-BO,0.5454954034565613
1018,57,BASS-BO,0.5454954034565613
1018,58,BASS-BO,0.5454954034565613
1018,59,BASS-BO,0.5454954034565613
1018,60,BASS-BO,0.5454954034565613
1018,61,BASS-BO,0.5454954034565613
1018,62,BASS-BO,0.5454954034565613
1018,63,BASS-BO,0.5454954034565613
1018,64,BASS-BO,0.5454954034565613
1018,65,BASS-BO,0.5454954034565613
1018,66,BASS-BO,0.5454954034565613
1018,67,BASS-BO,0.5454954034565613
1018,68,BASS-BO,0.5454954034565613
1018,69,BASS-BO,0.5422748804831521
1018,70,BASS-BO,0.5422748804831521
1018,71,BASS-BO,0.5422748804831521
1018,72,BASS-BO,0.5422748804831521
1018,73,BASS-BO,0.5422748804831521
1018,74,BASS-BO,0.5422748804831521
1018,75,BASS-BO,0.5422748804831521
1018,76,BASS-BO,0.5238549248189273
1018,77,BASS-BO,0.5238549248189273
1018,78,BASS-BO,0.5238549248189273
1018,79,BASS-BO,0.5238549248189273
1018,80,BASS-BO,0.5238549248189273
1018,0,GP-BO,2.1698756269606214
1018,1,GP-BO,2.1698756269606214
1018,2,GP-BO,2.1698756269606214
1018,3,GP-BO,2.1698756269606214
1018,4,GP-BO,1.9234000631317496
1018,5,GP-BO,1.9234000631317496
1018,6,GP-BO,0.5038369890887964
1018,7,GP-BO,0.5038369890887964
1018,8,GP-BO,0.5038369890887964
1018,9,GP-BO,0.5038369890887964
1018,10,GP-BO,0.5038369890887964
1018,11,GP-BO,0.5038369890887964
1018,12,GP-BO,0.5038369890887964
1018,13,GP-BO,0.5038369890887964
1018,14,GP-BO,0.491233752839781
1018,15,GP-BO,0.491233752839781
1018,16,GP-BO,0.42708229284032484
1018,17,GP-BO,0.42708229284032484
1018,18,GP-BO,0.42708229284032484
1018,19,GP-BO,0.42708229284032484
1018,20,GP-BO,0.42708229284032484
1018,21,GP-BO,0.42708229284032484
1018,22,GP-BO,0.42708229284032484
1018,23,GP-BO,0.42708229284032484
1018,24,GP-BO,0.42708229284032484
1018,25,GP-BO,0.42708229284032484
1018,26,GP-BO,0.42708229284032484
1018,27,GP-BO,0.42708229284032484
1018,28,GP-BO,0.4077492343778637
1018,29,GP-BO,0.4077492343778637
1018,30,GP-BO,0.4077492343778637
1018,31,GP-BO,0.4077492343778637
1018,32,GP-BO,0.4077492343778637
1018,33,GP-BO,0.4077492343778637
1018,34,GP-BO,0.4077492343778637
1018,35,GP-BO,0.4077492343778637
1018,36,GP-BO,0.4077492343778637
1018,37,GP-BO,0.4077492343778637
1018,38,GP-BO,0.4077492343778637
1018,39,GP-BO,0.4077492343778637
1018,40,GP-BO,0.4077492343778637
1018,41,GP-BO,0.4077492343778637
1018,42,GP-BO,0.40231201035761543
1018,43,GP-BO,0.40231201035761543
1018,44,GP-BO,0.40231201035761543
1018,45,GP-BO,0.40231201035761543
1018,46,GP-BO,0.40231201035761543
1018,47,GP-BO,0.40231201035761543
1018,48,GP-BO,0.40231201035761543
1018,49,GP-BO,0.40231201035761543
1018,50,GP-BO,0.40231201035761543
1018,51,GP-BO,0.40231201035761543
1018,52,GP-BO,0.40231201035761543
1018,53,GP-BO,0.40231201035761543
1018,54,GP-BO,0.39911075858127454
1018,55,GP-BO,0.39911075858127454
1018,56,GP-BO,0.39911075858127454
1018,57,GP-BO,0.39911075858127454
1018,58,GP-BO,0.39911075858127454
1018,59,GP-BO,0.39911075858127454
1018,60,GP-BO,0.39911075858127454
1018,61,GP-BO,0.39911075858127454
1018,62,GP-BO,0.39911075858127454
1018,63,GP-BO,0.39911075858127454
1018,64,GP-BO,0.39911075858127454
1018,65,GP-BO,0.39911075858127454
1018,66,GP-BO,0.39911075858127454
1018,67,GP-BO,0.39911075858127454
1018,68,GP-BO,0.39911075858127454
1018,69,GP-BO,0.39911075858127454
1018,70,GP-BO,0.39911075858127454
1018,71,GP-BO,0.39873377448570757
1018,72,GP-BO,0.39873377448570757
1018,73,GP-BO,0.39873377448570757
1018,74,GP-BO,0.39873377448570757
1018,75,GP-BO,0.39873377448570757
1018,76,GP-BO,0.39873377448570757
1018,77,GP-BO,0.39873377448570757
1018,78,GP-BO,0.39873377448570757
1018,79,GP-BO,0.39873377448570757
1018,80,GP-BO,0.39873377448570757
1018,0,Random,2.1698756269606214
1018,1,Random,2.1698756269606214
1018,2,Random,2.1698756269606214
1018,3,Random,2.1698756269606214
1018,4,Random,2.1698756269606214
1018,5,Random,2.1698756269606214
1018,6,Random,2.1698756269606214
1018,7,Random,2.1698756269606214
1018,8,Random,2.1698756269606214
1018,9,Random,2.1698756269606214
1018,10,Random,2.1698756269606214
1018,11,Random,2.1698756269606214
1018,12,Random,2.1698756269606214
1018,13,Random,2.1698756269606214
1018,14,Random,2.1698756269606214
1018,15,Random,2.1698756269606214
1018,16,Random,2.1698756269606214
1018,17,Random,2.1698756269606214
1018,18,Random,2.1698756269606214
1018,19,Random,2.1698756269606214
1018,20,Random,2.1698756269606214
1018,21,Random,2.1698756269606214
1018,22,Random,2.1698756269606214
1018,23,Random,2.1698756269606214
1018,24,Random,2.1698756269606214
1018,25,Random,2.1698756269606214
1018,26,Random,2.1698756269606214
1018,27,Random,2.1698756269606214
1018,28,Random,2.1698756269606214
1018,29,Random,2.1698756269606214
1018,30,Random,2.1698756269606214
1018,31,Random,2.1698756269606214
1018,32,Random,2.1698756269606214
1018,33,Random,2.1698756269606214
1018,34,Random,2.1698756269606214
1018,35,Random,2.1698756269606214
1018,36,Random,2.1698756269606214
1018,37,Random,2.1698756269606214
1018,38,Random,2.1698756269606214
1018,39,Random,2.1698756269606214
1018,40,Random,2.1698756269606214
1018,41,Random,2.1698756269606214
1018,42,Random,2.1698756269606214
1018,43,Random,1.3732553982519828
1018,44,Random,1.3732553982519828
1018,45,Random,1.3732553982519828
1018,46,Random,1.3732553982519828
1018,47,Random,1.3732553982519828
1018,48,Random,1.3732553982519828
1018,49,Random,1.3732553982519828
1018,50,Random,1.3732553982519828
1018,51,Random,1.3732553982519828
1018,52,Random,1.3732553982519828
1018,53,Random,1.3732553982519828
1018,54,Random,1.3732553982519828
1018,55,Random,1.3732553982519828
1018,56,Random,1.3732553982519828
1018,57,Random,1.3732553982519828
1018,58,Random,1.3732553982519828
1018,59,Random,1.3732553982519828
1018,60,Random,1.3732553982519828
1018,61,Random,1.3732553982519828
1018,62,Random,1.3732553982519828
1018,63,Random,1.3732553982519828
1018,64,Random,1.3732553982519828
1018,65,Random,1.3732553982519828
1018,66,Random,1.3732553982519828
1018,67,Random,1.3732553982519828
1018,68,Random,1.3732553982519828
1018,69,Random,1.3732553982519828
1018,70,Random,1.3732553982519828
1018,71,Random,1.3732553982519828
1018,72,Random,1.3732553982519828
1018,73,Random,1.3732553982519828
1018,74,Random,1.3732553982519828
1018,75,Random,1.3732553982519828
1018,76,Random,1.3732553982519828
1018,77,Random,1.3732553982519828
1018,78,Random,1.3732553982519828
1018,79,Random,1.3732553982519828
1018,80,Random,1.3732553982519828
1019,0,BASS-BO,6.58575172926162
1019,1,BASS-BO,6.58575172926162
1019,2,BASS-BO,6.58575172926162
1019,3,BASS-BO,6.58575172926162
1019,4,BASS-BO,6.58575172926162
1019,5,BASS-BO,6.58575172926162
1019,6,BASS-BO,6.58575172926162
1019,7,BASS-BO,6.58575172926162
1019,8,BASS-BO,6.58575172926162
1019,9,BASS-BO,6.58575172926162
1019,10,BASS-BO,6.58575172926162
1019,11,BASS-BO,6.58575172926162
1019,12,BASS-BO,6.58575172926162
1019,13,BASS-BO,1.2470127833512574
1019,14,BASS-BO,1.2470127833512574
1019,15,BASS-BO,1.2470127833512574
1019,16,BASS-BO,1.2470127833512574
1019,17,BASS-BO,1.2470127833512574
1019,18,BASS-BO,1.2470127833512574
1019,19,BASS-BO,1.2470127833512574
1019,20,BASS-BO,1.2470127833512574
1019,21,BASS-BO,1.2470127833512574
1019,22,BASS-BO,1.2470127833512574
1019,23,BASS-BO,1.2470127833512574
1019,24,BASS-BO,1.2470127833512574
1019,25,BASS-BO,1.2470127833512574
1019,26,BASS-BO,1.2470127833512574
1019,27,BASS-BO,1.2470127833512574
1019,28,BASS-BO,1.2470127833512574
1019,29,BASS-BO,1.2470127833512574
1019,30,BASS-BO,1.2470127833512574
1019,31,BASS-BO,1.2470127833512574
1019,32,BASS-BO,1.2470127833512574
1019,33,BASS-BO,1.2470127833512574
1019,34,BASS-BO,1.2470127833512574
1019,35,BASS-BO,1.2470127833512574
1019,36,BASS-BO,1.2470127833512574
1019,37,BASS-BO,1.2470127833512574
1019,38,BASS-BO,1.2470127833512574
1019,39,BASS-BO,1.2470127833512574
1019,40,BASS-BO,1.2470127833512574
1019,41,BASS-BO,1.2470127833512574
1019,42,BASS-BO,0.9523599527905571
1019,43,BASS-BO,0.9463604211316898
1019,44,BASS-BO,0.9463604211316898
1019,45,BASS-BO,0.9463604211316898
1019,46,BASS-BO,0.9463604211316898
1019,47,BASS-BO,0.9463604211316898
1019,48,BASS-BO,0.9463604211316898
1019,49,BASS-BO,0.9463604211316898
1019,50,BASS-BO,0.9463604211316898
1019,51,BASS-BO,0.8352363513068504
1019,52,BASS-BO,0.8352363513068504
1019,53,BASS-BO,0.626365991284688
1019,54,BASS-BO,0.626365991284688
1019,55,BASS-BO,0.626365991284688
1019,56,BASS-BO,0.626365991284688
1019,57,BASS-BO,0.626365991284688
1019,58,BASS-BO,0.626365991284688
1019,59,BASS-BO,0.626365991284688
1019,60,BASS-BO,0.626365991284688
1019,61,BASS-BO,0.626365991284688
1019,62,BASS-BO,0.583312125562788
1019,63,BASS-BO,0.583312125562788
1019,64,BASS-BO,0.583312125562788
1019,65,BASS-BO,0.5783947056972547
1019,66,BASS-BO,0.5783947056972547
1019,67,BASS-BO,0.5783947056972547
1019,68,BASS-BO,0.5783947056972547
1019,69,BASS-BO,0.5783947056972547
1019,70,BASS-BO,0.5783947056972547
1019,71,BASS-BO,0.5783947056972547
1019,72,BASS-BO,0.5783947056972547
1019,73,BASS-BO,0.5783947056972547
1019,74,BASS-BO,0.5783947056972547
1019,75,BASS-BO,0.5783947056972547
1019,76,BASS-BO,0.5783947056972547
1019,77,BASS-BO,0.5783947056972547
1019,78,BASS-BO,0.5783947056972547
1019,79,BASS-BO,0.5783947056972547
1019,80,BASS-BO,0.5783947056972547
1019,0,GP-BO,6.58575172926162
1019,1,GP-BO,6.58575172926162
1019,2,GP-BO,3.6162728866441087
1019,3,GP-BO,3.6162728866441087
1019,4,GP-BO,3.6162728866441087
1019,5,GP-BO,2.7022152738687044
1019,6,GP-BO,2.7022152738687044
1019,7,GP-BO,2.7022152738687044
1019,8,GP-BO,0.40004793998993726
1019,9,GP-BO,0.40004793998993726
1019,10,GP-BO,0.40004793998993726
1019,11,GP-BO,0.40004793998993726
1019,12,GP-BO,0.40004793998993726
1019,13,GP-BO,0.40004793998993726
1019,14,GP-BO,0.40004793998993726
1019,15,GP-BO,0.40004793998993726
1019,16,GP-BO,0.40004793998993726
1019,17,GP-BO,0.40004793998993726
1019,18,GP-BO,0.40004793998993726
1019,19,GP-BO,0.40004793998993726
1019,20,GP-BO,0.40004793998993726
1019,21,GP-BO,0.40004793998993726
1019,22,GP-BO,0.40004793998993726
1019,23,GP-BO,0.40004793998993726
1019,24,GP-BO,0.40004793998993726
1019,25,GP-BO,0.40004793998993726
1019,26,GP-BO,0.40004793998993726
1019,27,GP-BO,0.40004793998993726
1019,28,GP-BO,0.40004793998993726
1019,29,GP-BO,0.40004793998993726
1019,30,GP-BO,0.40004793998993726
1019,31,GP-BO,0.40004793998993726
1019,32,GP-BO,0.40004793998993726
1019,33,GP-BO,0.40004793998993726
1019,34,GP-BO,0.40004793998993726
1019,35,GP-BO,0.40004793998993726
1019,36,GP-BO,0.40004793998993726
1019,37,GP-BO,0.40004793998993726
1019,38,GP-BO,0.40004793998993726
1019,39,GP-BO,0.40004793998993726
1019,40,GP-BO,0.40004793998993726
1019,41,GP-BO,0.40004793998993726
1019,42,GP-BO,0.40004793998993726
1019,43,GP-BO,0.40004793998993726
1019,44,GP-BO,0.40004793998993726
1019,45,GP-BO,0.40004793998993726
1019,46,GP-BO,0.40004793998993726
1019,47,GP-BO,0.40004793998993726
1019,48,GP-BO,0.40004793998993726
1019,49,GP-BO,0.40004793998993726
1019,50,GP-BO,0.40004793998993726
1019,51,GP-BO,0.40004793998993726
1019,52,GP-BO,0.40004793998993726
1019,53,GP-BO,0.40004793998993726
1019,54,GP-BO,0.40004793998993726
1019,55,GP-BO,0.40004793998993726
1019,56,GP-BO,0.40004793998993726
1019,57,GP-BO,0.40004793998993726
1019,58,GP-BO,0.40004793998993726
1019,59,GP-BO,0.39969904653977295
1019,60,GP-BO,0.39969904653977295
1019,61,GP-BO,0.39969904653977295
1019,62,GP-BO,0.39969904653977295
1019,63,GP-BO,0.39969904653977295
1019,64,GP-BO,0.39969904653977295
1019,65,GP-BO,0.39969904653977295
1019,66,GP-BO,0.39969904653977295
1019,67,GP-BO,0.3993624576702679
1019,68,GP-BO,0.3993624576702679
1019,69,GP-BO,0.3993624576702679
1019,70,GP-BO,0.3993624576702679
1019,71,GP-BO,0.3993624576702679
1019,72,GP-BO,0.3993624576702679
1019,73,GP-BO,0.3993624576702679
1019,74,GP-BO,0.3993624576702679
1019,75,GP-BO,0.3993624576702679
1019,76,GP-BO,0.3993624576702679
1019,77,GP-BO,0.3993624576702679
1019,78,GP-BO,0.3993624576702679
1019,79,GP-BO,0.3993624576702679
1019,80,GP-BO,0.3993624576702679
1019,0,Random,6.58575172926162
1019,1,Random,6.58575172926162
1019,2,Random,6.58575172926162
1019,3,Random,6.58575172926162
1019,4,Random,6.58575172926162
1019,5,Random,6.58575172926162
1019,6,Random,6.58575172926162
1019,7,Random,6.58575172926162
1019,8,Random,6.58575172926162
1019,9,Random,6.58575172926162
1019,10,Random,6.58575172926162
1019,11,Random,6.58575172926162
1019,12,Random,6.58575172926162
1019,13,Random,6.58575172926162
1019,14,Random,6.58575172926162
1019,15,Random,6.58575172926162
1019,16,Random,6.58575172926162
1019,17,Random,6.58575172926162
1019,18,Random,6.58575172926162
1019,19,Random,4.239946956602633
1019,20,Random,4.239946956602633
1019,21,Random,4.239946956602633
1019,22,Random,4.239946956602633
1019,23,Random,4.239946956602633
1019,24,Random,4.239946956602633
1019,25,Random,4.239946956602633
1019,26,Random,4.239946956602633
1019,27,Random,4.239946956602633
1019,28,Random,4.239946956602633
1019,29,Random,4.239946956602633
1019,30,Random,4.239946956602633
1019,31,Random,4.239946956602633
1019,32,Random,4.239946956602633
1019,33,Random,4.239946956602633
1019,34,Random,4.239946956602633
1019,35,Random,4.239946956602633
1019,36,Random,4.239946956602633
1019,37,Random,4.239946956602633
1019,38,Random,4.239946956602633
1019,39,Random,4.239946956602633
1019,40,Random,4.239946956602633
1019,41,Random,4.239946956602633
1019,42,Random,4.239946956602633
1019,43,Random,4.239946956602633
1019,44,Random,4.239946956602633
1019,45,Random,4.239946956602633
1019,46,Random,4.239946956602633
1019,47,Random,4.239946956602633
1019,48,Random,4.239946956602633
1019,49,Random,4.239946956602633
1019,50,Random,4.239946956602633
1019,51,Random,4.239946956602633
1019,52,Random,4.239946956602633
1019,53,Random,2.4613565031927065
1019,54,Random,2.4613565031927065
1019,55,Random,2.4613565031927065
1019,56,Random,2.4613565031927065
1019,57,Random,2.4613565031927065
1019,58,Random,2.4613565031927065
1019,59,Random,2.4613565031927065
1019,60,Random,2.4613565031927065
1019,61,Random,2.4613565031927065
1019,62,Random,2.4613565031927065
1019,63,Random,2.4613565031927065
1019,64,Random,2.4613565031927065
1019,65,Random,2.4613565031927065
1019,66,Random,2.4613565031927065
1019,67,Random,2.4613565031927065
1019,68,Random,2.4613565031927065
1019,69,Random,2.4613565031927065
1019,70,Random,2.4613565031927065
1019,71,Random,2.4613565031927065
1019,72,Random,2.4613565031927065
1019,73,Random,2.4613565031927065
1019,74,Random,2.4613565031927065
1019,75,Random,2.4613565031927065
1019,76,Random,2.4613565031927065
1019,77,Random,2.4613565031927065
1019,78,Random,2.4613565031927065
1019,79,Random,2.4613565031927065
1019,80,Random,2.4613565031927065
1020,0,BASS-BO,0.8928210404171679
1020,1,BASS-BO,0.8928210404171679
1020,2,BASS-BO,0.8928210404171679
1020,3,BASS-BO,0.8928210404171679
1020,4,BASS-BO,0.8928210404171679
1020,5,BASS-BO,0.8928210404171679
1020,6,BASS-BO,0.8928210404171679
1020,7,BASS-BO,0.8928210404171679
1020,8,BASS-BO,0.8928210404171679
1020,9,BASS-BO,0.8928210404171679
1020,10,BASS-BO,0.8928210404171679
1020,11,BASS-BO,0.8928210404171679
1020,12,BASS-BO,0.8928210404171679
1020,13,BASS-BO,0.8928210404171679
1020,14,BASS-BO,0.8928210404171679
1020,15,BASS-BO,0.8928210404171679
1020,16,BASS-BO,0.8928210404171679
1020,17,BASS-BO,0.8928210404171679
1020,18,BASS-BO,0.7061085088592574
1020,19,BASS-BO,0.6540454387663992
1020,20,BASS-BO,0.6540454387663992
1020,21,BASS-BO,0.6540454387663992
1020,22,BASS-BO,0.6540454387663992
1020,23,BASS-BO,0.6540454387663992
1020,24,BASS-BO,0.6540454387663992
1020,25,BASS-BO,0.6540454387663992
1020,26,BASS-BO,0.6540454387663992
1020,27,BASS-BO,0.6540454387663992
1020,28,BASS-BO,0.6540454387663992
1020,29,BASS-BO,0.6540454387663992
1020,30,BASS-BO,0.6540454387663992
1020,31,BASS-BO,0.6540454387663992
1020,32,BASS-BO,0.6540454387663992
1020,33,BASS-BO,0.6540454387663992
1020,34,BASS-BO,0.6540454387663992
1020,35,BASS-BO,0.6540454387663992
1020,36,BASS-BO,0.6540454387663992
1020,37,BASS-BO,0.6540454387663992
1020,38,BASS-BO,0.6540454387663992
1020,39,BASS-BO,0.6540454387663992
1020,40,BASS-BO,0.5775995895426611
1020,41,BASS-BO,0.5775995895426611
1020,42,BASS-BO,0.5775995895426611
1020,43,BASS-BO,0.5775995895426611
1020,44,BASS-BO,0.5775995895426611
1020,45,BASS-BO,0.5775995895426611
1020,46,BASS-BO,0.5775995895426611
1020,47,BASS-BO,0.5775995895426611
1020,48,BASS-BO,0.5775995895426611
1020,49,BASS-BO,0.5775995895426611
1020,50,BASS-BO,0.5775995895426611
1020,51,BASS-BO,0.5775995895426611
1020,52,BASS-BO,0.5775995895426611
1020,53,BASS-BO,0.5775995895426611
1020,54,BASS-BO,0.5365947020154849
1020,55,BASS-BO,0.5365947020154849
1020,56,BASS-BO,0.5365947020154849
1020,57,BASS-BO,0.5365947020154849
1020,58,BASS-BO,0.5365947020154849
1020,59,BASS-BO,0.5365947020154849
1020,60,BASS-BO,0.5365947020154849
1020,61,BASS-BO,0.5365947020154849
1020,62,BASS-BO,0.44024235794175226
1020,63,BASS-BO,0.44024235794175226
1020,64,BASS-BO,0.44024235794175226
1020,65,BASS-BO,0.44024235794175226
1020,66,BASS-BO,0.44024235794175226
1020,67,BASS-BO,0.44024235794175226
1020,68,BASS-BO,0.44024235794175226
1020,69,BASS-BO,0.44024235794175226
1020,70,BASS-BO,0.44024235794175226
1020,71,BASS-BO,0.4278964833838188
1020,72,BASS-BO,0.4278964833838188
1020,73,BASS-BO,0.4278964833838188
1020,74,BASS-BO,0.4278964833838188
1020,75,BASS-BO,0.4278964833838188
1020,76,BASS-BO,0.4278964833838188
1020,77,BASS-BO,0.4278964833838188
1020,78,BASS-BO,0.4278964833838188
1020,79,BASS-BO,0.4278964833838188
1020,80,BASS-BO,0.4278964833838188
1020,0,GP-BO,0.8928210404171679
1020,1,GP-BO,0.8928210404171679
1020,2,GP-BO,0.8928210404171679
1020,3,GP-BO,0.8928210404171679
1020,4,GP-BO,0.8928210404171679
1020,5,GP-BO,0.8928210404171679
1020,6,GP-BO,0.8928210404171679
1020,7,GP-BO,0.43201260930327123
1020,8,GP-BO,0.43201260930327123
1020,9,GP-BO,0.43201260930327123
1020,10,GP-BO,0.43201260930327123
1020,11,GP-BO,0.43201260930327123
1020,12,GP-BO,0.43201260930327123
1020,13,GP-BO,0.43201260930327123
1020,14,GP-BO,0.43201260930327123
1020,15,GP-BO,0.43201260930327123
1020,16,GP-BO,0.4130711454931486
1020,17,GP-BO,0.4130711454931486
1020,18,GP-BO,0.4130711454931486
1020,19,GP-BO,0.4130711454931486
1020,20,GP-BO,0.4130711454931486
1020,21,GP-BO,0.4130711454931486
1020,22,GP-BO,0.4130711454931486
1020,23,GP-BO,0.4130711454931486
1020,24,GP-BO,0.4130711454931486
1020,25,GP-BO,0.4130711454931486
1020,26,GP-BO,0.4130711454931486
1020,27,GP-BO,0.4130711454931486
1020,28,GP-BO,0.4130711454931486
1020,29,GP-BO,0.4130711454931486
1020,30,GP-BO,0.4130711454931486
1020,31,GP-BO,0.40110059729942904
1020,32,GP-BO,0.40110059729942904
1020,33,GP-BO,0.40110059729942904
1020,34,GP-BO,0.40110059729942904
1020,35,GP-BO,0.40110059729942904
1020,36,GP-BO,0.40110059729942904
1020,37,GP-BO,0.40110059729942904
1020,38,GP-BO,0.40110059729942904
1020,39,GP-BO,0.40110059729942904
1020,40,GP-BO,0.40110059729942904
1020,41,GP-BO,0.40110059729942904
1020,42,GP-BO,0.40110059729942904
1020,43,GP-BO,0.40110059729942904
1020,44,GP-BO,0.39824805710155253
1020,45,GP-BO,0.39824805710155253
1020,46,GP-BO,0.39824805710155253
1020,47,GP-BO,0.39824805710155253
1020,48,GP-BO,0.39824805710155253
1020,49,GP-BO,0.39824805710155253
1020,50,GP-BO,0.39824805710155253
1020,51,GP-BO,0.39824805710155253
1020,52,GP-BO,0.39824805710155253
1020,53,GP-BO,0.39824805710155253
1020,54,GP-BO,0.39824805710155253
1020,55,GP-BO,0.39824805710155253
1020,56,GP-BO,0.39824805710155253
1020,57,GP-BO,0.39824805710155253
1020,58,GP-BO,0.39824805710155253
1020,59,GP-BO,0.39824805710155253
1020,60,GP-BO,0.39824805710155253
1020,61,GP-BO,0.39824805710155253
1020,62,GP-BO,0.39824805710155253
1020,63,GP-BO,0.39824805710155253
1020,64,GP-BO,0.39824805710155253
1020,65,GP-BO,0.39824805710155253
1020,66,GP-BO,0.39824805710155253
1020,67,GP-BO,0.39824805710155253
1020,68,GP-BO,0.39824805710155253
1020,69,GP-BO,0.39824805710155253
1020,70,GP-BO,0.39824805710155253
1020,71,GP-BO,0.39824805710155253
1020,72,GP-BO,0.39824805710155253
1020,73,GP-BO,0.39824805710155253
1020,74,GP-BO,0.39824805710155253
1020,75,GP-BO,0.39824805710155253
1020,76,GP-BO,0.39824805710155253
1020,77,GP-BO,0.39824805710155253
1020,78,GP-BO,0.39824805710155253
1020,79,GP-BO,0.39824805710155253
1020,80,GP-BO,0.39824805710155253
1020,0,Random,0.8928210404171679
1020,1,Random,0.8928210404171679
1020,2,Random,0.8928210404171679
1020,3,Random,0.8928210404171679
1020,4,Random,0.8928210404171679
1020,5,Random,0.8928210404171679
1020,6,Random,0.8928210404171679
1020,7,Random,0.8928210404171679
1020,8,Random,0.8928210404171679
1020,9,Random,0.8928210404171679
1020,10,Random,0.8928210404171679
1020,11,Random,0.8928210404171679
1020,12,Random,0.8928210404171679
1020,13,Random,0.8928210404171679
1020,14,Random,0.8928210404171679
1020,15,Random,0.8928210404171679
1020,16,Random,0.8928210404171679
1020,17,Random,0.7474009107579427
1020,18,Random,0.7474009107579427
1020,19,Random,0.7474009107579427
1020,20,Random,0.7474009107579427
1020,21,Random,0.7474009107579427
1020,22,Random,0.7474009107579427
1020,23,Random,0.7474009107579427
1020,24,Random,0.7474009107579427
1020,25,Random,0.7474009107579427
1020,26,Random,0.7474009107579427
1020,27,Random,0.7474009107579427
1020,28,Random,0.7474009107579427
1020,29,Random,0.7474009107579427
1020,30,Random,0.7474009107579427
1020,31,Random,0.7474009107579427
1020,32,Random,0.7474009107579427
1020,33,Random,0.7474009107579427
1020,34,Random,0.7474009107579427
1020,35,Random,0.7474009107579427
1020,36,Random,0.7474009107579427
1020,37,Random,0.7474009107579427
1020,38,Random,0.7474009107579427
1020,39,Random,0.7474009107579427
1020,40,Random,0.7474009107579427
1020,41,Random,0.7474009107579427
1020,42,Random,0.7474009107579427
1020,43,Random,0.7474009107579427
1020,44,Random,0.7474009107579427
1020,45,Random,0.7474009107579427
1020,46,Random,0.7474009107579427
1020,47,Random,0.7474009107579427
1020,48,Random,0.7474009107579427
1020,49,Random,0.7474009107579427
1020,50,Random,0.7474009107579427
1020,51,Random,0.7474009107579427
1020,52,Random,0.7474009107579427
1020,53,Random,0.7474009107579427
1020,54,Random,0.7474009107579427
1020,55,Random,0.5322015597343288
1020,56,Random,0.5322015597343288
1020,57,Random,0.5322015597343288
1020,58,Random,0.5322015597343288
1020,59,Random,0.5322015597343288
1020,60,Random,0.5322015597343288
1020,61,Random,0.5322015597343288
1020,62,Random,0.5322015597343288
1020,63,Random,0.5322015597343288
1020,64,Random,0.5322015597343288
1020,65,Random,0.5322015597343288
1020,66,Random,0.5322015597343288
1020,67,Random,0.5322015597343288
1020,68,Random,0.5322015597343288
1020,69,Random,0.5322015597343288
1020,70,Random,0.5322015597343288
1020,71,Random,0.5322015597343288
1020,72,Random,0.5322015597343288
1020,73,Random,0.5322015597343288
1020,74,Random,0.5322015597343288
1020,75,Random,0.5322015597343288
1020,76,Random,0.5322015597343288
1020,77,Random,0.5322015597343288
1020,78,Random,0.5322015597343288
1020,79,Random,0.5322015597343288
1020,80,Random,0.5322015597343288
1021,0,BASS-BO,2.271819001116593
1021,1,BASS-BO,2.271819001116593
1021,2,BASS-BO,2.271819001116593
1021,3,BASS-BO,2.271819001116593
1021,4,BASS-BO,2.271819001116593
1021,5,BASS-BO,2.271819001116593
1021,6,BASS-BO,2.271819001116593
1021,7,BASS-BO,2.271819001116593
1021,8,BASS-BO,2.271819001116593
1021,9,BASS-BO,2.271819001116593
1021,10,BASS-BO,2.271819001116593
1021,11,BASS-BO,2.271819001116593
1021,12,BASS-BO,2.271819001116593
1021,13,BASS-BO,2.271819001116593
1021,14,BASS-BO,2.271819001116593
1021,15,BASS-BO,2.271819001116593
1021,16,BASS-BO,2.271819001116593
1021,17,BASS-BO,2.271819001116593
1021,18,BASS-BO,2.271819001116593
1021,19,BASS-BO,2.271819001116593
1021,20,BASS-BO,2.271819001116593
1021,21,BASS-BO,2.271819001116593
1021,22,BASS-BO,2.271819001116593
1021,23,BASS-BO,2.271819001116593
1021,24,BASS-BO,2.271819001116593
1021,25,BASS-BO,2.271819001116593
1021,26,BASS-BO,2.271819001116593
1021,27,BASS-BO,2.271819001116593
1021,28,BASS-BO,2.271819001116593
1021,29,BASS-BO,2.271819001116593
1021,30,BASS-BO,2.271819001116593
1021,31,BASS-BO,2.271819001116593
1021,32,BASS-BO,2.271819001116593
1021,33,BASS-BO,2.2686348381064763
1021,34,BASS-BO,2.2686348381064763
1021,35,BASS-BO,2.2686348381064763
1021,36,BASS-BO,2.2686348381064763
1021,37,BASS-BO,2.2686348381064763
1021,38,BASS-BO,1.63882901054434
1021,39,BASS-BO,1.63882901054434
1021,40,BASS-BO,1.6218171353766273
1021,41,BASS-BO,1.6218171353766273
1021,42,BASS-BO,1.6218171353766273
1021,43,BASS-BO,0.4047262713794524
1021,44,BASS-BO,0.4047262713794524
1021,45,BASS-BO,0.4047262713794524
1021,46,BASS-BO,0.4047262713794524
1021,47,BASS-BO,0.4047262713794524
1021,48,BASS-BO,0.4047262713794524
1021,49,BASS-BO,0.4047262713794524
1021,50,BASS-BO,0.4047262713794524
1021,51,BASS-BO,0.4047262713794524
1021,52,BASS-BO,0.4047262713794524
1021,53,BASS-BO,0.4047262713794524
1021,54,BASS-BO,0.4047262713794524
1021,55,BASS-BO,0.4047262713794524
1021,56,BASS-BO,0.4047262713794524
1021,57,BASS-BO,0.4047262713794524
1021,58,BASS-BO,0.4047262713794524
1021,59,BASS-BO,0.4047262713794524
1021,60,BASS-BO,0.4047262713794524
1021,61,BASS-BO,0.4047262713794524
1021,62,BASS-BO,0.4047262713794524
1021,63,BASS-BO,0.4047262713794524
1021,64,BASS-BO,0.4047262713794524
1021,65,BASS-BO,0.4047262713794524
1021,66,BASS-BO,0.4047262713794524
1021,67,BASS-BO,0.4047262713794524
1021,68,BASS-BO,0.4047262713794524
1021,69,BASS-BO,0.4047262713794524
1021,70,BASS-BO,0.4047262713794524
1021,71,BASS-BO,0.4047262713794524
1021,72,BASS-BO,0.4047262713794524
1021,73,BASS-BO,0.4047262713794524
1021,74,BASS-BO,0.4047262713794524
1021,75,BASS-BO,0.4047262713794524
1021,76,BASS-BO,0.4047262713794524
1021,77,BASS-BO,0.4047262713794524
1021,78,BASS-BO,0.4047262713794524
1021,79,BASS-BO,0.4047262713794524
1021,80,BASS-BO,0.4047262713794524
1021,0,GP-BO,2.271819001116593
1021,1,GP-BO,2.271819001116593
1021,2,GP-BO,2.271819001116593
1021,3,GP-BO,2.271819001116593
1021,4,GP-BO,2.271819001116593
1021,5,GP-BO,1.5792281678088216
1021,6,GP-BO,1.5792281678088216
1021,7,GP-BO,1.5792281678088216
1021,8,GP-BO,1.5792281678088216
1021,9,GP-BO,1.055191968492549
1021,10,GP-BO,1.055191968492549
1021,11,GP-BO,1.055191968492549
1021,12,GP-BO,0.4832748163649274
1021,13,GP-BO,0.4832748163649274
1021,14,GP-BO,0.4832748163649274
1021,15,GP-BO,0.4832748163649274
1021,16,GP-BO,0.4832748163649274
1021,17,GP-BO,0.4832748163649274
1021,18,GP-BO,0.4832748163649274
1021,19,GP-BO,0.4832748163649274
1021,20,GP-BO,0.4832748163649274
1021,21,GP-BO,0.3994795079148492
1021,22,GP-BO,0.3994795079148492
1021,23,GP-BO,0.3994795079148492
1021,24,GP-BO,0.3994795079148492
1021,25,GP-BO,0.3994795079148492
1021,26,GP-BO,0.3994795079148492
1021,27,GP-BO,0.3994795079148492
1021,28,GP-BO,0.3994795079148492
1021,29,GP-BO,0.3994795079148492
1021,30,GP-BO,0.3994795079148492
1021,31,GP-BO,0.3994795079148492
1021,32,GP-BO,0.3994795079148492
1021,33,GP-BO,0.3994795079148492
1021,34,GP-BO,0.3994795079148492
1021,35,GP-BO,0.3994795079148492
1021,36,GP-BO,0.3994795079148492
1021,37,GP-BO,0.3994795079148492
1021,38,GP-BO,0.3994795079148492
1021,39,GP-BO,0.3994795079148492
1021,40,GP-BO,0.3994795079148492
1021,41,GP-BO,0.3994795079148492
1021,42,GP-BO,0.3994795079148492
1021,43,GP-BO,0.3994795079148492
1021,44,GP-BO,0.3994795079148492
1021,45,GP-BO,0.3994795079148492
1021,46,GP-BO,0.3994795079148492
1021,47,GP-BO,0.3994795079148492
1021,48,GP-BO,0.3994795079148492
1021,49,GP-BO,0.3994795079148492
1021,50,GP-BO,0.3994795079148492
1021,51,GP-BO,0.3994795079148492
1021,52,GP-BO,0.3994795079148492
1021,53,GP-BO,0.3985496853309982
1021,54,GP-BO,0.3985496853309982
1021,55,GP-BO,0.3985496853309982
1021,56,GP-BO,0.3985496853309982
1021,57,GP-BO,0.3985496853309982
1021,58,GP-BO,0.3985496853309982
1021,59,GP-BO,0.3983553337978698
1021,60,GP-BO,0.3983553337978698
1021,61,GP-BO,0.3983553337978698
1021,62,GP-BO,0.3983553337978698
1021,63,GP-BO,0.3983553337978698
1021,64,GP-BO,0.3983553337978698
1021,65,GP-BO,0.3983553337978698
1021,66,GP-BO,0.3983553337978698
1021,67,GP-BO,0.3983553337978698
1021,68,GP-BO,0.3983553337978698
1021,69,GP-BO,0.3983553337978698
1021,70,GP-BO,0.3983553337978698
1021,71,GP-BO,0.3980996560628167
1021,72,GP-BO,0.3980996560628167
1021,73,GP-BO,0.3980996560628167
1021,74,GP-BO,0.3980996560628167
1021,75,GP-BO,0.3980996560628167
1021,76,GP-BO,0.3980996560628167
1021,77,GP-BO,0.3980996560628167
1021,78,GP-BO,0.3980996560628167
1021,79,GP-BO,0.3980996560628167
1021,80,GP-BO,0.3980996560628167
1021,0,Random,2.271819001116593
1021,1,Random,2.271819001116593
1021,2,Random,2.271819001116593
1021,3,Random,2.271819001116593
1021,4,Random,2.271819001116593
1021,5,Random,2.271819001116593
1021,6,Random,2.271819001116593
1021,7,Random,2.271819001116593
1021,8,Random,2.271819001116593
1021,9,Random,2.271819001116593
1021,10,Random,2.271819001116593
1021,11,Random,2.271819001116593
1021,12,Random,2.271819001116593
1021,13,Random,2.271819001116593
1021,14,Random,2.271819001116593
1021,15,Random,2.271819001116593
1021,16,Random,2.271819001116593
1021,17,Random,2.271819001116593
1021,18,Random,2.271819001116593
1021,19,Random,2.271819001116593
1021,20,Random,2.271819001116593
1021,21,Random,2.271819001116593
1021,22,Random,2.271819001116593
1021,23,Random,2.271819001116593
1021,24,Random,2.271819001116593
1021,25,Random,2.271819001116593
1021,26,Random,2.271819001116593
1021,27,Random,2.271819001116593
1021,28,Random,2.271819001116593
1021,29,Random,2.271819001116593
1021,30,Random,2.271819001116593
1021,31,Random,2.271819001116593
1021,32,Random,2.271819001116593
1021,33,Random,2.271819001116593
1021,34,Random,2.271819001116593
1021,35,Random,2.271819001116593
1021,36,Random,2.271819001116593
1021,37,Random,2.271819001116593
1021,38,Random,2.271819001116593
1021,39,Random,2.271819001116593
1021,40,Random,2.271819001116593
1021,41,Random,2.271819001116593
1021,42,Random,2.271819001116593
1021,43,Random,2.271819001116593
1021,44,Random,2.271819001116593
1021,45,Random,2.271819001116593
1021,46,Random,2.271819001116593
1021,47,Random,2.271819001116593
1021,48,Random,2.271819001116593
1021,49,Random,2.271819001116593
1021,50,Random,2.271819001116593
1021,51,Random,2.271819001116593
1021,52,Random,2.271819001116593
1021,53,Random,2.271819001116593
1021,54,Random,2.271819001116593
1021,55,Random,2.271819001116593
1021,56,Random,2.271819001116593
1021,57,Random,2.271819001116593
1021,58,Random,2.271819001116593
1021,59,Random,2.271819001116593
1021,60,Random,2.271819001116593
1021,61,Random,2.271819001116593
1021,62,Random,2.271819001116593
1021,63,Random,2.271819001116593
1021,64,Random,2.271819001116593
1021,65,Random,2.271819001116593
1021,66,Random,2.271819001116593
1021,67,Random,2.271819001116593
1021,68,Random,2.271819001116593
1021,69,Random,2.271819001116593
1021,70,Random,2.271819001116593
1021,71,Random,2.271819001116593
1021,72,Random,2.271819001116593
1021,73,Random,2.271819001116593
1021,74,Random,2.271819001116593
1021,75,Random,2.271819001116593
1021,76,Random,2.271819001116593
1021,77,Random,2.271819001116593
1021,78,Random,2.271819001116593
1021,79,Random,2.271819001116593
1021,80,Random,2.271819001116593
1022,0,BASS-BO,3.0843743652975597
1022,1,BASS-BO,3.0843743652975597
1022,2,BASS-BO,3.0843743652975597
1022,3,BASS-BO,3.0843743652975597
1022,4,BASS-BO,3.0843743652975597
1022,5,BASS-BO,2.873526025833293
1022,6,BASS-BO,2.873526025833293
1022,7,BASS-BO,2.873526025833293
1022,8,BASS-BO,2.873526025833293
1022,9,BASS-BO,2.873526025833293
1022,10,BASS-BO,2.6224606933028376
1022,11,BASS-BO,2.6224606933028376
1022,12,BASS-BO,2.6224606933028376
1022,13,BASS-BO,2.6224606933028376
1022,14,BASS-BO,0.42232929289333043
1022,15,BASS-BO,0.42232929289333043
1022,16,BASS-BO,0.42232929289333043
1022,17,BASS-BO,0.42232929289333043
1022,18,BASS-BO,0.42232929289333043
1022,19,BASS-BO,0.42232929289333043
1022,20,BASS-BO,0.42232929289333043
1022,21,BASS-BO,0.42232929289333043
1022,22,BASS-BO,0.42232929289333043
1022,23,BASS-BO,0.42232929289333043
1022,24,BASS-BO,0.42232929289333043
1022,25,BASS-BO,0.42232929289333043
1022,26,BASS-BO,0.42232929289333043
1022,27,BASS-BO,0.42232929289333043
1022,28,BASS-BO,0.42232929289333043
1022,29,BASS-BO,0.42232929289333043
1022,30,BASS-BO,0.42232929289333043
1022,31,BASS-BO,0.42232929289333043
1022,32,BASS-BO,0.42232929289333043
1022,33,BASS-BO,0.42232929289333043
1022,34,BASS-BO,0.42232929289333043
1022,35,BASS-BO,0.42232929289333043
1022,36,BASS-BO,0.42232929289333043
1022,37,BASS-BO,0.42232929289333043
1022,38,BASS-BO,0.42232929289333043
1022,39,BASS-BO,0.42232929289333043
1022,40,BASS-BO,0.42232929289333043
1022,41,BASS-BO,0.42232929289333043
1022,42,BASS-BO,0.42232929289333043
1022,43,BASS-BO,0.42232929289333043
1022,44,BASS-BO,0.42232929289333043
1022,45,BASS-BO,0.42232929289333043
1022,46,BASS-BO,0.42232929289333043
1022,47,BASS-BO,0.42232929289333043
1022,48,BASS-BO,0.42232929289333043
1022,49,BASS-BO,0.42232929289333043
1022,50,BASS-BO,0.4196645323112289
1022,51,BASS-BO,0.4138826898916008
1022,52,BASS-BO,0.4138826898916008
1022,53,BASS-BO,0.4138826898916008
1022,54,BASS-BO,0.4138826898916008
1022,55,BASS-BO,0.4138826898916008
1022,56,BASS-BO,0.4138826898916008
1022,57,BASS-BO,0.4138826898916008
1022,58,BASS-BO,0.4138826898916008
1022,59,BASS-BO,0.4138826898916008
1022,60,BASS-BO,0.4138826898916008
1022,61,BASS-BO,0.4138826898916008
1022,62,BASS-BO,0.4138826898916008
1022,63,BASS-BO,0.4138826898916008
1022,64,BASS-BO,0.4138826898916008
1022,65,BASS-BO,0.4138826898916008
1022,66,BASS-BO,0.4138826898916008
1022,67,BASS-BO,0.4138826898916008
1022,68,BASS-BO,0.4138826898916008
1022,69,BASS-BO,0.40965859923210957
1022,70,BASS-BO,0.40965859923210957
1022,71,BASS-BO,0.40965859923210957
1022,72,BASS-BO,0.40965859923210957
1022,73,BASS-BO,0.40965859923210957
1022,74,BASS-BO,0.40965859923210957
1022,75,BASS-BO,0.40965859923210957
1022,76,BASS-BO,0.40965859923210957
1022,77,BASS-BO,0.40965859923210957
1022,78,BASS-BO,0.40965859923210957
1022,79,BASS-BO,0.40965859923210957
1022,80,BASS-BO,0.40965859923210957
1022,0,GP-BO,3.0843743652975597
1022,1,GP-BO,3.0843743652975597
1022,2,GP-BO,3.0843743652975597
1022,3,GP-BO,2.4308761276304525
1022,4,GP-BO,2.4308761276304525
1022,5,GP-BO,2.4308761276304525
1022,6,GP-BO,1.9611961326137717
1022,7,GP-BO,1.9611961326137717
1022,8,GP-BO,1.9611961326137717
1022,9,GP-BO,1.9611961326137717
1022,10,GP-BO,0.9151311023919249
1022,11,GP-BO,0.9151311023919249
1022,12,GP-BO,0.9151311023919249
1022,13,GP-BO,0.7369619500977294
1022,14,GP-BO,0.7369619500977294
1022,15,GP-BO,0.4630013806496507
1022,16,GP-BO,0.4630013806496507
1022,17,GP-BO,0.4630013806496507
1022,18,GP-BO,0.42082887143082637
1022,19,GP-BO,0.42082887143082637
1022,20,GP-BO,0.42082887143082637
1022,21,GP-BO,0.42082887143082637
1022,22,GP-BO,0.42082887143082637
1022,23,GP-BO,0.42082887143082637
1022,24,GP-BO,0.40861617804343275
1022,25,GP-BO,0.40861617804343275
1022,26,GP-BO,0.40861617804343275
1022,27,GP-BO,0.40861617804343275
1022,28,GP-BO,0.40861617804343275
1022,29,GP-BO,0.40861617804343275
1022,30,GP-BO,0.40861617804343275
1022,31,GP-BO,0.40861617804343275
1022,32,GP-BO,0.40861617804343275
1022,33,GP-BO,0.40861617804343275
1022,34,GP-BO,0.40861617804343275
1022,35,GP-BO,0.40861617804343275
1022,36,GP-BO,0.40861617804343275
1022,37,GP-BO,0.40628804501318605
1022,38,GP-BO,0.40628804501318605
1022,39,GP-BO,0.40628804501318605
1022,40,GP-BO,0.40628804501318605
1022,41,GP-BO,0.40628804501318605
1022,42,GP-BO,0.40628804501318605
1022,43,GP-BO,0.40628804501318605
1022,44,GP-BO,0.40628804501318605
1022,45,GP-BO,0.40628804501318605
1022,46,GP-BO,0.40628804501318605
1022,47,GP-BO,0.40628804501318605
1022,48,GP-BO,0.40628804501318605
1022,49,GP-BO,0.3983297014224654
1022,50,GP-BO,0.3983297014224654
1022,51,GP-BO,0.3983297014224654
1022,52,GP-BO,0.3983297014224654
1022,53,GP-BO,0.3983297014224654
1022,54,GP-BO,0.3983297014224654
1022,55,GP-BO,0.3983297014224654
1022,56,GP-BO,0.3983297014224654
1022,57,GP-BO,0.3983297014224654
1022,58,GP-BO,0.3983297014224654
1022,59,GP-BO,0.3983297014224654
1022,60,GP-BO,0.3983297014224654
1022,61,GP-BO,0.3983297014224654
1022,62,GP-BO,0.3983297014224654
1022,63,GP-BO,0.3983297014224654
1022,64,GP-BO,0.3983297014224654
1022,65,GP-BO,0.3983297014224654
1022,66,GP-BO,0.3983297014224654
1022,67,GP-BO,0.3983297014224654
1022,68,GP-BO,0.3983297014224654
1022,69,GP-BO,0.3983297014224654
1022,70,GP-BO,0.3983297014224654
1022,71,GP-BO,0.3983297014224654
1022,72,GP-BO,0.3983297014224654
1022,73,GP-BO,0.3983297014224654
1022,74,GP-BO,0.3983297014224654
1022,75,GP-BO,0.3983297014224654
1022,76,GP-BO,0.3983297014224654
1022,77,GP-BO,0.3983297014224654
1022,78,GP-BO,0.3983297014224654
1022,79,GP-BO,0.3983297014224654
1022,80,GP-BO,0.3983297014224654
1022,0,Random,3.0843743652975597
1022,1,Random,3.0843743652975597
1022,2,Random,3.0843743652975597
1022,3,Random,3.0843743652975597
1022,4,Random,3.0843743652975597
1022,5,Random,3.0843743652975597
1022,6,Random,3.0843743652975597
1022,7,Random,3.0843743652975597
1022,8,Random,3.0843743652975597
1022,9,Random,3.0843743652975597
1022,10,Random,3.0843743652975597
1022,11,Random,3.0843743652975597
1022,12,Random,3.0843743652975597
1022,13,Random,3.0843743652975597
1022,14,Random,3.0843743652975597
1022,15,Random,0.48151621744218254
1022,16,Random,0.48151621744218254
1022,17,Random,0.48151621744218254
1022,18,Random,0.48151621744218254
1022,19,Random,0.48151621744218254
1022,20,Random,0.48151621744218254
1022,21,Random,0.48151621744218254
1022,22,Random,0.48151621744218254
1022,23,Random,0.48151621744218254
1022,24,Random,0.48151621744218254
1022,25,Random,0.48151621744218254
1022,26,Random,0.48151621744218254
1022,27,Random,0.48151621744218254
1022,28,Random,0.48151621744218254
1022,29,Random,0.48151621744218254
1022,30,Random,0.48151621744218254
1022,31,Random,0.48151621744218254
1022,32,Random,0.48151621744218254
1022,33,Random,0.48151621744218254
1022,34,Random,0.48151621744218254
1022,35,Random,0.48151621744218254
1022,36,Random,0.48151621744218254
1022,37,Random,0.48151621744218254
1022,38,Random,0.48151621744218254
1022,39,Random,0.48151621744218254
1022,40,Random,0.48151621744218254
1022,41,Random,0.48151621744218254
1022,42,Random,0.48151621744218254
1022,43,Random,0.48151621744218254
1022,44,Random,0.48151621744218254
1022,45,Random,0.48151621744218254
1022,46,Random,0.48151621744218254
1022,47,Random,0.48151621744218254
1022,48,Random,0.48151621744218254
1022,49,Random,0.48151621744218254
1022,50,Random,0.48151621744218254
1022,51,Random,0.48151621744218254
1022,52,Random,0.48151621744218254
1022,53,Random,0.48151621744218254
1022,54,Random,0.48151621744218254
1022,55,Random,0.48151621744218254
1022,56,Random,0.48151621744218254
1022,57,Random,0.48151621744218254
1022,58,Random,0.48151621744218254
1022,59,Random,0.48151621744218254
1022,60,Random,0.48151621744218254
1022,61,Random,0.48151621744218254
1022,62,Random,0.48151621744218254
1022,63,Random,0.48151621744218254
1022,64,Random,0.48151621744218254
1022,65,Random,0.48151621744218254
1022,66,Random,0.48151621744218254
1022,67,Random,0.48151621744218254
1022,68,Random,0.48151621744218254
1022,69,Random,0.48151621744218254
1022,70,Random,0.48151621744218254
1022,71,Random,0.48151621744218254
1022,72,Random,0.48151621744218254
1022,73,Random,0.48151621744218254
1022,74,Random,0.48151621744218254
1022,75,Random,0.48151621744218254
1022,76,Random,0.48151621744218254
1022,77,Random,0.48151621744218254
1022,78,Random,0.48151621744218254
1022,79,Random,0.48151621744218254
1022,80,Random,0.48151621744218254
1023,0,BASS-BO,3.026680753815846
1023,1,BASS-BO,3.026680753815846
1023,2,BASS-BO,3.026680753815846
1023,3,BASS-BO,3.026680753815846
1023,4,BASS-BO,3.026680753815846
1023,5,BASS-BO,3.026680753815846
1023,6,BASS-BO,3.026680753815846
1023,7,BASS-BO,3.026680753815846
1023,8,BASS-BO,3.026680753815846
1023,9,BASS-BO,3.026680753815846
1023,10,BASS-BO,3.026680753815846
1023,11,BASS-BO,3.026680753815846
1023,12,BASS-BO,3.026680753815846
1023,13,BASS-BO,3.026680753815846
1023,14,BASS-BO,3.026680753815846
1023,15,BASS-BO,1.7558501920409153
1023,16,BASS-BO,1.7558501920409153
1023,17,BASS-BO,1.7558501920409153
1023,18,BASS-BO,1.7558501920409153
1023,19,BASS-BO,1.7558501920409153
1023,20,BASS-BO,1.7558501920409153
1023,21,BASS-BO,1.7558501920409153
1023,22,BASS-BO,1.7558501920409153
1023,23,BASS-BO,1.7558501920409153
1023,24,BASS-BO,1.7558501920409153
1023,25,BASS-BO,1.7558501920409153
1023,26,BASS-BO,1.7558501920409153
1023,27,BASS-BO,1.4658548193515362
1023,28,BASS-BO,1.118506116821651
1023,29,BASS-BO,1.118506116821651
1023,30,BASS-BO,1.118506116821651
1023,31,BASS-BO,1.118506116821651
1023,32,BASS-BO,1.118506116821651
1023,33,BASS-BO,1.118506116821651
1023,34,BASS-BO,1.118506116821651
1023,35,BASS-BO,1.118506116821651
1023,36,BASS-BO,1.118506116821651
1023,37,BASS-BO,1.118506116821651
1023,38,BASS-BO,1.118506116821651
1023,39,BASS-BO,1.118506116821651
1023,40,BASS-BO,0.6893067981407945
1023,41,BASS-BO,0.6893067981407945
1023,42,BASS-BO,0.6893067981407945
1023,43,BASS-BO,0.6893067981407945
1023,44,BASS-BO,0.6893067981407945
1023,45,BASS-BO,0.5348696668284685
1023,46,BASS-BO,0.5348696668284685
1023,47,BASS-BO,0.5348696668284685
1023,48,BASS-BO,0.48288848431737286
1023,49,BASS-BO,0.48288848431737286
1023,50,BASS-BO,0.48288848431737286
1023,51,BASS-BO,0.48288848431737286
1023,52,BASS-BO,0.48288848431737286
1023,53,BASS-BO,0.4194770892414734
1023,54,BASS-BO,0.4194770892414734
1023,55,BASS-BO,0.4194770892414734
1023,56,BASS-BO,0.4194770892414734
1023,57,BASS-BO,0.4194770892414734
1023,58,BASS-BO,0.4194770892414734
1023,59,BASS-BO,0.4194770892414734
1023,60,BASS-BO,0.4194770892414734
1023,61,BASS-BO,0.4194770892414734
1023,62,BASS-BO,0.4194770892414734
1023,63,BASS-BO,0.4109360940473632
1023,64,BASS-BO,0.41035863038057485
1023,65,BASS-BO,0.41035863038057485
1023,66,BASS-BO,0.41035863038057485
1023,67,BASS-BO,0.41035863038057485
1023,68,BASS-BO,0.41035863038057485
1023,69,BASS-BO,0.41035863038057485
1023,70,BASS-BO,0.41035863038057485
1023,71,BASS-BO,0.41035863038057485
1023,72,BASS-BO,0.41035863038057485
1023,73,BASS-BO,0.41035863038057485
1023,74,BASS-BO,0.41035863038057485
1023,75,BASS-BO,0.41035863038057485
1023,76,BASS-BO,0.41035863038057485
1023,77,BASS-BO,0.41035863038057485
1023,78,BASS-BO,0.41035863038057485
1023,79,BASS-BO,0.41035863038057485
1023,80,BASS-BO,0.41035863038057485
1023,0,GP-BO,3.026680753815846
1023,1,GP-BO,3.026680753815846
1023,2,GP-BO,3.026680753815846
1023,3,GP-BO,3.026680753815846
1023,4,GP-BO,3.026680753815846
1023,5,GP-BO,3.026680753815846
1023,6,GP-BO,3.026680753815846
1023,7,GP-BO,2.929997234369691
1023,8,GP-BO,0.992694317401849
1023,9,GP-BO,0.992694317401849
1023,10,GP-BO,0.992694317401849
1023,11,GP-BO,0.69373194248762
1023,12,GP-BO,0.4692365645489467
1023,13,GP-BO,0.4692365645489467
1023,14,GP-BO,0.4387156929828695
1023,15,GP-BO,0.4387156929828695
1023,16,GP-BO,0.4387156929828695
1023,17,GP-BO,0.4137366125953843
1023,18,GP-BO,0.4137366125953843
1023,19,GP-BO,0.4137366125953843
1023,20,GP-BO,0.4137366125953843
1023,21,GP-BO,0.4137366125953843
1023,22,GP-BO,0.4137366125953843
1023,23,GP-BO,0.4137366125953843
1023,24,GP-BO,0.4137366125953843
1023,25,GP-BO,0.4137366125953843
1023,26,GP-BO,0.4137366125953843
1023,27,GP-BO,0.4137366125953843
1023,28,GP-BO,0.4137366125953843
1023,29,GP-BO,0.4137366125953843
1023,30,GP-BO,0.4137366125953843
1023,31,GP-BO,0.4137366125953843
1023,32,GP-BO,0.39989952130292217
1023,33,GP-BO,0.39989952130292217
1023,34,GP-BO,0.39989952130292217
1023,35,GP-BO,0.39989952130292217
1023,36,GP-BO,0.39989952130292217
1023,37,GP-BO,0.39989952130292217
1023,38,GP-BO,0.39989952130292217
1023,39,GP-BO,0.39989952130292217
1023,40,GP-BO,0.39989952130292217
1023,41,GP-BO,0.39989952130292217
1023,42,GP-BO,0.39989952130292217
1023,43,GP-BO,0.39989952130292217
1023,44,GP-BO,0.39989952130292217
1023,45,GP-BO,0.39989952130292217
1023,46,GP-BO,0.39989952130292217
1023,47,GP-BO,0.39989952130292217
1023,48,GP-BO,0.39989952130292217
1023,49,GP-BO,0.39989952130292217
1023,50,GP-BO,0.39989952130292217
1023,51,GP-BO,0.3989438272869936
1023,52,GP-BO,0.3989438272869936
1023,53,GP-BO,0.3989438272869936
1023,54,GP-BO,0.3989438272869936
1023,55,GP-BO,0.3989438272869936
1023,56,GP-BO,0.3989438272869936
1023,57,GP-BO,0.3989438272869936
1023,58,GP-BO,0.3979365627881748
1023,59,GP-BO,0.3979365627881748
1023,60,GP-BO,0.3979365627881748
1023,61,GP-BO,0.3979365627881748
1023,62,GP-BO,0.3979365627881748
1023,63,GP-BO,0.3979365627881748
1023,64,GP-BO,0.3979365627881748
1023,65,GP-BO,0.3979365627881748
1023,66,GP-BO,0.3979365627881748
1023,67,GP-BO,0.3979365627881748
1023,68,GP-BO,0.3979365627881748
1023,69,GP-BO,0.3979365627881748
1023,70,GP-BO,0.3979365627881748
1023,71,GP-BO,0.3979365627881748
1023,72,GP-BO,0.3979365627881748
1023,73,GP-BO,0.3979365627881748
1023,74,GP-BO,0.3979365627881748
1023,75,GP-BO,0.3979365627881748
1023,76,GP-BO,0.3979365627881748
1023,77,GP-BO,0.3979365627881748
1023,78,GP-BO,0.3979365627881748
1023,79,GP-BO,0.3979365627881748
1023,80,GP-BO,0.3979365627881748
1023,0,Random,3.026680753815846
1023,1,Random,3.026680753815846
1023,2,Random,3.026680753815846
1023,3,Random,3.026680753815846
1023,4,Random,3.026680753815846
1023,5,Random,3.026680753815846
1023,6,Random,1.1737019279194758
1023,7,Random,1.1737019279194758
1023,8,Random,1.1737019279194758
1023,9,Random,1.1737019279194758
1023,10,Random,1.1737019279194758
1023,11,Random,1.1737019279194758
1023,12,Random,1.1737019279194758
1023,13,Random,1.1737019279194758
1023,14,Random,1.1737019279194758
1023,15,Random,1.1737019279194758
1023,16,Random,1.1737019279194758
1023,17,Random,1.1737019279194758
1023,18,Random,1.1737019279194758
1023,19,Random,1.1737019279194758
1023,20,Random,1.1737019279194758
1023,21,Random,1.1737019279194758
1023,22,Random,1.1737019279194758
1023,23,Random,1.1737019279194758
1023,24,Random,1.1737019279194758
1023,25,Random,1.1737019279194758
1023,26,Random,1.1737019279194758
1023,27,Random,1.1737019279194758
1023,28,Random,1.1737019279194758
1023,29,Random,1.1737019279194758
1023,30,Random,1.1737019279194758
1023,31,Random,1.143875002298735
1023,32,Random,1.143875002298735
1023,33,Random,1.143875002298735
1023,34,Random,1.143875002298735
1023,35,Random,1.143875002298735
1023,36,Random,1.143875002298735
1023,37,Random,1.143875002298735
1023,38,Random,1.143875002298735
1023,39,Random,0.44200216683334936
1023,40,Random,0.44200216683334936
1023,41,Random,0.44200216683334936
1023,42,Random,0.44200216683334936
1023,43,Random,0.44200216683334936
1023,44,Random,0.44200216683334936
1023,45,Random,0.44200216683334936
1023,46,Random,0.44200216683334936
1023,47,Random,0.44200216683334936
1023,48,Random,0.44200216683334936
1023,49,Random,0.44200216683334936
1023,50,Random,0.44200216683334936
1023,51,Random,0.44200216683334936
1023,52,Random,0.44200216683334936
1023,53,Random,0.44200216683334936
1023,54,Random,0.44200216683334936
1023,55,Random,0.44200216683334936
1023,56,Random,0.44200216683334936
1023,57,Random,0.44200216683334936
1023,58,Random,0.44200216683334936
1023,59,Random,0.44200216683334936
1023,60,Random,0.44200216683334936
1023,61,Random,0.44200216683334936
1023,62,Random,0.44200216683334936
1023,63,Random,0.44200216683334936
1023,64,Random,0.44200216683334936
1023,65,Random,0.44200216683334936
1023,66,Random,0.44200216683334936
1023,67,Random,0.44200216683334936
1023,68,Random,0.44200216683334936
1023,69,Random,0.44200216683334936
1023,70,Random,0.44200216683334936
1023,71,Random,0.44200216683334936
1023,72,Random,0.44200216683334936
1023,73,Random,0.44200216683334936
1023,74,Random,0.44200216683334936
1023,75,Random,0.44200216683334936
1023,76,Random,0.44200216683334936
1023,77,Random,0.44200216683334936
1023,78,Random,0.44200216683334936
1023,79,Random,0.44200216683334936
1023,80,Random,0.44200216683334936
1024,0,BASS-BO,5.47041400574611
1024,1,BASS-BO,5.47041400574611
1024,2,BASS-BO,5.47041400574611
1024,3,BASS-BO,5.47041400574611
1024,4,BASS-BO,5.47041400574611
1024,5,BASS-BO,5.47041400574611
1024,6,BASS-BO,5.47041400574611
1024,7,BASS-BO,5.47041400574611
1024,8,BASS-BO,5.47041400574611
1024,9,BASS-BO,5.47041400574611
1024,10,BASS-BO,5.47041400574611
1024,11,BASS-BO,5.47041400574611
1024,12,BASS-BO,5.47041400574611
1024,13,BASS-BO,5.47041400574611
1024,14,BASS-BO,5.47041400574611
1024,15,BASS-BO,1.8226426983905561
1024,16,BASS-BO,1.8226426983905561
1024,17,BASS-BO,1.8226426983905561
1024,18,BASS-BO,1.8226426983905561
1024,19,BASS-BO,1.8226426983905561
1024,20,BASS-BO,1.8226426983905561
1024,21,BASS-BO,1.8226426983905561
1024,22,BASS-BO,1.8226426983905561
1024,23,BASS-BO,1.8226426983905561
1024,24,BASS-BO,1.8226426983905561
1024,25,BASS-BO,1.8226426983905561
1024,26,BASS-BO,1.8226426983905561
1024,27,BASS-BO,1.8226426983905561
1024,28,BASS-BO,1.8226426983905561
1024,29,BASS-BO,1.8226426983905561
1024,30,BASS-BO,1.8226426983905561
1024,31,BASS-BO,1.8226426983905561
1024,32,BASS-BO,1.8226426983905561
1024,33,BASS-BO,1.8226426983905561
1024,34,BASS-BO,1.8226426983905561
1024,35,BASS-BO,1.8226426983905561
1024,36,BASS-BO,1.8226426983905561
1024,37,BASS-BO,1.8226426983905561
1024,38,BASS-BO,1.8076398196587888
1024,39,BASS-BO,1.8076398196587888
1024,40,BASS-BO,1.8076398196587888
1024,41,BASS-BO,1.8076398196587888
1024,42,BASS-BO,1.8076398196587888
1024,43,BASS-BO,1.8076398196587888
1024,44,BASS-BO,1.8076398196587888
1024,45,BASS-BO,1.8076398196587888
1024,46,BASS-BO,1.0896549766080952
1024,47,BASS-BO,1.0896549766080952
1024,48,BASS-BO,1.0896549766080952
1024,49,BASS-BO,1.0896549766080952
1024,50,BASS-BO,1.0896549766080952
1024,51,BASS-BO,1.0896549766080952
1024,52,BASS-BO,1.0896549766080952
1024,53,BASS-BO,1.0896549766080952
1024,54,BASS-BO,0.8195805264505758
1024,55,BASS-BO,0.8195805264505758
1024,56,BASS-BO,0.8195805264505758
1024,57,BASS-BO,0.46807997496551046
1024,58,BASS-BO,0.46807997496551046
1024,59,BASS-BO,0.46807997496551046
1024,60,BASS-BO,0.46807997496551046
1024,61,BASS-BO,0.46807997496551046
1024,62,BASS-BO,0.46807997496551046
1024,63,BASS-BO,0.46807997496551046
1024,64,BASS-BO,0.46807997496551046
1024,65,BASS-BO,0.46807997496551046
1024,66,BASS-BO,0.46807997496551046
1024,67,BASS-BO,0.46807997496551046
1024,68,BASS-BO,0.46807997496551046
1024,69,BASS-BO,0.4591961721089337
1024,70,BASS-BO,0.4591961721089337
1024,71,BASS-BO,0.4591961721089337
1024,72,BASS-BO,0.4591961721089337
1024,73,BASS-BO,0.4591961721089337
1024,74,BASS-BO,0.4591961721089337
1024,75,BASS-BO,0.4591961721089337
1024,76,BASS-BO,0.4590265227452406
1024,77,BASS-BO,0.4590265227452406
1024,78,BASS-BO,0.4590265227452406
1024,79,BASS-BO,0.4590265227452406
1024,80,BASS-BO,0.4590265227452406
1024,0,GP-BO,5.47041400574611
1024,1,GP-BO,5.47041400574611
1024,2,GP-BO,5.47041400574611
1024,3,GP-BO,5.47041400574611
1024,4,GP-BO,5.47041400574611
1024,5,GP-BO,5.47041400574611
1024,6,GP-BO,0.5081237269918581
1024,7,GP-BO,0.5081237269918581
1024,8,GP-BO,0.5081237269918581
1024,9,GP-BO,0.5081237269918581
1024,10,GP-BO,0.5081237269918581
1024,11,GP-BO,0.5081237269918581
1024,12,GP-BO,0.5081237269918581
1024,13,GP-BO,0.4117667270839753
1024,14,GP-BO,0.4117667270839753
1024,15,GP-BO,0.4117667270839753
1024,16,GP-BO,0.4117667270839753
1024,17,GP-BO,0.4117667270839753
1024,18,GP-BO,0.4117667270839753
1024,19,GP-BO,0.4117667270839753
1024,20,GP-BO,0.4117667270839753
1024,21,GP-BO,0.4117667270839753
1024,22,GP-BO,0.4117667270839753
1024,23,GP-BO,0.4117667270839753
1024,24,GP-BO,0.4117667270839753
1024,25,GP-BO,0.4117667270839753
1024,26,GP-BO,0.4117667270839753
1024,27,GP-BO,0.4117667270839753
1024,28,GP-BO,0.39916695823684023
1024,29,GP-BO,0.39916695823684023
1024,30,GP-BO,0.39916695823684023
1024,31,GP-BO,0.39916695823684023
1024,32,GP-BO,0.39916695823684023
1024,33,GP-BO,0.39916695823684023
1024,34,GP-BO,0.39916695823684023
1024,35,GP-BO,0.39916695823684023
1024,36,GP-BO,0.39916695823684023
1024,37,GP-BO,0.39807993725385593
1024,38,GP-BO,0.39807993725385593
1024,39,GP-BO,0.39807993725385593
1024,40,GP-BO,0.39807993725385593
1024,41,GP-BO,0.39807993725385593
1024,42,GP-BO,0.39807993725385593
1024,43,GP-BO,0.39807993725385593
1024,44,GP-BO,0.39807993725385593
1024,45,GP-BO,0.39807993725385593
1024,46,GP-BO,0.39807993725385593
1024,47,GP-BO,0.39807993725385593
1024,48,GP-BO,0.39807993725385593
1024,49,GP-BO,0.39807993725385593
1024,50,GP-BO,0.39807993725385593
1024,51,GP-BO,0.39807993725385593
1024,52,GP-BO,0.39807993725385593
1024,53,GP-BO,0.39807993725385593
1024,54,GP-BO,0.39807993725385593
1024,55,GP-BO,0.39807993725385593
1024,56,GP-BO,0.39807993725385593
1024,57,GP-BO,0.39807993725385593
1024,58,GP-BO,0.3979883862527256
1024,59,GP-BO,0.3979883862527256
1024,60,GP-BO,0.3979883862527256
1024,61,GP-BO,0.3979883862527256
1024,62,GP-BO,0.3979883862527256
1024,63,GP-BO,0.3979883862527256
1024,64,GP-BO,0.3979883862527256
1024,65,GP-BO,0.3979883862527256
1024,66,GP-BO,0.39798315526877026
1024,67,GP-BO,0.39798315526877026
1024,68,GP-BO,0.3979826348961879
1024,69,GP-BO,0.3979826348961879
1024,70,GP-BO,0.3979826348961879
1024,71,GP-BO,0.3979826348961879
1024,72,GP-BO,0.3979826348961879
1024,73,GP-BO,0.3979826348961879
1024,74,GP-BO,0.3979826348961879
1024,75,GP-BO,0.3979826348961879
1024,76,GP-BO,0.3979826348961879
1024,77,GP-BO,0.3979826348961879
1024,78,GP-BO,0.3979826348961879
1024,79,GP-BO,0.3979826348961879
1024,80,GP-BO,0.3979826348961879
1024,0,Random,5.47041400574611
1024,1,Random,5.47041400574611
1024,2,Random,5.47041400574611
1024,3,Random,5.47041400574611
1024,4,Random,5.47041400574611
1024,5,Random,5.47041400574611
1024,6,Random,5.47041400574611
1024,7,Random,2.152487588814356
1024,8,Random,2.152487588814356
1024,9,Random,2.152487588814356
1024,10,Random,2.152487588814356
1024,11,Random,2.152487588814356
1024,12,Random,2.152487588814356
1024,13,Random,2.152487588814356
1024,14,Random,2.152487588814356
1024,15,Random,2.152487588814356
1024,16,Random,2.152487588814356
1024,17,Random,2.152487588814356
1024,18,Random,2.152487588814356
1024,19,Random,2.152487588814356
1024,20,Random,2.152487588814356
1024,21,Random,2.152487588814356
1024,22,Random,2.152487588814356
1024,23,Random,2.152487588814356
1024,24,Random,2.152487588814356
1024,25,Random,2.152487588814356
1024,26,Random,2.152487588814356
1024,27,Random,2.152487588814356
1024,28,Random,2.152487588814356
1024,29,Random,2.152487588814356
1024,30,Random,2.152487588814356
1024,31,Random,2.152487588814356
1024,32,Random,2.152487588814356
1024,33,Random,2.152487588814356
1024,34,Random,2.152487588814356
1024,35,Random,2.152487588814356
1024,36,Random,2.152487588814356
1024,37,Random,2.152487588814356
1024,38,Random,2.152487588814356
1024,39,Random,2.152487588814356
1024,40,Random,2.152487588814356
1024,41,Random,2.152487588814356
1024,42,Random,2.152487588814356
1024,43,Random,2.152487588814356
1024,44,Random,2.152487588814356
1024,45,Random,2.152487588814356
1024,46,Random,2.152487588814356
1024,47,Random,2.152487588814356
1024,48,Random,2.152487588814356
1024,49,Random,2.152487588814356
1024,50,Random,2.152487588814356
1024,51,Random,2.152487588814356
1024,52,Random,2.152487588814356
1024,53,Random,2.152487588814356
1024,54,Random,2.152487588814356
1024,55,Random,2.152487588814356
1024,56,Random,2.152487588814356
1024,57,Random,2.152487588814356
1024,58,Random,2.152487588814356
1024,59,Random,2.152487588814356
1024,60,Random,2.152487588814356
1024,61,Random,2.152487588814356
1024,62,Random,2.152487588814356
1024,63,Random,2.152487588814356
1024,64,Random,1.35485100561257
1024,65,Random,1.35485100561257
1024,66,Random,1.35485100561257
1024,67,Random,1.35485100561257
1024,68,Random,1.35485100561257
1024,69,Random,1.35485100561257
1024,70,Random,1.35485100561257
1024,71,Random,1.35485100561257
1024,72,Random,1.35485100561257
1024,73,Random,1.35485100561257
1024,74,Random,1.35485100561257
1024,75,Random,1.35485100561257
1024,76,Random,1.35485100561257
1024,77,Random,1.35485100561257
1024,78,Random,1.35485100561257
1024,79,Random,1.35485100561257
1024,80,Random,1.35485100561257
1025,0,BASS-BO,10.002956542781758
1025,1,BASS-BO,6.559746028710422
1025,2,BASS-BO,6.559746028710422
1025,3,BASS-BO,3.558043884979191
1025,4,BASS-BO,3.558043884979191
1025,5,BASS-BO,3.558043884979191
1025,6,BASS-BO,1.9045279839220726
1025,7,BASS-BO,1.9045279839220726
1025,8,BASS-BO,1.9045279839220726
1025,9,BASS-BO,1.9045279839220726
1025,10,BASS-BO,1.9045279839220726
1025,11,BASS-BO,1.9045279839220726
1025,12,BASS-BO,1.9045279839220726
1025,13,BASS-BO,1.9045279839220726
1025,14,BASS-BO,1.9045279839220726
1025,15,BASS-BO,1.9045279839220726
1025,16,BASS-BO,1.9045279839220726
1025,17,BASS-BO,1.9045279839220726
1025,18,BASS-BO,1.9045279839220726
1025,19,BASS-BO,1.9045279839220726
1025,20,BASS-BO,1.9045279839220726
1025,21,BASS-BO,1.9045279839220726
1025,22,BASS-BO,1.9045279839220726
1025,23,BASS-BO,1.9045279839220726
1025,24,BASS-BO,1.9045279839220726
1025,25,BASS-BO,1.8329030086130178
1025,26,BASS-BO,1.8329030086130178
1025,27,BASS-BO,1.8329030086130178
1025,28,BASS-BO,1.8329030086130178
1025,29,BASS-BO,1.8329030086130178
1025,30,BASS-BO,1.8329030086130178
1025,31,BASS-BO,1.8329030086130178
1025,32,BASS-BO,1.8329030086130178
1025,33,BASS-BO,1.8329030086130178
1025,34,BASS-BO,1.8329030086130178
1025,35,BASS-BO,1.8329030086130178
1025,36,BASS-BO,1.8329030086130178
1025,37,BASS-BO,1.8329030086130178
1025,38,BASS-BO,1.8329030086130178
1025,39,BASS-BO,1.8329030086130178
1025,40,BASS-BO,1.8329030086130178
1025,41,BASS-BO,1.8329030086130178
1025,42,BASS-BO,1.8329030086130178
1025,43,BASS-BO,1.8329030086130178
1025,44,BASS-BO,1.8329030086130178
1025,45,BASS-BO,1.8329030086130178
1025,46,BASS-BO,1.8329030086130178
1025,47,BASS-BO,1.8329030086130178
1025,48,BASS-BO,1.8329030086130178
1025,49,BASS-BO,1.8329030086130178
1025,50,BASS-BO,0.4134643281321697
1025,51,BASS-BO,0.4134643281321697
1025,52,BASS-BO,0.4134643281321697
1025,53,BASS-BO,0.4134643281321697
1025,54,BASS-BO,0.4134643281321697
1025,55,BASS-BO,0.4134643281321697
1025,56,BASS-BO,0.4134643281321697
1025,57,BASS-BO,0.4134643281321697
1025,58,BASS-BO,0.4134643281321697
1025,59,BASS-BO,0.4134643281321697
1025,60,BASS-BO,0.4134643281321697
1025,61,BASS-BO,0.4134643281321697
1025,62,BASS-BO,0.4134643281321697
1025,63,BASS-BO,0.4134643281321697
1025,64,BASS-BO,0.4134643281321697
1025,65,BASS-BO,0.4134643281321697
1025,66,BASS-BO,0.4134643281321697
1025,67,BASS-BO,0.4134643281321697
1025,68,BASS-BO,0.4134643281321697
1025,69,BASS-BO,0.4134643281321697
1025,70,BASS-BO,0.4134643281321697
1025,71,BASS-BO,0.4134643281321697
1025,72,BASS-BO,0.4134643281321697
1025,73,BASS-BO,0.4134643281321697
1025,74,BASS-BO,0.4134643281321697
1025,75,BASS-BO,0.4134643281321697
1025,76,BASS-BO,0.4134643281321697
1025,77,BASS-BO,0.4134643281321697
1025,78,BASS-BO,0.4134643281321697
1025,79,BASS-BO,0.4134643281321697
1025,80,BASS-BO,0.4134643281321697
1025,0,GP-BO,10.002956542781758
1025,1,GP-BO,10.002956542781758
1025,2,GP-BO,10.002956542781758
1025,3,GP-BO,10.002956542781758
1025,4,GP-BO,10.002956542781758
1025,5,GP-BO,1.8726314830585107
1025,6,GP-BO,1.8726314830585107
1025,7,GP-BO,1.8726314830585107
1025,8,GP-BO,1.786105899864193
1025,9,GP-BO,1.786105899864193
1025,10,GP-BO,1.786105899864193
1025,11,GP-BO,0.5478764797146489
1025,12,GP-BO,0.5072107638287928
1025,13,GP-BO,0.4019359993863194
1025,14,GP-BO,0.4019359993863194
1025,15,GP-BO,0.4019359993863194
1025,16,GP-BO,0.4019359993863194
1025,17,GP-BO,0.4019359993863194
1025,18,GP-BO,0.4019359993863194
1025,19,GP-BO,0.4019359993863194
1025,20,GP-BO,0.4019359993863194
1025,21,GP-BO,0.4019359993863194
1025,22,GP-BO,0.4019359993863194
1025,23,GP-BO,0.4019359993863194
1025,24,GP-BO,0.4019359993863194
1025,25,GP-BO,0.4019359993863194
1025,26,GP-BO,0.4019359993863194
1025,27,GP-BO,0.4019359993863194
1025,28,GP-BO,0.4019359993863194
1025,29,GP-BO,0.4019359993863194
1025,30,GP-BO,0.40105771336063967
1025,31,GP-BO,0.40105771336063967
1025,32,GP-BO,0.40105771336063967
1025,33,GP-BO,0.40105771336063967
1025,34,GP-BO,0.40105771336063967
1025,35,GP-BO,0.40105771336063967
1025,36,GP-BO,0.40105771336063967
1025,37,GP-BO,0.40105771336063967
1025,38,GP-BO,0.40105771336063967
1025,39,GP-BO,0.40105771336063967
1025,40,GP-BO,0.40105771336063967
1025,41,GP-BO,0.40105771336063967
1025,42,GP-BO,0.40105771336063967
1025,43,GP-BO,0.40105771336063967
1025,44,GP-BO,0.39889582538269686
1025,45,GP-BO,0.39889582538269686
1025,46,GP-BO,0.39889582538269686
1025,47,GP-BO,0.39889582538269686
1025,48,GP-BO,0.39889582538269686
1025,49,GP-BO,0.39889582538269686
1025,50,GP-BO,0.39889582538269686
1025,51,GP-BO,0.398243474304838
1025,52,GP-BO,0.398243474304838
1025,53,GP-BO,0.398243474304838
1025,54,GP-BO,0.398243474304838
1025,55,GP-BO,0.398243474304838
1025,56,GP-BO,0.398243474304838
1025,57,GP-BO,0.398243474304838
1025,58,GP-BO,0.398243474304838
1025,59,GP-BO,0.398243474304838
1025,60,GP-BO,0.398243474304838
1025,61,GP-BO,0.398243474304838
1025,62,GP-BO,0.398243474304838
1025,63,GP-BO,0.3980897867578772
1025,64,GP-BO,0.3980897867578772
1025,65,GP-BO,0.3980897867578772
1025,66,GP-BO,0.3980897867578772
1025,67,GP-BO,0.3980897867578772
1025,68,GP-BO,0.3980897867578772
1025,69,GP-BO,0.3980897867578772
1025,70,GP-BO,0.3980897867578772
1025,71,GP-BO,0.3980897867578772
1025,72,GP-BO,0.3980897867578772
1025,73,GP-BO,0.3980897867578772
1025,74,GP-BO,0.3980897867578772
1025,75,GP-BO,0.3980897867578772
1025,76,GP-BO,0.397921724161467
1025,77,GP-BO,0.397921724161467
1025,78,GP-BO,0.397921724161467
1025,79,GP-BO,0.397921724161467
1025,80,GP-BO,0.397921724161467
1025,0,Random,10.002956542781758
1025,1,Random,10.002956542781758
1025,2,Random,2.773108610962378
1025,3,Random,2.773108610962378
1025,4,Random,2.773108610962378
1025,5,Random,2.773108610962378
1025,6,Random,2.773108610962378
1025,7,Random,2.773108610962378
1025,8,Random,2.773108610962378
1025,9,Random,2.773108610962378
1025,10,Random,2.773108610962378
1025,11,Random,2.773108610962378
1025,12,Random,2.773108610962378
1025,13,Random,2.773108610962378
1025,14,Random,2.773108610962378
1025,15,Random,2.773108610962378
1025,16,Random,2.773108610962378
1025,17,Random,2.773108610962378
1025,18,Random,2.773108610962378
1025,19,Random,2.773108610962378
1025,20,Random,2.773108610962378
1025,21,Random,2.773108610962378
1025,22,Random,2.773108610962378
1025,23,Random,2.773108610962378
1025,24,Random,2.773108610962378
1025,25,Random,2.049571773924969
1025,26,Random,2.049571773924969
1025,27,Random,2.049571773924969
1025,28,Random,2.049571773924969
1025,29,Random,2.049571773924969
1025,30,Random,2.049571773924969
1025,31,Random,2.049571773924969
1025,32,Random,2.049571773924969
1025,33,Random,2.049571773924969
1025,34,Random,1.4236659230874444
1025,35,Random,1.4236659230874444
1025,36,Random,1.4236659230874444
1025,37,Random,1.4236659230874444
1025,38,Random,1.4236659230874444
1025,39,Random,1.4236659230874444
1025,40,Random,1.4236659230874444
1025,41,Random,1.4236659230874444
1025,42,Random,1.4236659230874444
1025,43,Random,1.4236659230874444
1025,44,Random,1.4236659230874444
1025,45,Random,1.4236659230874444
1025,46,Random,1.4236659230874444
1025,47,Random,1.4236659230874444
1025,48,Random,1.4236659230874444
1025,49,Random,1.4236659230874444
1025,50,Random,1.4236659230874444
1025,51,Random,1.4236659230874444
1025,52,Random,1.4236659230874444
1025,53,Random,1.4236659230874444
1025,54,Random,1.4236659230874444
1025,55,Random,1.4236659230874444
1025,56,Random,1.4236659230874444
1025,57,Random,1.4236659230874444
1025,58,Random,1.4236659230874444
1025,59,Random,1.4236659230874444
1025,60,Random,1.4236659230874444
1025,61,Random,1.4236659230874444
1025,62,Random,1.4236659230874444
1025,63,Random,1.4236659230874444
1025,64,Random,1.4236659230874444
1025,65,Random,1.4236659230874444
1025,66,Random,1.4236659230874444
1025,67,Random,1.4236659230874444
1025,68,Random,1.4236659230874444
1025,69,Random,1.4236659230874444
1025,70,Random,1.4236659230874444
1025,71,Random,1.4236659230874444
1025,72,Random,1.4236659230874444
1025,73,Random,1.4236659230874444
1025,74,Random,1.4236659230874444
1025,75,Random,1.4236659230874444
1025,76,Random,1.4236659230874444
1025,77,Random,1.4236659230874444
1025,78,Random,1.4236659230874444
1025,79,Random,1.4236659230874444
1025,80,Random,1.4236659230874444
1001,0,TPE (gamma=0.10),10.042492421807973
1001,1,TPE (gamma=0.10),10.042492421807973
1001,2,TPE (gamma=0.10),8.733896805018533
1001,3,TPE (gamma=0.10),8.733896805018533
1001,4,TPE (gamma=0.10),7.4491230376169595
1001,5,TPE (gamma=0.10),7.4491230376169595
1001,6,TPE (gamma=0.10),5.377397810717535
1001,7,TPE (gamma=0.10),5.377397810717535
1001,8,TPE (gamma=0.10),5.377397810717535
1001,9,TPE (gamma=0.10),5.377397810717535
1001,10,TPE (gamma=0.10),5.377397810717535
1001,11,TPE (gamma=0.10),5.377397810717535
1001,12,TPE (gamma=0.10),0.4754386723722295
1001,13,TPE (gamma=0.10),0.4754386723722295
1001,14,TPE (gamma=0.10),0.4754386723722295
1001,15,TPE (gamma=0.10),0.4754386723722295
1001,16,TPE (gamma=0.10),0.4754386723722295
1001,17,TPE (gamma=0.10),0.4754386723722295
1001,18,TPE (gamma=0.10),0.4754386723722295
1001,19,TPE (gamma=0.10),0.4754386723722295
1001,20,TPE (gamma=0.10),0.4754386723722295
1001,21,TPE (gamma=0.10),0.4754386723722295
1001,22,TPE (gamma=0.10),0.4754386723722295
1001,23,TPE (gamma=0.10),0.4754386723722295
1001,24,TPE (gamma=0.10),0.4754386723722295
1001,25,TPE (gamma=0.10),0.4754386723722295
1001,26,TPE (gamma=0.10),0.4754386723722295
1001,27,TPE (gamma=0.10),0.4754386723722295
1001,28,TPE (gamma=0.10),0.4754386723722295
1001,29,TPE (gamma=0.10),0.4754386723722295
1001,30,TPE (gamma=0.10),0.4754386723722295
1001,31,TPE (gamma=0.10),0.4754386723722295
1001,32,TPE (gamma=0.10),0.4754386723722295
1001,33,TPE (gamma=0.10),0.4754386723722295
1001,34,TPE (gamma=0.10),0.4754386723722295
1001,35,TPE (gamma=0.10),0.4754386723722295
1001,36,TPE (gamma=0.10),0.4754386723722295
1001,37,TPE (gamma=0.10),0.4754386723722295
1001,38,TPE (gamma=0.10),0.4754386723722295
1001,39,TPE (gamma=0.10),0.4754386723722295
1001,40,TPE (gamma=0.10),0.4754386723722295
1001,41,TPE (gamma=0.10),0.4754386723722295
1001,42,TPE (gamma=0.10),0.4754386723722295
1001,43,TPE (gamma=0.10),0.4754386723722295
1001,44,TPE (gamma=0.10),0.4754386723722295
1001,45,TPE (gamma=0.10),0.4754386723722295
1001,46,TPE (gamma=0.10),0.4754386723722295
1001,47,TPE (gamma=0.10),0.4754386723722295
1001,48,TPE (gamma=0.10),0.4754386723722295
1001,49,TPE (gamma=0.10),0.4754386723722295
1001,50,TPE (gamma=0.10),0.4754386723722295
1001,51,TPE (gamma=0.10),0.4754386723722295
1001,52,TPE (gamma=0.10),0.4754386723722295
1001,53,TPE (gamma=0.10),0.4754386723722295
1001,54,TPE (gamma=0.10),0.4754386723722295
1001,55,TPE (gamma=0.10),0.4754386723722295
1001,56,TPE (gamma=0.10),0.4754386723722295
1001,57,TPE (gamma=0.10),0.4754386723722295
1001,58,TPE (gamma=0.10),0.4754386723722295
1001,59,TPE (gamma=0.10),0.4754386723722295
1001,60,TPE (gamma=0.10),0.4754386723722295
1001,61,TPE (gamma=0.10),0.4754386723722295
1001,62,TPE (gamma=0.10),0.4754386723722295
1001,63,TPE (gamma=0.10),0.4754386723722295
1001,64,TPE (gamma=0.10),0.4754386723722295
1001,65,TPE (gamma=0.10),0.4754386723722295
1001,66,TPE (gamma=0.10),0.4754386723722295
1001,67,TPE (gamma=0.10),0.4754386723722295
1001,68,TPE (gamma=0.10),0.4754386723722295
1001,69,TPE (gamma=0.10),0.4754386723722295
1001,70,TPE (gamma=0.10),0.4754386723722295
1001,71,TPE (gamma=0.10),0.4754386723722295
1001,72,TPE (gamma=0.10),0.4754386723722295
1001,73,TPE (gamma=0.10),0.4754386723722295
1001,74,TPE (gamma=0.10),0.4754386723722295
1001,75,TPE (gamma=0.10),0.4754386723722295
1001,76,TPE (gamma=0.10),0.4754386723722295
1001,77,TPE (gamma=0.10),0.4754386723722295
1001,78,TPE (gamma=0.10),0.4754386723722295
1001,79,TPE (gamma=0.10),0.4754386723722295
1001,80,TPE (gamma=0.10),0.4754386723722295
1001,0,TPE (gamma=0.25),10.042492421807973
1001,1,TPE (gamma=0.25),10.042492421807973
1001,2,TPE (gamma=0.25),8.733896805018533
1001,3,TPE (gamma=0.25),0.98080934154075194
1001,4,TPE (gamma=0.25),0.98080934154075194
1001,5,TPE (gamma=0.25),0.98080934154075194
1001,6,TPE (gamma=0.25),0.98080934154075194
1001,7,TPE (gamma=0.25),0.98080934154075194
1001,8,TPE (gamma=0.25),0.98080934154075194
1001,9,TPE (gamma=0.25),0.98080934154075194
1001,10,TPE (gamma=0.25),0.98080934154075194
1001,11,TPE (gamma=0.25),0.98080934154075194
1001,12,TPE (gamma=0.25),0.872219956176389
1001,13,TPE (gamma=0.25),0.872219956176389
1001,14,TPE (gamma=0.25),0.872219956176389
1001,15,TPE (gamma=0.25),0.872219956176389
1001,16,TPE (gamma=0.25),0.872219956176389
1001,17,TPE (gamma=0.25),0.872219956176389
1001,18,TPE (gamma=0.25),0.7150528390279796
1001,19,TPE (gamma=0.25),0.7150528390279796
1001,20,TPE (gamma=0.25),0.7150528390279796
1001,21,TPE (gamma=0.25),0.7150528390279796
1001,22,TPE (gamma=0.25),0.7150528390279796
1001,23,TPE (gamma=0.25),0.7150528390279796
1001,24,TPE (gamma=0.25),0.7150528390279796
1001,25,TPE (gamma=0.25),0.7150528390279796
1001,26,TPE (gamma=0.25),0.7150528390279796
1001,27,TPE (gamma=0.25),0.7150528390279796
1001,28,TPE (gamma=0.25),0.7150528390279796
1001,29,TPE (gamma=0.25),0.7150528390279796
1001,30,TPE (gamma=0.25),0.7150528390279796
1001,31,TPE (gamma=0.25),0.4332284349846507
1001,32,TPE (gamma=0.25),0.4332284349846507
1001,33,TPE (gamma=0.25),0.4332284349846507
1001,34,TPE (gamma=0.25),0.4332284349846507
1001,35,TPE (gamma=0.25),0.4332284349846507
1001,36,TPE (gamma=0.25),0.4332284349846507
1001,37,TPE (gamma=0.25),0.4332284349846507
1001,38,TPE (gamma=0.25),0.4332284349846507
1001,39,TPE (gamma=0.25),0.4332284349846507
1001,40,TPE (gamma=0.25),0.4332284349846507
1001,41,TPE (gamma=0.25),0.4332284349846507
1001,42,TPE (gamma=0.25),0.4332284349846507
1001,43,TPE (gamma=0.25),0.4332284349846507
1001,44,TPE (gamma=0.25),0.4332284349846507
1001,45,TPE (gamma=0.25),0.4332284349846507
1001,46,TPE (gamma=0.25),0.4332284349846507
1001,47,TPE (gamma=0.25),0.4332284349846507
1001,48,TPE (gamma=0.25),0.4332284349846507
1001,49,TPE (gamma=0.25),0.4332284349846507
1001,50,TPE (gamma=0.25),0.4332284349846507
1001,51,TPE (gamma=0.25),0.4332284349846507
1001,52,TPE (gamma=0.25),0.4332284349846507
1001,53,TPE (gamma=0.25),0.4332284349846507
1001,54,TPE (gamma=0.25),0.4332284349846507
1001,55,TPE (gamma=0.25),0.4332284349846507
1001,56,TPE (gamma=0.25),0.4332284349846507
1001,57,TPE (gamma=0.25),0.4332284349846507
1001,58,TPE (gamma=0.25),0.4332284349846507
1001,59,TPE (gamma=0.25),0.4332284349846507
1001,60,TPE (gamma=0.25),0.4332284349846507
1001,61,TPE (gamma=0.25),0.4332284349846507
1001,62,TPE (gamma=0.25),0.4332284349846507
1001,63,TPE (gamma=0.25),0.4332284349846507
1001,64,TPE (gamma=0.25),0.4332284349846507
1001,65,TPE (gamma=0.25),0.4332284349846507
1001,66,TPE (gamma=0.25),0.4332284349846507
1001,67,TPE (gamma=0.25),0.4332284349846507
1001,68,TPE (gamma=0.25),0.4332284349846507
1001,69,TPE (gamma=0.25),0.4332284349846507
1001,70,TPE (gamma=0.25),0.4332284349846507
1001,71,TPE (gamma=0.25),0.4332284349846507
1001,72,TPE (gamma=0.25),0.4332284349846507
1001,73,TPE (gamma=0.25),0.4332284349846507
1001,74,TPE (gamma=0.25),0.4332284349846507
1001,75,TPE (gamma=0.25),0.4332284349846507
1001,76,TPE (gamma=0.25),0.4332284349846507
1001,77,TPE (gamma=0.25),0.4332284349846507
1001,78,TPE (gamma=0.25),0.4332284349846507
1001,79,TPE (gamma=0.25),0.4332284349846507
1001,80,TPE (gamma=0.25),0.4332284349846507
1001,0,TPE (gamma=0.50),10.042492421807973
1001,1,TPE (gamma=0.50),10.042492421807973
1001,2,TPE (gamma=0.50),8.733896805018533
1001,3,TPE (gamma=0.50),8.733896805018533
1001,4,TPE (gamma=0.50),8.733896805018533
1001,5,TPE (gamma=0.50),8.733896805018533
1001,6,TPE (gamma=0.50),8.733896805018533
1001,7,TPE (gamma=0.50),8.733896805018533
1001,8,TPE (gamma=0.50),8.733896805018533
1001,9,TPE (gamma=0.50),8.733896805018533
1001,10,TPE (gamma=0.50),8.733896805018533
1001,11,TPE (gamma=0.50),8.733896805018533
1001,12,TPE (gamma=0.50),8.733896805018533
1001,13,TPE (gamma=0.50),8.733896805018533
1001,14,TPE (gamma=0.50),8.733896805018533
1001,15,TPE (gamma=0.50),4.825065552690149
1001,16,TPE (gamma=0.50),4.825065552690149
1001,17,TPE (gamma=0.50),4.825065552690149
1001,18,TPE (gamma=0.50),4.650621111101102
1001,19,TPE (gamma=0.50),1.7035282530769411
1001,20,TPE (gamma=0.50),1.7035282530769411
1001,21,TPE (gamma=0.50),0.9323004448624275
1001,22,TPE (gamma=0.50),0.9323004448624275
1001,23,TPE (gamma=0.50),0.8991509700810809
1001,24,TPE (gamma=0.50),0.8991509700810809
1001,25,TPE (gamma=0.50),0.8991509700810809
1001,26,TPE (gamma=0.50),0.8991509700810809
1001,27,TPE (gamma=0.50),0.8991509700810809
1001,28,TPE (gamma=0.50),0.8991509700810809
1001,29,TPE (gamma=0.50),0.8991509700810809
1001,30,TPE (gamma=0.50),0.8991509700810809
1001,31,TPE (gamma=0.50),0.8991509700810809
1001,32,TPE (gamma=0.50),0.8991509700810809
1001,33,TPE (gamma=0.50),0.8991509700810809
1001,34,TPE (gamma=0.50),0.8991509700810809
1001,35,TPE (gamma=0.50),0.8991509700810809
1001,36,TPE (gamma=0.50),0.8991509700810809
1001,37,TPE (gamma=0.50),0.8991509700810809
1001,38,TPE (gamma=0.50),0.8991509700810809
1001,39,TPE (gamma=0.50),0.8991509700810809
1001,40,TPE (gamma=0.50),0.8991509700810809
1001,41,TPE (gamma=0.50),0.8991509700810809
1001,42,TPE (gamma=0.50),0.8991509700810809
1001,43,TPE (gamma=0.50),0.8991509700810809
1001,44,TPE (gamma=0.50),0.8991509700810809
1001,45,TPE (gamma=0.50),0.8954969675134556
1001,46,TPE (gamma=0.50),0.8954969675134556
1001,47,TPE (gamma=0.50),0.5114598545047269
1001,48,TPE (gamma=0.50),0.433799886804362
1001,49,TPE (gamma=0.50),0.433799886804362
1001,50,TPE (gamma=0.50),0.433799886804362
1001,51,TPE (gamma=0.50),0.433799886804362
1001,52,TPE (gamma=0.50),0.433799886804362
1001,53,TPE (gamma=0.50),0.4279012247218965
1001,54,TPE (gamma=0.50),0.41136180055433513
1001,55,TPE (gamma=0.50),0.41136180055433513
1001,56,TPE (gamma=0.50),0.41136180055433513
1001,57,TPE (gamma=0.50),0.41136180055433513
1001,58,TPE (gamma=0.50),0.41136180055433513
1001,59,TPE (gamma=0.50),0.41136180055433513
1001,60,TPE (gamma=0.50),0.41136180055433513
1001,61,TPE (gamma=0.50),0.41136180055433513
1001,62,TPE (gamma=0.50),0.41136180055433513
1001,63,TPE (gamma=0.50),0.41136180055433513
1001,64,TPE (gamma=0.50),0.41136180055433513
1001,65,TPE (gamma=0.50),0.41136180055433513
1001,66,TPE (gamma=0.50),0.41136180055433513
1001,67,TPE (gamma=0.50),0.41136180055433513
1001,68,TPE (gamma=0.50),0.41136180055433513
1001,69,TPE (gamma=0.50),0.41136180055433513
1001,70,TPE (gamma=0.50),0.41136180055433513
1001,71,TPE (gamma=0.50),0.41136180055433513
1001,72,TPE (gamma=0.50),0.41136180055433513
1001,73,TPE (gamma=0.50),0.41136180055433513
1001,74,TPE (gamma=0.50),0.41136180055433513
1001,75,TPE (gamma=0.50),0.41136180055433513
1001,76,TPE (gamma=0.50),0.41136180055433513
1001,77,TPE (gamma=0.50),0.41136180055433513
1001,78,TPE (gamma=0.50),0.41136180055433513
1001,79,TPE (gamma=0.50),0.41136180055433513
1001,80,TPE (gamma=0.50),0.41136180055433513
1001,0,TPE (gamma=0.75),10.042492421807973
1001,1,TPE (gamma=0.75),10.042492421807973
1001,2,TPE (gamma=0.75),8.733896805018533
1001,3,TPE (gamma=0.75),8.733896805018533
1001,4,TPE (gamma=0.75),8.733896805018533
1001,5,TPE (gamma=0.75),8.733896805018533
1001,6,TPE (gamma=0.75),8.733896805018533
1001,7,TPE (gamma=0.75),8.733896805018533
1001,8,TPE (gamma=0.75),8.733896805018533
1001,9,TPE (gamma=0.75),8.733896805018533
1001,10,TPE (gamma=0.75),8.733896805018533
1001,11,TPE (gamma=0.75),8.733896805018533
1001,12,TPE (gamma=0.75),8.733896805018533
1001,13,TPE (gamma=0.75),8.733896805018533
1001,14,TPE (gamma=0.75),8.733896805018533
1001,15,TPE (gamma=0.75),8.733896805018533
1001,16,TPE (gamma=0.75),8.733896805018533
1001,17,TPE (gamma=0.75),8.733896805018533
1001,18,TPE (gamma=0.75),8.733896805018533
1001,19,TPE (gamma=0.75),8.733896805018533
1001,20,TPE (gamma=0.75),8.733896805018533
1001,21,TPE (gamma=0.75),8.733896805018533
1001,22,TPE (gamma=0.75),8.733896805018533
1001,23,TPE (gamma=0.75),8.733896805018533
1001,24,TPE (gamma=0.75),8.733896805018533
1001,25,TPE (gamma=0.75),8.733896805018533
1001,26,TPE (gamma=0.75),8.733896805018533
1001,27,TPE (gamma=0.75),8.733896805018533
1001,28,TPE (gamma=0.75),8.733896805018533
1001,29,TPE (gamma=0.75),8.733896805018533
1001,30,TPE (gamma=0.75),8.733896805018533
1001,31,TPE (gamma=0.75),8.733896805018533
1001,32,TPE (gamma=0.75),8.733896805018533
1001,33,TPE (gamma=0.75),8.733896805018533
1001,34,TPE (gamma=0.75),8.733896805018533
1001,35,TPE (gamma=0.75),8.733896805018533
1001,36,TPE (gamma=0.75),8.733896805018533
1001,37,TPE (gamma=0.75),8.733896805018533
1001,38,TPE (gamma=0.75),8.733896805018533
1001,39,TPE (gamma=0.75),8.733896805018533
1001,40,TPE (gamma=0.75),8.733896805018533
1001,41,TPE (gamma=0.75),8.733896805018533
1001,42,TPE (gamma=0.75),8.733896805018533
1001,43,TPE (gamma=0.75),8.733896805018533
1001,44,TPE (gamma=0.75),8.733896805018533
1001,45,TPE (gamma=0.75),8.733896805018533
1001,46,TPE (gamma=0.75),8.733896805018533
1001,47,TPE (gamma=0.75),8.733896805018533
1001,48,TPE (gamma=0.75),8.733896805018533
1001,49,TPE (gamma=0.75),8.733896805018533
1001,50,TPE (gamma=0.75),8.733896805018533
1001,51,TPE (gamma=0.75),8.733896805018533
1001,52,TPE (gamma=0.75),8.733896805018533
1001,53,TPE (gamma=0.75),8.733896805018533
1001,54,TPE (gamma=0.75),8.733896805018533
1001,55,TPE (gamma=0.75),8.733896805018533
1001,56,TPE (gamma=0.75),8.733896805018533
1001,57,TPE (gamma=0.75),8.733896805018533
1001,58,TPE (gamma=0.75),8.733896805018533
1001,59,TPE (gamma=0.75),8.733896805018533
1001,60,TPE (gamma=0.75),8.733896805018533
1001,61,TPE (gamma=0.75),8.733896805018533
1001,62,TPE (gamma=0.75),8.733896805018533
1001,63,TPE (gamma=0.75),8.733896805018533
1001,64,TPE (gamma=0.75),8.733896805018533
1001,65,TPE (gamma=0.75),8.733896805018533
1001,66,TPE (gamma=0.75),8.733896805018533
1001,67,TPE (gamma=0.75),8.733896805018533
1001,68,TPE (gamma=0.75),8.733896805018533
1001,69,TPE (gamma=0.75),8.733896805018533
1001,70,TPE (gamma=0.75),8.733896805018533
1001,71,TPE (gamma=0.75),8.733896805018533
1001,72,TPE (gamma=0.75),8.733896805018533
1001,73,TPE (gamma=0.75),8.733896805018533
1001,74,TPE (gamma=0.75),8.733896805018533
1001,75,TPE (gamma=0.75),8.733896805018533
1001,76,TPE (gamma=0.75),8.733896805018533
1001,77,TPE (gamma=0.75),8.733896805018533
1001,78,TPE (gamma=0.75),8.733896805018533
1001,79,TPE (gamma=0.75),8.733896805018533
1001,80,TPE (gamma=0.75),8.733896805018533
1002,0,TPE (gamma=0.10),12.552210246761511
1002,1,TPE (gamma=0.10),12.552210246761511
1002,2,TPE (gamma=0.10),12.552210246761511
1002,3,TPE (gamma=0.10),12.552210246761511
1002,4,TPE (gamma=0.10),12.552210246761511
1002,5,TPE (gamma=0.10),12.552210246761511
1002,6,TPE (gamma=0.10),12.552210246761511
1002,7,TPE (gamma=0.10),12.552210246761511
1002,8,TPE (gamma=0.10),6.248298499750628
1002,9,TPE (gamma=0.10),1.3661858538459946
1002,10,TPE (gamma=0.10),0.5090537345054411
1002,11,TPE (gamma=0.10),0.5090537345054411
1002,12,TPE (gamma=0.10),0.5090537345054411
1002,13,TPE (gamma=0.10),0.5090537345054411
1002,14,TPE (gamma=0.10),0.5090537345054411
1002,15,TPE (gamma=0.10),0.5090537345054411
1002,16,TPE (gamma=0.10),0.5090537345054411
1002,17,TPE (gamma=0.10),0.5090537345054411
1002,18,TPE (gamma=0.10),0.5090537345054411
1002,19,TPE (gamma=0.10),0.5090537345054411
1002,20,TPE (gamma=0.10),0.5090537345054411
1002,21,TPE (gamma=0.10),0.5090537345054411
1002,22,TPE (gamma=0.10),0.5090537345054411
1002,23,TPE (gamma=0.10),0.5090537345054411
1002,24,TPE (gamma=0.10),0.5090537345054411
1002,25,TPE (gamma=0.10),0.5090537345054411
1002,26,TPE (gamma=0.10),0.5090537345054411
1002,27,TPE (gamma=0.10),0.5090537345054411
1002,28,TPE (gamma=0.10),0.5090537345054411
1002,29,TPE (gamma=0.10),0.5090537345054411
1002,30,TPE (gamma=0.10),0.5090537345054411
1002,31,TPE (gamma=0.10),0.5090537345054411
1002,32,TPE (gamma=0.10),0.5090537345054411
1002,33,TPE (gamma=0.10),0.5090537345054411
1002,34,TPE (gamma=0.10),0.5090537345054411
1002,35,TPE (gamma=0.10),0.5090537345054411
1002,36,TPE (gamma=0.10),0.5090537345054411
1002,37,TPE (gamma=0.10),0.5090537345054411
1002,38,TPE (gamma=0.10),0.5090537345054411
1002,39,TPE (gamma=0.10),0.5090537345054411
1002,40,TPE (gamma=0.10),0.5090537345054411
1002,41,TPE (gamma=0.10),0.5090537345054411
1002,42,TPE (gamma=0.10),0.5090537345054411
1002,43,TPE (gamma=0.10),0.5090537345054411
1002,44,TPE (gamma=0.10),0.5090537345054411
1002,45,TPE (gamma=0.10),0.5090537345054411
1002,46,TPE (gamma=0.10),0.5090537345054411
1002,47,TPE (gamma=0.10),0.5090537345054411
1002,48,TPE (gamma=0.10),0.5090537345054411
1002,49,TPE (gamma=0.10),0.5090537345054411
1002,50,TPE (gamma=0.10),0.5090537345054411
1002,51,TPE (gamma=0.10),0.5090537345054411
1002,52,TPE (gamma=0.10),0.5090537345054411
1002,53,TPE (gamma=0.10),0.5090537345054411
1002,54,TPE (gamma=0.10),0.5090537345054411
1002,55,TPE (gamma=0.10),0.5090537345054411
1002,56,TPE (gamma=0.10),0.5090537345054411
1002,57,TPE (gamma=0.10),0.5090537345054411
1002,58,TPE (gamma=0.10),0.5090537345054411
1002,59,TPE (gamma=0.10),0.5090537345054411
1002,60,TPE (gamma=0.10),0.5090537345054411
1002,61,TPE (gamma=0.10),0.5090537345054411
1002,62,TPE (gamma=0.10),0.5090537345054411
1002,63,TPE (gamma=0.10),0.5090537345054411
1002,64,TPE (gamma=0.10),0.5090537345054411
1002,65,TPE (gamma=0.10),0.5090537345054411
1002,66,TPE (gamma=0.10),0.5090537345054411
1002,67,TPE (gamma=0.10),0.5090537345054411
1002,68,TPE (gamma=0.10),0.5090537345054411
1002,69,TPE (gamma=0.10),0.5090537345054411
1002,70,TPE (gamma=0.10),0.5090537345054411
1002,71,TPE (gamma=0.10),0.5090537345054411
1002,72,TPE (gamma=0.10),0.5090537345054411
1002,73,TPE (gamma=0.10),0.5090537345054411
1002,74,TPE (gamma=0.10),0.5090537345054411
1002,75,TPE (gamma=0.10),0.5090537345054411
1002,76,TPE (gamma=0.10),0.5090537345054411
1002,77,TPE (gamma=0.10),0.5090537345054411
1002,78,TPE (gamma=0.10),0.5090537345054411
1002,79,TPE (gamma=0.10),0.5090537345054411
1002,80,TPE (gamma=0.10),0.5090537345054411
1002,0,TPE (gamma=0.25),12.552210246761511
1002,1,TPE (gamma=0.25),12.552210246761511
1002,2,TPE (gamma=0.25),12.552210246761511
1002,3,TPE (gamma=0.25),12.552210246761511
1002,4,TPE (gamma=0.25),12.552210246761511
1002,5,TPE (gamma=0.25),12.046483721536468
1002,6,TPE (gamma=0.25),11.705302062070846
1002,7,TPE (gamma=0.25),8.57433461515414
1002,8,TPE (gamma=0.25),8.57433461515414
1002,9,TPE (gamma=0.25),8.57433461515414
1002,10,TPE (gamma=0.25),8.57433461515414
1002,11,TPE (gamma=0.25),8.57433461515414
1002,12,TPE (gamma=0.25),8.57433461515414
1002,13,TPE (gamma=0.25),8.57433461515414
1002,14,TPE (gamma=0.25),8.57433461515414
1002,15,TPE (gamma=0.25),8.57433461515414
1002,16,TPE (gamma=0.25),8.57433461515414
1002,17,TPE (gamma=0.25),6.379643247917312
1002,18,TPE (gamma=0.25),6.267657014357173
1002,19,TPE (gamma=0.25),3.804978486425311
1002,20,TPE (gamma=0.25),3.179332147180255
1002,21,TPE (gamma=0.25),3.179332147180255
1002,22,TPE (gamma=0.25),3.179332147180255
1002,23,TPE (gamma=0.25),3.179332147180255
1002,24,TPE (gamma=0.25),1.943092177537478
1002,25,TPE (gamma=0.25),1.9262032039187993
1002,26,TPE (gamma=0.25),1.0411686540486595
1002,27,TPE (gamma=0.25),1.0411686540486595
1002,28,TPE (gamma=0.25),1.0411686540486595
1002,29,TPE (gamma=0.25),1.0411686540486595
1002,30,TPE (gamma=0.25),1.0411686540486595
1002,31,TPE (gamma=0.25),1.0411686540486595
1002,32,TPE (gamma=0.25),1.024830672518469
1002,33,TPE (gamma=0.25),1.024830672518469
1002,34,TPE (gamma=0.25),1.024830672518469
1002,35,TPE (gamma=0.25),1.024830672518469
1002,36,TPE (gamma=0.25),1.024830672518469
1002,37,TPE (gamma=0.25),1.024830672518469
1002,38,TPE (gamma=0.25),1.024830672518469
1002,39,TPE (gamma=0.25),0.42289201285015743
1002,40,TPE (gamma=0.25),0.42289201285015743
1002,41,TPE (gamma=0.25),0.42289201285015743
1002,42,TPE (gamma=0.25),0.42289201285015743
1002,43,TPE (gamma=0.25),0.42289201285015743
1002,44,TPE (gamma=0.25),0.42289201285015743
1002,45,TPE (gamma=0.25),0.42289201285015743
1002,46,TPE (gamma=0.25),0.42289201285015743
1002,47,TPE (gamma=0.25),0.42289201285015743
1002,48,TPE (gamma=0.25),0.42289201285015743
1002,49,TPE (gamma=0.25),0.42289201285015743
1002,50,TPE (gamma=0.25),0.42289201285015743
1002,51,TPE (gamma=0.25),0.42289201285015743
1002,52,TPE (gamma=0.25),0.42289201285015743
1002,53,TPE (gamma=0.25),0.42289201285015743
1002,54,TPE (gamma=0.25),0.42289201285015743
1002,55,TPE (gamma=0.25),0.42289201285015743
1002,56,TPE (gamma=0.25),0.42289201285015743
1002,57,TPE (gamma=0.25),0.42289201285015743
1002,58,TPE (gamma=0.25),0.42289201285015743
1002,59,TPE (gamma=0.25),0.42289201285015743
1002,60,TPE (gamma=0.25),0.42289201285015743
1002,61,TPE (gamma=0.25),0.42289201285015743
1002,62,TPE (gamma=0.25),0.42289201285015743
1002,63,TPE (gamma=0.25),0.42289201285015743
1002,64,TPE (gamma=0.25),0.42289201285015743
1002,65,TPE (gamma=0.25),0.42289201285015743
1002,66,TPE (gamma=0.25),0.42289201285015743
1002,67,TPE (gamma=0.25),0.42289201285015743
1002,68,TPE (gamma=0.25),0.42289201285015743
1002,69,TPE (gamma=0.25),0.42289201285015743
1002,70,TPE (gamma=0.25),0.42289201285015743
1002,71,TPE (gamma=0.25),0.42289201285015743
1002,72,TPE (gamma=0.25),0.42289201285015743
1002,73,TPE (gamma=0.25),0.42289201285015743
1002,74,TPE (gamma=0.25),0.42289201285015743
1002,75,TPE (gamma=0.25),0.42289201285015743
1002,76,TPE (gamma=0.25),0.42289201285015743
1002,77,TPE (gamma=0.25),0.42289201285015743
1002,78,TPE (gamma=0.25),0.42289201285015743
1002,79,TPE (gamma=0.25),0.42289201285015743
1002,80,TPE (gamma=0.25),0.42289201285015743
1002,0,TPE (gamma=0.50),12.552210246761511
1002,1,TPE (gamma=0.50),12.552210246761511
1002,2,TPE (gamma=0.50),12.552210246761511
1002,3,TPE (gamma=0.50),12.552210246761511
1002,4,TPE (gamma=0.50),12.552210246761511
1002,5,TPE (gamma=0.50),12.552210246761511
1002,6,TPE (gamma=0.50),12.552210246761511
1002,7,TPE (gamma=0.50),12.552210246761511
1002,8,TPE (gamma=0.50),12.552210246761511
1002,9,TPE (gamma=0.50),12.552210246761511
1002,10,TPE (gamma=0.50),12.552210246761511
1002,11,TPE (gamma=0.50),12.552210246761511
1002,12,TPE (gamma=0.50),12.552210246761511
1002,13,TPE (gamma=0.50),12.552210246761511
1002,14,TPE (gamma=0.50),12.552210246761511
1002,15,TPE (gamma=0.50),12.552210246761511
1002,16,TPE (gamma=0.50),12.552210246761511
1002,17,TPE (gamma=0.50),12.552210246761511
1002,18,TPE (gamma=0.50),12.552210246761511
1002,19,TPE (gamma=0.50),11.242056892354533
1002,20,TPE (gamma=0.50),11.242056892354533
1002,21,TPE (gamma=0.50),10.056670472619409
1002,22,TPE (gamma=0.50),9.739876640235853
1002,23,TPE (gamma=0.50),8.218166218456204
1002,24,TPE (gamma=0.50),8.218166218456204
1002,25,TPE (gamma=0.50),7.061210780373169
1002,26,TPE (gamma=0.50),7.061210780373169
1002,27,TPE (gamma=0.50),5.70338523470711
1002,28,TPE (gamma=0.50),5.084607888615896
1002,29,TPE (gamma=0.50),5.084607888615896
1002,30,TPE (gamma=0.50),5.084607888615896
1002,31,TPE (gamma=0.50),5.084607888615896
1002,32,TPE (gamma=0.50),4.914935365982599
1002,33,TPE (gamma=0.50),4.914935365982599
1002,34,TPE (gamma=0.50),4.851957360790471
1002,35,TPE (gamma=0.50),4.638261232100858
1002,36,TPE (gamma=0.50),4.623531348979172
1002,37,TPE (gamma=0.50),4.623531348979172
1002,38,TPE (gamma=0.50),4.623531348979172
1002,39,TPE (gamma=0.50),4.623531348979172
1002,40,TPE (gamma=0.50),4.623531348979172
1002,41,TPE (gamma=0.50),4.623531348979172
1002,42,TPE (gamma=0.50),4.623531348979172
1002,43,TPE (gamma=0.50),4.600295155645812
1002,44,TPE (gamma=0.50),4.600295155645812
1002,45,TPE (gamma=0.50),4.600295155645812
1002,46,TPE (gamma=0.50),4.600295155645812
1002,47,TPE (gamma=0.50),4.600295155645812
1002,48,TPE (gamma=0.50),4.55970566044771
1002,49,TPE (gamma=0.50),4.540626892915461
1002,50,TPE (gamma=0.50),4.325173921797105
1002,51,TPE (gamma=0.50),4.21136776051157
1002,52,TPE (gamma=0.50),4.21136776051157
1002,53,TPE (gamma=0.50),4.118374622454729
1002,54,TPE (gamma=0.50),4.118374622454729
1002,55,TPE (gamma=0.50),3.7600956508980907
1002,56,TPE (gamma=0.50),3.7600956508980907
1002,57,TPE (gamma=0.50),3.7600956508980907
1002,58,TPE (gamma=0.50),3.74128464922123
1002,59,TPE (gamma=0.50),3.697754089343614
1002,60,TPE (gamma=0.50),3.697754089343614
1002,61,TPE (gamma=0.50),3.326150215707904
1002,62,TPE (gamma=0.50),3.276532849298942
1002,63,TPE (gamma=0.50),3.276532849298942
1002,64,TPE (gamma=0.50),3.276532849298942
1002,65,TPE (gamma=0.50),3.2065497370410307
1002,66,TPE (gamma=0.50),3.2065497370410307
1002,67,TPE (gamma=0.50),3.038390402042385
1002,68,TPE (gamma=0.50),3.038390402042385
1002,69,TPE (gamma=0.50),3.038390402042385
1002,70,TPE (gamma=0.50),3.038390402042385
1002,71,TPE (gamma=0.50),3.0143927735733698
1002,72,TPE (gamma=0.50),3.0122184233165488
1002,73,TPE (gamma=0.50),2.8938515107529295
1002,74,TPE (gamma=0.50),2.8938515107529295
1002,75,TPE (gamma=0.50),2.6597599822225666
1002,76,TPE (gamma=0.50),2.6597599822225666
1002,77,TPE (gamma=0.50),2.466083334039089
1002,78,TPE (gamma=0.50),2.466083334039089
1002,79,TPE (gamma=0.50),2.466083334039089
1002,80,TPE (gamma=0.50),2.466083334039089
1002,0,TPE (gamma=0.75),12.552210246761511
1002,1,TPE (gamma=0.75),12.552210246761511
1002,2,TPE (gamma=0.75),12.552210246761511
1002,3,TPE (gamma=0.75),12.552210246761511
1002,4,TPE (gamma=0.75),12.552210246761511
1002,5,TPE (gamma=0.75),12.552210246761511
1002,6,TPE (gamma=0.75),12.552210246761511
1002,7,TPE (gamma=0.75),12.552210246761511
1002,8,TPE (gamma=0.75),12.552210246761511
1002,9,TPE (gamma=0.75),12.552210246761511
1002,10,TPE (gamma=0.75),12.552210246761511
1002,11,TPE (gamma=0.75),12.552210246761511
1002,12,TPE (gamma=0.75),12.552210246761511
1002,13,TPE (gamma=0.75),12.552210246761511
1002,14,TPE (gamma=0.75),12.552210246761511
1002,15,TPE (gamma=0.75),12.552210246761511
1002,16,TPE (gamma=0.75),12.552210246761511
1002,17,TPE (gamma=0.75),12.552210246761511
1002,18,TPE (gamma=0.75),12.552210246761511
1002,19,TPE (gamma=0.75),12.552210246761511
1002,20,TPE (gamma=0.75),12.552210246761511
1002,21,TPE (gamma=0.75),12.552210246761511
1002,22,TPE (gamma=0.75),12.552210246761511
1002,23,TPE (gamma=0.75),12.552210246761511
1002,24,TPE (gamma=0.75),12.552210246761511
1002,25,TPE (gamma=0.75),12.552210246761511
1002,26,TPE (gamma=0.75),12.552210246761511
1002,27,TPE (gamma=0.75),12.552210246761511
1002,28,TPE (gamma=0.75),12.552210246761511
1002,29,TPE (gamma=0.75),12.552210246761511
1002,30,TPE (gamma=0.75),12.552210246761511
1002,31,TPE (gamma=0.75),12.552210246761511
1002,32,TPE (gamma=0.75),12.552210246761511
1002,33,TPE (gamma=0.75),12.552210246761511
1002,34,TPE (gamma=0.75),12.552210246761511
1002,35,TPE (gamma=0.75),12.552210246761511
1002,36,TPE (gamma=0.75),12.552210246761511
1002,37,TPE (gamma=0.75),12.552210246761511
1002,38,TPE (gamma=0.75),12.552210246761511
1002,39,TPE (gamma=0.75),12.552210246761511
1002,40,TPE (gamma=0.75),12.552210246761511
1002,41,TPE (gamma=0.75),12.552210246761511
1002,42,TPE (gamma=0.75),12.552210246761511
1002,43,TPE (gamma=0.75),12.552210246761511
1002,44,TPE (gamma=0.75),12.552210246761511
1002,45,TPE (gamma=0.75),12.552210246761511
1002,46,TPE (gamma=0.75),12.552210246761511
1002,47,TPE (gamma=0.75),12.552210246761511
1002,48,TPE (gamma=0.75),12.552210246761511
1002,49,TPE (gamma=0.75),12.552210246761511
1002,50,TPE (gamma=0.75),12.552210246761511
1002,51,TPE (gamma=0.75),12.552210246761511
1002,52,TPE (gamma=0.75),12.552210246761511
1002,53,TPE (gamma=0.75),12.552210246761511
1002,54,TPE (gamma=0.75),12.552210246761511
1002,55,TPE (gamma=0.75),12.552210246761511
1002,56,TPE (gamma=0.75),12.552210246761511
1002,57,TPE (gamma=0.75),12.552210246761511
1002,58,TPE (gamma=0.75),12.552210246761511
1002,59,TPE (gamma=0.75),12.552210246761511
1002,60,TPE (gamma=0.75),12.552210246761511
1002,61,TPE (gamma=0.75),12.552210246761511
1002,62,TPE (gamma=0.75),12.552210246761511
1002,63,TPE (gamma=0.75),12.552210246761511
1002,64,TPE (gamma=0.75),12.552210246761511
1002,65,TPE (gamma=0.75),12.552210246761511
1002,66,TPE (gamma=0.75),12.552210246761511
1002,67,TPE (gamma=0.75),12.552210246761511
1002,68,TPE (gamma=0.75),12.552210246761511
1002,69,TPE (gamma=0.75),12.552210246761511
1002,70,TPE (gamma=0.75),12.552210246761511
1002,71,TPE (gamma=0.75),12.552210246761511
1002,72,TPE (gamma=0.75),12.552210246761511
1002,73,TPE (gamma=0.75),12.552210246761511
1002,74,TPE (gamma=0.75),12.552210246761511
1002,75,TPE (gamma=0.75),12.552210246761511
1002,76,TPE (gamma=0.75),12.552210246761511
1002,77,TPE (gamma=0.75),12.552210246761511
1002,78,TPE (gamma=0.75),12.552210246761511
1002,79,TPE (gamma=0.75),12.552210246761511
1002,80,TPE (gamma=0.75),12.552210246761511
1003,0,TPE (gamma=0.10),2.0224002753777297
1003,1,TPE (gamma=0.10),2.0224002753777297
1003,2,TPE (gamma=0.10),2.0224002753777297
1003,3,TPE (gamma=0.10),2.0224002753777297
1003,4,TPE (gamma=0.10),2.0224002753777297
1003,5,TPE (gamma=0.10),2.0224002753777297
1003,6,TPE (gamma=0.10),2.0224002753777297
1003,7,TPE (gamma=0.10),2.0224002753777297
1003,8,TPE (gamma=0.10),2.0224002753777297
1003,9,TPE (gamma=0.10),2.0224002753777297
1003,10,TPE (gamma=0.10),2.0224002753777297
1003,11,TPE (gamma=0.10),2.0224002753777297
1003,12,TPE (gamma=0.10),2.0224002753777297
1003,13,TPE (gamma=0.10),2.0224002753777297
1003,14,TPE (gamma=0.10),2.0224002753777297
1003,15,TPE (gamma=0.10),2.0224002753777297
1003,16,TPE (gamma=0.10),2.0224002753777297
1003,17,TPE (gamma=0.10),2.0224002753777297
1003,18,TPE (gamma=0.10),2.0224002753777297
1003,19,TPE (gamma=0.10),2.0224002753777297
1003,20,TPE (gamma=0.10),1.8889696846934498
1003,21,TPE (gamma=0.10),1.8889696846934498
1003,22,TPE (gamma=0.10),1.8889696846934498
1003,23,TPE (gamma=0.10),1.8889696846934498
1003,24,TPE (gamma=0.10),1.8889696846934498
1003,25,TPE (gamma=0.10),1.8889696846934498
1003,26,TPE (gamma=0.10),1.8889696846934498
1003,27,TPE (gamma=0.10),1.8889696846934498
1003,28,TPE (gamma=0.10),1.8889696846934498
1003,29,TPE (gamma=0.10),1.8889696846934498
1003,30,TPE (gamma=0.10),1.8889696846934498
1003,31,TPE (gamma=0.10),1.8889696846934498
1003,32,TPE (gamma=0.10),1.8889696846934498
1003,33,TPE (gamma=0.10),1.8889696846934498
1003,34,TPE (gamma=0.10),1.8889696846934498
1003,35,TPE (gamma=0.10),1.8889696846934498
1003,36,TPE (gamma=0.10),1.8889696846934498
1003,37,TPE (gamma=0.10),1.8889696846934498
1003,38,TPE (gamma=0.10),1.8889696846934498
1003,39,TPE (gamma=0.10),1.8889696846934498
1003,40,TPE (gamma=0.10),1.8889696846934498
1003,41,TPE (gamma=0.10),1.8889696846934498
1003,42,TPE (gamma=0.10),0.8471601951301082
1003,43,TPE (gamma=0.10),0.8471601951301082
1003,44,TPE (gamma=0.10),0.8471601951301082
1003,45,TPE (gamma=0.10),0.8471601951301082
1003,46,TPE (gamma=0.10),0.8471601951301082
1003,47,TPE (gamma=0.10),0.8471601951301082
1003,48,TPE (gamma=0.10),0.8471601951301082
1003,49,TPE (gamma=0.10),0.8471601951301082
1003,50,TPE (gamma=0.10),0.8471601951301082
1003,51,TPE (gamma=0.10),0.8471601951301082
1003,52,TPE (gamma=0.10),0.8471601951301082
1003,53,TPE (gamma=0.10),0.8471601951301082
1003,54,TPE (gamma=0.10),0.5083306298211134
1003,55,TPE (gamma=0.10),0.5083306298211134
1003,56,TPE (gamma=0.10),0.5083306298211134
1003,57,TPE (gamma=0.10),0.5083306298211134
1003,58,TPE (gamma=0.10),0.5083306298211134
1003,59,TPE (gamma=0.10),0.5083306298211134
1003,60,TPE (gamma=0.10),0.5083306298211134
1003,61,TPE (gamma=0.10),0.5083306298211134
1003,62,TPE (gamma=0.10),0.5083306298211134
1003,63,TPE (gamma=0.10),0.5083306298211134
1003,64,TPE (gamma=0.10),0.5083306298211134
1003,65,TPE (gamma=0.10),0.5083306298211134
1003,66,TPE (gamma=0.10),0.5083306298211134
1003,67,TPE (gamma=0.10),0.5083306298211134
1003,68,TPE (gamma=0.10),0.5083306298211134
1003,69,TPE (gamma=0.10),0.5083306298211134
1003,70,TPE (gamma=0.10),0.5083306298211134
1003,71,TPE (gamma=0.10),0.5083306298211134
1003,72,TPE (gamma=0.10),0.5083306298211134
1003,73,TPE (gamma=0.10),0.5083306298211134
1003,74,TPE (gamma=0.10),0.5083306298211134
1003,75,TPE (gamma=0.10),0.5083306298211134
1003,76,TPE (gamma=0.10),0.5083306298211134
1003,77,TPE (gamma=0.10),0.5004728986107168
1003,78,TPE (gamma=0.10),0.5004728986107168
1003,79,TPE (gamma=0.10),0.5004728986107168
1003,80,TPE (gamma=0.10),0.5004728986107168
1003,0,TPE (gamma=0.25),2.0224002753777297
1003,1,TPE (gamma=0.25),2.0224002753777297
1003,2,TPE (gamma=0.25),2.0224002753777297
1003,3,TPE (gamma=0.25),1.9090934350886108
1003,4,TPE (gamma=0.25),1.9090934350886108
1003,5,TPE (gamma=0.25),0.6275429519462996
1003,6,TPE (gamma=0.25),0.6275429519462996
1003,7,TPE (gamma=0.25),0.6275429519462996
1003,8,TPE (gamma=0.25),0.6275429519462996
1003,9,TPE (gamma=0.25),0.6275429519462996
1003,10,TPE (gamma=0.25),0.6275429519462996
1003,11,TPE (gamma=0.25),0.6275429519462996
1003,12,TPE (gamma=0.25),0.6275429519462996
1003,13,TPE (gamma=0.25),0.6275429519462996
1003,14,TPE (gamma=0.25),0.6275429519462996
1003,15,TPE (gamma=0.25),0.6275429519462996
1003,16,TPE (gamma=0.25),0.6275429519462996
1003,17,TPE (gamma=0.25),0.6275429519462996
1003,18,TPE (gamma=0.25),0.6275429519462996
1003,19,TPE (gamma=0.25),0.6275429519462996
1003,20,TPE (gamma=0.25),0.6275429519462996
1003,21,TPE (gamma=0.25),0.6275429519462996
1003,22,TPE (gamma=0.25),0.6275429519462996
1003,23,TPE (gamma=0.25),0.6275429519462996
1003,24,TPE (gamma=0.25),0.6275429519462996
1003,25,TPE (gamma=0.25),0.6275429519462996
1003,26,TPE (gamma=0.25),0.6275429519462996
1003,27,TPE (gamma=0.25),0.579214022431966
1003,28,TPE (gamma=0.25),0.579214022431966
1003,29,TPE (gamma=0.25),0.579214022431966
1003,30,TPE (gamma=0.25),0.579214022431966
1003,31,TPE (gamma=0.25),0.579214022431966
1003,32,TPE (gamma=0.25),0.579214022431966
1003,33,TPE (gamma=0.25),0.579214022431966
1003,34,TPE (gamma=0.25),0.579214022431966
1003,35,TPE (gamma=0.25),0.579214022431966
1003,36,TPE (gamma=0.25),0.5415917770146628
1003,37,TPE (gamma=0.25),0.5415917770146628
1003,38,TPE (gamma=0.25),0.5415917770146628
1003,39,TPE (gamma=0.25),0.5093838045133285
1003,40,TPE (gamma=0.25),0.5093838045133285
1003,41,TPE (gamma=0.25),0.5093838045133285
1003,42,TPE (gamma=0.25),0.5093838045133285
1003,43,TPE (gamma=0.25),0.5093838045133285
1003,44,TPE (gamma=0.25),0.5093838045133285
1003,45,TPE (gamma=0.25),0.5093838045133285
1003,46,TPE (gamma=0.25),0.5093838045133285
1003,47,TPE (gamma=0.25),0.5093838045133285
1003,48,TPE (gamma=0.25),0.5093838045133285
1003,49,TPE (gamma=0.25),0.5093838045133285
1003,50,TPE (gamma=0.25),0.5093838045133285
1003,51,TPE (gamma=0.25),0.5093838045133285
1003,52,TPE (gamma=0.25),0.5093838045133285
1003,53,TPE (gamma=0.25),0.5093838045133285
1003,54,TPE (gamma=0.25),0.5093838045133285
1003,55,TPE (gamma=0.25),0.5093838045133285
1003,56,TPE (gamma=0.25),0.5093838045133285
1003,57,TPE (gamma=0.25),0.5093838045133285
1003,58,TPE (gamma=0.25),0.5093838045133285
1003,59,TPE (gamma=0.25),0.5093838045133285
1003,60,TPE (gamma=0.25),0.5093838045133285
1003,61,TPE (gamma=0.25),0.5093838045133285
1003,62,TPE (gamma=0.25),0.5093838045133285
1003,63,TPE (gamma=0.25),0.5093838045133285
1003,64,TPE (gamma=0.25),0.5093838045133285
1003,65,TPE (gamma=0.25),0.5093838045133285
1003,66,TPE (gamma=0.25),0.5093838045133285
1003,67,TPE (gamma=0.25),0.5093838045133285
1003,68,TPE (gamma=0.25),0.5020852739528117
1003,69,TPE (gamma=0.25),0.5020852739528117
1003,70,TPE (gamma=0.25),0.5020852739528117
1003,71,TPE (gamma=0.25),0.5020852739528117
1003,72,TPE (gamma=0.25),0.5020852739528117
1003,73,TPE (gamma=0.25),0.5020852739528117
1003,74,TPE (gamma=0.25),0.5020852739528117
1003,75,TPE (gamma=0.25),0.4404317720777815
1003,76,TPE (gamma=0.25),0.4404317720777815
1003,77,TPE (gamma=0.25),0.4404317720777815
1003,78,TPE (gamma=0.25),0.4227640334541469
1003,79,TPE (gamma=0.25),0.4227640334541469
1003,80,TPE (gamma=0.25),0.4227640334541469
1003,0,TPE (gamma=0.50),2.0224002753777297
1003,1,TPE (gamma=0.50),2.0224002753777297
1003,2,TPE (gamma=0.50),2.0224002753777297
1003,3,TPE (gamma=0.50),2.0224002753777297
1003,4,TPE (gamma=0.50),2.0224002753777297
1003,5,TPE (gamma=0.50),2.0224002753777297
1003,6,TPE (gamma=0.50),2.0224002753777297
1003,7,TPE (gamma=0.50),2.0224002753777297
1003,8,TPE (gamma=0.50),2.0224002753777297
1003,9,TPE (gamma=0.50),2.0224002753777297
1003,10,TPE (gamma=0.50),2.0224002753777297
1003,11,TPE (gamma=0.50),1.238471783112793
1003,12,TPE (gamma=0.50),1.238471783112793
1003,13,TPE (gamma=0.50),1.238471783112793
1003,14,TPE (gamma=0.50),1.238471783112793
1003,15,TPE (gamma=0.50),1.238471783112793
1003,16,TPE (gamma=0.50),1.238471783112793
1003,17,TPE (gamma=0.50),0.7624044934248673
1003,18,TPE (gamma=0.50),0.7624044934248673
1003,19,TPE (gamma=0.50),0.6886177197278656
1003,20,TPE (gamma=0.50),0.6747951455638468
1003,21,TPE (gamma=0.50),0.6747951455638468
1003,22,TPE (gamma=0.50),0.6747951455638468
1003,23,TPE (gamma=0.50),0.6747951455638468
1003,24,TPE (gamma=0.50),0.6747951455638468
1003,25,TPE (gamma=0.50),0.6747951455638468
1003,26,TPE (gamma=0.50),0.6747951455638468
1003,27,TPE (gamma=0.50),0.6747951455638468
1003,28,TPE (gamma=0.50),0.6747951455638468
1003,29,TPE (gamma=0.50),0.6747951455638468
1003,30,TPE (gamma=0.50),0.6747951455638468
1003,31,TPE (gamma=0.50),0.6747951455638468
1003,32,TPE (gamma=0.50),0.6747951455638468
1003,33,TPE (gamma=0.50),0.6747951455638468
1003,34,TPE (gamma=0.50),0.6747951455638468
1003,35,TPE (gamma=0.50),0.6747951455638468
1003,36,TPE (gamma=0.50),0.6747951455638468
1003,37,TPE (gamma=0.50),0.6747951455638468
1003,38,TPE (gamma=0.50),0.6747951455638468
1003,39,TPE (gamma=0.50),0.6747951455638468
1003,40,TPE (gamma=0.50),0.6747951455638468
1003,41,TPE (gamma=0.50),0.6747951455638468
1003,42,TPE (gamma=0.50),0.6747951455638468
1003,43,TPE (gamma=0.50),0.6747951455638468
1003,44,TPE (gamma=0.50),0.6747951455638468
1003,45,TPE (gamma=0.50),0.6747951455638468
1003,46,TPE (gamma=0.50),0.6747951455638468
1003,47,TPE (gamma=0.50),0.6747951455638468
1003,48,TPE (gamma=0.50),0.6062508197687819
1003,49,TPE (gamma=0.50),0.6062508197687819
1003,50,TPE (gamma=0.50),0.6062508197687819
1003,51,TPE (gamma=0.50),0.6062508197687819
1003,52,TPE (gamma=0.50),0.6062508197687819
1003,53,TPE (gamma=0.50),0.6062508197687819
1003,54,TPE (gamma=0.50),0.6062508197687819
1003,55,TPE (gamma=0.50),0.6062508197687819
1003,56,TPE (gamma=0.50),0.6062508197687819
1003,57,TPE (gamma=0.50),0.6062508197687819
1003,58,TPE (gamma=0.50),0.6062508197687819
1003,59,TPE (gamma=0.50),0.6062508197687819
1003,60,TPE (gamma=0.50),0.6062508197687819
1003,61,TPE (gamma=0.50),0.6062508197687819
1003,62,TPE (gamma=0.50),0.6062508197687819
1003,63,TPE (gamma=0.50),0.6062508197687819
1003,64,TPE (gamma=0.50),0.6062508197687819
1003,65,TPE (gamma=0.50),0.6062508197687819
1003,66,TPE (gamma=0.50),0.6062508197687819
1003,67,TPE (gamma=0.50),0.6062508197687819
1003,68,TPE (gamma=0.50),0.6062508197687819
1003,69,TPE (gamma=0.50),0.6062508197687819
1003,70,TPE (gamma=0.50),0.6062508197687819
1003,71,TPE (gamma=0.50),0.6062508197687819
1003,72,TPE (gamma=0.50),0.6062508197687819
1003,73,TPE (gamma=0.50),0.6062508197687819
1003,74,TPE (gamma=0.50),0.6062508197687819
1003,75,TPE (gamma=0.50),0.6062508197687819
1003,76,TPE (gamma=0.50),0.6062508197687819
1003,77,TPE (gamma=0.50),0.6062508197687819
1003,78,TPE (gamma=0.50),0.6062508197687819
1003,79,TPE (gamma=0.50),0.6062508197687819
1003,80,TPE (gamma=0.50),0.6062508197687819
1003,0,TPE (gamma=0.75),2.0224002753777297
1003,1,TPE (gamma=0.75),2.0224002753777297
1003,2,TPE (gamma=0.75),2.0224002753777297
1003,3,TPE (gamma=0.75),2.0224002753777297
1003,4,TPE (gamma=0.75),2.0224002753777297
1003,5,TPE (gamma=0.75),2.0224002753777297
1003,6,TPE (gamma=0.75),2.0224002753777297
1003,7,TPE (gamma=0.75),2.0224002753777297
1003,8,TPE (gamma=0.75),2.0224002753777297
1003,9,TPE (gamma=0.75),2.0224002753777297
1003,10,TPE (gamma=0.75),2.0224002753777297
1003,11,TPE (gamma=0.75),2.0224002753777297
1003,12,TPE (gamma=0.75),2.0224002753777297
1003,13,TPE (gamma=0.75),2.0224002753777297
1003,14,TPE (gamma=0.75),2.0224002753777297
1003,15,TPE (gamma=0.75),2.0224002753777297
1003,16,TPE (gamma=0.75),2.0224002753777297
1003,17,TPE (gamma=0.75),2.0224002753777297
1003,18,TPE (gamma=0.75),2.0224002753777297
1003,19,TPE (gamma=0.75),2.0224002753777297
1003,20,TPE (gamma=0.75),2.0224002753777297
1003,21,TPE (gamma=0.75),2.0224002753777297
1003,22,TPE (gamma=0.75),2.0224002753777297
1003,23,TPE (gamma=0.75),2.0224002753777297
1003,24,TPE (gamma=0.75),2.0224002753777297
1003,25,TPE (gamma=0.75),2.0224002753777297
1003,26,TPE (gamma=0.75),2.0224002753777297
1003,27,TPE (gamma=0.75),2.0224002753777297
1003,28,TPE (gamma=0.75),2.0224002753777297
1003,29,TPE (gamma=0.75),2.0224002753777297
1003,30,TPE (gamma=0.75),2.0224002753777297
1003,31,TPE (gamma=0.75),2.0224002753777297
1003,32,TPE (gamma=0.75),2.0224002753777297
1003,33,TPE (gamma=0.75),2.0224002753777297
1003,34,TPE (gamma=0.75),2.0224002753777297
1003,35,TPE (gamma=0.75),2.0224002753777297
1003,36,TPE (gamma=0.75),2.0224002753777297
1003,37,TPE (gamma=0.75),2.0224002753777297
1003,38,TPE (gamma=0.75),2.0224002753777297
1003,39,TPE (gamma=0.75),2.0224002753777297
1003,40,TPE (gamma=0.75),2.0224002753777297
1003,41,TPE (gamma=0.75),2.0224002753777297
1003,42,TPE (gamma=0.75),2.0224002753777297
1003,43,TPE (gamma=0.75),2.0224002753777297
1003,44,TPE (gamma=0.75),2.0224002753777297
1003,45,TPE (gamma=0.75),2.0224002753777297
1003,46,TPE (gamma=0.75),2.0224002753777297
1003,47,TPE (gamma=0.75),2.0224002753777297
1003,48,TPE (gamma=0.75),2.0224002753777297
1003,49,TPE (gamma=0.75),2.0224002753777297
1003,50,TPE (gamma=0.75),2.0224002753777297
1003,51,TPE (gamma=0.75),2.0224002753777297
1003,52,TPE (gamma=0.75),2.0224002753777297
1003,53,TPE (gamma=0.75),2.0224002753777297
1003,54,TPE (gamma=0.75),2.0224002753777297
1003,55,TPE (gamma=0.75),2.0224002753777297
1003,56,TPE (gamma=0.75),2.0224002753777297
1003,57,TPE (gamma=0.75),2.0224002753777297
1003,58,TPE (gamma=0.75),2.0224002753777297
1003,59,TPE (gamma=0.75),2.0224002753777297
1003,60,TPE (gamma=0.75),2.0224002753777297
1003,61,TPE (gamma=0.75),2.0224002753777297
1003,62,TPE (gamma=0.75),2.0224002753777297
1003,63,TPE (gamma=0.75),2.0224002753777297
1003,64,TPE (gamma=0.75),2.0224002753777297
1003,65,TPE (gamma=0.75),2.0224002753777297
1003,66,TPE (gamma=0.75),2.0224002753777297
1003,67,TPE (gamma=0.75),2.0224002753777297
1003,68,TPE (gamma=0.75),2.0224002753777297
1003,69,TPE (gamma=0.75),2.0224002753777297
1003,70,TPE (gamma=0.75),2.0224002753777297
1003,71,TPE (gamma=0.75),2.0224002753777297
1003,72,TPE (gamma=0.75),2.0224002753777297
1003,73,TPE (gamma=0.75),2.0224002753777297
1003,74,TPE (gamma=0.75),2.0224002753777297
1003,75,TPE (gamma=0.75),2.0224002753777297
1003,76,TPE (gamma=0.75),2.0224002753777297
1003,77,TPE (gamma=0.75),2.0224002753777297
1003,78,TPE (gamma=0.75),2.0224002753777297
1003,79,TPE (gamma=0.75),2.0224002753777297
1003,80,TPE (gamma=0.75),2.0224002753777297
1004,0,TPE (gamma=0.10),14.263752987918366
1004,1,TPE (gamma=0.10),14.263752987918366
1004,2,TPE (gamma=0.10),14.263752987918366
1004,3,TPE (gamma=0.10),14.263752987918366
1004,4,TPE (gamma=0.10),14.263752987918366
1004,5,TPE (gamma=0.10),14.263752987918366
1004,6,TPE (gamma=0.10),14.263752987918366
1004,7,TPE (gamma=0.10),14.263752987918366
1004,8,TPE (gamma=0.10),13.213911406346064
1004,9,TPE (gamma=0.10),13.213911406346064
1004,10,TPE (gamma=0.10),13.213911406346064
1004,11,TPE (gamma=0.10),13.213911406346064
1004,12,TPE (gamma=0.10),13.213911406346064
1004,13,TPE (gamma=0.10),13.213911406346064
1004,14,TPE (gamma=0.10),12.465648268613414
1004,15,TPE (gamma=0.10),12.465648268613414
1004,16,TPE (gamma=0.10),10.11502808771201
1004,17,TPE (gamma=0.10),10.11502808771201
1004,18,TPE (gamma=0.10),10.11502808771201
1004,19,TPE (gamma=0.10),10.11502808771201
1004,20,TPE (gamma=0.10),10.11502808771201
1004,21,TPE (gamma=0.10),10.11502808771201
1004,22,TPE (gamma=0.10),10.11502808771201
1004,23,TPE (gamma=0.10),10.11502808771201
1004,24,TPE (gamma=0.10),10.11502808771201
1004,25,TPE (gamma=0.10),0.5008375086643593
1004,26,TPE (gamma=0.10),0.5008375086643593
1004,27,TPE (gamma=0.10),0.5008375086643593
1004,28,TPE (gamma=0.10),0.5008375086643593
1004,29,TPE (gamma=0.10),0.5008375086643593
1004,30,TPE (gamma=0.10),0.4567165807750122
1004,31,TPE (gamma=0.10),0.4567165807750122
1004,32,TPE (gamma=0.10),0.4567165807750122
1004,33,TPE (gamma=0.10),0.4567165807750122
1004,34,TPE (gamma=0.10),0.4567165807750122
1004,35,TPE (gamma=0.10),0.4567165807750122
1004,36,TPE (gamma=0.10),0.4567165807750122
1004,37,TPE (gamma=0.10),0.4567165807750122
1004,38,TPE (gamma=0.10),0.4567165807750122
1004,39,TPE (gamma=0.10),0.4567165807750122
1004,40,TPE (gamma=0.10),0.4567165807750122
1004,41,TPE (gamma=0.10),0.4567165807750122
1004,42,TPE (gamma=0.10),0.4567165807750122
1004,43,TPE (gamma=0.10),0.4567165807750122
1004,44,TPE (gamma=0.10),0.4567165807750122
1004,45,TPE (gamma=0.10),0.4567165807750122
1004,46,TPE (gamma=0.10),0.4567165807750122
1004,47,TPE (gamma=0.10),0.4567165807750122
1004,48,TPE (gamma=0.10),0.4567165807750122
1004,49,TPE (gamma=0.10),0.4567165807750122
1004,50,TPE (gamma=0.10),0.4567165807750122
1004,51,TPE (gamma=0.10),0.4567165807750122
1004,52,TPE (gamma=0.10),0.4567165807750122
1004,53,TPE (gamma=0.10),0.4567165807750122
1004,54,TPE (gamma=0.10),0.4567165807750122
1004,55,TPE (gamma=0.10),0.4567165807750122
1004,56,TPE (gamma=0.10),0.4567165807750122
1004,57,TPE (gamma=0.10),0.4567165807750122
1004,58,TPE (gamma=0.10),0.4567165807750122
1004,59,TPE (gamma=0.10),0.4567165807750122
1004,60,TPE (gamma=0.10),0.4567165807750122
1004,61,TPE (gamma=0.10),0.4567165807750122
1004,62,TPE (gamma=0.10),0.4567165807750122
1004,63,TPE (gamma=0.10),0.4567165807750122
1004,64,TPE (gamma=0.10),0.4567165807750122
1004,65,TPE (gamma=0.10),0.4567165807750122
1004,66,TPE (gamma=0.10),0.4567165807750122
1004,67,TPE (gamma=0.10),0.4567165807750122
1004,68,TPE (gamma=0.10),0.4567165807750122
1004,69,TPE (gamma=0.10),0.4567165807750122
1004,70,TPE (gamma=0.10),0.4567165807750122
1004,71,TPE (gamma=0.10),0.4567165807750122
1004,72,TPE (gamma=0.10),0.4567165807750122
1004,73,TPE (gamma=0.10),0.4567165807750122
1004,74,TPE (gamma=0.10),0.4567165807750122
1004,75,TPE (gamma=0.10),0.4567165807750122
1004,76,TPE (gamma=0.10),0.4567165807750122
1004,77,TPE (gamma=0.10),0.4567165807750122
1004,78,TPE (gamma=0.10),0.4567165807750122
1004,79,TPE (gamma=0.10),0.4567165807750122
1004,80,TPE (gamma=0.10),0.4567165807750122
1004,0,TPE (gamma=0.25),14.263752987918366
1004,1,TPE (gamma=0.25),14.263752987918366
1004,2,TPE (gamma=0.25),14.263752987918366
1004,3,TPE (gamma=0.25),14.263752987918366
1004,4,TPE (gamma=0.25),14.263752987918366
1004,5,TPE (gamma=0.25),14.263752987918366
1004,6,TPE (gamma=0.25),14.263752987918366
1004,7,TPE (gamma=0.25),14.263752987918366
1004,8,TPE (gamma=0.25),14.263752987918366
1004,9,TPE (gamma=0.25),8.693305031057
1004,10,TPE (gamma=0.25),8.693305031057
1004,11,TPE (gamma=0.25),8.693305031057
1004,12,TPE (gamma=0.25),8.693305031057
1004,13,TPE (gamma=0.25),8.693305031057
1004,14,TPE (gamma=0.25),8.693305031057
1004,15,TPE (gamma=0.25),8.693305031057
1004,16,TPE (gamma=0.25),8.693305031057
1004,17,TPE (gamma=0.25),8.693305031057
1004,18,TPE (gamma=0.25),8.693305031057
1004,19,TPE (gamma=0.25),8.376202644780783
1004,20,TPE (gamma=0.25),8.376202644780783
1004,21,TPE (gamma=0.25),8.376202644780783
1004,22,TPE (gamma=0.25),7.57544898701196
1004,23,TPE (gamma=0.25),5.282373485304243
1004,24,TPE (gamma=0.25),5.282373485304243
1004,25,TPE (gamma=0.25),5.282373485304243
1004,26,TPE (gamma=0.25),5.282373485304243
1004,27,TPE (gamma=0.25),5.282373485304243
1004,28,TPE (gamma=0.25),5.282373485304243
1004,29,TPE (gamma=0.25),5.282373485304243
1004,30,TPE (gamma=0.25),5.282373485304243
1004,31,TPE (gamma=0.25),5.282373485304243
1004,32,TPE (gamma=0.25),5.282373485304243
1004,33,TPE (gamma=0.25),5.282373485304243
1004,34,TPE (gamma=0.25),5.282373485304243
1004,35,TPE (gamma=0.25),4.495250225855752
1004,36,TPE (gamma=0.25),4.495250225855752
1004,37,TPE (gamma=0.25),4.220176197597983
1004,38,TPE (gamma=0.25),4.220176197597983
1004,39,TPE (gamma=0.25),2.374539816701347
1004,40,TPE (gamma=0.25),2.374539816701347
1004,41,TPE (gamma=0.25),2.374539816701347
1004,42,TPE (gamma=0.25),2.374539816701347
1004,43,TPE (gamma=0.25),2.374539816701347
1004,44,TPE (gamma=0.25),2.374539816701347
1004,45,TPE (gamma=0.25),2.374539816701347
1004,46,TPE (gamma=0.25),2.374539816701347
1004,47,TPE (gamma=0.25),2.374539816701347
1004,48,TPE (gamma=0.25),2.374539816701347
1004,49,TPE (gamma=0.25),2.374539816701347
1004,50,TPE (gamma=0.25),2.374539816701347
1004,51,TPE (gamma=0.25),2.374539816701347
1004,52,TPE (gamma=0.25),2.374539816701347
1004,53,TPE (gamma=0.25),2.374539816701347
1004,54,TPE (gamma=0.25),2.374539816701347
1004,55,TPE (gamma=0.25),2.374539816701347
1004,56,TPE (gamma=0.25),2.374539816701347
1004,57,TPE (gamma=0.25),2.374539816701347
1004,58,TPE (gamma=0.25),2.374539816701347
1004,59,TPE (gamma=0.25),2.374539816701347
1004,60,TPE (gamma=0.25),2.374539816701347
1004,61,TPE (gamma=0.25),2.374539816701347
1004,62,TPE (gamma=0.25),2.374539816701347
1004,63,TPE (gamma=0.25),2.374539816701347
1004,64,TPE (gamma=0.25),2.374539816701347
1004,65,TPE (gamma=0.25),2.374539816701347
1004,66,TPE (gamma=0.25),2.374539816701347
1004,67,TPE (gamma=0.25),2.374539816701347
1004,68,TPE (gamma=0.25),2.374539816701347
1004,69,TPE (gamma=0.25),2.374539816701347
1004,70,TPE (gamma=0.25),2.374539816701347
1004,71,TPE (gamma=0.25),2.374539816701347
1004,72,TPE (gamma=0.25),2.374539816701347
1004,73,TPE (gamma=0.25),2.374539816701347
1004,74,TPE (gamma=0.25),2.374539816701347
1004,75,TPE (gamma=0.25),2.374539816701347
1004,76,TPE (gamma=0.25),2.374539816701347
1004,77,TPE (gamma=0.25),2.374539816701347
1004,78,TPE (gamma=0.25),2.374539816701347
1004,79,TPE (gamma=0.25),2.374539816701347
1004,80,TPE (gamma=0.25),2.374539816701347
1004,0,TPE (gamma=0.50),14.263752987918366
1004,1,TPE (gamma=0.50),14.263752987918366
1004,2,TPE (gamma=0.50),14.263752987918366
1004,3,TPE (gamma=0.50),14.263752987918366
1004,4,TPE (gamma=0.50),14.263752987918366
1004,5,TPE (gamma=0.50),14.263752987918366
1004,6,TPE (gamma=0.50),14.263752987918366
1004,7,TPE (gamma=0.50),14.263752987918366
1004,8,TPE (gamma=0.50),14.263752987918366
1004,9,TPE (gamma=0.50),14.263752987918366
1004,10,TPE (gamma=0.50),14.263752987918366
1004,11,TPE (gamma=0.50),14.263752987918366
1004,12,TPE (gamma=0.50),14.263752987918366
1004,13,TPE (gamma=0.50),14.263752987918366
1004,14,TPE (gamma=0.50),14.263752987918366
1004,15,TPE (gamma=0.50),14.263752987918366
1004,16,TPE (gamma=0.50),14.200317170175309
1004,17,TPE (gamma=0.50),14.200317170175309
1004,18,TPE (gamma=0.50),14.200317170175309
1004,19,TPE (gamma=0.50),14.200317170175309
1004,20,TPE (gamma=0.50),14.200317170175309
1004,21,TPE (gamma=0.50),14.200317170175309
1004,22,TPE (gamma=0.50),14.200317170175309
1004,23,TPE (gamma=0.50),14.200317170175309
1004,24,TPE (gamma=0.50),14.200317170175309
1004,25,TPE (gamma=0.50),14.200317170175309
1004,26,TPE (gamma=0.50),14.200317170175309
1004,27,TPE (gamma=0.50),14.200317170175309
1004,28,TPE (gamma=0.50),14.200317170175309
1004,29,TPE (gamma=0.50),14.200317170175309
1004,30,TPE (gamma=0.50),14.200317170175309
1004,31,TPE (gamma=0.50),14.200317170175309
1004,32,TPE (gamma=0.50),14.200317170175309
1004,33,TPE (gamma=0.50),14.200317170175309
1004,34,TPE (gamma=0.50),14.200317170175309
1004,35,TPE (gamma=0.50),14.200317170175309
1004,36,TPE (gamma=0.50),14.200317170175309
1004,37,TPE (gamma=0.50),14.200317170175309
1004,38,TPE (gamma=0.50),14.200317170175309
1004,39,TPE (gamma=0.50),14.002039399417605
1004,40,TPE (gamma=0.50),14.002039399417605
1004,41,TPE (gamma=0.50),13.78432087439165
1004,42,TPE (gamma=0.50),13.57781858487934
1004,43,TPE (gamma=0.50),13.57781858487934
1004,44,TPE (gamma=0.50),13.57781858487934
1004,45,TPE (gamma=0.50),13.57781858487934
1004,46,TPE (gamma=0.50),13.57781858487934
1004,47,TPE (gamma=0.50),13.57781858487934
1004,48,TPE (gamma=0.50),13.57781858487934
1004,49,TPE (gamma=0.50),13.57781858487934
1004,50,TPE (gamma=0.50),13.57781858487934
1004,51,TPE (gamma=0.50),13.57781858487934
1004,52,TPE (gamma=0.50),13.57781858487934
1004,53,TPE (gamma=0.50),13.57781858487934
1004,54,TPE (gamma=0.50),13.57781858487934
1004,55,TPE (gamma=0.50),13.57781858487934
1004,56,TPE (gamma=0.50),13.57781858487934
1004,57,TPE (gamma=0.50),13.57781858487934
1004,58,TPE (gamma=0.50),13.57781858487934
1004,59,TPE (gamma=0.50),13.57781858487934
1004,60,TPE (gamma=0.50),13.57781858487934
1004,61,TPE (gamma=0.50),13.495237456116376
1004,62,TPE (gamma=0.50),13.495237456116376
1004,63,TPE (gamma=0.50),13.495237456116376
1004,64,TPE (gamma=0.50),13.495237456116376
1004,65,TPE (gamma=0.50),13.495237456116376
1004,66,TPE (gamma=0.50),13.495237456116376
1004,67,TPE (gamma=0.50),13.495237456116376
1004,68,TPE (gamma=0.50),13.319481602612475
1004,69,TPE (gamma=0.50),12.880067421871262
1004,70,TPE (gamma=0.50),12.880067421871262
1004,71,TPE (gamma=0.50),12.431662336959544
1004,72,TPE (gamma=0.50),12.431662336959544
1004,73,TPE (gamma=0.50),12.431662336959544
1004,74,TPE (gamma=0.50),12.218988026080586
1004,75,TPE (gamma=0.50),12.218988026080586
1004,76,TPE (gamma=0.50),12.218988026080586
1004,77,TPE (gamma=0.50),12.218988026080586
1004,78,TPE (gamma=0.50),12.218988026080586
1004,79,TPE (gamma=0.50),12.218988026080586
1004,80,TPE (gamma=0.50),12.215760434977348
1004,0,TPE (gamma=0.75),14.263752987918366
1004,1,TPE (gamma=0.75),14.263752987918366
1004,2,TPE (gamma=0.75),14.263752987918366
1004,3,TPE (gamma=0.75),14.263752987918366
1004,4,TPE (gamma=0.75),14.263752987918366
1004,5,TPE (gamma=0.75),14.263752987918366
1004,6,TPE (gamma=0.75),14.263752987918366
1004,7,TPE (gamma=0.75),14.263752987918366
1004,8,TPE (gamma=0.75),14.263752987918366
1004,9,TPE (gamma=0.75),14.263752987918366
1004,10,TPE (gamma=0.75),14.263752987918366
1004,11,TPE (gamma=0.75),14.263752987918366
1004,12,TPE (gamma=0.75),14.263752987918366
1004,13,TPE (gamma=0.75),14.263752987918366
1004,14,TPE (gamma=0.75),14.263752987918366
1004,15,TPE (gamma=0.75),14.263752987918366
1004,16,TPE (gamma=0.75),14.263752987918366
1004,17,TPE (gamma=0.75),14.263752987918366
1004,18,TPE (gamma=0.75),14.263752987918366
1004,19,TPE (gamma=0.75),14.263752987918366
1004,20,TPE (gamma=0.75),14.263752987918366
1004,21,TPE (gamma=0.75),14.263752987918366
1004,22,TPE (gamma=0.75),14.263752987918366
1004,23,TPE (gamma=0.75),14.263752987918366
1004,24,TPE (gamma=0.75),14.263752987918366
1004,25,TPE (gamma=0.75),14.263752987918366
1004,26,TPE (gamma=0.75),14.263752987918366
1004,27,TPE (gamma=0.75),14.263752987918366
1004,28,TPE (gamma=0.75),14.263752987918366
1004,29,TPE (gamma=0.75),14.263752987918366
1004,30,TPE (gamma=0.75),14.263752987918366
1004,31,TPE (gamma=0.75),14.263752987918366
1004,32,TPE (gamma=0.75),14.263752987918366
1004,33,TPE (gamma=0.75),14.263752987918366
1004,34,TPE (gamma=0.75),14.263752987918366
1004,35,TPE (gamma=0.75),14.263752987918366
1004,36,TPE (gamma=0.75),14.263752987918366
1004,37,TPE (gamma=0.75),14.263752987918366
1004,38,TPE (gamma=0.75),14.263752987918366
1004,39,TPE (gamma=0.75),14.263752987918366
1004,40,TPE (gamma=0.75),14.263752987918366
1004,41,TPE (gamma=0.75),14.263752987918366
1004,42,TPE (gamma=0.75),14.263752987918366
1004,43,TPE (gamma=0.75),14.263752987918366
1004,44,TPE (gamma=0.75),14.263752987918366
1004,45,TPE (gamma=0.75),14.263752987918366
1004,46,TPE (gamma=0.75),14.263752987918366
1004,47,TPE (gamma=0.75),14.263752987918366
1004,48,TPE (gamma=0.75),14.263752987918366
1004,49,TPE (gamma=0.75),14.263752987918366
1004,50,TPE (gamma=0.75),14.263752987918366
1004,51,TPE (gamma=0.75),14.263752987918366
1004,52,TPE (gamma=0.75),14.263752987918366
1004,53,TPE (gamma=0.75),14.263752987918366
1004,54,TPE (gamma=0.75),14.263752987918366
1004,55,TPE (gamma=0.75),14.263752987918366
1004,56,TPE (gamma=0.75),14.263752987918366
1004,57,TPE (gamma=0.75),14.263752987918366
1004,58,TPE (gamma=0.75),14.263752987918366
1004,59,TPE (gamma=0.75),14.263752987918366
1004,60,TPE (gamma=0.75),14.263752987918366
1004,61,TPE (gamma=0.75),14.263752987918366
1004,62,TPE (gamma=0.75),14.263752987918366
1004,63,TPE (gamma=0.75),14.263752987918366
1004,64,TPE (gamma=0.75),14.263752987918366
1004,65,TPE (gamma=0.75),14.263752987918366
1004,66,TPE (gamma=0.75),14.263752987918366
1004,67,TPE (gamma=0.75),14.263752987918366
1004,68,TPE (gamma=0.75),14.263752987918366
1004,69,TPE (gamma=0.75),14.263752987918366
1004,70,TPE (gamma=0.75),14.263752987918366
1004,71,TPE (gamma=0.75),14.263752987918366
1004,72,TPE (gamma=0.75),14.263752987918366
1004,73,TPE (gamma=0.75),14.263752987918366
1004,74,TPE (gamma=0.75),14.263752987918366
1004,75,TPE (gamma=0.75),14.263752987918366
1004,76,TPE (gamma=0.75),14.263752987918366
1004,77,TPE (gamma=0.75),14.263752987918366
1004,78,TPE (gamma=0.75),14.263752987918366
1004,79,TPE (gamma=0.75),14.263752987918366
1004,80,TPE (gamma=0.75),14.263752987918366
1005,0,TPE (gamma=0.10),3.4413597649661467
1005,1,TPE (gamma=0.10),3.4413597649661467
1005,2,TPE (gamma=0.10),3.4413597649661467
1005,3,TPE (gamma=0.10),3.4413597649661467
1005,4,TPE (gamma=0.10),3.4413597649661467
1005,5,TPE (gamma=0.10),3.4413597649661467
1005,6,TPE (gamma=0.10),3.4413597649661467
1005,7,TPE (gamma=0.10),3.4413597649661467
1005,8,TPE (gamma=0.10),3.4413597649661467
1005,9,TPE (gamma=0.10),3.4413597649661467
1005,10,TPE (gamma=0.10),3.330367330258868
1005,11,TPE (gamma=0.10),3.330367330258868
1005,12,TPE (gamma=0.10),3.330367330258868
1005,13,TPE (gamma=0.10),3.330367330258868
1005,14,TPE (gamma=0.10),3.330367330258868
1005,15,TPE (gamma=0.10),0.8641513372638112
1005,16,TPE (gamma=0.10),0.8641513372638112
1005,17,TPE (gamma=0.10),0.8641513372638112
1005,18,TPE (gamma=0.10),0.8641513372638112
1005,19,TPE (gamma=0.10),0.8641513372638112
1005,20,TPE (gamma=0.10),0.8641513372638112
1005,21,TPE (gamma=0.10),0.8641513372638112
1005,22,TPE (gamma=0.10),0.8641513372638112
1005,23,TPE (gamma=0.10),0.8641513372638112
1005,24,TPE (gamma=0.10),0.8641513372638112
1005,25,TPE (gamma=0.10),0.8641513372638112
1005,26,TPE (gamma=0.10),0.8641513372638112
1005,27,TPE (gamma=0.10),0.8641513372638112
1005,28,TPE (gamma=0.10),0.8641513372638112
1005,29,TPE (gamma=0.10),0.8641513372638112
1005,30,TPE (gamma=0.10),0.8641513372638112
1005,31,TPE (gamma=0.10),0.8641513372638112
1005,32,TPE (gamma=0.10),0.8641513372638112
1005,33,TPE (gamma=0.10),0.8641513372638112
1005,34,TPE (gamma=0.10),0.8641513372638112
1005,35,TPE (gamma=0.10),0.8641513372638112
1005,36,TPE (gamma=0.10),0.42040826243437657
1005,37,TPE (gamma=0.10),0.42040826243437657
1005,38,TPE (gamma=0.10),0.42040826243437657
1005,39,TPE (gamma=0.10),0.42040826243437657
1005,40,TPE (gamma=0.10),0.42040826243437657
1005,41,TPE (gamma=0.10),0.42040826243437657
1005,42,TPE (gamma=0.10),0.42040826243437657
1005,43,TPE (gamma=0.10),0.42040826243437657
1005,44,TPE (gamma=0.10),0.42040826243437657
1005,45,TPE (gamma=0.10),0.42040826243437657
1005,46,TPE (gamma=0.10),0.42040826243437657
1005,47,TPE (gamma=0.10),0.42040826243437657
1005,48,TPE (gamma=0.10),0.42040826243437657
1005,49,TPE (gamma=0.10),0.42040826243437657
1005,50,TPE (gamma=0.10),0.42040826243437657
1005,51,TPE (gamma=0.10),0.42040826243437657
1005,52,TPE (gamma=0.10),0.42040826243437657
1005,53,TPE (gamma=0.10),0.42040826243437657
1005,54,TPE (gamma=0.10),0.42040826243437657
1005,55,TPE (gamma=0.10),0.42040826243437657
1005,56,TPE (gamma=0.10),0.42040826243437657
1005,57,TPE (gamma=0.10),0.42040826243437657
1005,58,TPE (gamma=0.10),0.42040826243437657
1005,59,TPE (gamma=0.10),0.42040826243437657
1005,60,TPE (gamma=0.10),0.42040826243437657
1005,61,TPE (gamma=0.10),0.42040826243437657
1005,62,TPE (gamma=0.10),0.42040826243437657
1005,63,TPE (gamma=0.10),0.42040826243437657
1005,64,TPE (gamma=0.10),0.42040826243437657
1005,65,TPE (gamma=0.10),0.42040826243437657
1005,66,TPE (gamma=0.10),0.42040826243437657
1005,67,TPE (gamma=0.10),0.42040826243437657
1005,68,TPE (gamma=0.10),0.42040826243437657
1005,69,TPE (gamma=0.10),0.42040826243437657
1005,70,TPE (gamma=0.10),0.42040826243437657
1005,71,TPE (gamma=0.10),0.42040826243437657
1005,72,TPE (gamma=0.10),0.42040826243437657
1005,73,TPE (gamma=0.10),0.42040826243437657
1005,74,TPE (gamma=0.10),0.42040826243437657
1005,75,TPE (gamma=0.10),0.42040826243437657
1005,76,TPE (gamma=0.10),0.42040826243437657
1005,77,TPE (gamma=0.10),0.42040826243437657
1005,78,TPE (gamma=0.10),0.42040826243437657
1005,79,TPE (gamma=0.10),0.42040826243437657
1005,80,TPE (gamma=0.10),0.42040826243437657
1005,0,TPE (gamma=0.25),3.4413597649661467
1005,1,TPE (gamma=0.25),3.4413597649661467
1005,2,TPE (gamma=0.25),3.4413597649661467
1005,3,TPE (gamma=0.25),3.4413597649661467
1005,4,TPE (gamma=0.25),3.4413597649661467
1005,5,TPE (gamma=0.25),3.4413597649661467
1005,6,TPE (gamma=0.25),3.4413597649661467
1005,7,TPE (gamma=0.25),3.4413597649661467
1005,8,TPE (gamma=0.25),3.4413597649661467
1005,9,TPE (gamma=0.25),3.4413597649661467
1005,10,TPE (gamma=0.25),3.4413597649661467
1005,11,TPE (gamma=0.25),3.4413597649661467
1005,12,TPE (gamma=0.25),3.4413597649661467
1005,13,TPE (gamma=0.25),3.4413597649661467
1005,14,TPE (gamma=0.25),3.4413597649661467
1005,15,TPE (gamma=0.25),3.4413597649661467
1005,16,TPE (gamma=0.25),3.4413597649661467
1005,17,TPE (gamma=0.25),3.4413597649661467
1005,18,TPE (gamma=0.25),3.4413597649661467
1005,19,TPE (gamma=0.25),3.4413597649661467
1005,20,TPE (gamma=0.25),3.4413597649661467
1005,21,TPE (gamma=0.25),3.4413597649661467
1005,22,TPE (gamma=0.25),3.4413597649661467
1005,23,TPE (gamma=0.25),3.4413597649661467
1005,24,TPE (gamma=0.25),3.4413597649661467
1005,25,TPE (gamma=0.25),3.4413597649661467
1005,26,TPE (gamma=0.25),3.4413597649661467
1005,27,TPE (gamma=0.25),3.4413597649661467
1005,28,TPE (gamma=0.25),3.4413597649661467
1005,29,TPE (gamma=0.25),3.4413597649661467
1005,30,TPE (gamma=0.25),3.4413597649661467
1005,31,TPE (gamma=0.25),3.4413597649661467
1005,32,TPE (gamma=0.25),3.4413597649661467
1005,33,TPE (gamma=0.25),3.4413597649661467
1005,34,TPE (gamma=0.25),3.4413597649661467
1005,35,TPE (gamma=0.25),3.4413597649661467
1005,36,TPE (gamma=0.25),3.4413597649661467
1005,37,TPE (gamma=0.25),3.4413597649661467
1005,38,TPE (gamma=0.25),3.4413597649661467
1005,39,TPE (gamma=0.25),3.4413597649661467
1005,40,TPE (gamma=0.25),3.4413597649661467
1005,41,TPE (gamma=0.25),2.2750202456176467
1005,42,TPE (gamma=0.25),2.2750202456176467
1005,43,TPE (gamma=0.25),1.015851065124373
1005,44,TPE (gamma=0.25),1.015851065124373
1005,45,TPE (gamma=0.25),1.015851065124373
1005,46,TPE (gamma=0.25),1.015851065124373
1005,47,TPE (gamma=0.25),0.7326680607028155
1005,48,TPE (gamma=0.25),0.7326680607028155
1005,49,TPE (gamma=0.25),0.5875312765736247
1005,50,TPE (gamma=0.25),0.5875312765736247
1005,51,TPE (gamma=0.25),0.5875312765736247
1005,52,TPE (gamma=0.25),0.5875312765736247
1005,53,TPE (gamma=0.25),0.5875312765736247
1005,54,TPE (gamma=0.25),0.5875312765736247
1005,55,TPE (gamma=0.25),0.5875312765736247
1005,56,TPE (gamma=0.25),0.5875312765736247
1005,57,TPE (gamma=0.25),0.5875312765736247
1005,58,TPE (gamma=0.25),0.5875312765736247
1005,59,TPE (gamma=0.25),0.5875312765736247
1005,60,TPE (gamma=0.25),0.5875312765736247
1005,61,TPE (gamma=0.25),0.5875312765736247
1005,62,TPE (gamma=0.25),0.5875312765736247
1005,63,TPE (gamma=0.25),0.5875312765736247
1005,64,TPE (gamma=0.25),0.5875312765736247
1005,65,TPE (gamma=0.25),0.5875312765736247
1005,66,TPE (gamma=0.25),0.5875312765736247
1005,67,TPE (gamma=0.25),0.5875312765736247
1005,68,TPE (gamma=0.25),0.5875312765736247
1005,69,TPE (gamma=0.25),0.5875312765736247
1005,70,TPE (gamma=0.25),0.5875312765736247
1005,71,TPE (gamma=0.25),0.5875312765736247
1005,72,TPE (gamma=0.25),0.5875312765736247
1005,73,TPE (gamma=0.25),0.5875312765736247
1005,74,TPE (gamma=0.25),0.5875312765736247
1005,75,TPE (gamma=0.25),0.5875312765736247
1005,76,TPE (gamma=0.25),0.5875312765736247
1005,77,TPE (gamma=0.25),0.5875312765736247
1005,78,TPE (gamma=0.25),0.5875312765736247
1005,79,TPE (gamma=0.25),0.5875312765736247
1005,80,TPE (gamma=0.25),0.5875312765736247
1005,0,TPE (gamma=0.50),3.4413597649661467
1005,1,TPE (gamma=0.50),3.4413597649661467
1005,2,TPE (gamma=0.50),3.4413597649661467
1005,3,TPE (gamma=0.50),3.4413597649661467
1005,4,TPE (gamma=0.50),3.4413597649661467
1005,5,TPE (gamma=0.50),3.4413597649661467
1005,6,TPE (gamma=0.50),3.4413597649661467
1005,7,TPE (gamma=0.50),3.4413597649661467
1005,8,TPE (gamma=0.50),3.4413597649661467
1005,9,TPE (gamma=0.50),3.4413597649661467
1005,10,TPE (gamma=0.50),3.4413597649661467
1005,11,TPE (gamma=0.50),3.4413597649661467
1005,12,TPE (gamma=0.50),3.4413597649661467
1005,13,TPE (gamma=0.50),3.4413597649661467
1005,14,TPE (gamma=0.50),3.4413597649661467
1005,15,TPE (gamma=0.50),3.4413597649661467
1005,16,TPE (gamma=0.50),3.4413597649661467
1005,17,TPE (gamma=0.50),3.4413597649661467
1005,18,TPE (gamma=0.50),3.4413597649661467
1005,19,TPE (gamma=0.50),3.4413597649661467
1005,20,TPE (gamma=0.50),3.4413597649661467
1005,21,TPE (gamma=0.50),3.4413597649661467
1005,22,TPE (gamma=0.50),3.4413597649661467
1005,23,TPE (gamma=0.50),3.4413597649661467
1005,24,TPE (gamma=0.50),3.4413597649661467
1005,25,TPE (gamma=0.50),3.4413597649661467
1005,26,TPE (gamma=0.50),3.4413597649661467
1005,27,TPE (gamma=0.50),3.4413597649661467
1005,28,TPE (gamma=0.50),3.4413597649661467
1005,29,TPE (gamma=0.50),3.4413597649661467
1005,30,TPE (gamma=0.50),3.4413597649661467
1005,31,TPE (gamma=0.50),3.4413597649661467
1005,32,TPE (gamma=0.50),3.4413597649661467
1005,33,TPE (gamma=0.50),3.4413597649661467
1005,34,TPE (gamma=0.50),3.4413597649661467
1005,35,TPE (gamma=0.50),3.4413597649661467
1005,36,TPE (gamma=0.50),3.4413597649661467
1005,37,TPE (gamma=0.50),3.4413597649661467
1005,38,TPE (gamma=0.50),3.4413597649661467
1005,39,TPE (gamma=0.50),3.4413597649661467
1005,40,TPE (gamma=0.50),3.4413597649661467
1005,41,TPE (gamma=0.50),3.4413597649661467
1005,42,TPE (gamma=0.50),3.4413597649661467
1005,43,TPE (gamma=0.50),3.4413597649661467
1005,44,TPE (gamma=0.50),3.4413597649661467
1005,45,TPE (gamma=0.50),3.4413597649661467
1005,46,TPE (gamma=0.50),3.4413597649661467
1005,47,TPE (gamma=0.50),3.4413597649661467
1005,48,TPE (gamma=0.50),3.4413597649661467
1005,49,TPE (gamma=0.50),3.4413597649661467
1005,50,TPE (gamma=0.50),3.4413597649661467
1005,51,TPE (gamma=0.50),3.4413597649661467
1005,52,TPE (gamma=0.50),3.4413597649661467
1005,53,TPE (gamma=0.50),3.4413597649661467
1005,54,TPE (gamma=0.50),3.4413597649661467
1005,55,TPE (gamma=0.50),3.4413597649661467
1005,56,TPE (gamma=0.50),3.4413597649661467
1005,57,TPE (gamma=0.50),3.4413597649661467
1005,58,TPE (gamma=0.50),3.4413597649661467
1005,59,TPE (gamma=0.50),3.4413597649661467
1005,60,TPE (gamma=0.50),3.4413597649661467
1005,61,TPE (gamma=0.50),3.4413597649661467
1005,62,TPE (gamma=0.50),3.4413597649661467
1005,63,TPE (gamma=0.50),3.4413597649661467
1005,64,TPE (gamma=0.50),3.4413597649661467
1005,65,TPE (gamma=0.50),3.4413597649661467
1005,66,TPE (gamma=0.50),3.4413597649661467
1005,67,TPE (gamma=0.50),3.4413597649661467
1005,68,TPE (gamma=0.50),3.4413597649661467
1005,69,TPE (gamma=0.50),3.4413597649661467
1005,70,TPE (gamma=0.50),3.4413597649661467
1005,71,TPE (gamma=0.50),3.4413597649661467
1005,72,TPE (gamma=0.50),3.4413597649661467
1005,73,TPE (gamma=0.50),3.4413597649661467
1005,74,TPE (gamma=0.50),3.4413597649661467
1005,75,TPE (gamma=0.50),3.4413597649661467
1005,76,TPE (gamma=0.50),3.4413597649661467
1005,77,TPE (gamma=0.50),3.4413597649661467
1005,78,TPE (gamma=0.50),3.4413597649661467
1005,79,TPE (gamma=0.50),3.4413597649661467
1005,80,TPE (gamma=0.50),3.4413597649661467
1005,0,TPE (gamma=0.75),3.4413597649661467
1005,1,TPE (gamma=0.75),3.4413597649661467
1005,2,TPE (gamma=0.75),3.4413597649661467
1005,3,TPE (gamma=0.75),3.4413597649661467
1005,4,TPE (gamma=0.75),3.4413597649661467
1005,5,TPE (gamma=0.75),3.4413597649661467
1005,6,TPE (gamma=0.75),3.4413597649661467
1005,7,TPE (gamma=0.75),3.4413597649661467
1005,8,TPE (gamma=0.75),3.4413597649661467
1005,9,TPE (gamma=0.75),3.4413597649661467
1005,10,TPE (gamma=0.75),3.4413597649661467
1005,11,TPE (gamma=0.75),3.4413597649661467
1005,12,TPE (gamma=0.75),3.4413597649661467
1005,13,TPE (gamma=0.75),3.4413597649661467
1005,14,TPE (gamma=0.75),3.4413597649661467
1005,15,TPE (gamma=0.75),3.4413597649661467
1005,16,TPE (gamma=0.75),3.4413597649661467
1005,17,TPE (gamma=0.75),3.4413597649661467
1005,18,TPE (gamma=0.75),3.4413597649661467
1005,19,TPE (gamma=0.75),3.4413597649661467
1005,20,TPE (gamma=0.75),3.4413597649661467
1005,21,TPE (gamma=0.75),3.4413597649661467
1005,22,TPE (gamma=0.75),3.4413597649661467
1005,23,TPE (gamma=0.75),3.4413597649661467
1005,24,TPE (gamma=0.75),3.4413597649661467
1005,25,TPE (gamma=0.75),3.4413597649661467
1005,26,TPE (gamma=0.75),3.4413597649661467
1005,27,TPE (gamma=0.75),3.4413597649661467
1005,28,TPE (gamma=0.75),3.4413597649661467
1005,29,TPE (gamma=0.75),3.4413597649661467
1005,30,TPE (gamma=0.75),3.4413597649661467
1005,31,TPE (gamma=0.75),3.4413597649661467
1005,32,TPE (gamma=0.75),3.4413597649661467
1005,33,TPE (gamma=0.75),3.4413597649661467
1005,34,TPE (gamma=0.75),3.4413597649661467
1005,35,TPE (gamma=0.75),3.4413597649661467
1005,36,TPE (gamma=0.75),3.4413597649661467
1005,37,TPE (gamma=0.75),3.4413597649661467
1005,38,TPE (gamma=0.75),3.4413597649661467
1005,39,TPE (gamma=0.75),3.4413597649661467
1005,40,TPE (gamma=0.75),3.4413597649661467
1005,41,TPE (gamma=0.75),3.4413597649661467
1005,42,TPE (gamma=0.75),3.4413597649661467
1005,43,TPE (gamma=0.75),3.4413597649661467
1005,44,TPE (gamma=0.75),3.4413597649661467
1005,45,TPE (gamma=0.75),3.4413597649661467
1005,46,TPE (gamma=0.75),3.4413597649661467
1005,47,TPE (gamma=0.75),3.4413597649661467
1005,48,TPE (gamma=0.75),3.4413597649661467
1005,49,TPE (gamma=0.75),3.4413597649661467
1005,50,TPE (gamma=0.75),3.4413597649661467
1005,51,TPE (gamma=0.75),3.4413597649661467
1005,52,TPE (gamma=0.75),3.4413597649661467
1005,53,TPE (gamma=0.75),3.4413597649661467
1005,54,TPE (gamma=0.75),3.4413597649661467
1005,55,TPE (gamma=0.75),3.4413597649661467
1005,56,TPE (gamma=0.75),3.4413597649661467
1005,57,TPE (gamma=0.75),3.4413597649661467
1005,58,TPE (gamma=0.75),3.4413597649661467
1005,59,TPE (gamma=0.75),3.4413597649661467
1005,60,TPE (gamma=0.75),3.4413597649661467
1005,61,TPE (gamma=0.75),3.4413597649661467
1005,62,TPE (gamma=0.75),3.4413597649661467
1005,63,TPE (gamma=0.75),3.4413597649661467
1005,64,TPE (gamma=0.75),3.4413597649661467
1005,65,TPE (gamma=0.75),3.4413597649661467
1005,66,TPE (gamma=0.75),3.4413597649661467
1005,67,TPE (gamma=0.75),3.4413597649661467
1005,68,TPE (gamma=0.75),3.4413597649661467
1005,69,TPE (gamma=0.75),3.4413597649661467
1005,70,TPE (gamma=0.75),3.4413597649661467
1005,71,TPE (gamma=0.75),3.4413597649661467
1005,72,TPE (gamma=0.75),3.4413597649661467
1005,73,TPE (gamma=0.75),3.4413597649661467
1005,74,TPE (gamma=0.75),3.4413597649661467
1005,75,TPE (gamma=0.75),3.4413597649661467
1005,76,TPE (gamma=0.75),3.4413597649661467
1005,77,TPE (gamma=0.75),3.4413597649661467
1005,78,TPE (gamma=0.75),3.4413597649661467
1005,79,TPE (gamma=0.75),3.4413597649661467
1005,80,TPE (gamma=0.75),3.4413597649661467
1006,0,TPE (gamma=0.10),5.64143733939722
1006,1,TPE (gamma=0.10),5.64143733939722
1006,2,TPE (gamma=0.10),5.64143733939722
1006,3,TPE (gamma=0.10),5.64143733939722
1006,4,TPE (gamma=0.10),4.812228353983557
1006,5,TPE (gamma=0.10),4.812228353983557
1006,6,TPE (gamma=0.10),4.812228353983557
1006,7,TPE (gamma=0.10),4.812228353983557
1006,8,TPE (gamma=0.10),4.812228353983557
1006,9,TPE (gamma=0.10),4.812228353983557
1006,10,TPE (gamma=0.10),3.829695133821078
1006,11,TPE (gamma=0.10),3.829695133821078
1006,12,TPE (gamma=0.10),3.829695133821078
1006,13,TPE (gamma=0.10),3.829695133821078
1006,14,TPE (gamma=0.10),3.829695133821078
1006,15,TPE (gamma=0.10),3.829695133821078
1006,16,TPE (gamma=0.10),3.829695133821078
1006,17,TPE (gamma=0.10),3.829695133821078
1006,18,TPE (gamma=0.10),3.829695133821078
1006,19,TPE (gamma=0.10),3.829695133821078
1006,20,TPE (gamma=0.10),3.829695133821078
1006,21,TPE (gamma=0.10),3.829695133821078
1006,22,TPE (gamma=0.10),1.8190287306591628
1006,23,TPE (gamma=0.10),1.8190287306591628
1006,24,TPE (gamma=0.10),1.8190287306591628
1006,25,TPE (gamma=0.10),1.8190287306591628
1006,26,TPE (gamma=0.10),1.8190287306591628
1006,27,TPE (gamma=0.10),1.8190287306591628
1006,28,TPE (gamma=0.10),1.8190287306591628
1006,29,TPE (gamma=0.10),1.8190287306591628
1006,30,TPE (gamma=0.10),1.8190287306591628
1006,31,TPE (gamma=0.10),1.8190287306591628
1006,32,TPE (gamma=0.10),1.8190287306591628
1006,33,TPE (gamma=0.10),1.1001890228717155
1006,34,TPE (gamma=0.10),1.1001890228717155
1006,35,TPE (gamma=0.10),1.1001890228717155
1006,36,TPE (gamma=0.10),1.1001890228717155
1006,37,TPE (gamma=0.10),1.1001890228717155
1006,38,TPE (gamma=0.10),1.1001890228717155
1006,39,TPE (gamma=0.10),1.1001890228717155
1006,40,TPE (gamma=0.10),1.1001890228717155
1006,41,TPE (gamma=0.10),1.1001890228717155
1006,42,TPE (gamma=0.10),1.1001890228717155
1006,43,TPE (gamma=0.10),1.1001890228717155
1006,44,TPE (gamma=0.10),1.1001890228717155
1006,45,TPE (gamma=0.10),1.1001890228717155
1006,46,TPE (gamma=0.10),1.1001890228717155
1006,47,TPE (gamma=0.10),0.981120966572151
1006,48,TPE (gamma=0.10),0.8576957753828012
1006,49,TPE (gamma=0.10),0.8576957753828012
1006,50,TPE (gamma=0.10),0.8576957753828012
1006,51,TPE (gamma=0.10),0.8576957753828012
1006,52,TPE (gamma=0.10),0.8576957753828012
1006,53,TPE (gamma=0.10),0.8576957753828012
1006,54,TPE (gamma=0.10),0.5325132273346131
1006,55,TPE (gamma=0.10),0.5325132273346131
1006,56,TPE (gamma=0.10),0.5325132273346131
1006,57,TPE (gamma=0.10),0.44058417324451504
1006,58,TPE (gamma=0.10),0.44058417324451504
1006,59,TPE (gamma=0.10),0.44058417324451504
1006,60,TPE (gamma=0.10),0.44058417324451504
1006,61,TPE (gamma=0.10),0.44058417324451504
1006,62,TPE (gamma=0.10),0.44058417324451504
1006,63,TPE (gamma=0.10),0.44058417324451504
1006,64,TPE (gamma=0.10),0.44058417324451504
1006,65,TPE (gamma=0.10),0.44058417324451504
1006,66,TPE (gamma=0.10),0.44058417324451504
1006,67,TPE (gamma=0.10),0.44058417324451504
1006,68,TPE (gamma=0.10),0.44058417324451504
1006,69,TPE (gamma=0.10),0.44058417324451504
1006,70,TPE (gamma=0.10),0.44058417324451504
1006,71,TPE (gamma=0.10),0.44058417324451504
1006,72,TPE (gamma=0.10),0.44058417324451504
1006,73,TPE (gamma=0.10),0.44058417324451504
1006,74,TPE (gamma=0.10),0.44058417324451504
1006,75,TPE (gamma=0.10),0.44058417324451504
1006,76,TPE (gamma=0.10),0.44058417324451504
1006,77,TPE (gamma=0.10),0.44058417324451504
1006,78,TPE (gamma=0.10),0.44058417324451504
1006,79,TPE (gamma=0.10),0.44058417324451504
1006,80,TPE (gamma=0.10),0.44058417324451504
1006,0,TPE (gamma=0.25),5.64143733939722
1006,1,TPE (gamma=0.25),5.64143733939722
1006,2,TPE (gamma=0.25),5.64143733939722
1006,3,TPE (gamma=0.25),0.5880494201286659
1006,4,TPE (gamma=0.25),0.5880494201286659
1006,5,TPE (gamma=0.25),0.5880494201286659
1006,6,TPE (gamma=0.25),0.5880494201286659
1006,7,TPE (gamma=0.25),0.5880494201286659
1006,8,TPE (gamma=0.25),0.5880494201286659
1006,9,TPE (gamma=0.25),0.5880494201286659
1006,10,TPE (gamma=0.25),0.5880494201286659
1006,11,TPE (gamma=0.25),0.5880494201286659
1006,12,TPE (gamma=0.25),0.5880494201286659
1006,13,TPE (gamma=0.25),0.5880494201286659
1006,14,TPE (gamma=0.25),0.5880494201286659
1006,15,TPE (gamma=0.25),0.5880494201286659
1006,16,TPE (gamma=0.25),0.5880494201286659
1006,17,TPE (gamma=0.25),0.5880494201286659
1006,18,TPE (gamma=0.25),0.5880494201286659
1006,19,TPE (gamma=0.25),0.5880494201286659
1006,20,TPE (gamma=0.25),0.5880494201286659
1006,21,TPE (gamma=0.25),0.5880494201286659
1006,22,TPE (gamma=0.25),0.5880494201286659
1006,23,TPE (gamma=0.25),0.5880494201286659
1006,24,TPE (gamma=0.25),0.5880494201286659
1006,25,TPE (gamma=0.25),0.5880494201286659
1006,26,TPE (gamma=0.25),0.5880494201286659
1006,27,TPE (gamma=0.25),0.5880494201286659
1006,28,TPE (gamma=0.25),0.5880494201286659
1006,29,TPE (gamma=0.25),0.5880494201286659
1006,30,TPE (gamma=0.25),0.5880494201286659
1006,31,TPE (gamma=0.25),0.5880494201286659
1006,32,TPE (gamma=0.25),0.5880494201286659
1006,33,TPE (gamma=0.25),0.5880494201286659
1006,34,TPE (gamma=0.25),0.5880494201286659
1006,35,TPE (gamma=0.25),0.5880494201286659
1006,36,TPE (gamma=0.25),0.5880494201286659
1006,37,TPE (gamma=0.25),0.5880494201286659
1006,38,TPE (gamma=0.25),0.5880494201286659
1006,39,TPE (gamma=0.25),0.5880494201286659
1006,40,TPE (gamma=0.25),0.41616516385352753
1006,41,TPE (gamma=0.25),0.41616516385352753
1006,42,TPE (gamma=0.25),0.41616516385352753
1006,43,TPE (gamma=0.25),0.41616516385352753
1006,44,TPE (gamma=0.25),0.40792099072193366
1006,45,TPE (gamma=0.25),0.40792099072193366
1006,46,TPE (gamma=0.25),0.40792099072193366
1006,47,TPE (gamma=0.25),0.40792099072193366
1006,48,TPE (gamma=0.25),0.40792099072193366
1006,49,TPE (gamma=0.25),0.40792099072193366
1006,50,TPE (gamma=0.25),0.40792099072193366
1006,51,TPE (gamma=0.25),0.40792099072193366
1006,52,TPE (gamma=0.25),0.40792099072193366
1006,53,TPE (gamma=0.25),0.40792099072193366
1006,54,TPE (gamma=0.25),0.40792099072193366
1006,55,TPE (gamma=0.25),0.40792099072193366
1006,56,TPE (gamma=0.25),0.40792099072193366
1006,57,TPE (gamma=0.25),0.40792099072193366
1006,58,TPE (gamma=0.25),0.40792099072193366
1006,59,TPE (gamma=0.25),0.40792099072193366
1006,60,TPE (gamma=0.25),0.40792099072193366
1006,61,TPE (gamma=0.25),0.40792099072193366
1006,62,TPE (gamma=0.25),0.40792099072193366
1006,63,TPE (gamma=0.25),0.40792099072193366
1006,64,TPE (gamma=0.25),0.40792099072193366
1006,65,TPE (gamma=0.25),0.40792099072193366
1006,66,TPE (gamma=0.25),0.40792099072193366
1006,67,TPE (gamma=0.25),0.40792099072193366
1006,68,TPE (gamma=0.25),0.40792099072193366
1006,69,TPE (gamma=0.25),0.40792099072193366
1006,70,TPE (gamma=0.25),0.40792099072193366
1006,71,TPE (gamma=0.25),0.40792099072193366
1006,72,TPE (gamma=0.25),0.40792099072193366
1006,73,TPE (gamma=0.25),0.40792099072193366
1006,74,TPE (gamma=0.25),0.40792099072193366
1006,75,TPE (gamma=0.25),0.40792099072193366
1006,76,TPE (gamma=0.25),0.40792099072193366
1006,77,TPE (gamma=0.25),0.40792099072193366
1006,78,TPE (gamma=0.25),0.40792099072193366
1006,79,TPE (gamma=0.25),0.40792099072193366
1006,80,TPE (gamma=0.25),0.40792099072193366
1006,0,TPE (gamma=0.50),5.64143733939722
1006,1,TPE (gamma=0.50),5.64143733939722
1006,2,TPE (gamma=0.50),5.64143733939722
1006,3,TPE (gamma=0.50),5.64143733939722
1006,4,TPE (gamma=0.50),5.64143733939722
1006,5,TPE (gamma=0.50),5.64143733939722
1006,6,TPE (gamma=0.50),5.64143733939722
1006,7,TPE (gamma=0.50),5.64143733939722
1006,8,TPE (gamma=0.50),5.64143733939722
1006,9,TPE (gamma=0.50),5.64143733939722
1006,10,TPE (gamma=0.50),5.64143733939722
1006,11,TPE (gamma=0.50),5.64143733939722
1006,12,TPE (gamma=0.50),5.64143733939722
1006,13,TPE (gamma=0.50),5.64143733939722
1006,14,TPE (gamma=0.50),5.64143733939722
1006,15,TPE (gamma=0.50),5.64143733939722
1006,16,TPE (gamma=0.50),5.64143733939722
1006,17,TPE (gamma=0.50),5.64143733939722
1006,18,TPE (gamma=0.50),5.64143733939722
1006,19,TPE (gamma=0.50),5.64143733939722
1006,20,TPE (gamma=0.50),5.64143733939722
1006,21,TPE (gamma=0.50),5.64143733939722
1006,22,TPE (gamma=0.50),5.64143733939722
1006,23,TPE (gamma=0.50),5.64143733939722
1006,24,TPE (gamma=0.50),5.64143733939722
1006,25,TPE (gamma=0.50),5.64143733939722
1006,26,TPE (gamma=0.50),5.64143733939722
1006,27,TPE (gamma=0.50),5.64143733939722
1006,28,TPE (gamma=0.50),5.64143733939722
1006,29,TPE (gamma=0.50),5.64143733939722
1006,30,TPE (gamma=0.50),5.64143733939722
1006,31,TPE (gamma=0.50),5.64143733939722
1006,32,TPE (gamma=0.50),5.64143733939722
1006,33,TPE (gamma=0.50),5.64143733939722
1006,34,TPE (gamma=0.50),5.64143733939722
1006,35,TPE (gamma=0.50),5.64143733939722
1006,36,TPE (gamma=0.50),5.64143733939722
1006,37,TPE (gamma=0.50),5.64143733939722
1006,38,TPE (gamma=0.50),5.64143733939722
1006,39,TPE (gamma=0.50),5.64143733939722
1006,40,TPE (gamma=0.50),5.64143733939722
1006,41,TPE (gamma=0.50),5.64143733939722
1006,42,TPE (gamma=0.50),5.64143733939722
1006,43,TPE (gamma=0.50),5.64143733939722
1006,44,TPE (gamma=0.50),5.64143733939722
1006,45,TPE (gamma=0.50),5.64143733939722
1006,46,TPE (gamma=0.50),5.64143733939722
1006,47,TPE (gamma=0.50),5.64143733939722
1006,48,TPE (gamma=0.50),5.64143733939722
1006,49,TPE (gamma=0.50),5.64143733939722
1006,50,TPE (gamma=0.50),5.64143733939722
1006,51,TPE (gamma=0.50),5.64143733939722
1006,52,TPE (gamma=0.50),5.64143733939722
1006,53,TPE (gamma=0.50),5.64143733939722
1006,54,TPE (gamma=0.50),5.64143733939722
1006,55,TPE (gamma=0.50),5.64143733939722
1006,56,TPE (gamma=0.50),5.64143733939722
1006,57,TPE (gamma=0.50),5.64143733939722
1006,58,TPE (gamma=0.50),5.64143733939722
1006,59,TPE (gamma=0.50),5.64143733939722
1006,60,TPE (gamma=0.50),5.64143733939722
1006,61,TPE (gamma=0.50),5.64143733939722
1006,62,TPE (gamma=0.50),5.64143733939722
1006,63,TPE (gamma=0.50),5.64143733939722
1006,64,TPE (gamma=0.50),5.64143733939722
1006,65,TPE (gamma=0.50),5.64143733939722
1006,66,TPE (gamma=0.50),5.64143733939722
1006,67,TPE (gamma=0.50),5.12635873554218
1006,68,TPE (gamma=0.50),5.12635873554218
1006,69,TPE (gamma=0.50),5.12635873554218
1006,70,TPE (gamma=0.50),5.12635873554218
1006,71,TPE (gamma=0.50),5.12635873554218
1006,72,TPE (gamma=0.50),5.12635873554218
1006,73,TPE (gamma=0.50),5.12635873554218
1006,74,TPE (gamma=0.50),5.12635873554218
1006,75,TPE (gamma=0.50),5.12635873554218
1006,76,TPE (gamma=0.50),5.12635873554218
1006,77,TPE (gamma=0.50),5.12635873554218
1006,78,TPE (gamma=0.50),5.12635873554218
1006,79,TPE (gamma=0.50),5.12635873554218
1006,80,TPE (gamma=0.50),5.12635873554218
1006,0,TPE (gamma=0.75),5.64143733939722
1006,1,TPE (gamma=0.75),5.64143733939722
1006,2,TPE (gamma=0.75),5.64143733939722
1006,3,TPE (gamma=0.75),5.64143733939722
1006,4,TPE (gamma=0.75),5.64143733939722
1006,5,TPE (gamma=0.75),5.64143733939722
1006,6,TPE (gamma=0.75),5.64143733939722
1006,7,TPE (gamma=0.75),5.64143733939722
1006,8,TPE (gamma=0.75),5.64143733939722
1006,9,TPE (gamma=0.75),5.64143733939722
1006,10,TPE (gamma=0.75),5.64143733939722
1006,11,TPE (gamma=0.75),5.64143733939722
1006,12,TPE (gamma=0.75),5.64143733939722
1006,13,TPE (gamma=0.75),5.64143733939722
1006,14,TPE (gamma=0.75),5.64143733939722
1006,15,TPE (gamma=0.75),5.64143733939722
1006,16,TPE (gamma=0.75),5.64143733939722
1006,17,TPE (gamma=0.75),5.64143733939722
1006,18,TPE (gamma=0.75),5.64143733939722
1006,19,TPE (gamma=0.75),5.64143733939722
1006,20,TPE (gamma=0.75),5.64143733939722
1006,21,TPE (gamma=0.75),5.64143733939722
1006,22,TPE (gamma=0.75),5.64143733939722
1006,23,TPE (gamma=0.75),5.64143733939722
1006,24,TPE (gamma=0.75),5.64143733939722
1006,25,TPE (gamma=0.75),5.64143733939722
1006,26,TPE (gamma=0.75),5.64143733939722
1006,27,TPE (gamma=0.75),5.64143733939722
1006,28,TPE (gamma=0.75),5.64143733939722
1006,29,TPE (gamma=0.75),5.64143733939722
1006,30,TPE (gamma=0.75),5.64143733939722
1006,31,TPE (gamma=0.75),5.64143733939722
1006,32,TPE (gamma=0.75),5.64143733939722
1006,33,TPE (gamma=0.75),5.64143733939722
1006,34,TPE (gamma=0.75),5.64143733939722
1006,35,TPE (gamma=0.75),5.64143733939722
1006,36,TPE (gamma=0.75),5.64143733939722
1006,37,TPE (gamma=0.75),5.64143733939722
1006,38,TPE (gamma=0.75),5.64143733939722
1006,39,TPE (gamma=0.75),5.64143733939722
1006,40,TPE (gamma=0.75),5.64143733939722
1006,41,TPE (gamma=0.75),5.64143733939722
1006,42,TPE (gamma=0.75),5.64143733939722
1006,43,TPE (gamma=0.75),5.64143733939722
1006,44,TPE (gamma=0.75),5.64143733939722
1006,45,TPE (gamma=0.75),5.64143733939722
1006,46,TPE (gamma=0.75),5.64143733939722
1006,47,TPE (gamma=0.75),5.64143733939722
1006,48,TPE (gamma=0.75),5.64143733939722
1006,49,TPE (gamma=0.75),5.64143733939722
1006,50,TPE (gamma=0.75),5.64143733939722
1006,51,TPE (gamma=0.75),5.64143733939722
1006,52,TPE (gamma=0.75),5.64143733939722
1006,53,TPE (gamma=0.75),5.64143733939722
1006,54,TPE (gamma=0.75),5.64143733939722
1006,55,TPE (gamma=0.75),5.64143733939722
1006,56,TPE (gamma=0.75),5.64143733939722
1006,57,TPE (gamma=0.75),5.64143733939722
1006,58,TPE (gamma=0.75),5.64143733939722
1006,59,TPE (gamma=0.75),5.64143733939722
1006,60,TPE (gamma=0.75),5.64143733939722
1006,61,TPE (gamma=0.75),5.64143733939722
1006,62,TPE (gamma=0.75),5.64143733939722
1006,63,TPE (gamma=0.75),5.64143733939722
1006,64,TPE (gamma=0.75),5.64143733939722
1006,65,TPE (gamma=0.75),5.64143733939722
1006,66,TPE (gamma=0.75),5.64143733939722
1006,67,TPE (gamma=0.75),5.64143733939722
1006,68,TPE (gamma=0.75),5.64143733939722
1006,69,TPE (gamma=0.75),5.64143733939722
1006,70,TPE (gamma=0.75),5.64143733939722
1006,71,TPE (gamma=0.75),5.64143733939722
1006,72,TPE (gamma=0.75),5.64143733939722
1006,73,TPE (gamma=0.75),5.64143733939722
1006,74,TPE (gamma=0.75),5.64143733939722
1006,75,TPE (gamma=0.75),5.64143733939722
1006,76,TPE (gamma=0.75),5.64143733939722
1006,77,TPE (gamma=0.75),5.64143733939722
1006,78,TPE (gamma=0.75),5.64143733939722
1006,79,TPE (gamma=0.75),5.64143733939722
1006,80,TPE (gamma=0.75),5.64143733939722
1007,0,TPE (gamma=0.10),4.924658643439565
1007,1,TPE (gamma=0.10),4.924658643439565
1007,2,TPE (gamma=0.10),4.924658643439565
1007,3,TPE (gamma=0.10),4.924658643439565
1007,4,TPE (gamma=0.10),4.924658643439565
1007,5,TPE (gamma=0.10),1.5637019141447617
1007,6,TPE (gamma=0.10),1.5637019141447617
1007,7,TPE (gamma=0.10),1.5637019141447617
1007,8,TPE (gamma=0.10),1.5637019141447617
1007,9,TPE (gamma=0.10),1.5637019141447617
1007,10,TPE (gamma=0.10),1.5637019141447617
1007,11,TPE (gamma=0.10),1.033132908429124
1007,12,TPE (gamma=0.10),1.033132908429124
1007,13,TPE (gamma=0.10),1.033132908429124
1007,14,TPE (gamma=0.10),1.033132908429124
1007,15,TPE (gamma=0.10),1.033132908429124
1007,16,TPE (gamma=0.10),1.033132908429124
1007,17,TPE (gamma=0.10),1.033132908429124
1007,18,TPE (gamma=0.10),1.033132908429124
1007,19,TPE (gamma=0.10),1.033132908429124
1007,20,TPE (gamma=0.10),1.033132908429124
1007,21,TPE (gamma=0.10),1.033132908429124
1007,22,TPE (gamma=0.10),1.033132908429124
1007,23,TPE (gamma=0.10),1.033132908429124
1007,24,TPE (gamma=0.10),1.033132908429124
1007,25,TPE (gamma=0.10),1.033132908429124
1007,26,TPE (gamma=0.10),1.033132908429124
1007,27,TPE (gamma=0.10),0.6287613950773956
1007,28,TPE (gamma=0.10),0.6287613950773956
1007,29,TPE (gamma=0.10),0.6287613950773956
1007,30,TPE (gamma=0.10),0.6287613950773956
1007,31,TPE (gamma=0.10),0.6287613950773956
1007,32,TPE (gamma=0.10),0.6287613950773956
1007,33,TPE (gamma=0.10),0.6287613950773956
1007,34,TPE (gamma=0.10),0.6287613950773956
1007,35,TPE (gamma=0.10),0.6287613950773956
1007,36,TPE (gamma=0.10),0.6287613950773956
1007,37,TPE (gamma=0.10),0.6287613950773956
1007,38,TPE (gamma=0.10),0.6287613950773956
1007,39,TPE (gamma=0.10),0.6287613950773956
1007,40,TPE (gamma=0.10),0.6287613950773956
1007,41,TPE (gamma=0.10),0.6287613950773956
1007,42,TPE (gamma=0.10),0.6287613950773956
1007,43,TPE (gamma=0.10),0.6287613950773956
1007,44,TPE (gamma=0.10),0.6287613950773956
1007,45,TPE (gamma=0.10),0.6287613950773956
1007,46,TPE (gamma=0.10),0.6287613950773956
1007,47,TPE (gamma=0.10),0.6287613950773956
1007,48,TPE (gamma=0.10),0.6287613950773956
1007,49,TPE (gamma=0.10),0.6287613950773956
1007,50,TPE (gamma=0.10),0.6287613950773956
1007,51,TPE (gamma=0.10),0.6287613950773956
1007,52,TPE (gamma=0.10),0.6287613950773956
1007,53,TPE (gamma=0.10),0.6287613950773956
1007,54,TPE (gamma=0.10),0.6287613950773956
1007,55,TPE (gamma=0.10),0.6287613950773956
1007,56,TPE (gamma=0.10),0.6287613950773956
1007,57,TPE (gamma=0.10),0.6287613950773956
1007,58,TPE (gamma=0.10),0.6287613950773956
1007,59,TPE (gamma=0.10),0.6287613950773956
1007,60,TPE (gamma=0.10),0.6287613950773956
1007,61,TPE (gamma=0.10),0.6287613950773956
1007,62,TPE (gamma=0.10),0.6287613950773956
1007,63,TPE (gamma=0.10),0.6287613950773956
1007,64,TPE (gamma=0.10),0.6287613950773956
1007,65,TPE (gamma=0.10),0.6287613950773956
1007,66,TPE (gamma=0.10),0.6287613950773956
1007,67,TPE (gamma=0.10),0.6287613950773956
1007,68,TPE (gamma=0.10),0.6287613950773956
1007,69,TPE (gamma=0.10),0.6287613950773956
1007,70,TPE (gamma=0.10),0.6287613950773956
1007,71,TPE (gamma=0.10),0.6287613950773956
1007,72,TPE (gamma=0.10),0.6287613950773956
1007,73,TPE (gamma=0.10),0.6287613950773956
1007,74,TPE (gamma=0.10),0.6287613950773956
1007,75,TPE (gamma=0.10),0.6287613950773956
1007,76,TPE (gamma=0.10),0.6287613950773956
1007,77,TPE (gamma=0.10),0.6287613950773956
1007,78,TPE (gamma=0.10),0.4826852681371232
1007,79,TPE (gamma=0.10),0.4826852681371232
1007,80,TPE (gamma=0.10),0.4826852681371232
1007,0,TPE (gamma=0.25),4.924658643439565
1007,1,TPE (gamma=0.25),4.924658643439565
1007,2,TPE (gamma=0.25),4.924658643439565
1007,3,TPE (gamma=0.25),4.924658643439565
1007,4,TPE (gamma=0.25),4.924658643439565
1007,5,TPE (gamma=0.25),0.859978915176077
1007,6,TPE (gamma=0.25),0.41148330029152724
1007,7,TPE (gamma=0.25),0.41148330029152724
1007,8,TPE (gamma=0.25),0.41148330029152724
1007,9,TPE (gamma=0.25),0.41148330029152724
1007,10,TPE (gamma=0.25),0.41148330029152724
1007,11,TPE (gamma=0.25),0.41148330029152724
1007,12,TPE (gamma=0.25),0.41148330029152724
1007,13,TPE (gamma=0.25),0.41148330029152724
1007,14,TPE (gamma=0.25),0.41148330029152724
1007,15,TPE (gamma=0.25),0.41148330029152724
1007,16,TPE (gamma=0.25),0.41148330029152724
1007,17,TPE (gamma=0.25),0.41148330029152724
1007,18,TPE (gamma=0.25),0.41148330029152724
1007,19,TPE (gamma=0.25),0.41148330029152724
1007,20,TPE (gamma=0.25),0.41148330029152724
1007,21,TPE (gamma=0.25),0.41148330029152724
1007,22,TPE (gamma=0.25),0.41148330029152724
1007,23,TPE (gamma=0.25),0.41148330029152724
1007,24,TPE (gamma=0.25),0.41148330029152724
1007,25,TPE (gamma=0.25),0.41148330029152724
1007,26,TPE (gamma=0.25),0.41148330029152724
1007,27,TPE (gamma=0.25),0.41148330029152724
1007,28,TPE (gamma=0.25),0.41148330029152724
1007,29,TPE (gamma=0.25),0.41148330029152724
1007,30,TPE (gamma=0.25),0.41148330029152724
1007,31,TPE (gamma=0.25),0.41148330029152724
1007,32,TPE (gamma=0.25),0.41148330029152724
1007,33,TPE (gamma=0.25),0.41148330029152724
1007,34,TPE (gamma=0.25),0.41148330029152724
1007,35,TPE (gamma=0.25),0.41148330029152724
1007,36,TPE (gamma=0.25),0.41148330029152724
1007,37,TPE (gamma=0.25),0.41148330029152724
1007,38,TPE (gamma=0.25),0.41148330029152724
1007,39,TPE (gamma=0.25),0.41148330029152724
1007,40,TPE (gamma=0.25),0.41148330029152724
1007,41,TPE (gamma=0.25),0.41148330029152724
1007,42,TPE (gamma=0.25),0.41148330029152724
1007,43,TPE (gamma=0.25),0.41148330029152724
1007,44,TPE (gamma=0.25),0.41148330029152724
1007,45,TPE (gamma=0.25),0.41148330029152724
1007,46,TPE (gamma=0.25),0.41148330029152724
1007,47,TPE (gamma=0.25),0.41148330029152724
1007,48,TPE (gamma=0.25),0.41148330029152724
1007,49,TPE (gamma=0.25),0.41148330029152724
1007,50,TPE (gamma=0.25),0.41148330029152724
1007,51,TPE (gamma=0.25),0.39845727197436176
1007,52,TPE (gamma=0.25),0.39845727197436176
1007,53,TPE (gamma=0.25),0.39845727197436176
1007,54,TPE (gamma=0.25),0.39845727197436176
1007,55,TPE (gamma=0.25),0.39845727197436176
1007,56,TPE (gamma=0.25),0.39845727197436176
1007,57,TPE (gamma=0.25),0.39845727197436176
1007,58,TPE (gamma=0.25),0.39845727197436176
1007,59,TPE (gamma=0.25),0.39845727197436176
1007,60,TPE (gamma=0.25),0.39845727197436176
1007,61,TPE (gamma=0.25),0.39845727197436176
1007,62,TPE (gamma=0.25),0.39845727197436176
1007,63,TPE (gamma=0.25),0.39845727197436176
1007,64,TPE (gamma=0.25),0.39845727197436176
1007,65,TPE (gamma=0.25),0.39845727197436176
1007,66,TPE (gamma=0.25),0.39845727197436176
1007,67,TPE (gamma=0.25),0.39845727197436176
1007,68,TPE (gamma=0.25),0.39845727197436176
1007,69,TPE (gamma=0.25),0.39845727197436176
1007,70,TPE (gamma=0.25),0.39845727197436176
1007,71,TPE (gamma=0.25),0.39845727197436176
1007,72,TPE (gamma=0.25),0.39845727197436176
1007,73,TPE (gamma=0.25),0.39845727197436176
1007,74,TPE (gamma=0.25),0.39845727197436176
1007,75,TPE (gamma=0.25),0.39845727197436176
1007,76,TPE (gamma=0.25),0.39845727197436176
1007,77,TPE (gamma=0.25),0.39845727197436176
1007,78,TPE (gamma=0.25),0.39845727197436176
1007,79,TPE (gamma=0.25),0.39845727197436176
1007,80,TPE (gamma=0.25),0.39845727197436176
1007,0,TPE (gamma=0.50),4.924658643439565
1007,1,TPE (gamma=0.50),4.924658643439565
1007,2,TPE (gamma=0.50),4.924658643439565
1007,3,TPE (gamma=0.50),4.924658643439565
1007,4,TPE (gamma=0.50),3.7857283983549674
1007,5,TPE (gamma=0.50),1.326560680917222
1007,6,TPE (gamma=0.50),1.326560680917222
1007,7,TPE (gamma=0.50),1.326560680917222
1007,8,TPE (gamma=0.50),1.326560680917222
1007,9,TPE (gamma=0.50),1.326560680917222
1007,10,TPE (gamma=0.50),1.2799809237196413
1007,11,TPE (gamma=0.50),1.2799809237196413
1007,12,TPE (gamma=0.50),1.2799809237196413
1007,13,TPE (gamma=0.50),1.2799809237196413
1007,14,TPE (gamma=0.50),1.2799809237196413
1007,15,TPE (gamma=0.50),1.2799809237196413
1007,16,TPE (gamma=0.50),1.2799809237196413
1007,17,TPE (gamma=0.50),1.2799809237196413
1007,18,TPE (gamma=0.50),1.2799809237196413
1007,19,TPE (gamma=0.50),1.2799809237196413
1007,20,TPE (gamma=0.50),1.2799809237196413
1007,21,TPE (gamma=0.50),1.1791829305869186
1007,22,TPE (gamma=0.50),1.0741826815982822
1007,23,TPE (gamma=0.50),0.8180668287790187
1007,24,TPE (gamma=0.50),0.7826348099911016
1007,25,TPE (gamma=0.50),0.7826348099911016
1007,26,TPE (gamma=0.50),0.7826348099911016
1007,27,TPE (gamma=0.50),0.6731704356800634
1007,28,TPE (gamma=0.50),0.6731704356800634
1007,29,TPE (gamma=0.50),0.6731704356800634
1007,30,TPE (gamma=0.50),0.6731704356800634
1007,31,TPE (gamma=0.50),0.6731704356800634
1007,32,TPE (gamma=0.50),0.6731704356800634
1007,33,TPE (gamma=0.50),0.6731704356800634
1007,34,TPE (gamma=0.50),0.6731704356800634
1007,35,TPE (gamma=0.50),0.6731704356800634
1007,36,TPE (gamma=0.50),0.6731704356800634
1007,37,TPE (gamma=0.50),0.6731704356800634
1007,38,TPE (gamma=0.50),0.6731704356800634
1007,39,TPE (gamma=0.50),0.6731704356800634
1007,40,TPE (gamma=0.50),0.6731704356800634
1007,41,TPE (gamma=0.50),0.6731704356800634
1007,42,TPE (gamma=0.50),0.6731704356800634
1007,43,TPE (gamma=0.50),0.6731704356800634
1007,44,TPE (gamma=0.50),0.6731704356800634
1007,45,TPE (gamma=0.50),0.6731704356800634
1007,46,TPE (gamma=0.50),0.6731704356800634
1007,47,TPE (gamma=0.50),0.6731704356800634
1007,48,TPE (gamma=0.50),0.6731704356800634
1007,49,TPE (gamma=0.50),0.6731704356800634
1007,50,TPE (gamma=0.50),0.6731704356800634
1007,51,TPE (gamma=0.50),0.6731704356800634
1007,52,TPE (gamma=0.50),0.6731704356800634
1007,53,TPE (gamma=0.50),0.6731704356800634
1007,54,TPE (gamma=0.50),0.6731704356800634
1007,55,TPE (gamma=0.50),0.6731704356800634
1007,56,TPE (gamma=0.50),0.6731704356800634
1007,57,TPE (gamma=0.50),0.6731704356800634
1007,58,TPE (gamma=0.50),0.6731704356800634
1007,59,TPE (gamma=0.50),0.6731704356800634
1007,60,TPE (gamma=0.50),0.6731704356800634
1007,61,TPE (gamma=0.50),0.6731704356800634
1007,62,TPE (gamma=0.50),0.6731704356800634
1007,63,TPE (gamma=0.50),0.6731704356800634
1007,64,TPE (gamma=0.50),0.6731704356800634
1007,65,TPE (gamma=0.50),0.6731704356800634
1007,66,TPE (gamma=0.50),0.6731704356800634
1007,67,TPE (gamma=0.50),0.6731704356800634
1007,68,TPE (gamma=0.50),0.6731704356800634
1007,69,TPE (gamma=0.50),0.6731704356800634
1007,70,TPE (gamma=0.50),0.6731704356800634
1007,71,TPE (gamma=0.50),0.6731704356800634
1007,72,TPE (gamma=0.50),0.6731704356800634
1007,73,TPE (gamma=0.50),0.6731704356800634
1007,74,TPE (gamma=0.50),0.6731704356800634
1007,75,TPE (gamma=0.50),0.6731704356800634
1007,76,TPE (gamma=0.50),0.6731704356800634
1007,77,TPE (gamma=0.50),0.6731704356800634
1007,78,TPE (gamma=0.50),0.6731704356800634
1007,79,TPE (gamma=0.50),0.6731704356800634
1007,80,TPE (gamma=0.50),0.6731704356800634
1007,0,TPE (gamma=0.75),4.924658643439565
1007,1,TPE (gamma=0.75),4.924658643439565
1007,2,TPE (gamma=0.75),4.924658643439565
1007,3,TPE (gamma=0.75),4.924658643439565
1007,4,TPE (gamma=0.75),4.924658643439565
1007,5,TPE (gamma=0.75),4.924658643439565
1007,6,TPE (gamma=0.75),4.924658643439565
1007,7,TPE (gamma=0.75),4.924658643439565
1007,8,TPE (gamma=0.75),4.924658643439565
1007,9,TPE (gamma=0.75),4.924658643439565
1007,10,TPE (gamma=0.75),4.924658643439565
1007,11,TPE (gamma=0.75),4.924658643439565
1007,12,TPE (gamma=0.75),4.924658643439565
1007,13,TPE (gamma=0.75),4.924658643439565
1007,14,TPE (gamma=0.75),4.924658643439565
1007,15,TPE (gamma=0.75),4.924658643439565
1007,16,TPE (gamma=0.75),4.924658643439565
1007,17,TPE (gamma=0.75),4.924658643439565
1007,18,TPE (gamma=0.75),4.924658643439565
1007,19,TPE (gamma=0.75),4.924658643439565
1007,20,TPE (gamma=0.75),4.924658643439565
1007,21,TPE (gamma=0.75),4.924658643439565
1007,22,TPE (gamma=0.75),4.924658643439565
1007,23,TPE (gamma=0.75),4.924658643439565
1007,24,TPE (gamma=0.75),4.924658643439565
1007,25,TPE (gamma=0.75),4.924658643439565
1007,26,TPE (gamma=0.75),4.924658643439565
1007,27,TPE (gamma=0.75),4.924658643439565
1007,28,TPE (gamma=0.75),4.924658643439565
1007,29,TPE (gamma=0.75),4.924658643439565
1007,30,TPE (gamma=0.75),4.924658643439565
1007,31,TPE (gamma=0.75),4.924658643439565
1007,32,TPE (gamma=0.75),4.924658643439565
1007,33,TPE (gamma=0.75),4.924658643439565
1007,34,TPE (gamma=0.75),4.924658643439565
1007,35,TPE (gamma=0.75),4.924658643439565
1007,36,TPE (gamma=0.75),4.924658643439565
1007,37,TPE (gamma=0.75),4.924658643439565
1007,38,TPE (gamma=0.75),4.924658643439565
1007,39,TPE (gamma=0.75),4.924658643439565
1007,40,TPE (gamma=0.75),4.924658643439565
1007,41,TPE (gamma=0.75),4.924658643439565
1007,42,TPE (gamma=0.75),4.924658643439565
1007,43,TPE (gamma=0.75),4.924658643439565
1007,44,TPE (gamma=0.75),4.924658643439565
1007,45,TPE (gamma=0.75),4.924658643439565
1007,46,TPE (gamma=0.75),4.924658643439565
1007,47,TPE (gamma=0.75),4.924658643439565
1007,48,TPE (gamma=0.75),4.924658643439565
1007,49,TPE (gamma=0.75),4.924658643439565
1007,50,TPE (gamma=0.75),4.924658643439565
1007,51,TPE (gamma=0.75),4.924658643439565
1007,52,TPE (gamma=0.75),4.924658643439565
1007,53,TPE (gamma=0.75),4.924658643439565
1007,54,TPE (gamma=0.75),4.924658643439565
1007,55,TPE (gamma=0.75),4.924658643439565
1007,56,TPE (gamma=0.75),4.924658643439565
1007,57,TPE (gamma=0.75),4.924658643439565
1007,58,TPE (gamma=0.75),4.924658643439565
1007,59,TPE (gamma=0.75),4.924658643439565
1007,60,TPE (gamma=0.75),4.924658643439565
1007,61,TPE (gamma=0.75),4.924658643439565
1007,62,TPE (gamma=0.75),4.924658643439565
1007,63,TPE (gamma=0.75),4.924658643439565
1007,64,TPE (gamma=0.75),4.924658643439565
1007,65,TPE (gamma=0.75),4.924658643439565
1007,66,TPE (gamma=0.75),4.924658643439565
1007,67,TPE (gamma=0.75),4.924658643439565
1007,68,TPE (gamma=0.75),4.924658643439565
1007,69,TPE (gamma=0.75),4.924658643439565
1007,70,TPE (gamma=0.75),4.924658643439565
1007,71,TPE (gamma=0.75),4.924658643439565
1007,72,TPE (gamma=0.75),4.924658643439565
1007,73,TPE (gamma=0.75),4.924658643439565
1007,74,TPE (gamma=0.75),4.924658643439565
1007,75,TPE (gamma=0.75),4.924658643439565
1007,76,TPE (gamma=0.75),4.924658643439565
1007,77,TPE (gamma=0.75),4.924658643439565
1007,78,TPE (gamma=0.75),4.924658643439565
1007,79,TPE (gamma=0.75),4.924658643439565
1007,80,TPE (gamma=0.75),4.924658643439565
1008,0,TPE (gamma=0.10),4.094379907089355
1008,1,TPE (gamma=0.10),4.094379907089355
1008,2,TPE (gamma=0.10),4.094379907089355
1008,3,TPE (gamma=0.10),4.094379907089355
1008,4,TPE (gamma=0.10),3.905990766073348
1008,5,TPE (gamma=0.10),1.8377114568041168
1008,6,TPE (gamma=0.10),1.8377114568041168
1008,7,TPE (gamma=0.10),1.8377114568041168
1008,8,TPE (gamma=0.10),1.8377114568041168
1008,9,TPE (gamma=0.10),1.8377114568041168
1008,10,TPE (gamma=0.10),1.8377114568041168
1008,11,TPE (gamma=0.10),1.8377114568041168
1008,12,TPE (gamma=0.10),1.8377114568041168
1008,13,TPE (gamma=0.10),1.8377114568041168
1008,14,TPE (gamma=0.10),1.8377114568041168
1008,15,TPE (gamma=0.10),1.1668822315564498
1008,16,TPE (gamma=0.10),1.1668822315564498
1008,17,TPE (gamma=0.10),1.1668822315564498
1008,18,TPE (gamma=0.10),1.1668822315564498
1008,19,TPE (gamma=0.10),1.1668822315564498
1008,20,TPE (gamma=0.10),1.1668822315564498
1008,21,TPE (gamma=0.10),1.1668822315564498
1008,22,TPE (gamma=0.10),1.1668822315564498
1008,23,TPE (gamma=0.10),1.1668822315564498
1008,24,TPE (gamma=0.10),1.1668822315564498
1008,25,TPE (gamma=0.10),1.1668822315564498
1008,26,TPE (gamma=0.10),1.1668822315564498
1008,27,TPE (gamma=0.10),1.1668822315564498
1008,28,TPE (gamma=0.10),0.949088629584045
1008,29,TPE (gamma=0.10),0.949088629584045
1008,30,TPE (gamma=0.10),0.949088629584045
1008,31,TPE (gamma=0.10),0.949088629584045
1008,32,TPE (gamma=0.10),0.949088629584045
1008,33,TPE (gamma=0.10),0.949088629584045
1008,34,TPE (gamma=0.10),0.949088629584045
1008,35,TPE (gamma=0.10),0.949088629584045
1008,36,TPE (gamma=0.10),0.9305417389320088
1008,37,TPE (gamma=0.10),0.9305417389320088
1008,38,TPE (gamma=0.10),0.7814059270214262
1008,39,TPE (gamma=0.10),0.7814059270214262
1008,40,TPE (gamma=0.10),0.7814059270214262
1008,41,TPE (gamma=0.10),0.7814059270214262
1008,42,TPE (gamma=0.10),0.7814059270214262
1008,43,TPE (gamma=0.10),0.7814059270214262
1008,44,TPE (gamma=0.10),0.7814059270214262
1008,45,TPE (gamma=0.10),0.7814059270214262
1008,46,TPE (gamma=0.10),0.7814059270214262
1008,47,TPE (gamma=0.10),0.7814059270214262
1008,48,TPE (gamma=0.10),0.7814059270214262
1008,49,TPE (gamma=0.10),0.7814059270214262
1008,50,TPE (gamma=0.10),0.7814059270214262
1008,51,TPE (gamma=0.10),0.7814059270214262
1008,52,TPE (gamma=0.10),0.7814059270214262
1008,53,TPE (gamma=0.10),0.7814059270214262
1008,54,TPE (gamma=0.10),0.7814059270214262
1008,55,TPE (gamma=0.10),0.7814059270214262
1008,56,TPE (gamma=0.10),0.7814059270214262
1008,57,TPE (gamma=0.10),0.7814059270214262
1008,58,TPE (gamma=0.10),0.7814059270214262
1008,59,TPE (gamma=0.10),0.7814059270214262
1008,60,TPE (gamma=0.10),0.7814059270214262
1008,61,TPE (gamma=0.10),0.7814059270214262
1008,62,TPE (gamma=0.10),0.7814059270214262
1008,63,TPE (gamma=0.10),0.7814059270214262
1008,64,TPE (gamma=0.10),0.7814059270214262
1008,65,TPE (gamma=0.10),0.7814059270214262
1008,66,TPE (gamma=0.10),0.7814059270214262
1008,67,TPE (gamma=0.10),0.7814059270214262
1008,68,TPE (gamma=0.10),0.6823298231761115
1008,69,TPE (gamma=0.10),0.6823298231761115
1008,70,TPE (gamma=0.10),0.6823298231761115
1008,71,TPE (gamma=0.10),0.6823298231761115
1008,72,TPE (gamma=0.10),0.6823298231761115
1008,73,TPE (gamma=0.10),0.6823298231761115
1008,74,TPE (gamma=0.10),0.6120829294220389
1008,75,TPE (gamma=0.10),0.6120829294220389
1008,76,TPE (gamma=0.10),0.5803902760256374
1008,77,TPE (gamma=0.10),0.5803902760256374
1008,78,TPE (gamma=0.10),0.4809551502094678
1008,79,TPE (gamma=0.10),0.4809551502094678
1008,80,TPE (gamma=0.10),0.4809551502094678
1008,0,TPE (gamma=0.25),4.094379907089355
1008,1,TPE (gamma=0.25),4.094379907089355
1008,2,TPE (gamma=0.25),4.094379907089355
1008,3,TPE (gamma=0.25),4.094379907089355
1008,4,TPE (gamma=0.25),4.094379907089355
1008,5,TPE (gamma=0.25),0.7107140506175256
1008,6,TPE (gamma=0.25),0.7107140506175256
1008,7,TPE (gamma=0.25),0.7107140506175256
1008,8,TPE (gamma=0.25),0.43481273572690604
1008,9,TPE (gamma=0.25),0.43481273572690604
1008,10,TPE (gamma=0.25),0.43481273572690604
1008,11,TPE (gamma=0.25),0.43481273572690604
1008,12,TPE (gamma=0.25),0.43481273572690604
1008,13,TPE (gamma=0.25),0.43481273572690604
1008,14,TPE (gamma=0.25),0.43481273572690604
1008,15,TPE (gamma=0.25),0.43481273572690604
1008,16,TPE (gamma=0.25),0.43481273572690604
1008,17,TPE (gamma=0.25),0.43481273572690604
1008,18,TPE (gamma=0.25),0.43481273572690604
1008,19,TPE (gamma=0.25),0.43481273572690604
1008,20,TPE (gamma=0.25),0.43481273572690604
1008,21,TPE (gamma=0.25),0.43481273572690604
1008,22,TPE (gamma=0.25),0.43481273572690604
1008,23,TPE (gamma=0.25),0.43481273572690604
1008,24,TPE (gamma=0.25),0.43481273572690604
1008,25,TPE (gamma=0.25),0.43481273572690604
1008,26,TPE (gamma=0.25),0.43481273572690604
1008,27,TPE (gamma=0.25),0.43481273572690604
1008,28,TPE (gamma=0.25),0.43481273572690604
1008,29,TPE (gamma=0.25),0.43481273572690604
1008,30,TPE (gamma=0.25),0.43481273572690604
1008,31,TPE (gamma=0.25),0.43481273572690604
1008,32,TPE (gamma=0.25),0.43481273572690604
1008,33,TPE (gamma=0.25),0.43481273572690604
1008,34,TPE (gamma=0.25),0.43481273572690604
1008,35,TPE (gamma=0.25),0.43481273572690604
1008,36,TPE (gamma=0.25),0.43481273572690604
1008,37,TPE (gamma=0.25),0.43481273572690604
1008,38,TPE (gamma=0.25),0.43481273572690604
1008,39,TPE (gamma=0.25),0.43481273572690604
1008,40,TPE (gamma=0.25),0.43481273572690604
1008,41,TPE (gamma=0.25),0.43481273572690604
1008,42,TPE (gamma=0.25),0.43481273572690604
1008,43,TPE (gamma=0.25),0.43481273572690604
1008,44,TPE (gamma=0.25),0.43481273572690604
1008,45,TPE (gamma=0.25),0.43481273572690604
1008,46,TPE (gamma=0.25),0.43481273572690604
1008,47,TPE (gamma=0.25),0.43481273572690604
1008,48,TPE (gamma=0.25),0.43481273572690604
1008,49,TPE (gamma=0.25),0.43481273572690604
1008,50,TPE (gamma=0.25),0.43481273572690604
1008,51,TPE (gamma=0.25),0.43481273572690604
1008,52,TPE (gamma=0.25),0.43481273572690604
1008,53,TPE (gamma=0.25),0.43481273572690604
1008,54,TPE (gamma=0.25),0.43481273572690604
1008,55,TPE (gamma=0.25),0.43481273572690604
1008,56,TPE (gamma=0.25),0.43481273572690604
1008,57,TPE (gamma=0.25),0.43481273572690604
1008,58,TPE (gamma=0.25),0.43481273572690604
1008,59,TPE (gamma=0.25),0.43481273572690604
1008,60,TPE (gamma=0.25),0.43481273572690604
1008,61,TPE (gamma=0.25),0.43481273572690604
1008,62,TPE (gamma=0.25),0.43481273572690604
1008,63,TPE (gamma=0.25),0.43481273572690604
1008,64,TPE (gamma=0.25),0.43481273572690604
1008,65,TPE (gamma=0.25),0.43481273572690604
1008,66,TPE (gamma=0.25),0.431117634868146
1008,67,TPE (gamma=0.25),0.431117634868146
1008,68,TPE (gamma=0.25),0.431117634868146
1008,69,TPE (gamma=0.25),0.431117634868146
1008,70,TPE (gamma=0.25),0.431117634868146
1008,71,TPE (gamma=0.25),0.431117634868146
1008,72,TPE (gamma=0.25),0.431117634868146
1008,73,TPE (gamma=0.25),0.431117634868146
1008,74,TPE (gamma=0.25),0.431117634868146
1008,75,TPE (gamma=0.25),0.431117634868146
1008,76,TPE (gamma=0.25),0.431117634868146
1008,77,TPE (gamma=0.25),0.431117634868146
1008,78,TPE (gamma=0.25),0.431117634868146
1008,79,TPE (gamma=0.25),0.431117634868146
1008,80,TPE (gamma=0.25),0.431117634868146
1008,0,TPE (gamma=0.50),4.094379907089355
1008,1,TPE (gamma=0.50),4.094379907089355
1008,2,TPE (gamma=0.50),4.094379907089355
1008,3,TPE (gamma=0.50),4.094379907089355
1008,4,TPE (gamma=0.50),4.094379907089355
1008,5,TPE (gamma=0.50),4.094379907089355
1008,6,TPE (gamma=0.50),4.094379907089355
1008,7,TPE (gamma=0.50),4.094379907089355
1008,8,TPE (gamma=0.50),4.094379907089355
1008,9,TPE (gamma=0.50),4.094379907089355
1008,10,TPE (gamma=0.50),4.094379907089355
1008,11,TPE (gamma=0.50),2.6031435359132917
1008,12,TPE (gamma=0.50),2.542237171355292
1008,13,TPE (gamma=0.50),2.2386298217467155
1008,14,TPE (gamma=0.50),2.2386298217467155
1008,15,TPE (gamma=0.50),2.2386298217467155
1008,16,TPE (gamma=0.50),2.2386298217467155
1008,17,TPE (gamma=0.50),2.2386298217467155
1008,18,TPE (gamma=0.50),2.2386298217467155
1008,19,TPE (gamma=0.50),2.2386298217467155
1008,20,TPE (gamma=0.50),2.2386298217467155
1008,21,TPE (gamma=0.50),2.2386298217467155
1008,22,TPE (gamma=0.50),2.2386298217467155
1008,23,TPE (gamma=0.50),2.2386298217467155
1008,24,TPE (gamma=0.50),2.2386298217467155
1008,25,TPE (gamma=0.50),2.2386298217467155
1008,26,TPE (gamma=0.50),2.2386298217467155
1008,27,TPE (gamma=0.50),2.2386298217467155
1008,28,TPE (gamma=0.50),2.2386298217467155
1008,29,TPE (gamma=0.50),2.2386298217467155
1008,30,TPE (gamma=0.50),2.2386298217467155
1008,31,TPE (gamma=0.50),2.2386298217467155
1008,32,TPE (gamma=0.50),2.2386298217467155
1008,33,TPE (gamma=0.50),2.2386298217467155
1008,34,TPE (gamma=0.50),2.2386298217467155
1008,35,TPE (gamma=0.50),2.2386298217467155
1008,36,TPE (gamma=0.50),2.2386298217467155
1008,37,TPE (gamma=0.50),2.2386298217467155
1008,38,TPE (gamma=0.50),2.2386298217467155
1008,39,TPE (gamma=0.50),2.2386298217467155
1008,40,TPE (gamma=0.50),2.2386298217467155
1008,41,TPE (gamma=0.50),2.2386298217467155
1008,42,TPE (gamma=0.50),2.1224286696468067
1008,43,TPE (gamma=0.50),2.1224286696468067
1008,44,TPE (gamma=0.50),2.1224286696468067
1008,45,TPE (gamma=0.50),2.1224286696468067
1008,46,TPE (gamma=0.50),2.1224286696468067
1008,47,TPE (gamma=0.50),2.1224286696468067
1008,48,TPE (gamma=0.50),2.1224286696468067
1008,49,TPE (gamma=0.50),2.1224286696468067
1008,50,TPE (gamma=0.50),2.1224286696468067
1008,51,TPE (gamma=0.50),2.1224286696468067
1008,52,TPE (gamma=0.50),2.1224286696468067
1008,53,TPE (gamma=0.50),2.1224286696468067
1008,54,TPE (gamma=0.50),2.1224286696468067
1008,55,TPE (gamma=0.50),2.1224286696468067
1008,56,TPE (gamma=0.50),2.1224286696468067
1008,57,TPE (gamma=0.50),2.1224286696468067
1008,58,TPE (gamma=0.50),2.1224286696468067
1008,59,TPE (gamma=0.50),2.1224286696468067
1008,60,TPE (gamma=0.50),2.1224286696468067
1008,61,TPE (gamma=0.50),2.1224286696468067
1008,62,TPE (gamma=0.50),2.1224286696468067
1008,63,TPE (gamma=0.50),2.1224286696468067
1008,64,TPE (gamma=0.50),2.1224286696468067
1008,65,TPE (gamma=0.50),2.1224286696468067
1008,66,TPE (gamma=0.50),2.1224286696468067
1008,67,TPE (gamma=0.50),2.1224286696468067
1008,68,TPE (gamma=0.50),2.1224286696468067
1008,69,TPE (gamma=0.50),2.1224286696468067
1008,70,TPE (gamma=0.50),2.1224286696468067
1008,71,TPE (gamma=0.50),2.1224286696468067
1008,72,TPE (gamma=0.50),2.1224286696468067
1008,73,TPE (gamma=0.50),2.1224286696468067
1008,74,TPE (gamma=0.50),2.1224286696468067
1008,75,TPE (gamma=0.50),2.1224286696468067
1008,76,TPE (gamma=0.50),2.1224286696468067
1008,77,TPE (gamma=0.50),2.1224286696468067
1008,78,TPE (gamma=0.50),2.1224286696468067
1008,79,TPE (gamma=0.50),2.1224286696468067
1008,80,TPE (gamma=0.50),2.1224286696468067
1008,0,TPE (gamma=0.75),4.094379907089355
1008,1,TPE (gamma=0.75),4.094379907089355
1008,2,TPE (gamma=0.75),4.094379907089355
1008,3,TPE (gamma=0.75),4.094379907089355
1008,4,TPE (gamma=0.75),4.094379907089355
1008,5,TPE (gamma=0.75),4.094379907089355
1008,6,TPE (gamma=0.75),4.094379907089355
1008,7,TPE (gamma=0.75),4.094379907089355
1008,8,TPE (gamma=0.75),4.094379907089355
1008,9,TPE (gamma=0.75),4.094379907089355
1008,10,TPE (gamma=0.75),4.094379907089355
1008,11,TPE (gamma=0.75),4.094379907089355
1008,12,TPE (gamma=0.75),4.094379907089355
1008,13,TPE (gamma=0.75),4.094379907089355
1008,14,TPE (gamma=0.75),4.094379907089355
1008,15,TPE (gamma=0.75),4.094379907089355
1008,16,TPE (gamma=0.75),4.094379907089355
1008,17,TPE (gamma=0.75),4.094379907089355
1008,18,TPE (gamma=0.75),4.094379907089355
1008,19,TPE (gamma=0.75),4.094379907089355
1008,20,TPE (gamma=0.75),4.094379907089355
1008,21,TPE (gamma=0.75),4.094379907089355
1008,22,TPE (gamma=0.75),4.094379907089355
1008,23,TPE (gamma=0.75),4.094379907089355
1008,24,TPE (gamma=0.75),4.094379907089355
1008,25,TPE (gamma=0.75),4.094379907089355
1008,26,TPE (gamma=0.75),4.094379907089355
1008,27,TPE (gamma=0.75),4.094379907089355
1008,28,TPE (gamma=0.75),4.094379907089355
1008,29,TPE (gamma=0.75),4.094379907089355
1008,30,TPE (gamma=0.75),4.094379907089355
1008,31,TPE (gamma=0.75),4.094379907089355
1008,32,TPE (gamma=0.75),4.094379907089355
1008,33,TPE (gamma=0.75),4.094379907089355
1008,34,TPE (gamma=0.75),4.094379907089355
1008,35,TPE (gamma=0.75),4.094379907089355
1008,36,TPE (gamma=0.75),4.094379907089355
1008,37,TPE (gamma=0.75),4.094379907089355
1008,38,TPE (gamma=0.75),4.094379907089355
1008,39,TPE (gamma=0.75),4.094379907089355
1008,40,TPE (gamma=0.75),4.094379907089355
1008,41,TPE (gamma=0.75),4.094379907089355
1008,42,TPE (gamma=0.75),4.094379907089355
1008,43,TPE (gamma=0.75),4.094379907089355
1008,44,TPE (gamma=0.75),4.094379907089355
1008,45,TPE (gamma=0.75),4.094379907089355
1008,46,TPE (gamma=0.75),4.094379907089355
1008,47,TPE (gamma=0.75),4.094379907089355
1008,48,TPE (gamma=0.75),4.094379907089355
1008,49,TPE (gamma=0.75),4.094379907089355
1008,50,TPE (gamma=0.75),4.094379907089355
1008,51,TPE (gamma=0.75),4.094379907089355
1008,52,TPE (gamma=0.75),4.094379907089355
1008,53,TPE (gamma=0.75),4.094379907089355
1008,54,TPE (gamma=0.75),4.094379907089355
1008,55,TPE (gamma=0.75),4.094379907089355
1008,56,TPE (gamma=0.75),4.094379907089355
1008,57,TPE (gamma=0.75),4.094379907089355
1008,58,TPE (gamma=0.75),4.094379907089355
1008,59,TPE (gamma=0.75),4.094379907089355
1008,60,TPE (gamma=0.75),4.094379907089355
1008,61,TPE (gamma=0.75),4.094379907089355
1008,62,TPE (gamma=0.75),4.094379907089355
1008,63,TPE (gamma=0.75),4.094379907089355
1008,64,TPE (gamma=0.75),4.094379907089355
1008,65,TPE (gamma=0.75),4.094379907089355
1008,66,TPE (gamma=0.75),4.094379907089355
1008,67,TPE (gamma=0.75),4.094379907089355
1008,68,TPE (gamma=0.75),4.094379907089355
1008,69,TPE (gamma=0.75),4.094379907089355
1008,70,TPE (gamma=0.75),4.094379907089355
1008,71,TPE (gamma=0.75),4.094379907089355
1008,72,TPE (gamma=0.75),4.094379907089355
1008,73,TPE (gamma=0.75),4.094379907089355
1008,74,TPE (gamma=0.75),4.094379907089355
1008,75,TPE (gamma=0.75),4.094379907089355
1008,76,TPE (gamma=0.75),4.094379907089355
1008,77,TPE (gamma=0.75),4.094379907089355
1008,78,TPE (gamma=0.75),4.094379907089355
1008,79,TPE (gamma=0.75),4.094379907089355
1008,80,TPE (gamma=0.75),4.094379907089355
1009,0,TPE (gamma=0.10),8.141815782039508
1009,1,TPE (gamma=0.10),7.214664238720923
1009,2,TPE (gamma=0.10),7.214664238720923
1009,3,TPE (gamma=0.10),7.214664238720923
1009,4,TPE (gamma=0.10),7.214664238720923
1009,5,TPE (gamma=0.10),7.214664238720923
1009,6,TPE (gamma=0.10),7.214664238720923
1009,7,TPE (gamma=0.10),2.5155729088508014
1009,8,TPE (gamma=0.10),2.5155729088508014
1009,9,TPE (gamma=0.10),2.5155729088508014
1009,10,TPE (gamma=0.10),2.5155729088508014
1009,11,TPE (gamma=0.10),2.5155729088508014
1009,12,TPE (gamma=0.10),2.5155729088508014
1009,13,TPE (gamma=0.10),2.5155729088508014
1009,14,TPE (gamma=0.10),2.5155729088508014
1009,15,TPE (gamma=0.10),2.5155729088508014
1009,16,TPE (gamma=0.10),2.5155729088508014
1009,17,TPE (gamma=0.10),2.5155729088508014
1009,18,TPE (gamma=0.10),2.0321932463110812
1009,19,TPE (gamma=0.10),2.0321932463110812
1009,20,TPE (gamma=0.10),2.0321932463110812
1009,21,TPE (gamma=0.10),2.0321932463110812
1009,22,TPE (gamma=0.10),2.0321932463110812
1009,23,TPE (gamma=0.10),2.0321932463110812
1009,24,TPE (gamma=0.10),2.0321932463110812
1009,25,TPE (gamma=0.10),1.5198688745223041
1009,26,TPE (gamma=0.10),1.274602683820536
1009,27,TPE (gamma=0.10),1.274602683820536
1009,28,TPE (gamma=0.10),1.0230304780756612
1009,29,TPE (gamma=0.10),1.0230304780756612
1009,30,TPE (gamma=0.10),1.0230304780756612
1009,31,TPE (gamma=0.10),1.0230304780756612
1009,32,TPE (gamma=0.10),0.9372518601021085
1009,33,TPE (gamma=0.10),0.9372518601021085
1009,34,TPE (gamma=0.10),0.9372518601021085
1009,35,TPE (gamma=0.10),0.9372518601021085
1009,36,TPE (gamma=0.10),0.9372518601021085
1009,37,TPE (gamma=0.10),0.9372518601021085
1009,38,TPE (gamma=0.10),0.9372518601021085
1009,39,TPE (gamma=0.10),0.9372518601021085
1009,40,TPE (gamma=0.10),0.9372518601021085
1009,41,TPE (gamma=0.10),0.9372518601021085
1009,42,TPE (gamma=0.10),0.9372518601021085
1009,43,TPE (gamma=0.10),0.9372518601021085
1009,44,TPE (gamma=0.10),0.4982144298350395
1009,45,TPE (gamma=0.10),0.4982144298350395
1009,46,TPE (gamma=0.10),0.4982144298350395
1009,47,TPE (gamma=0.10),0.4982144298350395
1009,48,TPE (gamma=0.10),0.4982144298350395
1009,49,TPE (gamma=0.10),0.4982144298350395
1009,50,TPE (gamma=0.10),0.4982144298350395
1009,51,TPE (gamma=0.10),0.4982144298350395
1009,52,TPE (gamma=0.10),0.4982144298350395
1009,53,TPE (gamma=0.10),0.4982144298350395
1009,54,TPE (gamma=0.10),0.4982144298350395
1009,55,TPE (gamma=0.10),0.4982144298350395
1009,56,TPE (gamma=0.10),0.4982144298350395
1009,57,TPE (gamma=0.10),0.4982144298350395
1009,58,TPE (gamma=0.10),0.4982144298350395
1009,59,TPE (gamma=0.10),0.4982144298350395
1009,60,TPE (gamma=0.10),0.4982144298350395
1009,61,TPE (gamma=0.10),0.4982144298350395
1009,62,TPE (gamma=0.10),0.4982144298350395
1009,63,TPE (gamma=0.10),0.4982144298350395
1009,64,TPE (gamma=0.10),0.4982144298350395
1009,65,TPE (gamma=0.10),0.4982144298350395
1009,66,TPE (gamma=0.10),0.4982144298350395
1009,67,TPE (gamma=0.10),0.4982144298350395
1009,68,TPE (gamma=0.10),0.4982144298350395
1009,69,TPE (gamma=0.10),0.4982144298350395
1009,70,TPE (gamma=0.10),0.4982144298350395
1009,71,TPE (gamma=0.10),0.4982144298350395
1009,72,TPE (gamma=0.10),0.4982144298350395
1009,73,TPE (gamma=0.10),0.4982144298350395
1009,74,TPE (gamma=0.10),0.4982144298350395
1009,75,TPE (gamma=0.10),0.4982144298350395
1009,76,TPE (gamma=0.10),0.4982144298350395
1009,77,TPE (gamma=0.10),0.4982144298350395
1009,78,TPE (gamma=0.10),0.4982144298350395
1009,79,TPE (gamma=0.10),0.4982144298350395
1009,80,TPE (gamma=0.10),0.4982144298350395
1009,0,TPE (gamma=0.25),8.141815782039508
1009,1,TPE (gamma=0.25),7.214664238720923
1009,2,TPE (gamma=0.25),7.214664238720923
1009,3,TPE (gamma=0.25),7.214664238720923
1009,4,TPE (gamma=0.25),7.214664238720923
1009,5,TPE (gamma=0.25),1.153031938526624
1009,6,TPE (gamma=0.25),1.153031938526624
1009,7,TPE (gamma=0.25),1.153031938526624
1009,8,TPE (gamma=0.25),1.153031938526624
1009,9,TPE (gamma=0.25),1.153031938526624
1009,10,TPE (gamma=0.25),1.153031938526624
1009,11,TPE (gamma=0.25),1.153031938526624
1009,12,TPE (gamma=0.25),1.153031938526624
1009,13,TPE (gamma=0.25),1.153031938526624
1009,14,TPE (gamma=0.25),1.153031938526624
1009,15,TPE (gamma=0.25),1.153031938526624
1009,16,TPE (gamma=0.25),1.153031938526624
1009,17,TPE (gamma=0.25),1.153031938526624
1009,18,TPE (gamma=0.25),1.153031938526624
1009,19,TPE (gamma=0.25),1.153031938526624
1009,20,TPE (gamma=0.25),1.153031938526624
1009,21,TPE (gamma=0.25),1.153031938526624
1009,22,TPE (gamma=0.25),1.153031938526624
1009,23,TPE (gamma=0.25),1.153031938526624
1009,24,TPE (gamma=0.25),1.153031938526624
1009,25,TPE (gamma=0.25),1.153031938526624
1009,26,TPE (gamma=0.25),1.0479071709842103
1009,27,TPE (gamma=0.25),1.0479071709842103
1009,28,TPE (gamma=0.25),1.0479071709842103
1009,29,TPE (gamma=0.25),1.0479071709842103
1009,30,TPE (gamma=0.25),1.0479071709842103
1009,31,TPE (gamma=0.25),1.019074819586569
1009,32,TPE (gamma=0.25),1.019074819586569
1009,33,TPE (gamma=0.25),1.019074819586569
1009,34,TPE (gamma=0.25),0.7892847638711764
1009,35,TPE (gamma=0.25),0.7892847638711764
1009,36,TPE (gamma=0.25),0.7892847638711764
1009,37,TPE (gamma=0.25),0.7892847638711764
1009,38,TPE (gamma=0.25),0.7892847638711764
1009,39,TPE (gamma=0.25),0.7892847638711764
1009,40,TPE (gamma=0.25),0.7892847638711764
1009,41,TPE (gamma=0.25),0.7892847638711764
1009,42,TPE (gamma=0.25),0.7892847638711764
1009,43,TPE (gamma=0.25),0.4637526790141173
1009,44,TPE (gamma=0.25),0.4637526790141173
1009,45,TPE (gamma=0.25),0.4637526790141173
1009,46,TPE (gamma=0.25),0.4637526790141173
1009,47,TPE (gamma=0.25),0.4637526790141173
1009,48,TPE (gamma=0.25),0.4327970024818235
1009,49,TPE (gamma=0.25),0.4024051916900788
1009,50,TPE (gamma=0.25),0.4024051916900788
1009,51,TPE (gamma=0.25),0.4024051916900788
1009,52,TPE (gamma=0.25),0.3995346203846424
1009,53,TPE (gamma=0.25),0.3995346203846424
1009,54,TPE (gamma=0.25),0.39916470125156245
1009,55,TPE (gamma=0.25),0.39916470125156245
1009,56,TPE (gamma=0.25),0.39916470125156245
1009,57,TPE (gamma=0.25),0.39916470125156245
1009,58,TPE (gamma=0.25),0.39916470125156245
1009,59,TPE (gamma=0.25),0.39916470125156245
1009,60,TPE (gamma=0.25),0.39916470125156245
1009,61,TPE (gamma=0.25),0.39916470125156245
1009,62,TPE (gamma=0.25),0.39916470125156245
1009,63,TPE (gamma=0.25),0.39916470125156245
1009,64,TPE (gamma=0.25),0.39916470125156245
1009,65,TPE (gamma=0.25),0.39916470125156245
1009,66,TPE (gamma=0.25),0.39916470125156245
1009,67,TPE (gamma=0.25),0.39916470125156245
1009,68,TPE (gamma=0.25),0.39916470125156245
1009,69,TPE (gamma=0.25),0.39916470125156245
1009,70,TPE (gamma=0.25),0.39916470125156245
1009,71,TPE (gamma=0.25),0.39916470125156245
1009,72,TPE (gamma=0.25),0.39916470125156245
1009,73,TPE (gamma=0.25),0.39916470125156245
1009,74,TPE (gamma=0.25),0.39916470125156245
1009,75,TPE (gamma=0.25),0.39916470125156245
1009,76,TPE (gamma=0.25),0.39916470125156245
1009,77,TPE (gamma=0.25),0.39916470125156245
1009,78,TPE (gamma=0.25),0.39916470125156245
1009,79,TPE (gamma=0.25),0.39916470125156245
1009,80,TPE (gamma=0.25),0.39916470125156245
1009,0,TPE (gamma=0.50),8.141815782039508
1009,1,TPE (gamma=0.50),7.214664238720923
1009,2,TPE (gamma=0.50),7.214664238720923
1009,3,TPE (gamma=0.50),7.214664238720923
1009,4,TPE (gamma=0.50),7.214664238720923
1009,5,TPE (gamma=0.50),7.214664238720923
1009,6,TPE (gamma=0.50),7.214664238720923
1009,7,TPE (gamma=0.50),7.214664238720923
1009,8,TPE (gamma=0.50),7.214664238720923
1009,9,TPE (gamma=0.50),7.214664238720923
1009,10,TPE (gamma=0.50),7.214664238720923
1009,11,TPE (gamma=0.50),7.214664238720923
1009,12,TPE (gamma=0.50),7.214664238720923
1009,13,TPE (gamma=0.50),5.1351774064466
1009,14,TPE (gamma=0.50),5.1351774064466
1009,15,TPE (gamma=0.50),4.80741870839211
1009,16,TPE (gamma=0.50),4.80741870839211
1009,17,TPE (gamma=0.50),4.80741870839211
1009,18,TPE (gamma=0.50),4.80741870839211
1009,19,TPE (gamma=0.50),4.80741870839211
1009,20,TPE (gamma=0.50),4.80741870839211
1009,21,TPE (gamma=0.50),4.80741870839211
1009,22,TPE (gamma=0.50),4.80741870839211
1009,23,TPE (gamma=0.50),4.80741870839211
1009,24,TPE (gamma=0.50),4.80741870839211
1009,25,TPE (gamma=0.50),4.80741870839211
1009,26,TPE (gamma=0.50),4.80741870839211
1009,27,TPE (gamma=0.50),4.80741870839211
1009,28,TPE (gamma=0.50),4.80741870839211
1009,29,TPE (gamma=0.50),4.80741870839211
1009,30,TPE (gamma=0.50),4.80741870839211
1009,31,TPE (gamma=0.50),4.80741870839211
1009,32,TPE (gamma=0.50),4.80741870839211
1009,33,TPE (gamma=0.50),4.80741870839211
1009,34,TPE (gamma=0.50),4.80741870839211
1009,35,TPE (gamma=0.50),4.80741870839211
1009,36,TPE (gamma=0.50),4.80741870839211
1009,37,TPE (gamma=0.50),4.80741870839211
1009,38,TPE (gamma=0.50),4.80741870839211
1009,39,TPE (gamma=0.50),4.80741870839211
1009,40,TPE (gamma=0.50),4.80741870839211
1009,41,TPE (gamma=0.50),4.80741870839211
1009,42,TPE (gamma=0.50),4.80741870839211
1009,43,TPE (gamma=0.50),4.80741870839211
1009,44,TPE (gamma=0.50),4.80741870839211
1009,45,TPE (gamma=0.50),4.80741870839211
1009,46,TPE (gamma=0.50),4.80741870839211
1009,47,TPE (gamma=0.50),4.80741870839211
1009,48,TPE (gamma=0.50),4.80741870839211
1009,49,TPE (gamma=0.50),4.80741870839211
1009,50,TPE (gamma=0.50),4.80741870839211
1009,51,TPE (gamma=0.50),4.80741870839211
1009,52,TPE (gamma=0.50),4.80741870839211
1009,53,TPE (gamma=0.50),4.80741870839211
1009,54,TPE (gamma=0.50),4.80741870839211
1009,55,TPE (gamma=0.50),4.80741870839211
1009,56,TPE (gamma=0.50),4.80741870839211
1009,57,TPE (gamma=0.50),4.80741870839211
1009,58,TPE (gamma=0.50),4.80741870839211
1009,59,TPE (gamma=0.50),4.80741870839211
1009,60,TPE (gamma=0.50),4.80741870839211
1009,61,TPE (gamma=0.50),4.80741870839211
1009,62,TPE (gamma=0.50),4.80741870839211
1009,63,TPE (gamma=0.50),4.80741870839211
1009,64,TPE (gamma=0.50),4.80741870839211
1009,65,TPE (gamma=0.50),4.80741870839211
1009,66,TPE (gamma=0.50),4.80741870839211
1009,67,TPE (gamma=0.50),4.80741870839211
1009,68,TPE (gamma=0.50),4.80741870839211
1009,69,TPE (gamma=0.50),4.80741870839211
1009,70,TPE (gamma=0.50),4.80741870839211
1009,71,TPE (gamma=0.50),4.80741870839211
1009,72,TPE (gamma=0.50),4.80741870839211
1009,73,TPE (gamma=0.50),4.80741870839211
1009,74,TPE (gamma=0.50),4.80741870839211
1009,75,TPE (gamma=0.50),4.80741870839211
1009,76,TPE (gamma=0.50),4.80741870839211
1009,77,TPE (gamma=0.50),4.80741870839211
1009,78,TPE (gamma=0.50),4.80741870839211
1009,79,TPE (gamma=0.50),4.80741870839211
1009,80,TPE (gamma=0.50),4.80741870839211
1009,0,TPE (gamma=0.75),8.141815782039508
1009,1,TPE (gamma=0.75),7.214664238720923
1009,2,TPE (gamma=0.75),7.214664238720923
1009,3,TPE (gamma=0.75),7.214664238720923
1009,4,TPE (gamma=0.75),7.214664238720923
1009,5,TPE (gamma=0.75),7.214664238720923
1009,6,TPE (gamma=0.75),7.214664238720923
1009,7,TPE (gamma=0.75),7.214664238720923
1009,8,TPE (gamma=0.75),7.214664238720923
1009,9,TPE (gamma=0.75),7.214664238720923
1009,10,TPE (gamma=0.75),7.214664238720923
1009,11,TPE (gamma=0.75),7.214664238720923
1009,12,TPE (gamma=0.75),7.214664238720923
1009,13,TPE (gamma=0.75),7.214664238720923
1009,14,TPE (gamma=0.75),7.214664238720923
1009,15,TPE (gamma=0.75),7.214664238720923
1009,16,TPE (gamma=0.75),7.214664238720923
1009,17,TPE (gamma=0.75),7.214664238720923
1009,18,TPE (gamma=0.75),7.214664238720923
1009,19,TPE (gamma=0.75),7.214664238720923
1009,20,TPE (gamma=0.75),7.214664238720923
1009,21,TPE (gamma=0.75),7.214664238720923
1009,22,TPE (gamma=0.75),7.214664238720923
1009,23,TPE (gamma=0.75),7.214664238720923
1009,24,TPE (gamma=0.75),7.214664238720923
1009,25,TPE (gamma=0.75),7.214664238720923
1009,26,TPE (gamma=0.75),7.214664238720923
1009,27,TPE (gamma=0.75),7.214664238720923
1009,28,TPE (gamma=0.75),7.214664238720923
1009,29,TPE (gamma=0.75),7.214664238720923
1009,30,TPE (gamma=0.75),7.214664238720923
1009,31,TPE (gamma=0.75),7.214664238720923
1009,32,TPE (gamma=0.75),7.214664238720923
1009,33,TPE (gamma=0.75),7.214664238720923
1009,34,TPE (gamma=0.75),7.214664238720923
1009,35,TPE (gamma=0.75),7.214664238720923
1009,36,TPE (gamma=0.75),7.214664238720923
1009,37,TPE (gamma=0.75),7.214664238720923
1009,38,TPE (gamma=0.75),7.214664238720923
1009,39,TPE (gamma=0.75),7.214664238720923
1009,40,TPE (gamma=0.75),7.214664238720923
1009,41,TPE (gamma=0.75),7.214664238720923
1009,42,TPE (gamma=0.75),7.214664238720923
1009,43,TPE (gamma=0.75),7.214664238720923
1009,44,TPE (gamma=0.75),7.214664238720923
1009,45,TPE (gamma=0.75),7.214664238720923
1009,46,TPE (gamma=0.75),7.214664238720923
1009,47,TPE (gamma=0.75),7.214664238720923
1009,48,TPE (gamma=0.75),7.214664238720923
1009,49,TPE (gamma=0.75),7.214664238720923
1009,50,TPE (gamma=0.75),7.214664238720923
1009,51,TPE (gamma=0.75),7.214664238720923
1009,52,TPE (gamma=0.75),7.214664238720923
1009,53,TPE (gamma=0.75),7.214664238720923
1009,54,TPE (gamma=0.75),7.214664238720923
1009,55,TPE (gamma=0.75),7.214664238720923
1009,56,TPE (gamma=0.75),7.214664238720923
1009,57,TPE (gamma=0.75),7.214664238720923
1009,58,TPE (gamma=0.75),7.214664238720923
1009,59,TPE (gamma=0.75),7.214664238720923
1009,60,TPE (gamma=0.75),7.214664238720923
1009,61,TPE (gamma=0.75),7.214664238720923
1009,62,TPE (gamma=0.75),7.214664238720923
1009,63,TPE (gamma=0.75),7.214664238720923
1009,64,TPE (gamma=0.75),7.214664238720923
1009,65,TPE (gamma=0.75),7.214664238720923
1009,66,TPE (gamma=0.75),7.214664238720923
1009,67,TPE (gamma=0.75),7.214664238720923
1009,68,TPE (gamma=0.75),7.214664238720923
1009,69,TPE (gamma=0.75),7.214664238720923
1009,70,TPE (gamma=0.75),7.214664238720923
1009,71,TPE (gamma=0.75),7.214664238720923
1009,72,TPE (gamma=0.75),7.214664238720923
1009,73,TPE (gamma=0.75),7.214664238720923
1009,74,TPE (gamma=0.75),7.214664238720923
1009,75,TPE (gamma=0.75),7.214664238720923
1009,76,TPE (gamma=0.75),7.214664238720923
1009,77,TPE (gamma=0.75),7.214664238720923
1009,78,TPE (gamma=0.75),7.214664238720923
1009,79,TPE (gamma=0.75),7.214664238720923
1009,80,TPE (gamma=0.75),7.214664238720923
1010,0,TPE (gamma=0.10),1.7157123147707836
1010,1,TPE (gamma=0.10),1.7157123147707836
1010,2,TPE (gamma=0.10),1.7157123147707836
1010,3,TPE (gamma=0.10),1.7157123147707836
1010,4,TPE (gamma=0.10),1.7157123147707836
1010,5,TPE (gamma=0.10),1.7157123147707836
1010,6,TPE (gamma=0.10),1.7157123147707836
1010,7,TPE (gamma=0.10),1.7157123147707836
1010,8,TPE (gamma=0.10),1.7157123147707836
1010,9,TPE (gamma=0.10),1.7157123147707836
1010,10,TPE (gamma=0.10),1.5655657931934535
1010,11,TPE (gamma=0.10),1.5655657931934535
1010,12,TPE (gamma=0.10),1.5655657931934535
1010,13,TPE (gamma=0.10),1.5655657931934535
1010,14,TPE (gamma=0.10),1.5655657931934535
1010,15,TPE (gamma=0.10),1.5655657931934535
1010,16,TPE (gamma=0.10),1.5655657931934535
1010,17,TPE (gamma=0.10),1.5655657931934535
1010,18,TPE (gamma=0.10),1.5655657931934535
1010,19,TPE (gamma=0.10),1.5655657931934535
1010,20,TPE (gamma=0.10),1.5655657931934535
1010,21,TPE (gamma=0.10),1.5655657931934535
1010,22,TPE (gamma=0.10),1.5655657931934535
1010,23,TPE (gamma=0.10),1.5655657931934535
1010,24,TPE (gamma=0.10),1.5655657931934535
1010,25,TPE (gamma=0.10),1.5655657931934535
1010,26,TPE (gamma=0.10),1.5655657931934535
1010,27,TPE (gamma=0.10),1.5655657931934535
1010,28,TPE (gamma=0.10),0.6107518742527347
1010,29,TPE (gamma=0.10),0.6107518742527347
1010,30,TPE (gamma=0.10),0.6107518742527347
1010,31,TPE (gamma=0.10),0.6107518742527347
1010,32,TPE (gamma=0.10),0.6107518742527347
1010,33,TPE (gamma=0.10),0.6107518742527347
1010,34,TPE (gamma=0.10),0.5888288214699084
1010,35,TPE (gamma=0.10),0.5888288214699084
1010,36,TPE (gamma=0.10),0.5888288214699084
1010,37,TPE (gamma=0.10),0.5888288214699084
1010,38,TPE (gamma=0.10),0.5888288214699084
1010,39,TPE (gamma=0.10),0.5888288214699084
1010,40,TPE (gamma=0.10),0.44767494804790964
1010,41,TPE (gamma=0.10),0.44767494804790964
1010,42,TPE (gamma=0.10),0.44767494804790964
1010,43,TPE (gamma=0.10),0.44767494804790964
1010,44,TPE (gamma=0.10),0.44767494804790964
1010,45,TPE (gamma=0.10),0.44767494804790964
1010,46,TPE (gamma=0.10),0.44767494804790964
1010,47,TPE (gamma=0.10),0.44767494804790964
1010,48,TPE (gamma=0.10),0.44767494804790964
1010,49,TPE (gamma=0.10),0.44767494804790964
1010,50,TPE (gamma=0.10),0.44767494804790964
1010,51,TPE (gamma=0.10),0.44767494804790964
1010,52,TPE (gamma=0.10),0.44767494804790964
1010,53,TPE (gamma=0.10),0.44767494804790964
1010,54,TPE (gamma=0.10),0.44767494804790964
1010,55,TPE (gamma=0.10),0.44767494804790964
1010,56,TPE (gamma=0.10),0.44767494804790964
1010,57,TPE (gamma=0.10),0.44767494804790964
1010,58,TPE (gamma=0.10),0.44767494804790964
1010,59,TPE (gamma=0.10),0.44767494804790964
1010,60,TPE (gamma=0.10),0.44767494804790964
1010,61,TPE (gamma=0.10),0.44767494804790964
1010,62,TPE (gamma=0.10),0.44767494804790964
1010,63,TPE (gamma=0.10),0.44767494804790964
1010,64,TPE (gamma=0.10),0.44767494804790964
1010,65,TPE (gamma=0.10),0.44767494804790964
1010,66,TPE (gamma=0.10),0.44767494804790964
1010,67,TPE (gamma=0.10),0.44767494804790964
1010,68,TPE (gamma=0.10),0.44767494804790964
1010,69,TPE (gamma=0.10),0.44767494804790964
1010,70,TPE (gamma=0.10),0.44767494804790964
1010,71,TPE (gamma=0.10),0.44767494804790964
1010,72,TPE (gamma=0.10),0.44767494804790964
1010,73,TPE (gamma=0.10),0.44767494804790964
1010,74,TPE (gamma=0.10),0.44767494804790964
1010,75,TPE (gamma=0.10),0.44767494804790964
1010,76,TPE (gamma=0.10),0.4473263743220812
1010,77,TPE (gamma=0.10),0.4473263743220812
1010,78,TPE (gamma=0.10),0.4473263743220812
1010,79,TPE (gamma=0.10),0.4473263743220812
1010,80,TPE (gamma=0.10),0.4473263743220812
1010,0,TPE (gamma=0.25),1.7157123147707836
1010,1,TPE (gamma=0.25),1.7157123147707836
1010,2,TPE (gamma=0.25),1.7157123147707836
1010,3,TPE (gamma=0.25),1.7157123147707836
1010,4,TPE (gamma=0.25),1.7157123147707836
1010,5,TPE (gamma=0.25),1.7157123147707836
1010,6,TPE (gamma=0.25),1.7157123147707836
1010,7,TPE (gamma=0.25),1.7157123147707836
1010,8,TPE (gamma=0.25),1.7157123147707836
1010,9,TPE (gamma=0.25),1.559903640621794
1010,10,TPE (gamma=0.25),0.9154432143217779
1010,11,TPE (gamma=0.25),0.9154432143217779
1010,12,TPE (gamma=0.25),0.9154432143217779
1010,13,TPE (gamma=0.25),0.9154432143217779
1010,14,TPE (gamma=0.25),0.9154432143217779
1010,15,TPE (gamma=0.25),0.9154432143217779
1010,16,TPE (gamma=0.25),0.9154432143217779
1010,17,TPE (gamma=0.25),0.9154432143217779
1010,18,TPE (gamma=0.25),0.9154432143217779
1010,19,TPE (gamma=0.25),0.9154432143217779
1010,20,TPE (gamma=0.25),0.9154432143217779
1010,21,TPE (gamma=0.25),0.9154432143217779
1010,22,TPE (gamma=0.25),0.9154432143217779
1010,23,TPE (gamma=0.25),0.9154432143217779
1010,24,TPE (gamma=0.25),0.9154432143217779
1010,25,TPE (gamma=0.25),0.9154432143217779
1010,26,TPE (gamma=0.25),0.9154432143217779
1010,27,TPE (gamma=0.25),0.9154432143217779
1010,28,TPE (gamma=0.25),0.9154432143217779
1010,29,TPE (gamma=0.25),0.9154432143217779
1010,30,TPE (gamma=0.25),0.9154432143217779
1010,31,TPE (gamma=0.25),0.9154432143217779
1010,32,TPE (gamma=0.25),0.9154432143217779
1010,33,TPE (gamma=0.25),0.9154432143217779
1010,34,TPE (gamma=0.25),0.9154432143217779
1010,35,TPE (gamma=0.25),0.9154432143217779
1010,36,TPE (gamma=0.25),0.8466768173833206
1010,37,TPE (gamma=0.25),0.8466768173833206
1010,38,TPE (gamma=0.25),0.7535755440235459
1010,39,TPE (gamma=0.25),0.7174280319045572
1010,40,TPE (gamma=0.25),0.7174280319045572
1010,41,TPE (gamma=0.25),0.5884368068546504
1010,42,TPE (gamma=0.25),0.5884368068546504
1010,43,TPE (gamma=0.25),0.5884368068546504
1010,44,TPE (gamma=0.25),0.5884368068546504
1010,45,TPE (gamma=0.25),0.5884368068546504
1010,46,TPE (gamma=0.25),0.5884368068546504
1010,47,TPE (gamma=0.25),0.5884368068546504
1010,48,TPE (gamma=0.25),0.5884368068546504
1010,49,TPE (gamma=0.25),0.4888458214438458
1010,50,TPE (gamma=0.25),0.41462874996168075
1010,51,TPE (gamma=0.25),0.41462874996168075
1010,52,TPE (gamma=0.25),0.41462874996168075
1010,53,TPE (gamma=0.25),0.41462874996168075
1010,54,TPE (gamma=0.25),0.4102828874941231
1010,55,TPE (gamma=0.25),0.4102828874941231
1010,56,TPE (gamma=0.25),0.4102828874941231
1010,57,TPE (gamma=0.25),0.4102828874941231
1010,58,TPE (gamma=0.25),0.4102828874941231
1010,59,TPE (gamma=0.25),0.4102828874941231
1010,60,TPE (gamma=0.25),0.4102828874941231
1010,61,TPE (gamma=0.25),0.4102828874941231
1010,62,TPE (gamma=0.25),0.4102828874941231
1010,63,TPE (gamma=0.25),0.4102828874941231
1010,64,TPE (gamma=0.25),0.4102828874941231
1010,65,TPE (gamma=0.25),0.4102828874941231
1010,66,TPE (gamma=0.25),0.4102828874941231
1010,67,TPE (gamma=0.25),0.4102828874941231
1010,68,TPE (gamma=0.25),0.4102828874941231
1010,69,TPE (gamma=0.25),0.4102828874941231
1010,70,TPE (gamma=0.25),0.4102828874941231
1010,71,TPE (gamma=0.25),0.4102828874941231
1010,72,TPE (gamma=0.25),0.4102828874941231
1010,73,TPE (gamma=0.25),0.4102828874941231
1010,74,TPE (gamma=0.25),0.4102828874941231
1010,75,TPE (gamma=0.25),0.4102828874941231
1010,76,TPE (gamma=0.25),0.4102828874941231
1010,77,TPE (gamma=0.25),0.4102828874941231
1010,78,TPE (gamma=0.25),0.4102828874941231
1010,79,TPE (gamma=0.25),0.4102828874941231
1010,80,TPE (gamma=0.25),0.4102828874941231
1010,0,TPE (gamma=0.50),1.7157123147707836
1010,1,TPE (gamma=0.50),1.7157123147707836
1010,2,TPE (gamma=0.50),1.7157123147707836
1010,3,TPE (gamma=0.50),1.7157123147707836
1010,4,TPE (gamma=0.50),1.7157123147707836
1010,5,TPE (gamma=0.50),1.7157123147707836
1010,6,TPE (gamma=0.50),1.7157123147707836
1010,7,TPE (gamma=0.50),1.7157123147707836
1010,8,TPE (gamma=0.50),1.7157123147707836
1010,9,TPE (gamma=0.50),1.7157123147707836
1010,10,TPE (gamma=0.50),1.7157123147707836
1010,11,TPE (gamma=0.50),1.7157123147707836
1010,12,TPE (gamma=0.50),1.7157123147707836
1010,13,TPE (gamma=0.50),1.7157123147707836
1010,14,TPE (gamma=0.50),1.7157123147707836
1010,15,TPE (gamma=0.50),0.736458536582548
1010,16,TPE (gamma=0.50),0.736458536582548
1010,17,TPE (gamma=0.50),0.41385900389854235
1010,18,TPE (gamma=0.50),0.41385900389854235
1010,19,TPE (gamma=0.50),0.41385900389854235
1010,20,TPE (gamma=0.50),0.41385900389854235
1010,21,TPE (gamma=0.50),0.41385900389854235
1010,22,TPE (gamma=0.50),0.41385900389854235
1010,23,TPE (gamma=0.50),0.41385900389854235
1010,24,TPE (gamma=0.50),0.41385900389854235
1010,25,TPE (gamma=0.50),0.41385900389854235
1010,26,TPE (gamma=0.50),0.41385900389854235
1010,27,TPE (gamma=0.50),0.41385900389854235
1010,28,TPE (gamma=0.50),0.41385900389854235
1010,29,TPE (gamma=0.50),0.41385900389854235
1010,30,TPE (gamma=0.50),0.41385900389854235
1010,31,TPE (gamma=0.50),0.41385900389854235
1010,32,TPE (gamma=0.50),0.41385900389854235
1010,33,TPE (gamma=0.50),0.41385900389854235
1010,34,TPE (gamma=0.50),0.41385900389854235
1010,35,TPE (gamma=0.50),0.41385900389854235
1010,36,TPE (gamma=0.50),0.41385900389854235
1010,37,TPE (gamma=0.50),0.41385900389854235
1010,38,TPE (gamma=0.50),0.41385900389854235
1010,39,TPE (gamma=0.50),0.41385900389854235
1010,40,TPE (gamma=0.50),0.41385900389854235
1010,41,TPE (gamma=0.50),0.41385900389854235
1010,42,TPE (gamma=0.50),0.41385900389854235
1010,43,TPE (gamma=0.50),0.41385900389854235
1010,44,TPE (gamma=0.50),0.41385900389854235
1010,45,TPE (gamma=0.50),0.41385900389854235
1010,46,TPE (gamma=0.50),0.41385900389854235
1010,47,TPE (gamma=0.50),0.41385900389854235
1010,48,TPE (gamma=0.50),0.41385900389854235
1010,49,TPE (gamma=0.50),0.41385900389854235
1010,50,TPE (gamma=0.50),0.41385900389854235
1010,51,TPE (gamma=0.50),0.41385900389854235
1010,52,TPE (gamma=0.50),0.41385900389854235
1010,53,TPE (gamma=0.50),0.41385900389854235
1010,54,TPE (gamma=0.50),0.41385900389854235
1010,55,TPE (gamma=0.50),0.41385900389854235
1010,56,TPE (gamma=0.50),0.41385900389854235
1010,57,TPE (gamma=0.50),0.41385900389854235
1010,58,TPE (gamma=0.50),0.41385900389854235
1010,59,TPE (gamma=0.50),0.41385900389854235
1010,60,TPE (gamma=0.50),0.41385900389854235
1010,61,TPE (gamma=0.50),0.41385900389854235
1010,62,TPE (gamma=0.50),0.41385900389854235
1010,63,TPE (gamma=0.50),0.41385900389854235
1010,64,TPE (gamma=0.50),0.41385900389854235
1010,65,TPE (gamma=0.50),0.41385900389854235
1010,66,TPE (gamma=0.50),0.41385900389854235
1010,67,TPE (gamma=0.50),0.41385900389854235
1010,68,TPE (gamma=0.50),0.41385900389854235
1010,69,TPE (gamma=0.50),0.41385900389854235
1010,70,TPE (gamma=0.50),0.41385900389854235
1010,71,TPE (gamma=0.50),0.41385900389854235
1010,72,TPE (gamma=0.50),0.41385900389854235
1010,73,TPE (gamma=0.50),0.41385900389854235
1010,74,TPE (gamma=0.50),0.41385900389854235
1010,75,TPE (gamma=0.50),0.41385900389854235
1010,76,TPE (gamma=0.50),0.41385900389854235
1010,77,TPE (gamma=0.50),0.41385900389854235
1010,78,TPE (gamma=0.50),0.41385900389854235
1010,79,TPE (gamma=0.50),0.41385900389854235
1010,80,TPE (gamma=0.50),0.41385900389854235
1010,0,TPE (gamma=0.75),1.7157123147707836
1010,1,TPE (gamma=0.75),1.7157123147707836
1010,2,TPE (gamma=0.75),1.7157123147707836
1010,3,TPE (gamma=0.75),1.7157123147707836
1010,4,TPE (gamma=0.75),1.7157123147707836
1010,5,TPE (gamma=0.75),1.7157123147707836
1010,6,TPE (gamma=0.75),1.7157123147707836
1010,7,TPE (gamma=0.75),1.7157123147707836
1010,8,TPE (gamma=0.75),1.7157123147707836
1010,9,TPE (gamma=0.75),1.7157123147707836
1010,10,TPE (gamma=0.75),1.7157123147707836
1010,11,TPE (gamma=0.75),1.7157123147707836
1010,12,TPE (gamma=0.75),1.7157123147707836
1010,13,TPE (gamma=0.75),1.7157123147707836
1010,14,TPE (gamma=0.75),1.7157123147707836
1010,15,TPE (gamma=0.75),1.7157123147707836
1010,16,TPE (gamma=0.75),1.7157123147707836
1010,17,TPE (gamma=0.75),1.7157123147707836
1010,18,TPE (gamma=0.75),1.7157123147707836
1010,19,TPE (gamma=0.75),1.7157123147707836
1010,20,TPE (gamma=0.75),1.7157123147707836
1010,21,TPE (gamma=0.75),1.7157123147707836
1010,22,TPE (gamma=0.75),1.7157123147707836
1010,23,TPE (gamma=0.75),1.7157123147707836
1010,24,TPE (gamma=0.75),1.7157123147707836
1010,25,TPE (gamma=0.75),1.7157123147707836
1010,26,TPE (gamma=0.75),1.7157123147707836
1010,27,TPE (gamma=0.75),1.7157123147707836
1010,28,TPE (gamma=0.75),1.7157123147707836
1010,29,TPE (gamma=0.75),1.7157123147707836
1010,30,TPE (gamma=0.75),1.7157123147707836
1010,31,TPE (gamma=0.75),1.7157123147707836
1010,32,TPE (gamma=0.75),1.7157123147707836
1010,33,TPE (gamma=0.75),1.7157123147707836
1010,34,TPE (gamma=0.75),1.7157123147707836
1010,35,TPE (gamma=0.75),1.7157123147707836
1010,36,TPE (gamma=0.75),1.7157123147707836
1010,37,TPE (gamma=0.75),1.7157123147707836
1010,38,TPE (gamma=0.75),1.7157123147707836
1010,39,TPE (gamma=0.75),1.7157123147707836
1010,40,TPE (gamma=0.75),1.7157123147707836
1010,41,TPE (gamma=0.75),1.7157123147707836
1010,42,TPE (gamma=0.75),1.7157123147707836
1010,43,TPE (gamma=0.75),1.7157123147707836
1010,44,TPE (gamma=0.75),1.7157123147707836
1010,45,TPE (gamma=0.75),1.7157123147707836
1010,46,TPE (gamma=0.75),1.7157123147707836
1010,47,TPE (gamma=0.75),1.7157123147707836
1010,48,TPE (gamma=0.75),1.7157123147707836
1010,49,TPE (gamma=0.75),1.7157123147707836
1010,50,TPE (gamma=0.75),1.7157123147707836
1010,51,TPE (gamma=0.75),1.7157123147707836
1010,52,TPE (gamma=0.75),1.7157123147707836
1010,53,TPE (gamma=0.75),1.7157123147707836
1010,54,TPE (gamma=0.75),1.7157123147707836
1010,55,TPE (gamma=0.75),1.7157123147707836
1010,56,TPE (gamma=0.75),1.7157123147707836
1010,57,TPE (gamma=0.75),1.7157123147707836
1010,58,TPE (gamma=0.75),1.7157123147707836
1010,59,TPE (gamma=0.75),1.7157123147707836
1010,60,TPE (gamma=0.75),1.7157123147707836
1010,61,TPE (gamma=0.75),1.7157123147707836
1010,62,TPE (gamma=0.75),1.7157123147707836
1010,63,TPE (gamma=0.75),1.7157123147707836
1010,64,TPE (gamma=0.75),1.7157123147707836
1010,65,TPE (gamma=0.75),1.7157123147707836
1010,66,TPE (gamma=0.75),1.7157123147707836
1010,67,TPE (gamma=0.75),1.7157123147707836
1010,68,TPE (gamma=0.75),1.7157123147707836
1010,69,TPE (gamma=0.75),1.7157123147707836
1010,70,TPE (gamma=0.75),1.7157123147707836
1010,71,TPE (gamma=0.75),1.7157123147707836
1010,72,TPE (gamma=0.75),1.7157123147707836
1010,73,TPE (gamma=0.75),1.7157123147707836
1010,74,TPE (gamma=0.75),1.7157123147707836
1010,75,TPE (gamma=0.75),1.7157123147707836
1010,76,TPE (gamma=0.75),1.7157123147707836
1010,77,TPE (gamma=0.75),1.7157123147707836
1010,78,TPE (gamma=0.75),1.7157123147707836
1010,79,TPE (gamma=0.75),1.7157123147707836
1010,80,TPE (gamma=0.75),1.7157123147707836
1011,0,TPE (gamma=0.10),2.9752003736789314
1011,1,TPE (gamma=0.10),2.9752003736789314
1011,2,TPE (gamma=0.10),2.9752003736789314
1011,3,TPE (gamma=0.10),2.9752003736789314
1011,4,TPE (gamma=0.10),2.9752003736789314
1011,5,TPE (gamma=0.10),2.9752003736789314
1011,6,TPE (gamma=0.10),2.9752003736789314
1011,7,TPE (gamma=0.10),2.9752003736789314
1011,8,TPE (gamma=0.10),2.9752003736789314
1011,9,TPE (gamma=0.10),2.9752003736789314
1011,10,TPE (gamma=0.10),2.9752003736789314
1011,11,TPE (gamma=0.10),2.9752003736789314
1011,12,TPE (gamma=0.10),2.9752003736789314
1011,13,TPE (gamma=0.10),2.9752003736789314
1011,14,TPE (gamma=0.10),2.8542716188643897
1011,15,TPE (gamma=0.10),1.4734853549366722
1011,16,TPE (gamma=0.10),1.4734853549366722
1011,17,TPE (gamma=0.10),1.4734853549366722
1011,18,TPE (gamma=0.10),1.4734853549366722
1011,19,TPE (gamma=0.10),1.4734853549366722
1011,20,TPE (gamma=0.10),1.4734853549366722
1011,21,TPE (gamma=0.10),1.4734853549366722
1011,22,TPE (gamma=0.10),1.4734853549366722
1011,23,TPE (gamma=0.10),1.4734853549366722
1011,24,TPE (gamma=0.10),1.4734853549366722
1011,25,TPE (gamma=0.10),1.4734853549366722
1011,26,TPE (gamma=0.10),1.4734853549366722
1011,27,TPE (gamma=0.10),1.4734853549366722
1011,28,TPE (gamma=0.10),1.4734853549366722
1011,29,TPE (gamma=0.10),1.4734853549366722
1011,30,TPE (gamma=0.10),1.4734853549366722
1011,31,TPE (gamma=0.10),1.4734853549366722
1011,32,TPE (gamma=0.10),1.4734853549366722
1011,33,TPE (gamma=0.10),1.4734853549366722
1011,34,TPE (gamma=0.10),1.4734853549366722
1011,35,TPE (gamma=0.10),1.4734853549366722
1011,36,TPE (gamma=0.10),1.4734853549366722
1011,37,TPE (gamma=0.10),1.4734853549366722
1011,38,TPE (gamma=0.10),1.4734853549366722
1011,39,TPE (gamma=0.10),1.4734853549366722
1011,40,TPE (gamma=0.10),1.4734853549366722
1011,41,TPE (gamma=0.10),1.4734853549366722
1011,42,TPE (gamma=0.10),1.4734853549366722
1011,43,TPE (gamma=0.10),1.4734853549366722
1011,44,TPE (gamma=0.10),1.4734853549366722
1011,45,TPE (gamma=0.10),1.4734853549366722
1011,46,TPE (gamma=0.10),1.4734853549366722
1011,47,TPE (gamma=0.10),1.4734853549366722
1011,48,TPE (gamma=0.10),1.4734853549366722
1011,49,TPE (gamma=0.10),1.4734853549366722
1011,50,TPE (gamma=0.10),1.4734853549366722
1011,51,TPE (gamma=0.10),1.4734853549366722
1011,52,TPE (gamma=0.10),0.4645900539401495
1011,53,TPE (gamma=0.10),0.4645900539401495
1011,54,TPE (gamma=0.10),0.4645900539401495
1011,55,TPE (gamma=0.10),0.4645900539401495
1011,56,TPE (gamma=0.10),0.4645900539401495
1011,57,TPE (gamma=0.10),0.4645900539401495
1011,58,TPE (gamma=0.10),0.4645900539401495
1011,59,TPE (gamma=0.10),0.4645900539401495
1011,60,TPE (gamma=0.10),0.4645900539401495
1011,61,TPE (gamma=0.10),0.4645900539401495
1011,62,TPE (gamma=0.10),0.4645900539401495
1011,63,TPE (gamma=0.10),0.4645900539401495
1011,64,TPE (gamma=0.10),0.4645900539401495
1011,65,TPE (gamma=0.10),0.4645900539401495
1011,66,TPE (gamma=0.10),0.4645900539401495
1011,67,TPE (gamma=0.10),0.4645900539401495
1011,68,TPE (gamma=0.10),0.4645900539401495
1011,69,TPE (gamma=0.10),0.4645900539401495
1011,70,TPE (gamma=0.10),0.4645900539401495
1011,71,TPE (gamma=0.10),0.4645900539401495
1011,72,TPE (gamma=0.10),0.4645900539401495
1011,73,TPE (gamma=0.10),0.4645900539401495
1011,74,TPE (gamma=0.10),0.4645900539401495
1011,75,TPE (gamma=0.10),0.4645900539401495
1011,76,TPE (gamma=0.10),0.4645900539401495
1011,77,TPE (gamma=0.10),0.4645900539401495
1011,78,TPE (gamma=0.10),0.4645900539401495
1011,79,TPE (gamma=0.10),0.4645900539401495
1011,80,TPE (gamma=0.10),0.4645900539401495
1011,0,TPE (gamma=0.25),2.9752003736789314
1011,1,TPE (gamma=0.25),2.9752003736789314
1011,2,TPE (gamma=0.25),2.9752003736789314
1011,3,TPE (gamma=0.25),2.9752003736789314
1011,4,TPE (gamma=0.25),2.9752003736789314
1011,5,TPE (gamma=0.25),2.9752003736789314
1011,6,TPE (gamma=0.25),2.9752003736789314
1011,7,TPE (gamma=0.25),2.9752003736789314
1011,8,TPE (gamma=0.25),2.9752003736789314
1011,9,TPE (gamma=0.25),2.9752003736789314
1011,10,TPE (gamma=0.25),2.9752003736789314
1011,11,TPE (gamma=0.25),2.9752003736789314
1011,12,TPE (gamma=0.25),1.2982210471923743
1011,13,TPE (gamma=0.25),1.2982210471923743
1011,14,TPE (gamma=0.25),1.1238336588859763
1011,15,TPE (gamma=0.25),1.1238336588859763
1011,16,TPE (gamma=0.25),1.1238336588859763
1011,17,TPE (gamma=0.25),1.1238336588859763
1011,18,TPE (gamma=0.25),1.1238336588859763
1011,19,TPE (gamma=0.25),1.1238336588859763
1011,20,TPE (gamma=0.25),1.1238336588859763
1011,21,TPE (gamma=0.25),1.1238336588859763
1011,22,TPE (gamma=0.25),1.1238336588859763
1011,23,TPE (gamma=0.25),1.0076142297833428
1011,24,TPE (gamma=0.25),1.0076142297833428
1011,25,TPE (gamma=0.25),1.0076142297833428
1011,26,TPE (gamma=0.25),1.0076142297833428
1011,27,TPE (gamma=0.25),1.0076142297833428
1011,28,TPE (gamma=0.25),1.0076142297833428
1011,29,TPE (gamma=0.25),1.0076142297833428
1011,30,TPE (gamma=0.25),1.0076142297833428
1011,31,TPE (gamma=0.25),1.0076142297833428
1011,32,TPE (gamma=0.25),1.0076142297833428
1011,33,TPE (gamma=0.25),1.0076142297833428
1011,34,TPE (gamma=0.25),1.0076142297833428
1011,35,TPE (gamma=0.25),1.0076142297833428
1011,36,TPE (gamma=0.25),1.0076142297833428
1011,37,TPE (gamma=0.25),1.0076142297833428
1011,38,TPE (gamma=0.25),1.0076142297833428
1011,39,TPE (gamma=0.25),1.0076142297833428
1011,40,TPE (gamma=0.25),0.5892614701819223
1011,41,TPE (gamma=0.25),0.5892614701819223
1011,42,TPE (gamma=0.25),0.5892614701819223
1011,43,TPE (gamma=0.25),0.5892614701819223
1011,44,TPE (gamma=0.25),0.5892614701819223
1011,45,TPE (gamma=0.25),0.5892614701819223
1011,46,TPE (gamma=0.25),0.5892614701819223
1011,47,TPE (gamma=0.25),0.5892614701819223
1011,48,TPE (gamma=0.25),0.5892614701819223
1011,49,TPE (gamma=0.25),0.5218478379940024
1011,50,TPE (gamma=0.25),0.4327667570562035
1011,51,TPE (gamma=0.25),0.42646055196807886
1011,52,TPE (gamma=0.25),0.42646055196807886
1011,53,TPE (gamma=0.25),0.42646055196807886
1011,54,TPE (gamma=0.25),0.42646055196807886
1011,55,TPE (gamma=0.25),0.42646055196807886
1011,56,TPE (gamma=0.25),0.42646055196807886
1011,57,TPE (gamma=0.25),0.42646055196807886
1011,58,TPE (gamma=0.25),0.42646055196807886
1011,59,TPE (gamma=0.25),0.42646055196807886
1011,60,TPE (gamma=0.25),0.42646055196807886
1011,61,TPE (gamma=0.25),0.42646055196807886
1011,62,TPE (gamma=0.25),0.42646055196807886
1011,63,TPE (gamma=0.25),0.42646055196807886
1011,64,TPE (gamma=0.25),0.42646055196807886
1011,65,TPE (gamma=0.25),0.42646055196807886
1011,66,TPE (gamma=0.25),0.42646055196807886
1011,67,TPE (gamma=0.25),0.42646055196807886
1011,68,TPE (gamma=0.25),0.42646055196807886
1011,69,TPE (gamma=0.25),0.42646055196807886
1011,70,TPE (gamma=0.25),0.42646055196807886
1011,71,TPE (gamma=0.25),0.42646055196807886
1011,72,TPE (gamma=0.25),0.42646055196807886
1011,73,TPE (gamma=0.25),0.42646055196807886
1011,74,TPE (gamma=0.25),0.42646055196807886
1011,75,TPE (gamma=0.25),0.42646055196807886
1011,76,TPE (gamma=0.25),0.42646055196807886
1011,77,TPE (gamma=0.25),0.42646055196807886
1011,78,TPE (gamma=0.25),0.42646055196807886
1011,79,TPE (gamma=0.25),0.42646055196807886
1011,80,TPE (gamma=0.25),0.42646055196807886
1011,0,TPE (gamma=0.50),2.9752003736789314
1011,1,TPE (gamma=0.50),2.9752003736789314
1011,2,TPE (gamma=0.50),2.9752003736789314
1011,3,TPE (gamma=0.50),2.9752003736789314
1011,4,TPE (gamma=0.50),2.9752003736789314
1011,5,TPE (gamma=0.50),2.9752003736789314
1011,6,TPE (gamma=0.50),2.9752003736789314
1011,7,TPE (gamma=0.50),2.9752003736789314
1011,8,TPE (gamma=0.50),2.9752003736789314
1011,9,TPE (gamma=0.50),2.9752003736789314
1011,10,TPE (gamma=0.50),2.9752003736789314
1011,11,TPE (gamma=0.50),2.9752003736789314
1011,12,TPE (gamma=0.50),2.9752003736789314
1011,13,TPE (gamma=0.50),2.9752003736789314
1011,14,TPE (gamma=0.50),2.9752003736789314
1011,15,TPE (gamma=0.50),2.9752003736789314
1011,16,TPE (gamma=0.50),2.9752003736789314
1011,17,TPE (gamma=0.50),2.9752003736789314
1011,18,TPE (gamma=0.50),2.9752003736789314
1011,19,TPE (gamma=0.50),2.9752003736789314
1011,20,TPE (gamma=0.50),2.9752003736789314
1011,21,TPE (gamma=0.50),2.9752003736789314
1011,22,TPE (gamma=0.50),2.9752003736789314
1011,23,TPE (gamma=0.50),2.9752003736789314
1011,24,TPE (gamma=0.50),2.9752003736789314
1011,25,TPE (gamma=0.50),2.9752003736789314
1011,26,TPE (gamma=0.50),2.9752003736789314
1011,27,TPE (gamma=0.50),2.9752003736789314
1011,28,TPE (gamma=0.50),2.9752003736789314
1011,29,TPE (gamma=0.50),2.9752003736789314
1011,30,TPE (gamma=0.50),2.9752003736789314
1011,31,TPE (gamma=0.50),2.9752003736789314
1011,32,TPE (gamma=0.50),2.9752003736789314
1011,33,TPE (gamma=0.50),2.9752003736789314
1011,34,TPE (gamma=0.50),2.9752003736789314
1011,35,TPE (gamma=0.50),2.9752003736789314
1011,36,TPE (gamma=0.50),2.9752003736789314
1011,37,TPE (gamma=0.50),2.9752003736789314
1011,38,TPE (gamma=0.50),2.9752003736789314
1011,39,TPE (gamma=0.50),2.9752003736789314
1011,40,TPE (gamma=0.50),2.9752003736789314
1011,41,TPE (gamma=0.50),2.9752003736789314
1011,42,TPE (gamma=0.50),2.9752003736789314
1011,43,TPE (gamma=0.50),2.9752003736789314
1011,44,TPE (gamma=0.50),2.9752003736789314
1011,45,TPE (gamma=0.50),2.9752003736789314
1011,46,TPE (gamma=0.50),2.9752003736789314
1011,47,TPE (gamma=0.50),2.9752003736789314
1011,48,TPE (gamma=0.50),2.9752003736789314
1011,49,TPE (gamma=0.50),2.9752003736789314
1011,50,TPE (gamma=0.50),2.9752003736789314
1011,51,TPE (gamma=0.50),2.9752003736789314
1011,52,TPE (gamma=0.50),2.9752003736789314
1011,53,TPE (gamma=0.50),2.9752003736789314
1011,54,TPE (gamma=0.50),2.9752003736789314
1011,55,TPE (gamma=0.50),2.9752003736789314
1011,56,TPE (gamma=0.50),2.9752003736789314
1011,57,TPE (gamma=0.50),2.9752003736789314
1011,58,TPE (gamma=0.50),2.9752003736789314
1011,59,TPE (gamma=0.50),2.9752003736789314
1011,60,TPE (gamma=0.50),2.9752003736789314
1011,61,TPE (gamma=0.50),2.9752003736789314
1011,62,TPE (gamma=0.50),2.9752003736789314
1011,63,TPE (gamma=0.50),2.9752003736789314
1011,64,TPE (gamma=0.50),2.9752003736789314
1011,65,TPE (gamma=0.50),2.9752003736789314
1011,66,TPE (gamma=0.50),2.9752003736789314
1011,67,TPE (gamma=0.50),2.9752003736789314
1011,68,TPE (gamma=0.50),2.9752003736789314
1011,69,TPE (gamma=0.50),2.9752003736789314
1011,70,TPE (gamma=0.50),2.9752003736789314
1011,71,TPE (gamma=0.50),2.9752003736789314
1011,72,TPE (gamma=0.50),2.9752003736789314
1011,73,TPE (gamma=0.50),2.9752003736789314
1011,74,TPE (gamma=0.50),2.9752003736789314
1011,75,TPE (gamma=0.50),2.9752003736789314
1011,76,TPE (gamma=0.50),2.9752003736789314
1011,77,TPE (gamma=0.50),2.9752003736789314
1011,78,TPE (gamma=0.50),2.9752003736789314
1011,79,TPE (gamma=0.50),2.9752003736789314
1011,80,TPE (gamma=0.50),2.9752003736789314
1011,0,TPE (gamma=0.75),2.9752003736789314
1011,1,TPE (gamma=0.75),2.9752003736789314
1011,2,TPE (gamma=0.75),2.9752003736789314
1011,3,TPE (gamma=0.75),2.9752003736789314
1011,4,TPE (gamma=0.75),2.9752003736789314
1011,5,TPE (gamma=0.75),2.9752003736789314
1011,6,TPE (gamma=0.75),2.9752003736789314
1011,7,TPE (gamma=0.75),2.9752003736789314
1011,8,TPE (gamma=0.75),2.9752003736789314
1011,9,TPE (gamma=0.75),2.9752003736789314
1011,10,TPE (gamma=0.75),2.9752003736789314
1011,11,TPE (gamma=0.75),2.9752003736789314
1011,12,TPE (gamma=0.75),2.9752003736789314
1011,13,TPE (gamma=0.75),2.9752003736789314
1011,14,TPE (gamma=0.75),2.9752003736789314
1011,15,TPE (gamma=0.75),2.9752003736789314
1011,16,TPE (gamma=0.75),2.9752003736789314
1011,17,TPE (gamma=0.75),2.9752003736789314
1011,18,TPE (gamma=0.75),2.9752003736789314
1011,19,TPE (gamma=0.75),2.9752003736789314
1011,20,TPE (gamma=0.75),2.9752003736789314
1011,21,TPE (gamma=0.75),2.9752003736789314
1011,22,TPE (gamma=0.75),2.9752003736789314
1011,23,TPE (gamma=0.75),2.9752003736789314
1011,24,TPE (gamma=0.75),2.9752003736789314
1011,25,TPE (gamma=0.75),2.9752003736789314
1011,26,TPE (gamma=0.75),2.9752003736789314
1011,27,TPE (gamma=0.75),2.9752003736789314
1011,28,TPE (gamma=0.75),2.9752003736789314
1011,29,TPE (gamma=0.75),2.9752003736789314
1011,30,TPE (gamma=0.75),2.9752003736789314
1011,31,TPE (gamma=0.75),2.9752003736789314
1011,32,TPE (gamma=0.75),2.9752003736789314
1011,33,TPE (gamma=0.75),2.9752003736789314
1011,34,TPE (gamma=0.75),2.9752003736789314
1011,35,TPE (gamma=0.75),2.9752003736789314
1011,36,TPE (gamma=0.75),2.9752003736789314
1011,37,TPE (gamma=0.75),2.9752003736789314
1011,38,TPE (gamma=0.75),2.9752003736789314
1011,39,TPE (gamma=0.75),2.9752003736789314
1011,40,TPE (gamma=0.75),2.9752003736789314
1011,41,TPE (gamma=0.75),2.9752003736789314
1011,42,TPE (gamma=0.75),2.9752003736789314
1011,43,TPE (gamma=0.75),2.9752003736789314
1011,44,TPE (gamma=0.75),2.9752003736789314
1011,45,TPE (gamma=0.75),2.9752003736789314
1011,46,TPE (gamma=0.75),2.9752003736789314
1011,47,TPE (gamma=0.75),2.9752003736789314
1011,48,TPE (gamma=0.75),2.9752003736789314
1011,49,TPE (gamma=0.75),2.9752003736789314
1011,50,TPE (gamma=0.75),2.9752003736789314
1011,51,TPE (gamma=0.75),2.9752003736789314
1011,52,TPE (gamma=0.75),2.9752003736789314
1011,53,TPE (gamma=0.75),2.9752003736789314
1011,54,TPE (gamma=0.75),2.9752003736789314
1011,55,TPE (gamma=0.75),2.9752003736789314
1011,56,TPE (gamma=0.75),2.9752003736789314
1011,57,TPE (gamma=0.75),2.9752003736789314
1011,58,TPE (gamma=0.75),2.9752003736789314
1011,59,TPE (gamma=0.75),2.9752003736789314
1011,60,TPE (gamma=0.75),2.9752003736789314
1011,61,TPE (gamma=0.75),2.9752003736789314
1011,62,TPE (gamma=0.75),2.9752003736789314
1011,63,TPE (gamma=0.75),2.9752003736789314
1011,64,TPE (gamma=0.75),2.9752003736789314
1011,65,TPE (gamma=0.75),2.9752003736789314
1011,66,TPE (gamma=0.75),2.9752003736789314
1011,67,TPE (gamma=0.75),2.9752003736789314
1011,68,TPE (gamma=0.75),2.9752003736789314
1011,69,TPE (gamma=0.75),2.9752003736789314
1011,70,TPE (gamma=0.75),2.9752003736789314
1011,71,TPE (gamma=0.75),2.9752003736789314
1011,72,TPE (gamma=0.75),2.9752003736789314
1011,73,TPE (gamma=0.75),2.9752003736789314
1011,74,TPE (gamma=0.75),2.9752003736789314
1011,75,TPE (gamma=0.75),2.9752003736789314
1011,76,TPE (gamma=0.75),2.9752003736789314
1011,77,TPE (gamma=0.75),2.9752003736789314
1011,78,TPE (gamma=0.75),2.9752003736789314
1011,79,TPE (gamma=0.75),2.9752003736789314
1011,80,TPE (gamma=0.75),2.9752003736789314
1012,0,TPE (gamma=0.10),1.0107761242698654
1012,1,TPE (gamma=0.10),1.0107761242698654
1012,2,TPE (gamma=0.10),1.0107761242698654
1012,3,TPE (gamma=0.10),1.0107761242698654
1012,4,TPE (gamma=0.10),1.0107761242698654
1012,5,TPE (gamma=0.10),1.0107761242698654
1012,6,TPE (gamma=0.10),1.0107761242698654
1012,7,TPE (gamma=0.10),1.0107761242698654
1012,8,TPE (gamma=0.10),1.0107761242698654
1012,9,TPE (gamma=0.10),1.0107761242698654
1012,10,TPE (gamma=0.10),1.0107761242698654
1012,11,TPE (gamma=0.10),1.0107761242698654
1012,12,TPE (gamma=0.10),1.0107761242698654
1012,13,TPE (gamma=0.10),1.0107761242698654
1012,14,TPE (gamma=0.10),1.0107761242698654
1012,15,TPE (gamma=0.10),1.0107761242698654
1012,16,TPE (gamma=0.10),1.0107761242698654
1012,17,TPE (gamma=0.10),1.0107761242698654
1012,18,TPE (gamma=0.10),1.0107761242698654
1012,19,TPE (gamma=0.10),1.0107761242698654
1012,20,TPE (gamma=0.10),1.0107761242698654
1012,21,TPE (gamma=0.10),1.0107761242698654
1012,22,TPE (gamma=0.10),1.0107761242698654
1012,23,TPE (gamma=0.10),1.0107761242698654
1012,24,TPE (gamma=0.10),1.0107761242698654
1012,25,TPE (gamma=0.10),1.0107761242698654
1012,26,TPE (gamma=0.10),1.0107761242698654
1012,27,TPE (gamma=0.10),1.0107761242698654
1012,28,TPE (gamma=0.10),1.0107761242698654
1012,29,TPE (gamma=0.10),1.0107761242698654
1012,30,TPE (gamma=0.10),1.0107761242698654
1012,31,TPE (gamma=0.10),1.0107761242698654
1012,32,TPE (gamma=0.10),1.0107761242698654
1012,33,TPE (gamma=0.10),1.0107761242698654
1012,34,TPE (gamma=0.10),1.0107761242698654
1012,35,TPE (gamma=0.10),1.0107761242698654
1012,36,TPE (gamma=0.10),1.0107761242698654
1012,37,TPE (gamma=0.10),1.0107761242698654
1012,38,TPE (gamma=0.10),1.0107761242698654
1012,39,TPE (gamma=0.10),1.0107761242698654
1012,40,TPE (gamma=0.10),1.0107761242698654
1012,41,TPE (gamma=0.10),1.0107761242698654
1012,42,TPE (gamma=0.10),1.0107761242698654
1012,43,TPE (gamma=0.10),1.0107761242698654
1012,44,TPE (gamma=0.10),1.0107761242698654
1012,45,TPE (gamma=0.10),1.0107761242698654
1012,46,TPE (gamma=0.10),1.0107761242698654
1012,47,TPE (gamma=0.10),1.0107761242698654
1012,48,TPE (gamma=0.10),1.0107761242698654
1012,49,TPE (gamma=0.10),1.0107761242698654
1012,50,TPE (gamma=0.10),1.0107761242698654
1012,51,TPE (gamma=0.10),1.0107761242698654
1012,52,TPE (gamma=0.10),1.0107761242698654
1012,53,TPE (gamma=0.10),1.0107761242698654
1012,54,TPE (gamma=0.10),1.0107761242698654
1012,55,TPE (gamma=0.10),1.0107761242698654
1012,56,TPE (gamma=0.10),1.0107761242698654
1012,57,TPE (gamma=0.10),1.0107761242698654
1012,58,TPE (gamma=0.10),1.0107761242698654
1012,59,TPE (gamma=0.10),1.0107761242698654
1012,60,TPE (gamma=0.10),1.0107761242698654
1012,61,TPE (gamma=0.10),1.0107761242698654
1012,62,TPE (gamma=0.10),1.0107761242698654
1012,63,TPE (gamma=0.10),1.0107761242698654
1012,64,TPE (gamma=0.10),1.0107761242698654
1012,65,TPE (gamma=0.10),0.5141448154216803
1012,66,TPE (gamma=0.10),0.5141448154216803
1012,67,TPE (gamma=0.10),0.5141448154216803
1012,68,TPE (gamma=0.10),0.5141448154216803
1012,69,TPE (gamma=0.10),0.5141448154216803
1012,70,TPE (gamma=0.10),0.5141448154216803
1012,71,TPE (gamma=0.10),0.5141448154216803
1012,72,TPE (gamma=0.10),0.5141448154216803
1012,73,TPE (gamma=0.10),0.5141448154216803
1012,74,TPE (gamma=0.10),0.5141448154216803
1012,75,TPE (gamma=0.10),0.5141448154216803
1012,76,TPE (gamma=0.10),0.5141448154216803
1012,77,TPE (gamma=0.10),0.5141448154216803
1012,78,TPE (gamma=0.10),0.5141448154216803
1012,79,TPE (gamma=0.10),0.5141448154216803
1012,80,TPE (gamma=0.10),0.5141448154216803
1012,0,TPE (gamma=0.25),1.0107761242698654
1012,1,TPE (gamma=0.25),1.0107761242698654
1012,2,TPE (gamma=0.25),1.0107761242698654
1012,3,TPE (gamma=0.25),1.0107761242698654
1012,4,TPE (gamma=0.25),1.0107761242698654
1012,5,TPE (gamma=0.25),1.0107761242698654
1012,6,TPE (gamma=0.25),1.0107761242698654
1012,7,TPE (gamma=0.25),1.0107761242698654
1012,8,TPE (gamma=0.25),0.5449786169105693
1012,9,TPE (gamma=0.25),0.5449786169105693
1012,10,TPE (gamma=0.25),0.4887687512868162
1012,11,TPE (gamma=0.25),0.4887687512868162
1012,12,TPE (gamma=0.25),0.4887687512868162
1012,13,TPE (gamma=0.25),0.4887687512868162
1012,14,TPE (gamma=0.25),0.4887687512868162
1012,15,TPE (gamma=0.25),0.4887687512868162
1012,16,TPE (gamma=0.25),0.4887687512868162
1012,17,TPE (gamma=0.25),0.4887687512868162
1012,18,TPE (gamma=0.25),0.4887687512868162
1012,19,TPE (gamma=0.25),0.4887687512868162
1012,20,TPE (gamma=0.25),0.4887687512868162
1012,21,TPE (gamma=0.25),0.4887687512868162
1012,22,TPE (gamma=0.25),0.4887687512868162
1012,23,TPE (gamma=0.25),0.4887687512868162
1012,24,TPE (gamma=0.25),0.4887687512868162
1012,25,TPE (gamma=0.25),0.4887687512868162
1012,26,TPE (gamma=0.25),0.4887687512868162
1012,27,TPE (gamma=0.25),0.4887687512868162
1012,28,TPE (gamma=0.25),0.4887687512868162
1012,29,TPE (gamma=0.25),0.4887687512868162
1012,30,TPE (gamma=0.25),0.4887687512868162
1012,31,TPE (gamma=0.25),0.4592928042191424
1012,32,TPE (gamma=0.25),0.4592928042191424
1012,33,TPE (gamma=0.25),0.4592928042191424
1012,34,TPE (gamma=0.25),0.4592928042191424
1012,35,TPE (gamma=0.25),0.4592928042191424
1012,36,TPE (gamma=0.25),0.4592928042191424
1012,37,TPE (gamma=0.25),0.4592928042191424
1012,38,TPE (gamma=0.25),0.4592928042191424
1012,39,TPE (gamma=0.25),0.4592928042191424
1012,40,TPE (gamma=0.25),0.4592928042191424
1012,41,TPE (gamma=0.25),0.4592928042191424
1012,42,TPE (gamma=0.25),0.4592928042191424
1012,43,TPE (gamma=0.25),0.4592928042191424
1012,44,TPE (gamma=0.25),0.4592928042191424
1012,45,TPE (gamma=0.25),0.4592928042191424
1012,46,TPE (gamma=0.25),0.4592928042191424
1012,47,TPE (gamma=0.25),0.4592928042191424
1012,48,TPE (gamma=0.25),0.4592928042191424
1012,49,TPE (gamma=0.25),0.4592928042191424
1012,50,TPE (gamma=0.25),0.4592928042191424
1012,51,TPE (gamma=0.25),0.4592928042191424
1012,52,TPE (gamma=0.25),0.4592928042191424
1012,53,TPE (gamma=0.25),0.4592928042191424
1012,54,TPE (gamma=0.25),0.4592928042191424
1012,55,TPE (gamma=0.25),0.4592928042191424
1012,56,TPE (gamma=0.25),0.4592928042191424
1012,57,TPE (gamma=0.25),0.4592928042191424
1012,58,TPE (gamma=0.25),0.4592928042191424
1012,59,TPE (gamma=0.25),0.4592928042191424
1012,60,TPE (gamma=0.25),0.4592928042191424
1012,61,TPE (gamma=0.25),0.4592928042191424
1012,62,TPE (gamma=0.25),0.4592928042191424
1012,63,TPE (gamma=0.25),0.4592928042191424
1012,64,TPE (gamma=0.25),0.4592928042191424
1012,65,TPE (gamma=0.25),0.4592928042191424
1012,66,TPE (gamma=0.25),0.4592928042191424
1012,67,TPE (gamma=0.25),0.4592928042191424
1012,68,TPE (gamma=0.25),0.4592928042191424
1012,69,TPE (gamma=0.25),0.4592928042191424
1012,70,TPE (gamma=0.25),0.4592928042191424
1012,71,TPE (gamma=0.25),0.41820241568323624
1012,72,TPE (gamma=0.25),0.41820241568323624
1012,73,TPE (gamma=0.25),0.41820241568323624
1012,74,TPE (gamma=0.25),0.41820241568323624
1012,75,TPE (gamma=0.25),0.41820241568323624
1012,76,TPE (gamma=0.25),0.41820241568323624
1012,77,TPE (gamma=0.25),0.41820241568323624
1012,78,TPE (gamma=0.25),0.41820241568323624
1012,79,TPE (gamma=0.25),0.41820241568323624
1012,80,TPE (gamma=0.25),0.41820241568323624
1012,0,TPE (gamma=0.50),1.0107761242698654
1012,1,TPE (gamma=0.50),1.0107761242698654
1012,2,TPE (gamma=0.50),1.0107761242698654
1012,3,TPE (gamma=0.50),1.0107761242698654
1012,4,TPE (gamma=0.50),1.0107761242698654
1012,5,TPE (gamma=0.50),1.0107761242698654
1012,6,TPE (gamma=0.50),1.0107761242698654
1012,7,TPE (gamma=0.50),1.0107761242698654
1012,8,TPE (gamma=0.50),1.0107761242698654
1012,9,TPE (gamma=0.50),1.0107761242698654
1012,10,TPE (gamma=0.50),1.0107761242698654
1012,11,TPE (gamma=0.50),1.0107761242698654
1012,12,TPE (gamma=0.50),1.0107761242698654
1012,13,TPE (gamma=0.50),1.0107761242698654
1012,14,TPE (gamma=0.50),1.0107761242698654
1012,15,TPE (gamma=0.50),1.0107761242698654
1012,16,TPE (gamma=0.50),1.0107761242698654
1012,17,TPE (gamma=0.50),1.0107761242698654
1012,18,TPE (gamma=0.50),1.0107761242698654
1012,19,TPE (gamma=0.50),1.0107761242698654
1012,20,TPE (gamma=0.50),1.0107761242698654
1012,21,TPE (gamma=0.50),1.0107761242698654
1012,22,TPE (gamma=0.50),1.0107761242698654
1012,23,TPE (gamma=0.50),1.0107761242698654
1012,24,TPE (gamma=0.50),1.0107761242698654
1012,25,TPE (gamma=0.50),1.0107761242698654
1012,26,TPE (gamma=0.50),1.0107761242698654
1012,27,TPE (gamma=0.50),1.0107761242698654
1012,28,TPE (gamma=0.50),1.0107761242698654
1012,29,TPE (gamma=0.50),1.0107761242698654
1012,30,TPE (gamma=0.50),1.0107761242698654
1012,31,TPE (gamma=0.50),1.0107761242698654
1012,32,TPE (gamma=0.50),1.0107761242698654
1012,33,TPE (gamma=0.50),1.0107761242698654
1012,34,TPE (gamma=0.50),1.0107761242698654
1012,35,TPE (gamma=0.50),1.0107761242698654
1012,36,TPE (gamma=0.50),1.0107761242698654
1012,37,TPE (gamma=0.50),1.0107761242698654
1012,38,TPE (gamma=0.50),1.0107761242698654
1012,39,TPE (gamma=0.50),1.0107761242698654
1012,40,TPE (gamma=0.50),1.0107761242698654
1012,41,TPE (gamma=0.50),1.0107761242698654
1012,42,TPE (gamma=0.50),1.0107761242698654
1012,43,TPE (gamma=0.50),1.0107761242698654
1012,44,TPE (gamma=0.50),1.0107761242698654
1012,45,TPE (gamma=0.50),1.0107761242698654
1012,46,TPE (gamma=0.50),1.0107761242698654
1012,47,TPE (gamma=0.50),1.0107761242698654
1012,48,TPE (gamma=0.50),1.0107761242698654
1012,49,TPE (gamma=0.50),1.0107761242698654
1012,50,TPE (gamma=0.50),1.0107761242698654
1012,51,TPE (gamma=0.50),1.0107761242698654
1012,52,TPE (gamma=0.50),1.0107761242698654
1012,53,TPE (gamma=0.50),1.0107761242698654
1012,54,TPE (gamma=0.50),1.0107761242698654
1012,55,TPE (gamma=0.50),1.0107761242698654
1012,56,TPE (gamma=0.50),1.0107761242698654
1012,57,TPE (gamma=0.50),1.0107761242698654
1012,58,TPE (gamma=0.50),1.0107761242698654
1012,59,TPE (gamma=0.50),1.0107761242698654
1012,60,TPE (gamma=0.50),1.0107761242698654
1012,61,TPE (gamma=0.50),1.0107761242698654
1012,62,TPE (gamma=0.50),1.0107761242698654
1012,63,TPE (gamma=0.50),1.0107761242698654
1012,64,TPE (gamma=0.50),1.0107761242698654
1012,65,TPE (gamma=0.50),1.0107761242698654
1012,66,TPE (gamma=0.50),1.0107761242698654
1012,67,TPE (gamma=0.50),1.0107761242698654
1012,68,TPE (gamma=0.50),1.0107761242698654
1012,69,TPE (gamma=0.50),1.0107761242698654
1012,70,TPE (gamma=0.50),1.0107761242698654
1012,71,TPE (gamma=0.50),1.0107761242698654
1012,72,TPE (gamma=0.50),1.0107761242698654
1012,73,TPE (gamma=0.50),1.0107761242698654
1012,74,TPE (gamma=0.50),1.0107761242698654
1012,75,TPE (gamma=0.50),1.0107761242698654
1012,76,TPE (gamma=0.50),1.0107761242698654
1012,77,TPE (gamma=0.50),1.0107761242698654
1012,78,TPE (gamma=0.50),1.0107761242698654
1012,79,TPE (gamma=0.50),1.0107761242698654
1012,80,TPE (gamma=0.50),1.0107761242698654
1012,0,TPE (gamma=0.75),1.0107761242698654
1012,1,TPE (gamma=0.75),1.0107761242698654
1012,2,TPE (gamma=0.75),1.0107761242698654
1012,3,TPE (gamma=0.75),1.0107761242698654
1012,4,TPE (gamma=0.75),1.0107761242698654
1012,5,TPE (gamma=0.75),1.0107761242698654
1012,6,TPE (gamma=0.75),1.0107761242698654
1012,7,TPE (gamma=0.75),1.0107761242698654
1012,8,TPE (gamma=0.75),1.0107761242698654
1012,9,TPE (gamma=0.75),1.0107761242698654
1012,10,TPE (gamma=0.75),1.0107761242698654
1012,11,TPE (gamma=0.75),1.0107761242698654
1012,12,TPE (gamma=0.75),1.0107761242698654
1012,13,TPE (gamma=0.75),1.0107761242698654
1012,14,TPE (gamma=0.75),1.0107761242698654
1012,15,TPE (gamma=0.75),1.0107761242698654
1012,16,TPE (gamma=0.75),1.0107761242698654
1012,17,TPE (gamma=0.75),1.0107761242698654
1012,18,TPE (gamma=0.75),1.0107761242698654
1012,19,TPE (gamma=0.75),1.0107761242698654
1012,20,TPE (gamma=0.75),1.0107761242698654
1012,21,TPE (gamma=0.75),1.0107761242698654
1012,22,TPE (gamma=0.75),1.0107761242698654
1012,23,TPE (gamma=0.75),1.0107761242698654
1012,24,TPE (gamma=0.75),1.0107761242698654
1012,25,TPE (gamma=0.75),1.0107761242698654
1012,26,TPE (gamma=0.75),1.0107761242698654
1012,27,TPE (gamma=0.75),1.0107761242698654
1012,28,TPE (gamma=0.75),1.0107761242698654
1012,29,TPE (gamma=0.75),1.0107761242698654
1012,30,TPE (gamma=0.75),1.0107761242698654
1012,31,TPE (gamma=0.75),1.0107761242698654
1012,32,TPE (gamma=0.75),1.0107761242698654
1012,33,TPE (gamma=0.75),1.0107761242698654
1012,34,TPE (gamma=0.75),1.0107761242698654
1012,35,TPE (gamma=0.75),1.0107761242698654
1012,36,TPE (gamma=0.75),1.0107761242698654
1012,37,TPE (gamma=0.75),1.0107761242698654
1012,38,TPE (gamma=0.75),1.0107761242698654
1012,39,TPE (gamma=0.75),1.0107761242698654
1012,40,TPE (gamma=0.75),1.0107761242698654
1012,41,TPE (gamma=0.75),1.0107761242698654
1012,42,TPE (gamma=0.75),1.0107761242698654
1012,43,TPE (gamma=0.75),1.0107761242698654
1012,44,TPE (gamma=0.75),1.0107761242698654
1012,45,TPE (gamma=0.75),1.0107761242698654
1012,46,TPE (gamma=0.75),1.0107761242698654
1012,47,TPE (gamma=0.75),1.0107761242698654
1012,48,TPE (gamma=0.75),1.0107761242698654
1012,49,TPE (gamma=0.75),1.0107761242698654
1012,50,TPE (gamma=0.75),1.0107761242698654
1012,51,TPE (gamma=0.75),1.0107761242698654
1012,52,TPE (gamma=0.75),1.0107761242698654
1012,53,TPE (gamma=0.75),1.0107761242698654
1012,54,TPE (gamma=0.75),1.0107761242698654
1012,55,TPE (gamma=0.75),1.0107761242698654
1012,56,TPE (gamma=0.75),1.0107761242698654
1012,57,TPE (gamma=0.75),1.0107761242698654
1012,58,TPE (gamma=0.75),1.0107761242698654
1012,59,TPE (gamma=0.75),1.0107761242698654
1012,60,TPE (gamma=0.75),1.0107761242698654
1012,61,TPE (gamma=0.75),1.0107761242698654
1012,62,TPE (gamma=0.75),1.0107761242698654
1012,63,TPE (gamma=0.75),1.0107761242698654
1012,64,TPE (gamma=0.75),1.0107761242698654
1012,65,TPE (gamma=0.75),1.0107761242698654
1012,66,TPE (gamma=0.75),1.0107761242698654
1012,67,TPE (gamma=0.75),1.0107761242698654
1012,68,TPE (gamma=0.75),1.0107761242698654
1012,69,TPE (gamma=0.75),1.0107761242698654
1012,70,TPE (gamma=0.75),1.0107761242698654
1012,71,TPE (gamma=0.75),1.0107761242698654
1012,72,TPE (gamma=0.75),1.0107761242698654
1012,73,TPE (gamma=0.75),1.0107761242698654
1012,74,TPE (gamma=0.75),1.0107761242698654
1012,75,TPE (gamma=0.75),1.0107761242698654
1012,76,TPE (gamma=0.75),1.0107761242698654
1012,77,TPE (gamma=0.75),1.0107761242698654
1012,78,TPE (gamma=0.75),1.0107761242698654
1012,79,TPE (gamma=0.75),1.0107761242698654
1012,80,TPE (gamma=0.75),1.0107761242698654
1013,0,TPE (gamma=0.10),13.278554902474298
1013,1,TPE (gamma=0.10),13.278554902474298
1013,2,TPE (gamma=0.10),4.656774612269573
1013,3,TPE (gamma=0.10),4.656774612269573
1013,4,TPE (gamma=0.10),4.656774612269573
1013,5,TPE (gamma=0.10),4.656774612269573
1013,6,TPE (gamma=0.10),3.5511452366646363
1013,7,TPE (gamma=0.10),3.5511452366646363
1013,8,TPE (gamma=0.10),3.5511452366646363
1013,9,TPE (gamma=0.10),3.5511452366646363
1013,10,TPE (gamma=0.10),3.5511452366646363
1013,11,TPE (gamma=0.10),3.5511452366646363
1013,12,TPE (gamma=0.10),3.5511452366646363
1013,13,TPE (gamma=0.10),2.971038043825148
1013,14,TPE (gamma=0.10),1.6220179703419113
1013,15,TPE (gamma=0.10),1.6220179703419113
1013,16,TPE (gamma=0.10),1.6220179703419113
1013,17,TPE (gamma=0.10),1.6220179703419113
1013,18,TPE (gamma=0.10),1.6220179703419113
1013,19,TPE (gamma=0.10),1.6220179703419113
1013,20,TPE (gamma=0.10),1.6220179703419113
1013,21,TPE (gamma=0.10),1.6220179703419113
1013,22,TPE (gamma=0.10),1.6220179703419113
1013,23,TPE (gamma=0.10),1.6220179703419113
1013,24,TPE (gamma=0.10),1.6220179703419113
1013,25,TPE (gamma=0.10),1.6220179703419113
1013,26,TPE (gamma=0.10),1.6220179703419113
1013,27,TPE (gamma=0.10),1.6220179703419113
1013,28,TPE (gamma=0.10),1.6220179703419113
1013,29,TPE (gamma=0.10),1.6220179703419113
1013,30,TPE (gamma=0.10),1.6220179703419113
1013,31,TPE (gamma=0.10),1.6220179703419113
1013,32,TPE (gamma=0.10),1.6220179703419113
1013,33,TPE (gamma=0.10),1.2909817151915934
1013,34,TPE (gamma=0.10),1.2909817151915934
1013,35,TPE (gamma=0.10),1.2909817151915934
1013,36,TPE (gamma=0.10),1.2909817151915934
1013,37,TPE (gamma=0.10),1.2909817151915934
1013,38,TPE (gamma=0.10),1.2909817151915934
1013,39,TPE (gamma=0.10),1.1083157004840398
1013,40,TPE (gamma=0.10),1.1083157004840398
1013,41,TPE (gamma=0.10),1.1083157004840398
1013,42,TPE (gamma=0.10),1.1083157004840398
1013,43,TPE (gamma=0.10),1.1083157004840398
1013,44,TPE (gamma=0.10),1.1083157004840398
1013,45,TPE (gamma=0.10),1.1083157004840398
1013,46,TPE (gamma=0.10),0.8651660867840079
1013,47,TPE (gamma=0.10),0.532299245065996
1013,48,TPE (gamma=0.10),0.532299245065996
1013,49,TPE (gamma=0.10),0.532299245065996
1013,50,TPE (gamma=0.10),0.532299245065996
1013,51,TPE (gamma=0.10),0.532299245065996
1013,52,TPE (gamma=0.10),0.532299245065996
1013,53,TPE (gamma=0.10),0.532299245065996
1013,54,TPE (gamma=0.10),0.532299245065996
1013,55,TPE (gamma=0.10),0.532299245065996
1013,56,TPE (gamma=0.10),0.532299245065996
1013,57,TPE (gamma=0.10),0.532299245065996
1013,58,TPE (gamma=0.10),0.532299245065996
1013,59,TPE (gamma=0.10),0.532299245065996
1013,60,TPE (gamma=0.10),0.532299245065996
1013,61,TPE (gamma=0.10),0.532299245065996
1013,62,TPE (gamma=0.10),0.532299245065996
1013,63,TPE (gamma=0.10),0.532299245065996
1013,64,TPE (gamma=0.10),0.532299245065996
1013,65,TPE (gamma=0.10),0.532299245065996
1013,66,TPE (gamma=0.10),0.532299245065996
1013,67,TPE (gamma=0.10),0.532299245065996
1013,68,TPE (gamma=0.10),0.532299245065996
1013,69,TPE (gamma=0.10),0.532299245065996
1013,70,TPE (gamma=0.10),0.532299245065996
1013,71,TPE (gamma=0.10),0.532299245065996
1013,72,TPE (gamma=0.10),0.532299245065996
1013,73,TPE (gamma=0.10),0.532299245065996
1013,74,TPE (gamma=0.10),0.532299245065996
1013,75,TPE (gamma=0.10),0.532299245065996
1013,76,TPE (gamma=0.10),0.532299245065996
1013,77,TPE (gamma=0.10),0.532299245065996
1013,78,TPE (gamma=0.10),0.532299245065996
1013,79,TPE (gamma=0.10),0.532299245065996
1013,80,TPE (gamma=0.10),0.532299245065996
1013,0,TPE (gamma=0.25),13.278554902474298
1013,1,TPE (gamma=0.25),13.278554902474298
1013,2,TPE (gamma=0.25),4.656774612269573
1013,3,TPE (gamma=0.25),4.656774612269573
1013,4,TPE (gamma=0.25),4.656774612269573
1013,5,TPE (gamma=0.25),3.789408731048905
1013,6,TPE (gamma=0.25),3.789408731048905
1013,7,TPE (gamma=0.25),3.789408731048905
1013,8,TPE (gamma=0.25),3.789408731048905
1013,9,TPE (gamma=0.25),3.789408731048905
1013,10,TPE (gamma=0.25),3.789408731048905
1013,11,TPE (gamma=0.25),3.411884828166235
1013,12,TPE (gamma=0.25),3.411884828166235
1013,13,TPE (gamma=0.25),3.411884828166235
1013,14,TPE (gamma=0.25),3.411884828166235
1013,15,TPE (gamma=0.25),3.411884828166235
1013,16,TPE (gamma=0.25),3.411884828166235
1013,17,TPE (gamma=0.25),3.411884828166235
1013,18,TPE (gamma=0.25),3.411884828166235
1013,19,TPE (gamma=0.25),3.411884828166235
1013,20,TPE (gamma=0.25),2.5639755441393604
1013,21,TPE (gamma=0.25),2.5639755441393604
1013,22,TPE (gamma=0.25),2.5639755441393604
1013,23,TPE (gamma=0.25),2.5639755441393604
1013,24,TPE (gamma=0.25),2.5639755441393604
1013,25,TPE (gamma=0.25),2.5639755441393604
1013,26,TPE (gamma=0.25),2.5639755441393604
1013,27,TPE (gamma=0.25),2.5639755441393604
1013,28,TPE (gamma=0.25),0.7133995785660385
1013,29,TPE (gamma=0.25),0.7133995785660385
1013,30,TPE (gamma=0.25),0.7133995785660385
1013,31,TPE (gamma=0.25),0.7133995785660385
1013,32,TPE (gamma=0.25),0.7133995785660385
1013,33,TPE (gamma=0.25),0.7133995785660385
1013,34,TPE (gamma=0.25),0.7133995785660385
1013,35,TPE (gamma=0.25),0.7133995785660385
1013,36,TPE (gamma=0.25),0.7133995785660385
1013,37,TPE (gamma=0.25),0.7133995785660385
1013,38,TPE (gamma=0.25),0.7133995785660385
1013,39,TPE (gamma=0.25),0.7133995785660385
1013,40,TPE (gamma=0.25),0.7133995785660385
1013,41,TPE (gamma=0.25),0.7133995785660385
1013,42,TPE (gamma=0.25),0.7133995785660385
1013,43,TPE (gamma=0.25),0.7133995785660385
1013,44,TPE (gamma=0.25),0.7133995785660385
1013,45,TPE (gamma=0.25),0.7133995785660385
1013,46,TPE (gamma=0.25),0.7133995785660385
1013,47,TPE (gamma=0.25),0.7133995785660385
1013,48,TPE (gamma=0.25),0.7133995785660385
1013,49,TPE (gamma=0.25),0.7133995785660385
1013,50,TPE (gamma=0.25),0.7133995785660385
1013,51,TPE (gamma=0.25),0.7133995785660385
1013,52,TPE (gamma=0.25),0.7133995785660385
1013,53,TPE (gamma=0.25),0.7133995785660385
1013,54,TPE (gamma=0.25),0.7133995785660385
1013,55,TPE (gamma=0.25),0.7133995785660385
1013,56,TPE (gamma=0.25),0.7133995785660385
1013,57,TPE (gamma=0.25),0.7133995785660385
1013,58,TPE (gamma=0.25),0.7133995785660385
1013,59,TPE (gamma=0.25),0.7133995785660385
1013,60,TPE (gamma=0.25),0.7133995785660385
1013,61,TPE (gamma=0.25),0.7133995785660385
1013,62,TPE (gamma=0.25),0.7133995785660385
1013,63,TPE (gamma=0.25),0.7133995785660385
1013,64,TPE (gamma=0.25),0.7133995785660385
1013,65,TPE (gamma=0.25),0.7133995785660385
1013,66,TPE (gamma=0.25),0.7133995785660385
1013,67,TPE (gamma=0.25),0.7133995785660385
1013,68,TPE (gamma=0.25),0.7133995785660385
1013,69,TPE (gamma=0.25),0.7133995785660385
1013,70,TPE (gamma=0.25),0.7133995785660385
1013,71,TPE (gamma=0.25),0.7133995785660385
1013,72,TPE (gamma=0.25),0.7133995785660385
1013,73,TPE (gamma=0.25),0.7133995785660385
1013,74,TPE (gamma=0.25),0.7133995785660385
1013,75,TPE (gamma=0.25),0.7133995785660385
1013,76,TPE (gamma=0.25),0.7133995785660385
1013,77,TPE (gamma=0.25),0.7133995785660385
1013,78,TPE (gamma=0.25),0.7133995785660385
1013,79,TPE (gamma=0.25),0.7133995785660385
1013,80,TPE (gamma=0.25),0.7133995785660385
1013,0,TPE (gamma=0.50),13.278554902474298
1013,1,TPE (gamma=0.50),13.278554902474298
1013,2,TPE (gamma=0.50),4.656774612269573
1013,3,TPE (gamma=0.50),4.656774612269573
1013,4,TPE (gamma=0.50),4.656774612269573
1013,5,TPE (gamma=0.50),4.656774612269573
1013,6,TPE (gamma=0.50),4.656774612269573
1013,7,TPE (gamma=0.50),4.656774612269573
1013,8,TPE (gamma=0.50),4.656774612269573
1013,9,TPE (gamma=0.50),4.656774612269573
1013,10,TPE (gamma=0.50),4.656774612269573
1013,11,TPE (gamma=0.50),4.656774612269573
1013,12,TPE (gamma=0.50),4.656774612269573
1013,13,TPE (gamma=0.50),4.656774612269573
1013,14,TPE (gamma=0.50),4.656774612269573
1013,15,TPE (gamma=0.50),4.656774612269573
1013,16,TPE (gamma=0.50),4.656774612269573
1013,17,TPE (gamma=0.50),4.656774612269573
1013,18,TPE (gamma=0.50),4.656774612269573
1013,19,TPE (gamma=0.50),4.656774612269573
1013,20,TPE (gamma=0.50),4.656774612269573
1013,21,TPE (gamma=0.50),4.656774612269573
1013,22,TPE (gamma=0.50),4.656774612269573
1013,23,TPE (gamma=0.50),4.656774612269573
1013,24,TPE (gamma=0.50),4.656774612269573
1013,25,TPE (gamma=0.50),4.656774612269573
1013,26,TPE (gamma=0.50),4.656774612269573
1013,27,TPE (gamma=0.50),4.656774612269573
1013,28,TPE (gamma=0.50),4.656774612269573
1013,29,TPE (gamma=0.50),4.656774612269573
1013,30,TPE (gamma=0.50),4.656774612269573
1013,31,TPE (gamma=0.50),4.656774612269573
1013,32,TPE (gamma=0.50),4.656774612269573
1013,33,TPE (gamma=0.50),4.656774612269573
1013,34,TPE (gamma=0.50),4.656774612269573
1013,35,TPE (gamma=0.50),4.656774612269573
1013,36,TPE (gamma=0.50),4.656774612269573
1013,37,TPE (gamma=0.50),4.656774612269573
1013,38,TPE (gamma=0.50),4.656774612269573
1013,39,TPE (gamma=0.50),4.656774612269573
1013,40,TPE (gamma=0.50),4.656774612269573
1013,41,TPE (gamma=0.50),4.656774612269573
1013,42,TPE (gamma=0.50),4.656774612269573
1013,43,TPE (gamma=0.50),4.656774612269573
1013,44,TPE (gamma=0.50),4.656774612269573
1013,45,TPE (gamma=0.50),4.656774612269573
1013,46,TPE (gamma=0.50),4.656774612269573
1013,47,TPE (gamma=0.50),4.656774612269573
1013,48,TPE (gamma=0.50),4.656774612269573
1013,49,TPE (gamma=0.50),4.656774612269573
1013,50,TPE (gamma=0.50),4.656774612269573
1013,51,TPE (gamma=0.50),4.656774612269573
1013,52,TPE (gamma=0.50),4.656774612269573
1013,53,TPE (gamma=0.50),4.656774612269573
1013,54,TPE (gamma=0.50),4.656774612269573
1013,55,TPE (gamma=0.50),4.656774612269573
1013,56,TPE (gamma=0.50),4.656774612269573
1013,57,TPE (gamma=0.50),4.656774612269573
1013,58,TPE (gamma=0.50),4.656774612269573
1013,59,TPE (gamma=0.50),4.656774612269573
1013,60,TPE (gamma=0.50),4.656774612269573
1013,61,TPE (gamma=0.50),4.656774612269573
1013,62,TPE (gamma=0.50),4.656774612269573
1013,63,TPE (gamma=0.50),4.656774612269573
1013,64,TPE (gamma=0.50),4.656774612269573
1013,65,TPE (gamma=0.50),4.656774612269573
1013,66,TPE (gamma=0.50),4.656774612269573
1013,67,TPE (gamma=0.50),4.656774612269573
1013,68,TPE (gamma=0.50),4.656774612269573
1013,69,TPE (gamma=0.50),4.656774612269573
1013,70,TPE (gamma=0.50),4.656774612269573
1013,71,TPE (gamma=0.50),4.656774612269573
1013,72,TPE (gamma=0.50),4.656774612269573
1013,73,TPE (gamma=0.50),4.656774612269573
1013,74,TPE (gamma=0.50),4.656774612269573
1013,75,TPE (gamma=0.50),4.656774612269573
1013,76,TPE (gamma=0.50),4.656774612269573
1013,77,TPE (gamma=0.50),4.656774612269573
1013,78,TPE (gamma=0.50),4.656774612269573
1013,79,TPE (gamma=0.50),4.656774612269573
1013,80,TPE (gamma=0.50),4.656774612269573
1013,0,TPE (gamma=0.75),13.278554902474298
1013,1,TPE (gamma=0.75),13.278554902474298
1013,2,TPE (gamma=0.75),4.656774612269573
1013,3,TPE (gamma=0.75),4.656774612269573
1013,4,TPE (gamma=0.75),4.656774612269573
1013,5,TPE (gamma=0.75),4.656774612269573
1013,6,TPE (gamma=0.75),4.656774612269573
1013,7,TPE (gamma=0.75),4.656774612269573
1013,8,TPE (gamma=0.75),4.656774612269573
1013,9,TPE (gamma=0.75),4.656774612269573
1013,10,TPE (gamma=0.75),4.656774612269573
1013,11,TPE (gamma=0.75),4.656774612269573
1013,12,TPE (gamma=0.75),4.656774612269573
1013,13,TPE (gamma=0.75),4.656774612269573
1013,14,TPE (gamma=0.75),4.656774612269573
1013,15,TPE (gamma=0.75),4.656774612269573
1013,16,TPE (gamma=0.75),4.656774612269573
1013,17,TPE (gamma=0.75),4.656774612269573
1013,18,TPE (gamma=0.75),4.656774612269573
1013,19,TPE (gamma=0.75),4.656774612269573
1013,20,TPE (gamma=0.75),4.656774612269573
1013,21,TPE (gamma=0.75),4.656774612269573
1013,22,TPE (gamma=0.75),4.656774612269573
1013,23,TPE (gamma=0.75),4.656774612269573
1013,24,TPE (gamma=0.75),4.656774612269573
1013,25,TPE (gamma=0.75),4.656774612269573
1013,26,TPE (gamma=0.75),4.656774612269573
1013,27,TPE (gamma=0.75),4.656774612269573
1013,28,TPE (gamma=0.75),4.656774612269573
1013,29,TPE (gamma=0.75),4.656774612269573
1013,30,TPE (gamma=0.75),4.656774612269573
1013,31,TPE (gamma=0.75),4.656774612269573
1013,32,TPE (gamma=0.75),4.656774612269573
1013,33,TPE (gamma=0.75),4.656774612269573
1013,34,TPE (gamma=0.75),4.656774612269573
1013,35,TPE (gamma=0.75),4.656774612269573
1013,36,TPE (gamma=0.75),4.656774612269573
1013,37,TPE (gamma=0.75),4.656774612269573
1013,38,TPE (gamma=0.75),4.656774612269573
1013,39,TPE (gamma=0.75),4.656774612269573
1013,40,TPE (gamma=0.75),4.656774612269573
1013,41,TPE (gamma=0.75),4.656774612269573
1013,42,TPE (gamma=0.75),4.656774612269573
1013,43,TPE (gamma=0.75),4.656774612269573
1013,44,TPE (gamma=0.75),4.656774612269573
1013,45,TPE (gamma=0.75),4.656774612269573
1013,46,TPE (gamma=0.75),4.656774612269573
1013,47,TPE (gamma=0.75),4.656774612269573
1013,48,TPE (gamma=0.75),4.656774612269573
1013,49,TPE (gamma=0.75),4.656774612269573
1013,50,TPE (gamma=0.75),4.656774612269573
1013,51,TPE (gamma=0.75),4.656774612269573
1013,52,TPE (gamma=0.75),4.656774612269573
1013,53,TPE (gamma=0.75),4.656774612269573
1013,54,TPE (gamma=0.75),4.656774612269573
1013,55,TPE (gamma=0.75),4.656774612269573
1013,56,TPE (gamma=0.75),4.656774612269573
1013,57,TPE (gamma=0.75),4.656774612269573
1013,58,TPE (gamma=0.75),4.656774612269573
1013,59,TPE (gamma=0.75),4.656774612269573
1013,60,TPE (gamma=0.75),4.656774612269573
1013,61,TPE (gamma=0.75),4.656774612269573
1013,62,TPE (gamma=0.75),4.656774612269573
1013,63,TPE (gamma=0.75),4.656774612269573
1013,64,TPE (gamma=0.75),4.656774612269573
1013,65,TPE (gamma=0.75),4.656774612269573
1013,66,TPE (gamma=0.75),4.656774612269573
1013,67,TPE (gamma=0.75),4.656774612269573
1013,68,TPE (gamma=0.75),4.656774612269573
1013,69,TPE (gamma=0.75),4.656774612269573
1013,70,TPE (gamma=0.75),4.656774612269573
1013,71,TPE (gamma=0.75),4.656774612269573
1013,72,TPE (gamma=0.75),4.656774612269573
1013,73,TPE (gamma=0.75),4.656774612269573
1013,74,TPE (gamma=0.75),4.656774612269573
1013,75,TPE (gamma=0.75),4.656774612269573
1013,76,TPE (gamma=0.75),4.656774612269573
1013,77,TPE (gamma=0.75),4.656774612269573
1013,78,TPE (gamma=0.75),4.656774612269573
1013,79,TPE (gamma=0.75),4.656774612269573
1013,80,TPE (gamma=0.75),4.656774612269573
1014,0,TPE (gamma=0.10),13.66191575190137
1014,1,TPE (gamma=0.10),13.66191575190137
1014,2,TPE (gamma=0.10),13.66191575190137
1014,3,TPE (gamma=0.10),5.925449943674295
1014,4,TPE (gamma=0.10),3.0783121378827953
1014,5,TPE (gamma=0.10),3.0783121378827953
1014,6,TPE (gamma=0.10),3.0783121378827953
1014,7,TPE (gamma=0.10),3.0783121378827953
1014,8,TPE (gamma=0.10),1.1005246180328214
1014,9,TPE (gamma=0.10),1.1005246180328214
1014,10,TPE (gamma=0.10),1.1005246180328214
1014,11,TPE (gamma=0.10),0.9933390593892124
1014,12,TPE (gamma=0.10),0.9933390593892124
1014,13,TPE (gamma=0.10),0.9933390593892124
1014,14,TPE (gamma=0.10),0.9933390593892124
1014,15,TPE (gamma=0.10),0.9933390593892124
1014,16,TPE (gamma=0.10),0.9933390593892124
1014,17,TPE (gamma=0.10),0.9933390593892124
1014,18,TPE (gamma=0.10),0.9933390593892124
1014,19,TPE (gamma=0.10),0.9933390593892124
1014,20,TPE (gamma=0.10),0.9933390593892124
1014,21,TPE (gamma=0.10),0.9933390593892124
1014,22,TPE (gamma=0.10),0.9933390593892124
1014,23,TPE (gamma=0.10),0.9933390593892124
1014,24,TPE (gamma=0.10),0.9933390593892124
1014,25,TPE (gamma=0.10),0.9933390593892124
1014,26,TPE (gamma=0.10),0.9933390593892124
1014,27,TPE (gamma=0.10),0.9933390593892124
1014,28,TPE (gamma=0.10),0.9933390593892124
1014,29,TPE (gamma=0.10),0.9933390593892124
1014,30,TPE (gamma=0.10),0.9933390593892124
1014,31,TPE (gamma=0.10),0.9933390593892124
1014,32,TPE (gamma=0.10),0.45803165164855564
1014,33,TPE (gamma=0.10),0.45803165164855564
1014,34,TPE (gamma=0.10),0.45803165164855564
1014,35,TPE (gamma=0.10),0.45803165164855564
1014,36,TPE (gamma=0.10),0.45803165164855564
1014,37,TPE (gamma=0.10),0.45803165164855564
1014,38,TPE (gamma=0.10),0.45803165164855564
1014,39,TPE (gamma=0.10),0.45803165164855564
1014,40,TPE (gamma=0.10),0.45803165164855564
1014,41,TPE (gamma=0.10),0.45803165164855564
1014,42,TPE (gamma=0.10),0.45803165164855564
1014,43,TPE (gamma=0.10),0.45803165164855564
1014,44,TPE (gamma=0.10),0.45803165164855564
1014,45,TPE (gamma=0.10),0.45803165164855564
1014,46,TPE (gamma=0.10),0.45803165164855564
1014,47,TPE (gamma=0.10),0.45803165164855564
1014,48,TPE (gamma=0.10),0.45803165164855564
1014,49,TPE (gamma=0.10),0.45803165164855564
1014,50,TPE (gamma=0.10),0.45803165164855564
1014,51,TPE (gamma=0.10),0.45803165164855564
1014,52,TPE (gamma=0.10),0.45803165164855564
1014,53,TPE (gamma=0.10),0.45803165164855564
1014,54,TPE (gamma=0.10),0.45803165164855564
1014,55,TPE (gamma=0.10),0.45803165164855564
1014,56,TPE (gamma=0.10),0.45803165164855564
1014,57,TPE (gamma=0.10),0.45803165164855564
1014,58,TPE (gamma=0.10),0.45803165164855564
1014,59,TPE (gamma=0.10),0.45803165164855564
1014,60,TPE (gamma=0.10),0.45803165164855564
1014,61,TPE (gamma=0.10),0.45803165164855564
1014,62,TPE (gamma=0.10),0.45803165164855564
1014,63,TPE (gamma=0.10),0.45803165164855564
1014,64,TPE (gamma=0.10),0.45803165164855564
1014,65,TPE (gamma=0.10),0.45803165164855564
1014,66,TPE (gamma=0.10),0.45803165164855564
1014,67,TPE (gamma=0.10),0.4566616372227923
1014,68,TPE (gamma=0.10),0.4566616372227923
1014,69,TPE (gamma=0.10),0.4566616372227923
1014,70,TPE (gamma=0.10),0.4566616372227923
1014,71,TPE (gamma=0.10),0.4566616372227923
1014,72,TPE (gamma=0.10),0.4566616372227923
1014,73,TPE (gamma=0.10),0.4566616372227923
1014,74,TPE (gamma=0.10),0.4566616372227923
1014,75,TPE (gamma=0.10),0.4566616372227923
1014,76,TPE (gamma=0.10),0.4566616372227923
1014,77,TPE (gamma=0.10),0.4566616372227923
1014,78,TPE (gamma=0.10),0.4566616372227923
1014,79,TPE (gamma=0.10),0.4566616372227923
1014,80,TPE (gamma=0.10),0.4566616372227923
1014,0,TPE (gamma=0.25),13.66191575190137
1014,1,TPE (gamma=0.25),13.66191575190137
1014,2,TPE (gamma=0.25),13.66191575190137
1014,3,TPE (gamma=0.25),13.66191575190137
1014,4,TPE (gamma=0.25),10.522076567971542
1014,5,TPE (gamma=0.25),6.361829898925728
1014,6,TPE (gamma=0.25),6.361829898925728
1014,7,TPE (gamma=0.25),1.458112224259299
1014,8,TPE (gamma=0.25),0.533957521220227
1014,9,TPE (gamma=0.25),0.533957521220227
1014,10,TPE (gamma=0.25),0.533957521220227
1014,11,TPE (gamma=0.25),0.533957521220227
1014,12,TPE (gamma=0.25),0.533957521220227
1014,13,TPE (gamma=0.25),0.533957521220227
1014,14,TPE (gamma=0.25),0.533957521220227
1014,15,TPE (gamma=0.25),0.533957521220227
1014,16,TPE (gamma=0.25),0.533957521220227
1014,17,TPE (gamma=0.25),0.533957521220227
1014,18,TPE (gamma=0.25),0.533957521220227
1014,19,TPE (gamma=0.25),0.533957521220227
1014,20,TPE (gamma=0.25),0.533957521220227
1014,21,TPE (gamma=0.25),0.533957521220227
1014,22,TPE (gamma=0.25),0.533957521220227
1014,23,TPE (gamma=0.25),0.533957521220227
1014,24,TPE (gamma=0.25),0.533957521220227
1014,25,TPE (gamma=0.25),0.533957521220227
1014,26,TPE (gamma=0.25),0.533957521220227
1014,27,TPE (gamma=0.25),0.533957521220227
1014,28,TPE (gamma=0.25),0.533957521220227
1014,29,TPE (gamma=0.25),0.533957521220227
1014,30,TPE (gamma=0.25),0.533957521220227
1014,31,TPE (gamma=0.25),0.533957521220227
1014,32,TPE (gamma=0.25),0.533957521220227
1014,33,TPE (gamma=0.25),0.533957521220227
1014,34,TPE (gamma=0.25),0.533957521220227
1014,35,TPE (gamma=0.25),0.533957521220227
1014,36,TPE (gamma=0.25),0.533957521220227
1014,37,TPE (gamma=0.25),0.533957521220227
1014,38,TPE (gamma=0.25),0.533957521220227
1014,39,TPE (gamma=0.25),0.533957521220227
1014,40,TPE (gamma=0.25),0.533957521220227
1014,41,TPE (gamma=0.25),0.533957521220227
1014,42,TPE (gamma=0.25),0.533957521220227
1014,43,TPE (gamma=0.25),0.533957521220227
1014,44,TPE (gamma=0.25),0.533957521220227
1014,45,TPE (gamma=0.25),0.533957521220227
1014,46,TPE (gamma=0.25),0.533957521220227
1014,47,TPE (gamma=0.25),0.533957521220227
1014,48,TPE (gamma=0.25),0.533957521220227
1014,49,TPE (gamma=0.25),0.533957521220227
1014,50,TPE (gamma=0.25),0.533957521220227
1014,51,TPE (gamma=0.25),0.533957521220227
1014,52,TPE (gamma=0.25),0.533957521220227
1014,53,TPE (gamma=0.25),0.533957521220227
1014,54,TPE (gamma=0.25),0.533957521220227
1014,55,TPE (gamma=0.25),0.533957521220227
1014,56,TPE (gamma=0.25),0.533957521220227
1014,57,TPE (gamma=0.25),0.533957521220227
1014,58,TPE (gamma=0.25),0.533957521220227
1014,59,TPE (gamma=0.25),0.533957521220227
1014,60,TPE (gamma=0.25),0.533957521220227
1014,61,TPE (gamma=0.25),0.533957521220227
1014,62,TPE (gamma=0.25),0.533957521220227
1014,63,TPE (gamma=0.25),0.533957521220227
1014,64,TPE (gamma=0.25),0.533957521220227
1014,65,TPE (gamma=0.25),0.533957521220227
1014,66,TPE (gamma=0.25),0.533957521220227
1014,67,TPE (gamma=0.25),0.533957521220227
1014,68,TPE (gamma=0.25),0.533957521220227
1014,69,TPE (gamma=0.25),0.42728918739912736
1014,70,TPE (gamma=0.25),0.42728918739912736
1014,71,TPE (gamma=0.25),0.42728918739912736
1014,72,TPE (gamma=0.25),0.42728918739912736
1014,73,TPE (gamma=0.25),0.42728918739912736
1014,74,TPE (gamma=0.25),0.42728918739912736
1014,75,TPE (gamma=0.25),0.42728918739912736
1014,76,TPE (gamma=0.25),0.42728918739912736
1014,77,TPE (gamma=0.25),0.42728918739912736
1014,78,TPE (gamma=0.25),0.42728918739912736
1014,79,TPE (gamma=0.25),0.42728918739912736
1014,80,TPE (gamma=0.25),0.42728918739912736
1014,0,TPE (gamma=0.50),13.66191575190137
1014,1,TPE (gamma=0.50),13.66191575190137
1014,2,TPE (gamma=0.50),13.66191575190137
1014,3,TPE (gamma=0.50),13.66191575190137
1014,4,TPE (gamma=0.50),13.66191575190137
1014,5,TPE (gamma=0.50),13.66191575190137
1014,6,TPE (gamma=0.50),13.66191575190137
1014,7,TPE (gamma=0.50),13.66191575190137
1014,8,TPE (gamma=0.50),13.66191575190137
1014,9,TPE (gamma=0.50),13.66191575190137
1014,10,TPE (gamma=0.50),13.66191575190137
1014,11,TPE (gamma=0.50),13.66191575190137
1014,12,TPE (gamma=0.50),13.66191575190137
1014,13,TPE (gamma=0.50),13.66191575190137
1014,14,TPE (gamma=0.50),13.66191575190137
1014,15,TPE (gamma=0.50),13.66191575190137
1014,16,TPE (gamma=0.50),13.66191575190137
1014,17,TPE (gamma=0.50),13.66191575190137
1014,18,TPE (gamma=0.50),13.66191575190137
1014,19,TPE (gamma=0.50),13.66191575190137
1014,20,TPE (gamma=0.50),13.66191575190137
1014,21,TPE (gamma=0.50),12.814415907900305
1014,22,TPE (gamma=0.50),12.814415907900305
1014,23,TPE (gamma=0.50),12.189555266938605
1014,24,TPE (gamma=0.50),12.189555266938605
1014,25,TPE (gamma=0.50),10.482496574405882
1014,26,TPE (gamma=0.50),10.482496574405882
1014,27,TPE (gamma=0.50),9.245743689792892
1014,28,TPE (gamma=0.50),9.245743689792892
1014,29,TPE (gamma=0.50),9.245743689792892
1014,30,TPE (gamma=0.50),9.245743689792892
1014,31,TPE (gamma=0.50),9.245743689792892
1014,32,TPE (gamma=0.50),9.245743689792892
1014,33,TPE (gamma=0.50),9.245743689792892
1014,34,TPE (gamma=0.50),9.245743689792892
1014,35,TPE (gamma=0.50),9.245743689792892
1014,36,TPE (gamma=0.50),9.245743689792892
1014,37,TPE (gamma=0.50),8.655701322781546
1014,38,TPE (gamma=0.50),8.655701322781546
1014,39,TPE (gamma=0.50),8.655701322781546
1014,40,TPE (gamma=0.50),8.655701322781546
1014,41,TPE (gamma=0.50),8.655701322781546
1014,42,TPE (gamma=0.50),8.592815754514756
1014,43,TPE (gamma=0.50),8.592815754514756
1014,44,TPE (gamma=0.50),8.592815754514756
1014,45,TPE (gamma=0.50),8.592815754514756
1014,46,TPE (gamma=0.50),8.592815754514756
1014,47,TPE (gamma=0.50),8.377214556246093
1014,48,TPE (gamma=0.50),8.377214556246093
1014,49,TPE (gamma=0.50),8.377214556246093
1014,50,TPE (gamma=0.50),8.377214556246093
1014,51,TPE (gamma=0.50),8.377214556246093
1014,52,TPE (gamma=0.50),8.377214556246093
1014,53,TPE (gamma=0.50),8.377214556246093
1014,54,TPE (gamma=0.50),8.377214556246093
1014,55,TPE (gamma=0.50),8.008217767517898
1014,56,TPE (gamma=0.50),8.008217767517898
1014,57,TPE (gamma=0.50),8.008217767517898
1014,58,TPE (gamma=0.50),8.008217767517898
1014,59,TPE (gamma=0.50),7.088081894412211
1014,60,TPE (gamma=0.50),7.088081894412211
1014,61,TPE (gamma=0.50),7.088081894412211
1014,62,TPE (gamma=0.50),7.088081894412211
1014,63,TPE (gamma=0.50),7.088081894412211
1014,64,TPE (gamma=0.50),7.088081894412211
1014,65,TPE (gamma=0.50),7.088081894412211
1014,66,TPE (gamma=0.50),7.088081894412211
1014,67,TPE (gamma=0.50),7.088081894412211
1014,68,TPE (gamma=0.50),7.088081894412211
1014,69,TPE (gamma=0.50),7.088081894412211
1014,70,TPE (gamma=0.50),7.088081894412211
1014,71,TPE (gamma=0.50),7.088081894412211
1014,72,TPE (gamma=0.50),7.088081894412211
1014,73,TPE (gamma=0.50),7.088081894412211
1014,74,TPE (gamma=0.50),7.088081894412211
1014,75,TPE (gamma=0.50),7.088081894412211
1014,76,TPE (gamma=0.50),7.088081894412211
1014,77,TPE (gamma=0.50),7.088081894412211
1014,78,TPE (gamma=0.50),7.088081894412211
1014,79,TPE (gamma=0.50),7.088081894412211
1014,80,TPE (gamma=0.50),7.088081894412211
1014,0,TPE (gamma=0.75),13.66191575190137
1014,1,TPE (gamma=0.75),13.66191575190137
1014,2,TPE (gamma=0.75),13.66191575190137
1014,3,TPE (gamma=0.75),13.66191575190137
1014,4,TPE (gamma=0.75),13.66191575190137
1014,5,TPE (gamma=0.75),13.66191575190137
1014,6,TPE (gamma=0.75),13.66191575190137
1014,7,TPE (gamma=0.75),13.66191575190137
1014,8,TPE (gamma=0.75),13.66191575190137
1014,9,TPE (gamma=0.75),13.66191575190137
1014,10,TPE (gamma=0.75),13.66191575190137
1014,11,TPE (gamma=0.75),13.66191575190137
1014,12,TPE (gamma=0.75),13.66191575190137
1014,13,TPE (gamma=0.75),13.66191575190137
1014,14,TPE (gamma=0.75),13.66191575190137
1014,15,TPE (gamma=0.75),13.66191575190137
1014,16,TPE (gamma=0.75),13.66191575190137
1014,17,TPE (gamma=0.75),13.66191575190137
1014,18,TPE (gamma=0.75),13.66191575190137
1014,19,TPE (gamma=0.75),13.66191575190137
1014,20,TPE (gamma=0.75),13.66191575190137
1014,21,TPE (gamma=0.75),13.66191575190137
1014,22,TPE (gamma=0.75),13.66191575190137
1014,23,TPE (gamma=0.75),13.66191575190137
1014,24,TPE (gamma=0.75),13.66191575190137
1014,25,TPE (gamma=0.75),13.66191575190137
1014,26,TPE (gamma=0.75),13.66191575190137
1014,27,TPE (gamma=0.75),13.66191575190137
1014,28,TPE (gamma=0.75),13.66191575190137
1014,29,TPE (gamma=0.75),13.66191575190137
1014,30,TPE (gamma=0.75),13.66191575190137
1014,31,TPE (gamma=0.75),13.66191575190137
1014,32,TPE (gamma=0.75),13.66191575190137
1014,33,TPE (gamma=0.75),13.66191575190137
1014,34,TPE (gamma=0.75),13.66191575190137
1014,35,TPE (gamma=0.75),13.66191575190137
1014,36,TPE (gamma=0.75),13.66191575190137
1014,37,TPE (gamma=0.75),13.66191575190137
1014,38,TPE (gamma=0.75),13.66191575190137
1014,39,TPE (gamma=0.75),13.66191575190137
1014,40,TPE (gamma=0.75),13.66191575190137
1014,41,TPE (gamma=0.75),13.66191575190137
1014,42,TPE (gamma=0.75),13.66191575190137
1014,43,TPE (gamma=0.75),13.66191575190137
1014,44,TPE (gamma=0.75),13.66191575190137
1014,45,TPE (gamma=0.75),13.66191575190137
1014,46,TPE (gamma=0.75),13.66191575190137
1014,47,TPE (gamma=0.75),13.66191575190137
1014,48,TPE (gamma=0.75),13.66191575190137
1014,49,TPE (gamma=0.75),13.66191575190137
1014,50,TPE (gamma=0.75),13.66191575190137
1014,51,TPE (gamma=0.75),13.66191575190137
1014,52,TPE (gamma=0.75),13.66191575190137
1014,53,TPE (gamma=0.75),13.66191575190137
1014,54,TPE (gamma=0.75),13.66191575190137
1014,55,TPE (gamma=0.75),13.66191575190137
1014,56,TPE (gamma=0.75),13.66191575190137
1014,57,TPE (gamma=0.75),13.66191575190137
1014,58,TPE (gamma=0.75),13.66191575190137
1014,59,TPE (gamma=0.75),13.66191575190137
1014,60,TPE (gamma=0.75),13.66191575190137
1014,61,TPE (gamma=0.75),13.66191575190137
1014,62,TPE (gamma=0.75),13.66191575190137
1014,63,TPE (gamma=0.75),13.66191575190137
1014,64,TPE (gamma=0.75),13.66191575190137
1014,65,TPE (gamma=0.75),13.66191575190137
1014,66,TPE (gamma=0.75),13.66191575190137
1014,67,TPE (gamma=0.75),13.66191575190137
1014,68,TPE (gamma=0.75),13.66191575190137
1014,69,TPE (gamma=0.75),13.66191575190137
1014,70,TPE (gamma=0.75),13.66191575190137
1014,71,TPE (gamma=0.75),13.66191575190137
1014,72,TPE (gamma=0.75),13.66191575190137
1014,73,TPE (gamma=0.75),13.66191575190137
1014,74,TPE (gamma=0.75),13.66191575190137
1014,75,TPE (gamma=0.75),13.66191575190137
1014,76,TPE (gamma=0.75),13.66191575190137
1014,77,TPE (gamma=0.75),13.66191575190137
1014,78,TPE (gamma=0.75),13.66191575190137
1014,79,TPE (gamma=0.75),13.66191575190137
1014,80,TPE (gamma=0.75),13.66191575190137
1015,0,TPE (gamma=0.10),1.8209767929327185
1015,1,TPE (gamma=0.10),1.8209767929327185
1015,2,TPE (gamma=0.10),1.8209767929327185
1015,3,TPE (gamma=0.10),1.8209767929327185
1015,4,TPE (gamma=0.10),1.8209767929327185
1015,5,TPE (gamma=0.10),0.6480105020380371
1015,6,TPE (gamma=0.10),0.6480105020380371
1015,7,TPE (gamma=0.10),0.6480105020380371
1015,8,TPE (gamma=0.10),0.6480105020380371
1015,9,TPE (gamma=0.10),0.6480105020380371
1015,10,TPE (gamma=0.10),0.6480105020380371
1015,11,TPE (gamma=0.10),0.6480105020380371
1015,12,TPE (gamma=0.10),0.6480105020380371
1015,13,TPE (gamma=0.10),0.6480105020380371
1015,14,TPE (gamma=0.10),0.6480105020380371
1015,15,TPE (gamma=0.10),0.6480105020380371
1015,16,TPE (gamma=0.10),0.6480105020380371
1015,17,TPE (gamma=0.10),0.6480105020380371
1015,18,TPE (gamma=0.10),0.6480105020380371
1015,19,TPE (gamma=0.10),0.6480105020380371
1015,20,TPE (gamma=0.10),0.6480105020380371
1015,21,TPE (gamma=0.10),0.6480105020380371
1015,22,TPE (gamma=0.10),0.6480105020380371
1015,23,TPE (gamma=0.10),0.6480105020380371
1015,24,TPE (gamma=0.10),0.6480105020380371
1015,25,TPE (gamma=0.10),0.6480105020380371
1015,26,TPE (gamma=0.10),0.6480105020380371
1015,27,TPE (gamma=0.10),0.6480105020380371
1015,28,TPE (gamma=0.10),0.6480105020380371
1015,29,TPE (gamma=0.10),0.6480105020380371
1015,30,TPE (gamma=0.10),0.6480105020380371
1015,31,TPE (gamma=0.10),0.6480105020380371
1015,32,TPE (gamma=0.10),0.6480105020380371
1015,33,TPE (gamma=0.10),0.6480105020380371
1015,34,TPE (gamma=0.10),0.6480105020380371
1015,35,TPE (gamma=0.10),0.6480105020380371
1015,36,TPE (gamma=0.10),0.6480105020380371
1015,37,TPE (gamma=0.10),0.6480105020380371
1015,38,TPE (gamma=0.10),0.6480105020380371
1015,39,TPE (gamma=0.10),0.6480105020380371
1015,40,TPE (gamma=0.10),0.6480105020380371
1015,41,TPE (gamma=0.10),0.6480105020380371
1015,42,TPE (gamma=0.10),0.6480105020380371
1015,43,TPE (gamma=0.10),0.6480105020380371
1015,44,TPE (gamma=0.10),0.6480105020380371
1015,45,TPE (gamma=0.10),0.6480105020380371
1015,46,TPE (gamma=0.10),0.6480105020380371
1015,47,TPE (gamma=0.10),0.6480105020380371
1015,48,TPE (gamma=0.10),0.6480105020380371
1015,49,TPE (gamma=0.10),0.6480105020380371
1015,50,TPE (gamma=0.10),0.6480105020380371
1015,51,TPE (gamma=0.10),0.6480105020380371
1015,52,TPE (gamma=0.10),0.6480105020380371
1015,53,TPE (gamma=0.10),0.6480105020380371
1015,54,TPE (gamma=0.10),0.6480105020380371
1015,55,TPE (gamma=0.10),0.6480105020380371
1015,56,TPE (gamma=0.10),0.6480105020380371
1015,57,TPE (gamma=0.10),0.6480105020380371
1015,58,TPE (gamma=0.10),0.6480105020380371
1015,59,TPE (gamma=0.10),0.6480105020380371
1015,60,TPE (gamma=0.10),0.6480105020380371
1015,61,TPE (gamma=0.10),0.6480105020380371
1015,62,TPE (gamma=0.10),0.6480105020380371
1015,63,TPE (gamma=0.10),0.6480105020380371
1015,64,TPE (gamma=0.10),0.6480105020380371
1015,65,TPE (gamma=0.10),0.6480105020380371
1015,66,TPE (gamma=0.10),0.41847849590261177
1015,67,TPE (gamma=0.10),0.41847849590261177
1015,68,TPE (gamma=0.10),0.41847849590261177
1015,69,TPE (gamma=0.10),0.41847849590261177
1015,70,TPE (gamma=0.10),0.41847849590261177
1015,71,TPE (gamma=0.10),0.41847849590261177
1015,72,TPE (gamma=0.10),0.41847849590261177
1015,73,TPE (gamma=0.10),0.41847849590261177
1015,74,TPE (gamma=0.10),0.41847849590261177
1015,75,TPE (gamma=0.10),0.41847849590261177
1015,76,TPE (gamma=0.10),0.41847849590261177
1015,77,TPE (gamma=0.10),0.41847849590261177
1015,78,TPE (gamma=0.10),0.41847849590261177
1015,79,TPE (gamma=0.10),0.41847849590261177
1015,80,TPE (gamma=0.10),0.41847849590261177
1015,0,TPE (gamma=0.25),1.8209767929327185
1015,1,TPE (gamma=0.25),1.8209767929327185
1015,2,TPE (gamma=0.25),1.8209767929327185
1015,3,TPE (gamma=0.25),1.8209767929327185
1015,4,TPE (gamma=0.25),1.8209767929327185
1015,5,TPE (gamma=0.25),1.8209767929327185
1015,6,TPE (gamma=0.25),1.8209767929327185
1015,7,TPE (gamma=0.25),1.8209767929327185
1015,8,TPE (gamma=0.25),1.8209767929327185
1015,9,TPE (gamma=0.25),1.8209767929327185
1015,10,TPE (gamma=0.25),1.8209767929327185
1015,11,TPE (gamma=0.25),1.8209767929327185
1015,12,TPE (gamma=0.25),1.136853228517385
1015,13,TPE (gamma=0.25),1.136853228517385
1015,14,TPE (gamma=0.25),1.136853228517385
1015,15,TPE (gamma=0.25),1.136853228517385
1015,16,TPE (gamma=0.25),1.136853228517385
1015,17,TPE (gamma=0.25),1.136853228517385
1015,18,TPE (gamma=0.25),1.136853228517385
1015,19,TPE (gamma=0.25),1.136853228517385
1015,20,TPE (gamma=0.25),1.136853228517385
1015,21,TPE (gamma=0.25),1.136853228517385
1015,22,TPE (gamma=0.25),1.136853228517385
1015,23,TPE (gamma=0.25),1.136853228517385
1015,24,TPE (gamma=0.25),1.136853228517385
1015,25,TPE (gamma=0.25),1.136853228517385
1015,26,TPE (gamma=0.25),1.136853228517385
1015,27,TPE (gamma=0.25),1.136853228517385
1015,28,TPE (gamma=0.25),1.0922477549236476
1015,29,TPE (gamma=0.25),1.0922477549236476
1015,30,TPE (gamma=0.25),1.0922477549236476
1015,31,TPE (gamma=0.25),1.0922477549236476
1015,32,TPE (gamma=0.25),1.0922477549236476
1015,33,TPE (gamma=0.25),1.0922477549236476
1015,34,TPE (gamma=0.25),1.0922477549236476
1015,35,TPE (gamma=0.25),1.0922477549236476
1015,36,TPE (gamma=0.25),1.0922477549236476
1015,37,TPE (gamma=0.25),1.0922477549236476
1015,38,TPE (gamma=0.25),1.0922477549236476
1015,39,TPE (gamma=0.25),1.0922477549236476
1015,40,TPE (gamma=0.25),1.0922477549236476
1015,41,TPE (gamma=0.25),0.6800270056521498
1015,42,TPE (gamma=0.25),0.6800270056521498
1015,43,TPE (gamma=0.25),0.6800270056521498
1015,44,TPE (gamma=0.25),0.6800270056521498
1015,45,TPE (gamma=0.25),0.6800270056521498
1015,46,TPE (gamma=0.25),0.6800270056521498
1015,47,TPE (gamma=0.25),0.6800270056521498
1015,48,TPE (gamma=0.25),0.6800270056521498
1015,49,TPE (gamma=0.25),0.6800270056521498
1015,50,TPE (gamma=0.25),0.6800270056521498
1015,51,TPE (gamma=0.25),0.6288031266135761
1015,52,TPE (gamma=0.25),0.6288031266135761
1015,53,TPE (gamma=0.25),0.6288031266135761
1015,54,TPE (gamma=0.25),0.6288031266135761
1015,55,TPE (gamma=0.25),0.6288031266135761
1015,56,TPE (gamma=0.25),0.6288031266135761
1015,57,TPE (gamma=0.25),0.4487647054616808
1015,58,TPE (gamma=0.25),0.4487647054616808
1015,59,TPE (gamma=0.25),0.4487647054616808
1015,60,TPE (gamma=0.25),0.4487647054616808
1015,61,TPE (gamma=0.25),0.4487647054616808
1015,62,TPE (gamma=0.25),0.4487647054616808
1015,63,TPE (gamma=0.25),0.4487647054616808
1015,64,TPE (gamma=0.25),0.4487647054616808
1015,65,TPE (gamma=0.25),0.4487647054616808
1015,66,TPE (gamma=0.25),0.4487647054616808
1015,67,TPE (gamma=0.25),0.4487647054616808
1015,68,TPE (gamma=0.25),0.4487647054616808
1015,69,TPE (gamma=0.25),0.4487647054616808
1015,70,TPE (gamma=0.25),0.4487647054616808
1015,71,TPE (gamma=0.25),0.4487647054616808
1015,72,TPE (gamma=0.25),0.4487647054616808
1015,73,TPE (gamma=0.25),0.4487647054616808
1015,74,TPE (gamma=0.25),0.4487647054616808
1015,75,TPE (gamma=0.25),0.4487647054616808
1015,76,TPE (gamma=0.25),0.4487647054616808
1015,77,TPE (gamma=0.25),0.4487647054616808
1015,78,TPE (gamma=0.25),0.4487647054616808
1015,79,TPE (gamma=0.25),0.4487647054616808
1015,80,TPE (gamma=0.25),0.4487647054616808
1015,0,TPE (gamma=0.50),1.8209767929327185
1015,1,TPE (gamma=0.50),1.8209767929327185
1015,2,TPE (gamma=0.50),1.8209767929327185
1015,3,TPE (gamma=0.50),1.8209767929327185
1015,4,TPE (gamma=0.50),1.8209767929327185
1015,5,TPE (gamma=0.50),1.8209767929327185
1015,6,TPE (gamma=0.50),1.8209767929327185
1015,7,TPE (gamma=0.50),1.8209767929327185
1015,8,TPE (gamma=0.50),1.8209767929327185
1015,9,TPE (gamma=0.50),1.8209767929327185
1015,10,TPE (gamma=0.50),1.8209767929327185
1015,11,TPE (gamma=0.50),1.8209767929327185
1015,12,TPE (gamma=0.50),1.8209767929327185
1015,13,TPE (gamma=0.50),1.8209767929327185
1015,14,TPE (gamma=0.50),1.8209767929327185
1015,15,TPE (gamma=0.50),1.644214808895983
1015,16,TPE (gamma=0.50),1.644214808895983
1015,17,TPE (gamma=0.50),1.644214808895983
1015,18,TPE (gamma=0.50),1.644214808895983
1015,19,TPE (gamma=0.50),1.644214808895983
1015,20,TPE (gamma=0.50),1.644214808895983
1015,21,TPE (gamma=0.50),1.644214808895983
1015,22,TPE (gamma=0.50),1.644214808895983
1015,23,TPE (gamma=0.50),1.644214808895983
1015,24,TPE (gamma=0.50),1.644214808895983
1015,25,TPE (gamma=0.50),1.644214808895983
1015,26,TPE (gamma=0.50),1.644214808895983
1015,27,TPE (gamma=0.50),1.644214808895983
1015,28,TPE (gamma=0.50),1.644214808895983
1015,29,TPE (gamma=0.50),1.644214808895983
1015,30,TPE (gamma=0.50),1.644214808895983
1015,31,TPE (gamma=0.50),1.644214808895983
1015,32,TPE (gamma=0.50),1.644214808895983
1015,33,TPE (gamma=0.50),1.644214808895983
1015,34,TPE (gamma=0.50),1.644214808895983
1015,35,TPE (gamma=0.50),1.644214808895983
1015,36,TPE (gamma=0.50),1.644214808895983
1015,37,TPE (gamma=0.50),1.644214808895983
1015,38,TPE (gamma=0.50),1.644214808895983
1015,39,TPE (gamma=0.50),1.644214808895983
1015,40,TPE (gamma=0.50),1.644214808895983
1015,41,TPE (gamma=0.50),1.644214808895983
1015,42,TPE (gamma=0.50),1.644214808895983
1015,43,TPE (gamma=0.50),1.644214808895983
1015,44,TPE (gamma=0.50),1.644214808895983
1015,45,TPE (gamma=0.50),1.644214808895983
1015,46,TPE (gamma=0.50),1.644214808895983
1015,47,TPE (gamma=0.50),1.644214808895983
1015,48,TPE (gamma=0.50),1.644214808895983
1015,49,TPE (gamma=0.50),1.644214808895983
1015,50,TPE (gamma=0.50),1.510178652741958
1015,51,TPE (gamma=0.50),1.510178652741958
1015,52,TPE (gamma=0.50),1.510178652741958
1015,53,TPE (gamma=0.50),1.365109963046315
1015,54,TPE (gamma=0.50),1.365109963046315
1015,55,TPE (gamma=0.50),1.3583733070624184
1015,56,TPE (gamma=0.50),1.3384651908786243
1015,57,TPE (gamma=0.50),1.195489392036432
1015,58,TPE (gamma=0.50),1.195489392036432
1015,59,TPE (gamma=0.50),1.1524653064009396
1015,60,TPE (gamma=0.50),1.1524653064009396
1015,61,TPE (gamma=0.50),1.1524653064009396
1015,62,TPE (gamma=0.50),1.1524653064009396
1015,63,TPE (gamma=0.50),1.0298418574635502
1015,64,TPE (gamma=0.50),1.0298418574635502
1015,65,TPE (gamma=0.50),1.0298418574635502
1015,66,TPE (gamma=0.50),1.0298418574635502
1015,67,TPE (gamma=0.50),1.0298418574635502
1015,68,TPE (gamma=0.50),1.0298418574635502
1015,69,TPE (gamma=0.50),1.0298418574635502
1015,70,TPE (gamma=0.50),1.0298418574635502
1015,71,TPE (gamma=0.50),1.0298418574635502
1015,72,TPE (gamma=0.50),1.0298418574635502
1015,73,TPE (gamma=0.50),1.0298418574635502
1015,74,TPE (gamma=0.50),1.0298418574635502
1015,75,TPE (gamma=0.50),1.0298418574635502
1015,76,TPE (gamma=0.50),1.0298418574635502
1015,77,TPE (gamma=0.50),1.0298418574635502
1015,78,TPE (gamma=0.50),1.0298418574635502
1015,79,TPE (gamma=0.50),1.0298418574635502
1015,80,TPE (gamma=0.50),1.0298418574635502
1015,0,TPE (gamma=0.75),1.8209767929327185
1015,1,TPE (gamma=0.75),1.8209767929327185
1015,2,TPE (gamma=0.75),1.8209767929327185
1015,3,TPE (gamma=0.75),1.8209767929327185
1015,4,TPE (gamma=0.75),1.8209767929327185
1015,5,TPE (gamma=0.75),1.8209767929327185
1015,6,TPE (gamma=0.75),1.8209767929327185
1015,7,TPE (gamma=0.75),1.8209767929327185
1015,8,TPE (gamma=0.75),1.8209767929327185
1015,9,TPE (gamma=0.75),1.8209767929327185
1015,10,TPE (gamma=0.75),1.8209767929327185
1015,11,TPE (gamma=0.75),1.8209767929327185
1015,12,TPE (gamma=0.75),1.8209767929327185
1015,13,TPE (gamma=0.75),1.8209767929327185
1015,14,TPE (gamma=0.75),1.8209767929327185
1015,15,TPE (gamma=0.75),1.8209767929327185
1015,16,TPE (gamma=0.75),1.8209767929327185
1015,17,TPE (gamma=0.75),1.8209767929327185
1015,18,TPE (gamma=0.75),1.8209767929327185
1015,19,TPE (gamma=0.75),1.8209767929327185
1015,20,TPE (gamma=0.75),1.8209767929327185
1015,21,TPE (gamma=0.75),1.8209767929327185
1015,22,TPE (gamma=0.75),1.8209767929327185
1015,23,TPE (gamma=0.75),1.8209767929327185
1015,24,TPE (gamma=0.75),1.8209767929327185
1015,25,TPE (gamma=0.75),1.8209767929327185
1015,26,TPE (gamma=0.75),1.8209767929327185
1015,27,TPE (gamma=0.75),1.8209767929327185
1015,28,TPE (gamma=0.75),1.8209767929327185
1015,29,TPE (gamma=0.75),1.8209767929327185
1015,30,TPE (gamma=0.75),1.8209767929327185
1015,31,TPE (gamma=0.75),1.8209767929327185
1015,32,TPE (gamma=0.75),1.8209767929327185
1015,33,TPE (gamma=0.75),1.8209767929327185
1015,34,TPE (gamma=0.75),1.8209767929327185
1015,35,TPE (gamma=0.75),1.8209767929327185
1015,36,TPE (gamma=0.75),1.8209767929327185
1015,37,TPE (gamma=0.75),1.8209767929327185
1015,38,TPE (gamma=0.75),1.8209767929327185
1015,39,TPE (gamma=0.75),1.8209767929327185
1015,40,TPE (gamma=0.75),1.8209767929327185
1015,41,TPE (gamma=0.75),1.8209767929327185
1015,42,TPE (gamma=0.75),1.8209767929327185
1015,43,TPE (gamma=0.75),1.8209767929327185
1015,44,TPE (gamma=0.75),1.8209767929327185
1015,45,TPE (gamma=0.75),1.8209767929327185
1015,46,TPE (gamma=0.75),1.8209767929327185
1015,47,TPE (gamma=0.75),1.8209767929327185
1015,48,TPE (gamma=0.75),1.8209767929327185
1015,49,TPE (gamma=0.75),1.8209767929327185
1015,50,TPE (gamma=0.75),1.8209767929327185
1015,51,TPE (gamma=0.75),1.8209767929327185
1015,52,TPE (gamma=0.75),1.8209767929327185
1015,53,TPE (gamma=0.75),1.8209767929327185
1015,54,TPE (gamma=0.75),1.8209767929327185
1015,55,TPE (gamma=0.75),1.8209767929327185
1015,56,TPE (gamma=0.75),1.8209767929327185
1015,57,TPE (gamma=0.75),1.8209767929327185
1015,58,TPE (gamma=0.75),1.8209767929327185
1015,59,TPE (gamma=0.75),1.8209767929327185
1015,60,TPE (gamma=0.75),1.8209767929327185
1015,61,TPE (gamma=0.75),1.8209767929327185
1015,62,TPE (gamma=0.75),1.8209767929327185
1015,63,TPE (gamma=0.75),1.8209767929327185
1015,64,TPE (gamma=0.75),1.8209767929327185
1015,65,TPE (gamma=0.75),1.8209767929327185
1015,66,TPE (gamma=0.75),1.8209767929327185
1015,67,TPE (gamma=0.75),1.8209767929327185
1015,68,TPE (gamma=0.75),1.8209767929327185
1015,69,TPE (gamma=0.75),1.8209767929327185
1015,70,TPE (gamma=0.75),1.8209767929327185
1015,71,TPE (gamma=0.75),1.8209767929327185
1015,72,TPE (gamma=0.75),1.8209767929327185
1015,73,TPE (gamma=0.75),1.8209767929327185
1015,74,TPE (gamma=0.75),1.8209767929327185
1015,75,TPE (gamma=0.75),1.8209767929327185
1015,76,TPE (gamma=0.75),1.8209767929327185
1015,77,TPE (gamma=0.75),1.8209767929327185
1015,78,TPE (gamma=0.75),1.8209767929327185
1015,79,TPE (gamma=0.75),1.8209767929327185
1015,80,TPE (gamma=0.75),1.8209767929327185
1016,0,TPE (gamma=0.10),2.008712820390156
1016,1,TPE (gamma=0.10),2.008712820390156
1016,2,TPE (gamma=0.10),2.008712820390156
1016,3,TPE (gamma=0.10),2.008712820390156
1016,4,TPE (gamma=0.10),2.008712820390156
1016,5,TPE (gamma=0.10),2.008712820390156
1016,6,TPE (gamma=0.10),2.008712820390156
1016,7,TPE (gamma=0.10),2.008712820390156
1016,8,TPE (gamma=0.10),2.008712820390156
1016,9,TPE (gamma=0.10),2.008712820390156
1016,10,TPE (gamma=0.10),2.008712820390156
1016,11,TPE (gamma=0.10),2.008712820390156
1016,12,TPE (gamma=0.10),2.008712820390156
1016,13,TPE (gamma=0.10),2.008712820390156
1016,14,TPE (gamma=0.10),2.008712820390156
1016,15,TPE (gamma=0.10),2.008712820390156
1016,16,TPE (gamma=0.10),2.008712820390156
1016,17,TPE (gamma=0.10),2.008712820390156
1016,18,TPE (gamma=0.10),2.008712820390156
1016,19,TPE (gamma=0.10),2.008712820390156
1016,20,TPE (gamma=0.10),2.008712820390156
1016,21,TPE (gamma=0.10),2.008712820390156
1016,22,TPE (gamma=0.10),2.008712820390156
1016,23,TPE (gamma=0.10),2.008712820390156
1016,24,TPE (gamma=0.10),2.008712820390156
1016,25,TPE (gamma=0.10),2.008712820390156
1016,26,TPE (gamma=0.10),2.008712820390156
1016,27,TPE (gamma=0.10),2.008712820390156
1016,28,TPE (gamma=0.10),2.008712820390156
1016,29,TPE (gamma=0.10),2.008712820390156
1016,30,TPE (gamma=0.10),2.008712820390156
1016,31,TPE (gamma=0.10),2.008712820390156
1016,32,TPE (gamma=0.10),2.008712820390156
1016,33,TPE (gamma=0.10),2.008712820390156
1016,34,TPE (gamma=0.10),2.008712820390156
1016,35,TPE (gamma=0.10),1.5991040518432165
1016,36,TPE (gamma=0.10),1.5991040518432165
1016,37,TPE (gamma=0.10),0.9395359322365273
1016,38,TPE (gamma=0.10),0.9395359322365273
1016,39,TPE (gamma=0.10),0.9395359322365273
1016,40,TPE (gamma=0.10),0.9395359322365273
1016,41,TPE (gamma=0.10),0.9395359322365273
1016,42,TPE (gamma=0.10),0.488897351799384
1016,43,TPE (gamma=0.10),0.488897351799384
1016,44,TPE (gamma=0.10),0.488897351799384
1016,45,TPE (gamma=0.10),0.488897351799384
1016,46,TPE (gamma=0.10),0.488897351799384
1016,47,TPE (gamma=0.10),0.488897351799384
1016,48,TPE (gamma=0.10),0.488897351799384
1016,49,TPE (gamma=0.10),0.488897351799384
1016,50,TPE (gamma=0.10),0.488897351799384
1016,51,TPE (gamma=0.10),0.488897351799384
1016,52,TPE (gamma=0.10),0.488897351799384
1016,53,TPE (gamma=0.10),0.488897351799384
1016,54,TPE (gamma=0.10),0.488897351799384
1016,55,TPE (gamma=0.10),0.488897351799384
1016,56,TPE (gamma=0.10),0.488897351799384
1016,57,TPE (gamma=0.10),0.488897351799384
1016,58,TPE (gamma=0.10),0.488897351799384
1016,59,TPE (gamma=0.10),0.488897351799384
1016,60,TPE (gamma=0.10),0.488897351799384
1016,61,TPE (gamma=0.10),0.488897351799384
1016,62,TPE (gamma=0.10),0.488897351799384
1016,63,TPE (gamma=0.10),0.488897351799384
1016,64,TPE (gamma=0.10),0.488897351799384
1016,65,TPE (gamma=0.10),0.488897351799384
1016,66,TPE (gamma=0.10),0.488897351799384
1016,67,TPE (gamma=0.10),0.488897351799384
1016,68,TPE (gamma=0.10),0.488897351799384
1016,69,TPE (gamma=0.10),0.488897351799384
1016,70,TPE (gamma=0.10),0.488897351799384
1016,71,TPE (gamma=0.10),0.488897351799384
1016,72,TPE (gamma=0.10),0.488897351799384
1016,73,TPE (gamma=0.10),0.488897351799384
1016,74,TPE (gamma=0.10),0.488897351799384
1016,75,TPE (gamma=0.10),0.488897351799384
1016,76,TPE (gamma=0.10),0.488897351799384
1016,77,TPE (gamma=0.10),0.488897351799384
1016,78,TPE (gamma=0.10),0.488897351799384
1016,79,TPE (gamma=0.10),0.488897351799384
1016,80,TPE (gamma=0.10),0.488897351799384
1016,0,TPE (gamma=0.25),2.008712820390156
1016,1,TPE (gamma=0.25),2.008712820390156
1016,2,TPE (gamma=0.25),2.008712820390156
1016,3,TPE (gamma=0.25),2.008712820390156
1016,4,TPE (gamma=0.25),2.008712820390156
1016,5,TPE (gamma=0.25),2.008712820390156
1016,6,TPE (gamma=0.25),2.008712820390156
1016,7,TPE (gamma=0.25),2.008712820390156
1016,8,TPE (gamma=0.25),2.008712820390156
1016,9,TPE (gamma=0.25),2.008712820390156
1016,10,TPE (gamma=0.25),2.008712820390156
1016,11,TPE (gamma=0.25),2.008712820390156
1016,12,TPE (gamma=0.25),2.008712820390156
1016,13,TPE (gamma=0.25),2.008712820390156
1016,14,TPE (gamma=0.25),2.008712820390156
1016,15,TPE (gamma=0.25),2.008712820390156
1016,16,TPE (gamma=0.25),2.008712820390156
1016,17,TPE (gamma=0.25),2.008712820390156
1016,18,TPE (gamma=0.25),2.008712820390156
1016,19,TPE (gamma=0.25),2.008712820390156
1016,20,TPE (gamma=0.25),2.008712820390156
1016,21,TPE (gamma=0.25),2.008712820390156
1016,22,TPE (gamma=0.25),2.008712820390156
1016,23,TPE (gamma=0.25),1.2372985151978053
1016,24,TPE (gamma=0.25),1.2372985151978053
1016,25,TPE (gamma=0.25),1.2372985151978053
1016,26,TPE (gamma=0.25),1.2372985151978053
1016,27,TPE (gamma=0.25),1.2372985151978053
1016,28,TPE (gamma=0.25),1.2372985151978053
1016,29,TPE (gamma=0.25),1.2372985151978053
1016,30,TPE (gamma=0.25),1.2372985151978053
1016,31,TPE (gamma=0.25),1.2372985151978053
1016,32,TPE (gamma=0.25),1.2372985151978053
1016,33,TPE (gamma=0.25),1.2372985151978053
1016,34,TPE (gamma=0.25),1.2372985151978053
1016,35,TPE (gamma=0.25),1.2372985151978053
1016,36,TPE (gamma=0.25),1.2372985151978053
1016,37,TPE (gamma=0.25),1.2372985151978053
1016,38,TPE (gamma=0.25),1.2372985151978053
1016,39,TPE (gamma=0.25),1.2372985151978053
1016,40,TPE (gamma=0.25),1.2372985151978053
1016,41,TPE (gamma=0.25),1.2372985151978053
1016,42,TPE (gamma=0.25),1.2372985151978053
1016,43,TPE (gamma=0.25),1.2372985151978053
1016,44,TPE (gamma=0.25),1.2372985151978053
1016,45,TPE (gamma=0.25),1.2372985151978053
1016,46,TPE (gamma=0.25),1.2372985151978053
1016,47,TPE (gamma=0.25),1.2372985151978053
1016,48,TPE (gamma=0.25),1.2372985151978053
1016,49,TPE (gamma=0.25),1.2372985151978053
1016,50,TPE (gamma=0.25),0.6241640825704362
1016,51,TPE (gamma=0.25),0.6241640825704362
1016,52,TPE (gamma=0.25),0.6241640825704362
1016,53,TPE (gamma=0.25),0.6241640825704362
1016,54,TPE (gamma=0.25),0.6241640825704362
1016,55,TPE (gamma=0.25),0.6241640825704362
1016,56,TPE (gamma=0.25),0.6241640825704362
1016,57,TPE (gamma=0.25),0.6241640825704362
1016,58,TPE (gamma=0.25),0.6241640825704362
1016,59,TPE (gamma=0.25),0.6241640825704362
1016,60,TPE (gamma=0.25),0.6241640825704362
1016,61,TPE (gamma=0.25),0.6241640825704362
1016,62,TPE (gamma=0.25),0.6241640825704362
1016,63,TPE (gamma=0.25),0.6241640825704362
1016,64,TPE (gamma=0.25),0.6241640825704362
1016,65,TPE (gamma=0.25),0.6241640825704362
1016,66,TPE (gamma=0.25),0.6241640825704362
1016,67,TPE (gamma=0.25),0.6241640825704362
1016,68,TPE (gamma=0.25),0.6241640825704362
1016,69,TPE (gamma=0.25),0.6241640825704362
1016,70,TPE (gamma=0.25),0.6241640825704362
1016,71,TPE (gamma=0.25),0.6241640825704362
1016,72,TPE (gamma=0.25),0.6241640825704362
1016,73,TPE (gamma=0.25),0.6241640825704362
1016,74,TPE (gamma=0.25),0.6241640825704362
1016,75,TPE (gamma=0.25),0.6241640825704362
1016,76,TPE (gamma=0.25),0.6241640825704362
1016,77,TPE (gamma=0.25),0.6241640825704362
1016,78,TPE (gamma=0.25),0.6241640825704362
1016,79,TPE (gamma=0.25),0.6241640825704362
1016,80,TPE (gamma=0.25),0.5366500542920729
1016,0,TPE (gamma=0.50),2.008712820390156
1016,1,TPE (gamma=0.50),2.008712820390156
1016,2,TPE (gamma=0.50),2.008712820390156
1016,3,TPE (gamma=0.50),2.008712820390156
1016,4,TPE (gamma=0.50),2.008712820390156
1016,5,TPE (gamma=0.50),2.008712820390156
1016,6,TPE (gamma=0.50),2.008712820390156
1016,7,TPE (gamma=0.50),2.008712820390156
1016,8,TPE (gamma=0.50),2.008712820390156
1016,9,TPE (gamma=0.50),2.008712820390156
1016,10,TPE (gamma=0.50),2.008712820390156
1016,11,TPE (gamma=0.50),2.008712820390156
1016,12,TPE (gamma=0.50),2.008712820390156
1016,13,TPE (gamma=0.50),2.008712820390156
1016,14,TPE (gamma=0.50),2.008712820390156
1016,15,TPE (gamma=0.50),2.008712820390156
1016,16,TPE (gamma=0.50),2.008712820390156
1016,17,TPE (gamma=0.50),2.008712820390156
1016,18,TPE (gamma=0.50),2.008712820390156
1016,19,TPE (gamma=0.50),2.008712820390156
1016,20,TPE (gamma=0.50),2.008712820390156
1016,21,TPE (gamma=0.50),2.008712820390156
1016,22,TPE (gamma=0.50),2.008712820390156
1016,23,TPE (gamma=0.50),2.008712820390156
1016,24,TPE (gamma=0.50),2.008712820390156
1016,25,TPE (gamma=0.50),2.008712820390156
1016,26,TPE (gamma=0.50),2.008712820390156
1016,27,TPE (gamma=0.50),1.7238339570116281
1016,28,TPE (gamma=0.50),1.7238339570116281
1016,29,TPE (gamma=0.50),1.7238339570116281
1016,30,TPE (gamma=0.50),1.7238339570116281
1016,31,TPE (gamma=0.50),1.7238339570116281
1016,32,TPE (gamma=0.50),1.7238339570116281
1016,33,TPE (gamma=0.50),1.7238339570116281
1016,34,TPE (gamma=0.50),1.7238339570116281
1016,35,TPE (gamma=0.50),1.7238339570116281
1016,36,TPE (gamma=0.50),1.7238339570116281
1016,37,TPE (gamma=0.50),1.7238339570116281
1016,38,TPE (gamma=0.50),1.7238339570116281
1016,39,TPE (gamma=0.50),1.7238339570116281
1016,40,TPE (gamma=0.50),1.7238339570116281
1016,41,TPE (gamma=0.50),1.7238339570116281
1016,42,TPE (gamma=0.50),1.7238339570116281
1016,43,TPE (gamma=0.50),1.7238339570116281
1016,44,TPE (gamma=0.50),1.7238339570116281
1016,45,TPE (gamma=0.50),1.7238339570116281
1016,46,TPE (gamma=0.50),1.6176766552520494
1016,47,TPE (gamma=0.50),1.6176766552520494
1016,48,TPE (gamma=0.50),1.6176766552520494
1016,49,TPE (gamma=0.50),1.6176766552520494
1016,50,TPE (gamma=0.50),1.6176766552520494
1016,51,TPE (gamma=0.50),1.6176766552520494
1016,52,TPE (gamma=0.50),1.6176766552520494
1016,53,TPE (gamma=0.50),1.6176766552520494
1016,54,TPE (gamma=0.50),1.6176766552520494
1016,55,TPE (gamma=0.50),1.6176766552520494
1016,56,TPE (gamma=0.50),1.6176766552520494
1016,57,TPE (gamma=0.50),1.6176766552520494
1016,58,TPE (gamma=0.50),1.6176766552520494
1016,59,TPE (gamma=0.50),1.6176766552520494
1016,60,TPE (gamma=0.50),1.6176766552520494
1016,61,TPE (gamma=0.50),1.6176766552520494
1016,62,TPE (gamma=0.50),1.6176766552520494
1016,63,TPE (gamma=0.50),1.6176766552520494
1016,64,TPE (gamma=0.50),1.6176766552520494
1016,65,TPE (gamma=0.50),1.6176766552520494
1016,66,TPE (gamma=0.50),1.6176766552520494
1016,67,TPE (gamma=0.50),1.6176766552520494
1016,68,TPE (gamma=0.50),1.6176766552520494
1016,69,TPE (gamma=0.50),1.6176766552520494
1016,70,TPE (gamma=0.50),1.6176766552520494
1016,71,TPE (gamma=0.50),1.6176766552520494
1016,72,TPE (gamma=0.50),1.6176766552520494
1016,73,TPE (gamma=0.50),1.6176766552520494
1016,74,TPE (gamma=0.50),1.6176766552520494
1016,75,TPE (gamma=0.50),1.6176766552520494
1016,76,TPE (gamma=0.50),1.6176766552520494
1016,77,TPE (gamma=0.50),1.6176766552520494
1016,78,TPE (gamma=0.50),1.6176766552520494
1016,79,TPE (gamma=0.50),1.6176766552520494
1016,80,TPE (gamma=0.50),1.6176766552520494
1016,0,TPE (gamma=0.75),2.008712820390156
1016,1,TPE (gamma=0.75),2.008712820390156
1016,2,TPE (gamma=0.75),2.008712820390156
1016,3,TPE (gamma=0.75),1.1278007499539218
1016,4,TPE (gamma=0.75),1.1278007499539218
1016,5,TPE (gamma=0.75),0.7573378169252933
1016,6,TPE (gamma=0.75),0.7573378169252933
1016,7,TPE (gamma=0.75),0.6605232694733978
1016,8,TPE (gamma=0.75),0.6605232694733978
1016,9,TPE (gamma=0.75),0.6605232694733978
1016,10,TPE (gamma=0.75),0.6605232694733978
1016,11,TPE (gamma=0.75),0.6605232694733978
1016,12,TPE (gamma=0.75),0.6605232694733978
1016,13,TPE (gamma=0.75),0.6605232694733978
1016,14,TPE (gamma=0.75),0.6605232694733978
1016,15,TPE (gamma=0.75),0.6605232694733978
1016,16,TPE (gamma=0.75),0.6605232694733978
1016,17,TPE (gamma=0.75),0.6605232694733978
1016,18,TPE (gamma=0.75),0.6605232694733978
1016,19,TPE (gamma=0.75),0.6605232694733978
1016,20,TPE (gamma=0.75),0.6605232694733978
1016,21,TPE (gamma=0.75),0.6605232694733978
1016,22,TPE (gamma=0.75),0.6605232694733978
1016,23,TPE (gamma=0.75),0.6605232694733978
1016,24,TPE (gamma=0.75),0.6605232694733978
1016,25,TPE (gamma=0.75),0.6605232694733978
1016,26,TPE (gamma=0.75),0.6605232694733978
1016,27,TPE (gamma=0.75),0.6605232694733978
1016,28,TPE (gamma=0.75),0.6605232694733978
1016,29,TPE (gamma=0.75),0.6605232694733978
1016,30,TPE (gamma=0.75),0.6605232694733978
1016,31,TPE (gamma=0.75),0.6605232694733978
1016,32,TPE (gamma=0.75),0.6605232694733978
1016,33,TPE (gamma=0.75),0.6605232694733978
1016,34,TPE (gamma=0.75),0.6605232694733978
1016,35,TPE (gamma=0.75),0.6605232694733978
1016,36,TPE (gamma=0.75),0.6605232694733978
1016,37,TPE (gamma=0.75),0.6605232694733978
1016,38,TPE (gamma=0.75),0.6605232694733978
1016,39,TPE (gamma=0.75),0.6605232694733978
1016,40,TPE (gamma=0.75),0.6605232694733978
1016,41,TPE (gamma=0.75),0.6605232694733978
1016,42,TPE (gamma=0.75),0.6605232694733978
1016,43,TPE (gamma=0.75),0.6605232694733978
1016,44,TPE (gamma=0.75),0.6605232694733978
1016,45,TPE (gamma=0.75),0.6605232694733978
1016,46,TPE (gamma=0.75),0.6605232694733978
1016,47,TPE (gamma=0.75),0.6605232694733978
1016,48,TPE (gamma=0.75),0.6605232694733978
1016,49,TPE (gamma=0.75),0.6605232694733978
1016,50,TPE (gamma=0.75),0.6605232694733978
1016,51,TPE (gamma=0.75),0.6605232694733978
1016,52,TPE (gamma=0.75),0.6605232694733978
1016,53,TPE (gamma=0.75),0.6605232694733978
1016,54,TPE (gamma=0.75),0.6605232694733978
1016,55,TPE (gamma=0.75),0.6605232694733978
1016,56,TPE (gamma=0.75),0.6605232694733978
1016,57,TPE (gamma=0.75),0.6605232694733978
1016,58,TPE (gamma=0.75),0.6605232694733978
1016,59,TPE (gamma=0.75),0.6605232694733978
1016,60,TPE (gamma=0.75),0.6605232694733978
1016,61,TPE (gamma=0.75),0.6605232694733978
1016,62,TPE (gamma=0.75),0.6605232694733978
1016,63,TPE (gamma=0.75),0.6605232694733978
1016,64,TPE (gamma=0.75),0.6605232694733978
1016,65,TPE (gamma=0.75),0.6605232694733978
1016,66,TPE (gamma=0.75),0.6605232694733978
1016,67,TPE (gamma=0.75),0.6605232694733978
1016,68,TPE (gamma=0.75),0.6605232694733978
1016,69,TPE (gamma=0.75),0.6605232694733978
1016,70,TPE (gamma=0.75),0.6605232694733978
1016,71,TPE (gamma=0.75),0.6605232694733978
1016,72,TPE (gamma=0.75),0.6605232694733978
1016,73,TPE (gamma=0.75),0.6605232694733978
1016,74,TPE (gamma=0.75),0.6605232694733978
1016,75,TPE (gamma=0.75),0.6605232694733978
1016,76,TPE (gamma=0.75),0.6605232694733978
1016,77,TPE (gamma=0.75),0.6605232694733978
1016,78,TPE (gamma=0.75),0.6605232694733978
1016,79,TPE (gamma=0.75),0.6605232694733978
1016,80,TPE (gamma=0.75),0.6605232694733978
1017,0,TPE (gamma=0.10),1.0366300643224662
1017,1,TPE (gamma=0.10),1.0366300643224662
1017,2,TPE (gamma=0.10),1.0366300643224662
1017,3,TPE (gamma=0.10),1.0366300643224662
1017,4,TPE (gamma=0.10),1.0366300643224662
1017,5,TPE (gamma=0.10),1.0366300643224662
1017,6,TPE (gamma=0.10),1.0366300643224662
1017,7,TPE (gamma=0.10),1.0366300643224662
1017,8,TPE (gamma=0.10),1.0366300643224662
1017,9,TPE (gamma=0.10),1.0366300643224662
1017,10,TPE (gamma=0.10),1.0366300643224662
1017,11,TPE (gamma=0.10),1.0366300643224662
1017,12,TPE (gamma=0.10),1.0366300643224662
1017,13,TPE (gamma=0.10),1.0366300643224662
1017,14,TPE (gamma=0.10),1.0366300643224662
1017,15,TPE (gamma=0.10),1.0366300643224662
1017,16,TPE (gamma=0.10),1.0366300643224662
1017,17,TPE (gamma=0.10),1.0366300643224662
1017,18,TPE (gamma=0.10),1.0366300643224662
1017,19,TPE (gamma=0.10),1.0366300643224662
1017,20,TPE (gamma=0.10),1.0366300643224662
1017,21,TPE (gamma=0.10),1.0366300643224662
1017,22,TPE (gamma=0.10),1.0366300643224662
1017,23,TPE (gamma=0.10),1.0366300643224662
1017,24,TPE (gamma=0.10),1.0366300643224662
1017,25,TPE (gamma=0.10),1.0366300643224662
1017,26,TPE (gamma=0.10),1.0366300643224662
1017,27,TPE (gamma=0.10),1.0366300643224662
1017,28,TPE (gamma=0.10),1.0366300643224662
1017,29,TPE (gamma=0.10),1.0366300643224662
1017,30,TPE (gamma=0.10),1.0366300643224662
1017,31,TPE (gamma=0.10),1.0366300643224662
1017,32,TPE (gamma=0.10),1.0366300643224662
1017,33,TPE (gamma=0.10),1.0366300643224662
1017,34,TPE (gamma=0.10),1.0366300643224662
1017,35,TPE (gamma=0.10),0.9578731815850308
1017,36,TPE (gamma=0.10),0.9578731815850308
1017,37,TPE (gamma=0.10),0.9578731815850308
1017,38,TPE (gamma=0.10),0.9578731815850308
1017,39,TPE (gamma=0.10),0.9578731815850308
1017,40,TPE (gamma=0.10),0.8407275348976508
1017,41,TPE (gamma=0.10),0.8407275348976508
1017,42,TPE (gamma=0.10),0.8407275348976508
1017,43,TPE (gamma=0.10),0.8407275348976508
1017,44,TPE (gamma=0.10),0.7446376266218344
1017,45,TPE (gamma=0.10),0.7446376266218344
1017,46,TPE (gamma=0.10),0.7446376266218344
1017,47,TPE (gamma=0.10),0.7446376266218344
1017,48,TPE (gamma=0.10),0.7446376266218344
1017,49,TPE (gamma=0.10),0.5796732820816661
1017,50,TPE (gamma=0.10),0.5796732820816661
1017,51,TPE (gamma=0.10),0.5796732820816661
1017,52,TPE (gamma=0.10),0.5796732820816661
1017,53,TPE (gamma=0.10),0.5796732820816661
1017,54,TPE (gamma=0.10),0.5796732820816661
1017,55,TPE (gamma=0.10),0.5796732820816661
1017,56,TPE (gamma=0.10),0.5796732820816661
1017,57,TPE (gamma=0.10),0.5796732820816661
1017,58,TPE (gamma=0.10),0.5796732820816661
1017,59,TPE (gamma=0.10),0.5796732820816661
1017,60,TPE (gamma=0.10),0.5796732820816661
1017,61,TPE (gamma=0.10),0.5796732820816661
1017,62,TPE (gamma=0.10),0.5796732820816661
1017,63,TPE (gamma=0.10),0.5796732820816661
1017,64,TPE (gamma=0.10),0.5796732820816661
1017,65,TPE (gamma=0.10),0.5796732820816661
1017,66,TPE (gamma=0.10),0.5796732820816661
1017,67,TPE (gamma=0.10),0.5796732820816661
1017,68,TPE (gamma=0.10),0.5796732820816661
1017,69,TPE (gamma=0.10),0.4257201004925566
1017,70,TPE (gamma=0.10),0.4257201004925566
1017,71,TPE (gamma=0.10),0.4257201004925566
1017,72,TPE (gamma=0.10),0.4257201004925566
1017,73,TPE (gamma=0.10),0.4257201004925566
1017,74,TPE (gamma=0.10),0.4257201004925566
1017,75,TPE (gamma=0.10),0.4257201004925566
1017,76,TPE (gamma=0.10),0.4257201004925566
1017,77,TPE (gamma=0.10),0.4257201004925566
1017,78,TPE (gamma=0.10),0.4257201004925566
1017,79,TPE (gamma=0.10),0.4257201004925566
1017,80,TPE (gamma=0.10),0.4257201004925566
1017,0,TPE (gamma=0.25),1.0366300643224662
1017,1,TPE (gamma=0.25),1.0366300643224662
1017,2,TPE (gamma=0.25),1.0366300643224662
1017,3,TPE (gamma=0.25),1.0366300643224662
1017,4,TPE (gamma=0.25),1.0366300643224662
1017,5,TPE (gamma=0.25),1.0366300643224662
1017,6,TPE (gamma=0.25),1.0366300643224662
1017,7,TPE (gamma=0.25),1.0366300643224662
1017,8,TPE (gamma=0.25),1.0366300643224662
1017,9,TPE (gamma=0.25),1.0366300643224662
1017,10,TPE (gamma=0.25),1.0366300643224662
1017,11,TPE (gamma=0.25),1.0366300643224662
1017,12,TPE (gamma=0.25),1.0366300643224662
1017,13,TPE (gamma=0.25),1.0366300643224662
1017,14,TPE (gamma=0.25),1.0366300643224662
1017,15,TPE (gamma=0.25),1.0366300643224662
1017,16,TPE (gamma=0.25),1.0366300643224662
1017,17,TPE (gamma=0.25),1.0366300643224662
1017,18,TPE (gamma=0.25),1.0366300643224662
1017,19,TPE (gamma=0.25),1.0366300643224662
1017,20,TPE (gamma=0.25),1.0366300643224662
1017,21,TPE (gamma=0.25),1.0366300643224662
1017,22,TPE (gamma=0.25),1.0366300643224662
1017,23,TPE (gamma=0.25),1.0366300643224662
1017,24,TPE (gamma=0.25),1.0366300643224662
1017,25,TPE (gamma=0.25),1.0366300643224662
1017,26,TPE (gamma=0.25),1.0366300643224662
1017,27,TPE (gamma=0.25),1.0366300643224662
1017,28,TPE (gamma=0.25),1.0366300643224662
1017,29,TPE (gamma=0.25),1.0366300643224662
1017,30,TPE (gamma=0.25),1.0366300643224662
1017,31,TPE (gamma=0.25),1.0366300643224662
1017,32,TPE (gamma=0.25),1.0366300643224662
1017,33,TPE (gamma=0.25),1.0366300643224662
1017,34,TPE (gamma=0.25),1.0366300643224662
1017,35,TPE (gamma=0.25),1.0366300643224662
1017,36,TPE (gamma=0.25),1.0366300643224662
1017,37,TPE (gamma=0.25),1.0366300643224662
1017,38,TPE (gamma=0.25),1.0366300643224662
1017,39,TPE (gamma=0.25),1.0366300643224662
1017,40,TPE (gamma=0.25),1.0366300643224662
1017,41,TPE (gamma=0.25),0.7411645382308905
1017,42,TPE (gamma=0.25),0.7411645382308905
1017,43,TPE (gamma=0.25),0.7411645382308905
1017,44,TPE (gamma=0.25),0.7411645382308905
1017,45,TPE (gamma=0.25),0.7411645382308905
1017,46,TPE (gamma=0.25),0.7411645382308905
1017,47,TPE (gamma=0.25),0.7411645382308905
1017,48,TPE (gamma=0.25),0.7411645382308905
1017,49,TPE (gamma=0.25),0.7411645382308905
1017,50,TPE (gamma=0.25),0.7411645382308905
1017,51,TPE (gamma=0.25),0.6336008876263879
1017,52,TPE (gamma=0.25),0.6336008876263879
1017,53,TPE (gamma=0.25),0.6336008876263879
1017,54,TPE (gamma=0.25),0.6336008876263879
1017,55,TPE (gamma=0.25),0.6336008876263879
1017,56,TPE (gamma=0.25),0.6336008876263879
1017,57,TPE (gamma=0.25),0.6336008876263879
1017,58,TPE (gamma=0.25),0.6336008876263879
1017,59,TPE (gamma=0.25),0.6336008876263879
1017,60,TPE (gamma=0.25),0.6336008876263879
1017,61,TPE (gamma=0.25),0.6336008876263879
1017,62,TPE (gamma=0.25),0.6336008876263879
1017,63,TPE (gamma=0.25),0.6336008876263879
1017,64,TPE (gamma=0.25),0.6336008876263879
1017,65,TPE (gamma=0.25),0.6336008876263879
1017,66,TPE (gamma=0.25),0.6336008876263879
1017,67,TPE (gamma=0.25),0.6336008876263879
1017,68,TPE (gamma=0.25),0.6336008876263879
1017,69,TPE (gamma=0.25),0.6336008876263879
1017,70,TPE (gamma=0.25),0.6336008876263879
1017,71,TPE (gamma=0.25),0.6336008876263879
1017,72,TPE (gamma=0.25),0.6336008876263879
1017,73,TPE (gamma=0.25),0.5643227094048289
1017,74,TPE (gamma=0.25),0.5643227094048289
1017,75,TPE (gamma=0.25),0.5643227094048289
1017,76,TPE (gamma=0.25),0.5643227094048289
1017,77,TPE (gamma=0.25),0.5643227094048289
1017,78,TPE (gamma=0.25),0.46628522999320765
1017,79,TPE (gamma=0.25),0.4321138249337899
1017,80,TPE (gamma=0.25),0.4321138249337899
1017,0,TPE (gamma=0.50),1.0366300643224662
1017,1,TPE (gamma=0.50),1.0366300643224662
1017,2,TPE (gamma=0.50),1.0366300643224662
1017,3,TPE (gamma=0.50),1.0366300643224662
1017,4,TPE (gamma=0.50),1.0366300643224662
1017,5,TPE (gamma=0.50),1.0366300643224662
1017,6,TPE (gamma=0.50),1.0366300643224662
1017,7,TPE (gamma=0.50),1.0366300643224662
1017,8,TPE (gamma=0.50),1.0366300643224662
1017,9,TPE (gamma=0.50),1.0366300643224662
1017,10,TPE (gamma=0.50),1.0366300643224662
1017,11,TPE (gamma=0.50),1.0366300643224662
1017,12,TPE (gamma=0.50),1.0366300643224662
1017,13,TPE (gamma=0.50),1.0366300643224662
1017,14,TPE (gamma=0.50),1.0366300643224662
1017,15,TPE (gamma=0.50),1.0366300643224662
1017,16,TPE (gamma=0.50),1.0366300643224662
1017,17,TPE (gamma=0.50),1.0366300643224662
1017,18,TPE (gamma=0.50),1.0366300643224662
1017,19,TPE (gamma=0.50),1.0366300643224662
1017,20,TPE (gamma=0.50),1.0366300643224662
1017,21,TPE (gamma=0.50),1.0366300643224662
1017,22,TPE (gamma=0.50),1.0366300643224662
1017,23,TPE (gamma=0.50),1.0366300643224662
1017,24,TPE (gamma=0.50),1.0366300643224662
1017,25,TPE (gamma=0.50),1.0366300643224662
1017,26,TPE (gamma=0.50),1.0366300643224662
1017,27,TPE (gamma=0.50),1.0366300643224662
1017,28,TPE (gamma=0.50),1.0366300643224662
1017,29,TPE (gamma=0.50),1.0366300643224662
1017,30,TPE (gamma=0.50),1.0366300643224662
1017,31,TPE (gamma=0.50),1.0366300643224662
1017,32,TPE (gamma=0.50),1.0366300643224662
1017,33,TPE (gamma=0.50),1.0366300643224662
1017,34,TPE (gamma=0.50),1.0366300643224662
1017,35,TPE (gamma=0.50),1.0366300643224662
1017,36,TPE (gamma=0.50),1.0366300643224662
1017,37,TPE (gamma=0.50),1.0366300643224662
1017,38,TPE (gamma=0.50),1.0366300643224662
1017,39,TPE (gamma=0.50),1.0366300643224662
1017,40,TPE (gamma=0.50),1.0366300643224662
1017,41,TPE (gamma=0.50),1.0366300643224662
1017,42,TPE (gamma=0.50),1.0366300643224662
1017,43,TPE (gamma=0.50),1.0366300643224662
1017,44,TPE (gamma=0.50),1.0366300643224662
1017,45,TPE (gamma=0.50),1.0366300643224662
1017,46,TPE (gamma=0.50),1.0366300643224662
1017,47,TPE (gamma=0.50),1.0366300643224662
1017,48,TPE (gamma=0.50),1.0366300643224662
1017,49,TPE (gamma=0.50),1.0366300643224662
1017,50,TPE (gamma=0.50),1.0366300643224662
1017,51,TPE (gamma=0.50),1.0366300643224662
1017,52,TPE (gamma=0.50),1.0366300643224662
1017,53,TPE (gamma=0.50),1.0366300643224662
1017,54,TPE (gamma=0.50),1.0366300643224662
1017,55,TPE (gamma=0.50),1.0366300643224662
1017,56,TPE (gamma=0.50),1.0366300643224662
1017,57,TPE (gamma=0.50),1.0366300643224662
1017,58,TPE (gamma=0.50),1.0366300643224662
1017,59,TPE (gamma=0.50),1.0366300643224662
1017,60,TPE (gamma=0.50),1.0366300643224662
1017,61,TPE (gamma=0.50),1.0366300643224662
1017,62,TPE (gamma=0.50),1.0366300643224662
1017,63,TPE (gamma=0.50),1.0366300643224662
1017,64,TPE (gamma=0.50),1.0366300643224662
1017,65,TPE (gamma=0.50),1.0366300643224662
1017,66,TPE (gamma=0.50),1.0366300643224662
1017,67,TPE (gamma=0.50),1.0366300643224662
1017,68,TPE (gamma=0.50),1.0366300643224662
1017,69,TPE (gamma=0.50),1.0366300643224662
1017,70,TPE (gamma=0.50),1.0366300643224662
1017,71,TPE (gamma=0.50),1.0366300643224662
1017,72,TPE (gamma=0.50),1.0366300643224662
1017,73,TPE (gamma=0.50),1.0366300643224662
1017,74,TPE (gamma=0.50),1.0366300643224662
1017,75,TPE (gamma=0.50),1.0366300643224662
1017,76,TPE (gamma=0.50),1.0366300643224662
1017,77,TPE (gamma=0.50),1.0366300643224662
1017,78,TPE (gamma=0.50),1.0366300643224662
1017,79,TPE (gamma=0.50),1.0366300643224662
1017,80,TPE (gamma=0.50),1.0366300643224662
1017,0,TPE (gamma=0.75),1.0366300643224662
1017,1,TPE (gamma=0.75),1.0366300643224662
1017,2,TPE (gamma=0.75),1.0366300643224662
1017,3,TPE (gamma=0.75),1.0366300643224662
1017,4,TPE (gamma=0.75),1.0366300643224662
1017,5,TPE (gamma=0.75),1.0366300643224662
1017,6,TPE (gamma=0.75),1.0366300643224662
1017,7,TPE (gamma=0.75),1.0366300643224662
1017,8,TPE (gamma=0.75),1.0366300643224662
1017,9,TPE (gamma=0.75),1.0366300643224662
1017,10,TPE (gamma=0.75),1.0366300643224662
1017,11,TPE (gamma=0.75),1.0366300643224662
1017,12,TPE (gamma=0.75),1.0366300643224662
1017,13,TPE (gamma=0.75),1.0366300643224662
1017,14,TPE (gamma=0.75),1.0366300643224662
1017,15,TPE (gamma=0.75),1.0366300643224662
1017,16,TPE (gamma=0.75),1.0366300643224662
1017,17,TPE (gamma=0.75),1.0366300643224662
1017,18,TPE (gamma=0.75),1.0366300643224662
1017,19,TPE (gamma=0.75),1.0366300643224662
1017,20,TPE (gamma=0.75),1.0366300643224662
1017,21,TPE (gamma=0.75),1.0366300643224662
1017,22,TPE (gamma=0.75),1.0366300643224662
1017,23,TPE (gamma=0.75),1.0366300643224662
1017,24,TPE (gamma=0.75),1.0366300643224662
1017,25,TPE (gamma=0.75),1.0366300643224662
1017,26,TPE (gamma=0.75),1.0366300643224662
1017,27,TPE (gamma=0.75),1.0366300643224662
1017,28,TPE (gamma=0.75),1.0366300643224662
1017,29,TPE (gamma=0.75),1.0366300643224662
1017,30,TPE (gamma=0.75),1.0366300643224662
1017,31,TPE (gamma=0.75),1.0366300643224662
1017,32,TPE (gamma=0.75),1.0366300643224662
1017,33,TPE (gamma=0.75),1.0366300643224662
1017,34,TPE (gamma=0.75),1.0366300643224662
1017,35,TPE (gamma=0.75),1.0366300643224662
1017,36,TPE (gamma=0.75),1.0366300643224662
1017,37,TPE (gamma=0.75),1.0366300643224662
1017,38,TPE (gamma=0.75),1.0366300643224662
1017,39,TPE (gamma=0.75),1.0366300643224662
1017,40,TPE (gamma=0.75),1.0366300643224662
1017,41,TPE (gamma=0.75),1.0366300643224662
1017,42,TPE (gamma=0.75),1.0366300643224662
1017,43,TPE (gamma=0.75),1.0366300643224662
1017,44,TPE (gamma=0.75),1.0366300643224662
1017,45,TPE (gamma=0.75),1.0366300643224662
1017,46,TPE (gamma=0.75),1.0366300643224662
1017,47,TPE (gamma=0.75),1.0366300643224662
1017,48,TPE (gamma=0.75),1.0366300643224662
1017,49,TPE (gamma=0.75),1.0366300643224662
1017,50,TPE (gamma=0.75),1.0366300643224662
1017,51,TPE (gamma=0.75),1.0366300643224662
1017,52,TPE (gamma=0.75),1.0366300643224662
1017,53,TPE (gamma=0.75),1.0366300643224662
1017,54,TPE (gamma=0.75),1.0366300643224662
1017,55,TPE (gamma=0.75),1.0366300643224662
1017,56,TPE (gamma=0.75),1.0366300643224662
1017,57,TPE (gamma=0.75),1.0366300643224662
1017,58,TPE (gamma=0.75),1.0366300643224662
1017,59,TPE (gamma=0.75),1.0366300643224662
1017,60,TPE (gamma=0.75),1.0366300643224662
1017,61,TPE (gamma=0.75),1.0366300643224662
1017,62,TPE (gamma=0.75),1.0366300643224662
1017,63,TPE (gamma=0.75),1.0366300643224662
1017,64,TPE (gamma=0.75),1.0366300643224662
1017,65,TPE (gamma=0.75),1.0366300643224662
1017,66,TPE (gamma=0.75),1.0366300643224662
1017,67,TPE (gamma=0.75),1.0366300643224662
1017,68,TPE (gamma=0.75),1.0366300643224662
1017,69,TPE (gamma=0.75),1.0366300643224662
1017,70,TPE (gamma=0.75),1.0366300643224662
1017,71,TPE (gamma=0.75),1.0366300643224662
1017,72,TPE (gamma=0.75),1.0366300643224662
1017,73,TPE (gamma=0.75),1.0366300643224662
1017,74,TPE (gamma=0.75),1.0366300643224662
1017,75,TPE (gamma=0.75),1.0366300643224662
1017,76,TPE (gamma=0.75),1.0366300643224662
1017,77,TPE (gamma=0.75),1.0366300643224662
1017,78,TPE (gamma=0.75),1.0366300643224662
1017,79,TPE (gamma=0.75),1.0366300643224662
1017,80,TPE (gamma=0.75),1.0366300643224662
1018,0,TPE (gamma=0.10),14.053380773073613
1018,1,TPE (gamma=0.10),5.718065287251748
1018,2,TPE (gamma=0.10),5.718065287251748
1018,3,TPE (gamma=0.10),5.718065287251748
1018,4,TPE (gamma=0.10),5.718065287251748
1018,5,TPE (gamma=0.10),5.718065287251748
1018,6,TPE (gamma=0.10),5.718065287251748
1018,7,TPE (gamma=0.10),5.718065287251748
1018,8,TPE (gamma=0.10),5.718065287251748
1018,9,TPE (gamma=0.10),4.01891855493458
1018,10,TPE (gamma=0.10),0.769926084854557
1018,11,TPE (gamma=0.10),0.769926084854557
1018,12,TPE (gamma=0.10),0.769926084854557
1018,13,TPE (gamma=0.10),0.769926084854557
1018,14,TPE (gamma=0.10),0.49475640263057485
1018,15,TPE (gamma=0.10),0.49475640263057485
1018,16,TPE (gamma=0.10),0.49475640263057485
1018,17,TPE (gamma=0.10),0.49475640263057485
1018,18,TPE (gamma=0.10),0.49475640263057485
1018,19,TPE (gamma=0.10),0.49475640263057485
1018,20,TPE (gamma=0.10),0.49475640263057485
1018,21,TPE (gamma=0.10),0.49475640263057485
1018,22,TPE (gamma=0.10),0.49475640263057485
1018,23,TPE (gamma=0.10),0.49475640263057485
1018,24,TPE (gamma=0.10),0.49475640263057485
1018,25,TPE (gamma=0.10),0.49475640263057485
1018,26,TPE (gamma=0.10),0.49475640263057485
1018,27,TPE (gamma=0.10),0.49475640263057485
1018,28,TPE (gamma=0.10),0.49475640263057485
1018,29,TPE (gamma=0.10),0.49475640263057485
1018,30,TPE (gamma=0.10),0.49475640263057485
1018,31,TPE (gamma=0.10),0.49475640263057485
1018,32,TPE (gamma=0.10),0.49475640263057485
1018,33,TPE (gamma=0.10),0.49475640263057485
1018,34,TPE (gamma=0.10),0.49475640263057485
1018,35,TPE (gamma=0.10),0.49475640263057485
1018,36,TPE (gamma=0.10),0.49475640263057485
1018,37,TPE (gamma=0.10),0.49475640263057485
1018,38,TPE (gamma=0.10),0.49475640263057485
1018,39,TPE (gamma=0.10),0.49475640263057485
1018,40,TPE (gamma=0.10),0.49475640263057485
1018,41,TPE (gamma=0.10),0.49475640263057485
1018,42,TPE (gamma=0.10),0.49475640263057485
1018,43,TPE (gamma=0.10),0.49475640263057485
1018,44,TPE (gamma=0.10),0.49475640263057485
1018,45,TPE (gamma=0.10),0.49475640263057485
1018,46,TPE (gamma=0.10),0.49475640263057485
1018,47,TPE (gamma=0.10),0.49475640263057485
1018,48,TPE (gamma=0.10),0.49475640263057485
1018,49,TPE (gamma=0.10),0.49475640263057485
1018,50,TPE (gamma=0.10),0.49475640263057485
1018,51,TPE (gamma=0.10),0.49475640263057485
1018,52,TPE (gamma=0.10),0.49475640263057485
1018,53,TPE (gamma=0.10),0.49475640263057485
1018,54,TPE (gamma=0.10),0.49475640263057485
1018,55,TPE (gamma=0.10),0.49475640263057485
1018,56,TPE (gamma=0.10),0.49475640263057485
1018,57,TPE (gamma=0.10),0.49475640263057485
1018,58,TPE (gamma=0.10),0.49475640263057485
1018,59,TPE (gamma=0.10),0.49475640263057485
1018,60,TPE (gamma=0.10),0.49475640263057485
1018,61,TPE (gamma=0.10),0.49475640263057485
1018,62,TPE (gamma=0.10),0.49475640263057485
1018,63,TPE (gamma=0.10),0.49475640263057485
1018,64,TPE (gamma=0.10),0.49475640263057485
1018,65,TPE (gamma=0.10),0.49475640263057485
1018,66,TPE (gamma=0.10),0.49475640263057485
1018,67,TPE (gamma=0.10),0.49475640263057485
1018,68,TPE (gamma=0.10),0.49475640263057485
1018,69,TPE (gamma=0.10),0.49475640263057485
1018,70,TPE (gamma=0.10),0.4490282140694877
1018,71,TPE (gamma=0.10),0.4490282140694877
1018,72,TPE (gamma=0.10),0.4490282140694877
1018,73,TPE (gamma=0.10),0.4490282140694877
1018,74,TPE (gamma=0.10),0.4490282140694877
1018,75,TPE (gamma=0.10),0.4490282140694877
1018,76,TPE (gamma=0.10),0.4490282140694877
1018,77,TPE (gamma=0.10),0.4490282140694877
1018,78,TPE (gamma=0.10),0.4490282140694877
1018,79,TPE (gamma=0.10),0.4490282140694877
1018,80,TPE (gamma=0.10),0.4490282140694877
1018,0,TPE (gamma=0.25),14.053380773073613
1018,1,TPE (gamma=0.25),5.718065287251748
1018,2,TPE (gamma=0.25),5.718065287251748
1018,3,TPE (gamma=0.25),5.718065287251748
1018,4,TPE (gamma=0.25),5.718065287251748
1018,5,TPE (gamma=0.25),5.718065287251748
1018,6,TPE (gamma=0.25),5.718065287251748
1018,7,TPE (gamma=0.25),5.718065287251748
1018,8,TPE (gamma=0.25),5.718065287251748
1018,9,TPE (gamma=0.25),5.718065287251748
1018,10,TPE (gamma=0.25),5.718065287251748
1018,11,TPE (gamma=0.25),5.718065287251748
1018,12,TPE (gamma=0.25),5.718065287251748
1018,13,TPE (gamma=0.25),5.718065287251748
1018,14,TPE (gamma=0.25),5.718065287251748
1018,15,TPE (gamma=0.25),5.718065287251748
1018,16,TPE (gamma=0.25),5.718065287251748
1018,17,TPE (gamma=0.25),5.718065287251748
1018,18,TPE (gamma=0.25),4.114518188214075
1018,19,TPE (gamma=0.25),1.5391477319134221
1018,20,TPE (gamma=0.25),1.5391477319134221
1018,21,TPE (gamma=0.25),1.5391477319134221
1018,22,TPE (gamma=0.25),1.5391477319134221
1018,23,TPE (gamma=0.25),1.5391477319134221
1018,24,TPE (gamma=0.25),1.5391477319134221
1018,25,TPE (gamma=0.25),1.5391477319134221
1018,26,TPE (gamma=0.25),1.5391477319134221
1018,27,TPE (gamma=0.25),1.5391477319134221
1018,28,TPE (gamma=0.25),1.5391477319134221
1018,29,TPE (gamma=0.25),1.132727599741198
1018,30,TPE (gamma=0.25),1.132727599741198
1018,31,TPE (gamma=0.25),1.132727599741198
1018,32,TPE (gamma=0.25),1.132727599741198
1018,33,TPE (gamma=0.25),0.6047152434873588
1018,34,TPE (gamma=0.25),0.570571956221384
1018,35,TPE (gamma=0.25),0.570571956221384
1018,36,TPE (gamma=0.25),0.570571956221384
1018,37,TPE (gamma=0.25),0.4844938942630943
1018,38,TPE (gamma=0.25),0.4844938942630943
1018,39,TPE (gamma=0.25),0.4844938942630943
1018,40,TPE (gamma=0.25),0.4844938942630943
1018,41,TPE (gamma=0.25),0.4844938942630943
1018,42,TPE (gamma=0.25),0.4844938942630943
1018,43,TPE (gamma=0.25),0.4844938942630943
1018,44,TPE (gamma=0.25),0.4844938942630943
1018,45,TPE (gamma=0.25),0.4844938942630943
1018,46,TPE (gamma=0.25),0.4844938942630943
1018,47,TPE (gamma=0.25),0.4844938942630943
1018,48,TPE (gamma=0.25),0.4844938942630943
1018,49,TPE (gamma=0.25),0.4844938942630943
1018,50,TPE (gamma=0.25),0.4844938942630943
1018,51,TPE (gamma=0.25),0.4844938942630943
1018,52,TPE (gamma=0.25),0.4844938942630943
1018,53,TPE (gamma=0.25),0.4844938942630943
1018,54,TPE (gamma=0.25),0.4844938942630943
1018,55,TPE (gamma=0.25),0.4844938942630943
1018,56,TPE (gamma=0.25),0.4844938942630943
1018,57,TPE (gamma=0.25),0.4844938942630943
1018,58,TPE (gamma=0.25),0.4844938942630943
1018,59,TPE (gamma=0.25),0.4844938942630943
1018,60,TPE (gamma=0.25),0.4844938942630943
1018,61,TPE (gamma=0.25),0.4844938942630943
1018,62,TPE (gamma=0.25),0.4844938942630943
1018,63,TPE (gamma=0.25),0.4844938942630943
1018,64,TPE (gamma=0.25),0.4844938942630943
1018,65,TPE (gamma=0.25),0.4844938942630943
1018,66,TPE (gamma=0.25),0.4844938942630943
1018,67,TPE (gamma=0.25),0.4844938942630943
1018,68,TPE (gamma=0.25),0.4844938942630943
1018,69,TPE (gamma=0.25),0.4844938942630943
1018,70,TPE (gamma=0.25),0.4844938942630943
1018,71,TPE (gamma=0.25),0.4844938942630943
1018,72,TPE (gamma=0.25),0.4844938942630943
1018,73,TPE (gamma=0.25),0.4844938942630943
1018,74,TPE (gamma=0.25),0.4844938942630943
1018,75,TPE (gamma=0.25),0.4844938942630943
1018,76,TPE (gamma=0.25),0.4844938942630943
1018,77,TPE (gamma=0.25),0.4844938942630943
1018,78,TPE (gamma=0.25),0.4844938942630943
1018,79,TPE (gamma=0.25),0.4844938942630943
1018,80,TPE (gamma=0.25),0.4844938942630943
1018,0,TPE (gamma=0.50),14.053380773073613
1018,1,TPE (gamma=0.50),5.718065287251748
1018,2,TPE (gamma=0.50),5.718065287251748
1018,3,TPE (gamma=0.50),5.718065287251748
1018,4,TPE (gamma=0.50),3.49941543740303
1018,5,TPE (gamma=0.50),3.49941543740303
1018,6,TPE (gamma=0.50),3.142499796892629
1018,7,TPE (gamma=0.50),3.142499796892629
1018,8,TPE (gamma=0.50),3.142499796892629
1018,9,TPE (gamma=0.50),3.142499796892629
1018,10,TPE (gamma=0.50),3.142499796892629
1018,11,TPE (gamma=0.50),3.142499796892629
1018,12,TPE (gamma=0.50),3.142499796892629
1018,13,TPE (gamma=0.50),3.142499796892629
1018,14,TPE (gamma=0.50),3.142499796892629
1018,15,TPE (gamma=0.50),3.142499796892629
1018,16,TPE (gamma=0.50),3.142499796892629
1018,17,TPE (gamma=0.50),3.142499796892629
1018,18,TPE (gamma=0.50),3.142499796892629
1018,19,TPE (gamma=0.50),3.142499796892629
1018,20,TPE (gamma=0.50),3.142499796892629
1018,21,TPE (gamma=0.50),3.142499796892629
1018,22,TPE (gamma=0.50),3.142499796892629
1018,23,TPE (gamma=0.50),3.142499796892629
1018,24,TPE (gamma=0.50),3.142499796892629
1018,25,TPE (gamma=0.50),3.142499796892629
1018,26,TPE (gamma=0.50),3.142499796892629
1018,27,TPE (gamma=0.50),3.142499796892629
1018,28,TPE (gamma=0.50),3.142499796892629
1018,29,TPE (gamma=0.50),3.142499796892629
1018,30,TPE (gamma=0.50),3.142499796892629
1018,31,TPE (gamma=0.50),3.142499796892629
1018,32,TPE (gamma=0.50),3.142499796892629
1018,33,TPE (gamma=0.50),3.142499796892629
1018,34,TPE (gamma=0.50),3.142499796892629
1018,35,TPE (gamma=0.50),3.142499796892629
1018,36,TPE (gamma=0.50),3.142499796892629
1018,37,TPE (gamma=0.50),3.142499796892629
1018,38,TPE (gamma=0.50),3.142499796892629
1018,39,TPE (gamma=0.50),3.142499796892629
1018,40,TPE (gamma=0.50),3.142499796892629
1018,41,TPE (gamma=0.50),3.142499796892629
1018,42,TPE (gamma=0.50),3.142499796892629
1018,43,TPE (gamma=0.50),3.142499796892629
1018,44,TPE (gamma=0.50),3.142499796892629
1018,45,TPE (gamma=0.50),3.142499796892629
1018,46,TPE (gamma=0.50),3.142499796892629
1018,47,TPE (gamma=0.50),2.950887789461536
1018,48,TPE (gamma=0.50),2.950887789461536
1018,49,TPE (gamma=0.50),2.5794447737506836
1018,50,TPE (gamma=0.50),2.560934624933533
1018,51,TPE (gamma=0.50),2.2066800918498117
1018,52,TPE (gamma=0.50),2.1963054964968123
1018,53,TPE (gamma=0.50),2.1265670973998914
1018,54,TPE (gamma=0.50),1.8597260463355507
1018,55,TPE (gamma=0.50),1.6192929613073144
1018,56,TPE (gamma=0.50),1.56861891722067
1018,57,TPE (gamma=0.50),1.4879368033804123
1018,58,TPE (gamma=0.50),1.44494295801627
1018,59,TPE (gamma=0.50),1.2605871088100837
1018,60,TPE (gamma=0.50),1.2605871088100837
1018,61,TPE (gamma=0.50),0.9826232590131045
1018,62,TPE (gamma=0.50),0.9826232590131045
1018,63,TPE (gamma=0.50),0.9826232590131045
1018,64,TPE (gamma=0.50),0.9826232590131045
1018,65,TPE (gamma=0.50),0.9826232590131045
1018,66,TPE (gamma=0.50),0.9826232590131045
1018,67,TPE (gamma=0.50),0.9826232590131045
1018,68,TPE (gamma=0.50),0.9826232590131045
1018,69,TPE (gamma=0.50),0.9826232590131045
1018,70,TPE (gamma=0.50),0.9826232590131045
1018,71,TPE (gamma=0.50),0.9826232590131045
1018,72,TPE (gamma=0.50),0.9826232590131045
1018,73,TPE (gamma=0.50),0.9826232590131045
1018,74,TPE (gamma=0.50),0.8534036218697505
1018,75,TPE (gamma=0.50),0.8534036218697505
1018,76,TPE (gamma=0.50),0.8534036218697505
1018,77,TPE (gamma=0.50),0.8534036218697505
1018,78,TPE (gamma=0.50),0.8534036218697505
1018,79,TPE (gamma=0.50),0.8534036218697505
1018,80,TPE (gamma=0.50),0.7763897110323317
1018,0,TPE (gamma=0.75),14.053380773073613
1018,1,TPE (gamma=0.75),5.718065287251748
1018,2,TPE (gamma=0.75),5.718065287251748
1018,3,TPE (gamma=0.75),5.718065287251748
1018,4,TPE (gamma=0.75),3.7036396520204864
1018,5,TPE (gamma=0.75),3.7036396520204864
1018,6,TPE (gamma=0.75),3.7036396520204864
1018,7,TPE (gamma=0.75),3.7036396520204864
1018,8,TPE (gamma=0.75),3.7036396520204864
1018,9,TPE (gamma=0.75),3.7036396520204864
1018,10,TPE (gamma=0.75),3.7036396520204864
1018,11,TPE (gamma=0.75),3.7036396520204864
1018,12,TPE (gamma=0.75),3.7036396520204864
1018,13,TPE (gamma=0.75),3.7036396520204864
1018,14,TPE (gamma=0.75),3.7036396520204864
1018,15,TPE (gamma=0.75),3.7036396520204864
1018,16,TPE (gamma=0.75),3.7036396520204864
1018,17,TPE (gamma=0.75),3.7036396520204864
1018,18,TPE (gamma=0.75),3.7036396520204864
1018,19,TPE (gamma=0.75),3.7036396520204864
1018,20,TPE (gamma=0.75),3.7036396520204864
1018,21,TPE (gamma=0.75),3.7036396520204864
1018,22,TPE (gamma=0.75),3.7036396520204864
1018,23,TPE (gamma=0.75),3.7036396520204864
1018,24,TPE (gamma=0.75),3.7036396520204864
1018,25,TPE (gamma=0.75),3.7036396520204864
1018,26,TPE (gamma=0.75),3.7036396520204864
1018,27,TPE (gamma=0.75),3.7036396520204864
1018,28,TPE (gamma=0.75),3.7036396520204864
1018,29,TPE (gamma=0.75),3.7036396520204864
1018,30,TPE (gamma=0.75),3.7036396520204864
1018,31,TPE (gamma=0.75),3.7036396520204864
1018,32,TPE (gamma=0.75),3.7036396520204864
1018,33,TPE (gamma=0.75),3.7036396520204864
1018,34,TPE (gamma=0.75),3.7036396520204864
1018,35,TPE (gamma=0.75),3.7036396520204864
1018,36,TPE (gamma=0.75),3.7036396520204864
1018,37,TPE (gamma=0.75),3.7036396520204864
1018,38,TPE (gamma=0.75),3.7036396520204864
1018,39,TPE (gamma=0.75),3.7036396520204864
1018,40,TPE (gamma=0.75),3.7036396520204864
1018,41,TPE (gamma=0.75),3.7036396520204864
1018,42,TPE (gamma=0.75),3.7036396520204864
1018,43,TPE (gamma=0.75),3.7036396520204864
1018,44,TPE (gamma=0.75),3.7036396520204864
1018,45,TPE (gamma=0.75),3.7036396520204864
1018,46,TPE (gamma=0.75),3.7036396520204864
1018,47,TPE (gamma=0.75),3.7036396520204864
1018,48,TPE (gamma=0.75),3.7036396520204864
1018,49,TPE (gamma=0.75),3.7036396520204864
1018,50,TPE (gamma=0.75),3.7036396520204864
1018,51,TPE (gamma=0.75),3.7036396520204864
1018,52,TPE (gamma=0.75),3.7036396520204864
1018,53,TPE (gamma=0.75),3.7036396520204864
1018,54,TPE (gamma=0.75),3.7036396520204864
1018,55,TPE (gamma=0.75),3.7036396520204864
1018,56,TPE (gamma=0.75),3.7036396520204864
1018,57,TPE (gamma=0.75),3.7036396520204864
1018,58,TPE (gamma=0.75),3.7036396520204864
1018,59,TPE (gamma=0.75),3.7036396520204864
1018,60,TPE (gamma=0.75),3.7036396520204864
1018,61,TPE (gamma=0.75),3.7036396520204864
1018,62,TPE (gamma=0.75),3.7036396520204864
1018,63,TPE (gamma=0.75),3.7036396520204864
1018,64,TPE (gamma=0.75),3.7036396520204864
1018,65,TPE (gamma=0.75),3.7036396520204864
1018,66,TPE (gamma=0.75),3.7036396520204864
1018,67,TPE (gamma=0.75),3.7036396520204864
1018,68,TPE (gamma=0.75),3.7036396520204864
1018,69,TPE (gamma=0.75),3.7036396520204864
1018,70,TPE (gamma=0.75),3.7036396520204864
1018,71,TPE (gamma=0.75),3.7036396520204864
1018,72,TPE (gamma=0.75),3.7036396520204864
1018,73,TPE (gamma=0.75),3.7036396520204864
1018,74,TPE (gamma=0.75),3.7036396520204864
1018,75,TPE (gamma=0.75),3.7036396520204864
1018,76,TPE (gamma=0.75),3.7036396520204864
1018,77,TPE (gamma=0.75),3.7036396520204864
1018,78,TPE (gamma=0.75),3.7036396520204864
1018,79,TPE (gamma=0.75),3.7036396520204864
1018,80,TPE (gamma=0.75),3.7036396520204864
1019,0,TPE (gamma=0.10),5.436683998736997
1019,1,TPE (gamma=0.10),5.436683998736997
1019,2,TPE (gamma=0.10),1.8912126558530584
1019,3,TPE (gamma=0.10),1.8912126558530584
1019,4,TPE (gamma=0.10),1.8912126558530584
1019,5,TPE (gamma=0.10),1.6447177523127454
1019,6,TPE (gamma=0.10),1.6447177523127454
1019,7,TPE (gamma=0.10),1.6447177523127454
1019,8,TPE (gamma=0.10),1.6447177523127454
1019,9,TPE (gamma=0.10),1.6447177523127454
1019,10,TPE (gamma=0.10),1.6447177523127454
1019,11,TPE (gamma=0.10),1.6447177523127454
1019,12,TPE (gamma=0.10),1.6447177523127454
1019,13,TPE (gamma=0.10),1.6447177523127454
1019,14,TPE (gamma=0.10),0.8785497000292697
1019,15,TPE (gamma=0.10),0.8785497000292697
1019,16,TPE (gamma=0.10),0.8785497000292697
1019,17,TPE (gamma=0.10),0.8785497000292697
1019,18,TPE (gamma=0.10),0.8785497000292697
1019,19,TPE (gamma=0.10),0.8785497000292697
1019,20,TPE (gamma=0.10),0.8785497000292697
1019,21,TPE (gamma=0.10),0.8785497000292697
1019,22,TPE (gamma=0.10),0.8785497000292697
1019,23,TPE (gamma=0.10),0.8785497000292697
1019,24,TPE (gamma=0.10),0.8785497000292697
1019,25,TPE (gamma=0.10),0.8785497000292697
1019,26,TPE (gamma=0.10),0.6880336507571645
1019,27,TPE (gamma=0.10),0.6880336507571645
1019,28,TPE (gamma=0.10),0.6880336507571645
1019,29,TPE (gamma=0.10),0.6880336507571645
1019,30,TPE (gamma=0.10),0.6880336507571645
1019,31,TPE (gamma=0.10),0.6880336507571645
1019,32,TPE (gamma=0.10),0.6880336507571645
1019,33,TPE (gamma=0.10),0.6880336507571645
1019,34,TPE (gamma=0.10),0.6880336507571645
1019,35,TPE (gamma=0.10),0.6880336507571645
1019,36,TPE (gamma=0.10),0.6880336507571645
1019,37,TPE (gamma=0.10),0.6880336507571645
1019,38,TPE (gamma=0.10),0.6880336507571645
1019,39,TPE (gamma=0.10),0.6880336507571645
1019,40,TPE (gamma=0.10),0.6880336507571645
1019,41,TPE (gamma=0.10),0.6880336507571645
1019,42,TPE (gamma=0.10),0.6880336507571645
1019,43,TPE (gamma=0.10),0.6880336507571645
1019,44,TPE (gamma=0.10),0.6880336507571645
1019,45,TPE (gamma=0.10),0.6880336507571645
1019,46,TPE (gamma=0.10),0.6880336507571645
1019,47,TPE (gamma=0.10),0.6880336507571645
1019,48,TPE (gamma=0.10),0.6880336507571645
1019,49,TPE (gamma=0.10),0.6880336507571645
1019,50,TPE (gamma=0.10),0.6880336507571645
1019,51,TPE (gamma=0.10),0.6880336507571645
1019,52,TPE (gamma=0.10),0.6880336507571645
1019,53,TPE (gamma=0.10),0.6880336507571645
1019,54,TPE (gamma=0.10),0.6880336507571645
1019,55,TPE (gamma=0.10),0.6880336507571645
1019,56,TPE (gamma=0.10),0.6880336507571645
1019,57,TPE (gamma=0.10),0.6880336507571645
1019,58,TPE (gamma=0.10),0.6880336507571645
1019,59,TPE (gamma=0.10),0.6880336507571645
1019,60,TPE (gamma=0.10),0.6880336507571645
1019,61,TPE (gamma=0.10),0.6880336507571645
1019,62,TPE (gamma=0.10),0.6880336507571645
1019,63,TPE (gamma=0.10),0.6880336507571645
1019,64,TPE (gamma=0.10),0.6541807667580937
1019,65,TPE (gamma=0.10),0.6541807667580937
1019,66,TPE (gamma=0.10),0.6541807667580937
1019,67,TPE (gamma=0.10),0.6541807667580937
1019,68,TPE (gamma=0.10),0.6541807667580937
1019,69,TPE (gamma=0.10),0.6541807667580937
1019,70,TPE (gamma=0.10),0.6541807667580937
1019,71,TPE (gamma=0.10),0.6541807667580937
1019,72,TPE (gamma=0.10),0.6541807667580937
1019,73,TPE (gamma=0.10),0.6541807667580937
1019,74,TPE (gamma=0.10),0.6541807667580937
1019,75,TPE (gamma=0.10),0.6541807667580937
1019,76,TPE (gamma=0.10),0.6541807667580937
1019,77,TPE (gamma=0.10),0.6541807667580937
1019,78,TPE (gamma=0.10),0.6541807667580937
1019,79,TPE (gamma=0.10),0.6541807667580937
1019,80,TPE (gamma=0.10),0.6541807667580937
1019,0,TPE (gamma=0.25),5.436683998736997
1019,1,TPE (gamma=0.25),5.436683998736997
1019,2,TPE (gamma=0.25),1.8912126558530584
1019,3,TPE (gamma=0.25),1.8912126558530584
1019,4,TPE (gamma=0.25),1.8912126558530584
1019,5,TPE (gamma=0.25),1.8912126558530584
1019,6,TPE (gamma=0.25),1.8912126558530584
1019,7,TPE (gamma=0.25),1.8912126558530584
1019,8,TPE (gamma=0.25),1.8912126558530584
1019,9,TPE (gamma=0.25),1.8912126558530584
1019,10,TPE (gamma=0.25),1.8912126558530584
1019,11,TPE (gamma=0.25),1.8912126558530584
1019,12,TPE (gamma=0.25),1.8912126558530584
1019,13,TPE (gamma=0.25),1.8912126558530584
1019,14,TPE (gamma=0.25),1.8912126558530584
1019,15,TPE (gamma=0.25),1.8912126558530584
1019,16,TPE (gamma=0.25),1.4480981616627329
1019,17,TPE (gamma=0.25),0.8077098441170971
1019,18,TPE (gamma=0.25),0.6926867930766178
1019,19,TPE (gamma=0.25),0.6926867930766178
1019,20,TPE (gamma=0.25),0.6926867930766178
1019,21,TPE (gamma=0.25),0.6926867930766178
1019,22,TPE (gamma=0.25),0.6926867930766178
1019,23,TPE (gamma=0.25),0.6926867930766178
1019,24,TPE (gamma=0.25),0.6926867930766178
1019,25,TPE (gamma=0.25),0.6926867930766178
1019,26,TPE (gamma=0.25),0.6926867930766178
1019,27,TPE (gamma=0.25),0.6926867930766178
1019,28,TPE (gamma=0.25),0.6926867930766178
1019,29,TPE (gamma=0.25),0.6926867930766178
1019,30,TPE (gamma=0.25),0.6926867930766178
1019,31,TPE (gamma=0.25),0.6926867930766178
1019,32,TPE (gamma=0.25),0.6926867930766178
1019,33,TPE (gamma=0.25),0.6926867930766178
1019,34,TPE (gamma=0.25),0.6926867930766178
1019,35,TPE (gamma=0.25),0.6926867930766178
1019,36,TPE (gamma=0.25),0.6926867930766178
1019,37,TPE (gamma=0.25),0.6926867930766178
1019,38,TPE (gamma=0.25),0.6926867930766178
1019,39,TPE (gamma=0.25),0.6926867930766178
1019,40,TPE (gamma=0.25),0.5293446399537096
1019,41,TPE (gamma=0.25),0.5293446399537096
1019,42,TPE (gamma=0.25),0.5293446399537096
1019,43,TPE (gamma=0.25),0.5293446399537096
1019,44,TPE (gamma=0.25),0.5293446399537096
1019,45,TPE (gamma=0.25),0.5293446399537096
1019,46,TPE (gamma=0.25),0.5293446399537096
1019,47,TPE (gamma=0.25),0.5293446399537096
1019,48,TPE (gamma=0.25),0.5293446399537096
1019,49,TPE (gamma=0.25),0.5293446399537096
1019,50,TPE (gamma=0.25),0.5293446399537096
1019,51,TPE (gamma=0.25),0.5293446399537096
1019,52,TPE (gamma=0.25),0.5293446399537096
1019,53,TPE (gamma=0.25),0.5293446399537096
1019,54,TPE (gamma=0.25),0.5293446399537096
1019,55,TPE (gamma=0.25),0.5293446399537096
1019,56,TPE (gamma=0.25),0.5293446399537096
1019,57,TPE (gamma=0.25),0.5293446399537096
1019,58,TPE (gamma=0.25),0.5293446399537096
1019,59,TPE (gamma=0.25),0.5293446399537096
1019,60,TPE (gamma=0.25),0.5293446399537096
1019,61,TPE (gamma=0.25),0.5293446399537096
1019,62,TPE (gamma=0.25),0.5293446399537096
1019,63,TPE (gamma=0.25),0.5293446399537096
1019,64,TPE (gamma=0.25),0.5293446399537096
1019,65,TPE (gamma=0.25),0.5293446399537096
1019,66,TPE (gamma=0.25),0.5293446399537096
1019,67,TPE (gamma=0.25),0.4032003827762676
1019,68,TPE (gamma=0.25),0.4032003827762676
1019,69,TPE (gamma=0.25),0.4032003827762676
1019,70,TPE (gamma=0.25),0.4032003827762676
1019,71,TPE (gamma=0.25),0.4032003827762676
1019,72,TPE (gamma=0.25),0.4032003827762676
1019,73,TPE (gamma=0.25),0.4032003827762676
1019,74,TPE (gamma=0.25),0.4032003827762676
1019,75,TPE (gamma=0.25),0.4032003827762676
1019,76,TPE (gamma=0.25),0.4032003827762676
1019,77,TPE (gamma=0.25),0.4032003827762676
1019,78,TPE (gamma=0.25),0.4032003827762676
1019,79,TPE (gamma=0.25),0.4032003827762676
1019,80,TPE (gamma=0.25),0.4032003827762676
1019,0,TPE (gamma=0.50),5.436683998736997
1019,1,TPE (gamma=0.50),5.436683998736997
1019,2,TPE (gamma=0.50),1.8912126558530584
1019,3,TPE (gamma=0.50),1.8912126558530584
1019,4,TPE (gamma=0.50),1.8912126558530584
1019,5,TPE (gamma=0.50),1.8912126558530584
1019,6,TPE (gamma=0.50),1.8912126558530584
1019,7,TPE (gamma=0.50),1.8912126558530584
1019,8,TPE (gamma=0.50),1.8912126558530584
1019,9,TPE (gamma=0.50),1.8912126558530584
1019,10,TPE (gamma=0.50),1.8912126558530584
1019,11,TPE (gamma=0.50),1.8912126558530584
1019,12,TPE (gamma=0.50),1.8912126558530584
1019,13,TPE (gamma=0.50),1.8912126558530584
1019,14,TPE (gamma=0.50),1.8912126558530584
1019,15,TPE (gamma=0.50),1.8912126558530584
1019,16,TPE (gamma=0.50),1.8912126558530584
1019,17,TPE (gamma=0.50),1.8912126558530584
1019,18,TPE (gamma=0.50),1.8912126558530584
1019,19,TPE (gamma=0.50),1.8912126558530584
1019,20,TPE (gamma=0.50),1.8912126558530584
1019,21,TPE (gamma=0.50),1.8912126558530584
1019,22,TPE (gamma=0.50),1.8912126558530584
1019,23,TPE (gamma=0.50),1.8912126558530584
1019,24,TPE (gamma=0.50),1.8912126558530584
1019,25,TPE (gamma=0.50),1.8912126558530584
1019,26,TPE (gamma=0.50),1.8912126558530584
1019,27,TPE (gamma=0.50),1.8912126558530584
1019,28,TPE (gamma=0.50),1.8912126558530584
1019,29,TPE (gamma=0.50),1.8912126558530584
1019,30,TPE (gamma=0.50),1.8912126558530584
1019,31,TPE (gamma=0.50),1.8912126558530584
1019,32,TPE (gamma=0.50),1.8912126558530584
1019,33,TPE (gamma=0.50),1.8912126558530584
1019,34,TPE (gamma=0.50),1.8912126558530584
1019,35,TPE (gamma=0.50),1.8912126558530584
1019,36,TPE (gamma=0.50),1.8912126558530584
1019,37,TPE (gamma=0.50),1.8912126558530584
1019,38,TPE (gamma=0.50),1.8912126558530584
1019,39,TPE (gamma=0.50),1.8912126558530584
1019,40,TPE (gamma=0.50),1.8912126558530584
1019,41,TPE (gamma=0.50),1.8912126558530584
1019,42,TPE (gamma=0.50),1.8912126558530584
1019,43,TPE (gamma=0.50),1.8912126558530584
1019,44,TPE (gamma=0.50),1.8912126558530584
1019,45,TPE (gamma=0.50),1.8912126558530584
1019,46,TPE (gamma=0.50),1.8912126558530584
1019,47,TPE (gamma=0.50),1.8912126558530584
1019,48,TPE (gamma=0.50),1.8912126558530584
1019,49,TPE (gamma=0.50),1.8912126558530584
1019,50,TPE (gamma=0.50),1.8912126558530584
1019,51,TPE (gamma=0.50),1.8912126558530584
1019,52,TPE (gamma=0.50),1.8912126558530584
1019,53,TPE (gamma=0.50),1.8912126558530584
1019,54,TPE (gamma=0.50),1.8912126558530584
1019,55,TPE (gamma=0.50),1.8912126558530584
1019,56,TPE (gamma=0.50),1.8912126558530584
1019,57,TPE (gamma=0.50),1.8912126558530584
1019,58,TPE (gamma=0.50),1.8912126558530584
1019,59,TPE (gamma=0.50),1.8912126558530584
1019,60,TPE (gamma=0.50),1.8912126558530584
1019,61,TPE (gamma=0.50),1.8912126558530584
1019,62,TPE (gamma=0.50),1.8912126558530584
1019,63,TPE (gamma=0.50),1.8912126558530584
1019,64,TPE (gamma=0.50),1.8912126558530584
1019,65,TPE (gamma=0.50),1.8912126558530584
1019,66,TPE (gamma=0.50),1.8912126558530584
1019,67,TPE (gamma=0.50),1.8912126558530584
1019,68,TPE (gamma=0.50),1.8912126558530584
1019,69,TPE (gamma=0.50),1.8912126558530584
1019,70,TPE (gamma=0.50),1.8912126558530584
1019,71,TPE (gamma=0.50),1.8912126558530584
1019,72,TPE (gamma=0.50),1.8912126558530584
1019,73,TPE (gamma=0.50),1.8912126558530584
1019,74,TPE (gamma=0.50),1.8912126558530584
1019,75,TPE (gamma=0.50),1.8912126558530584
1019,76,TPE (gamma=0.50),1.8912126558530584
1019,77,TPE (gamma=0.50),1.8912126558530584
1019,78,TPE (gamma=0.50),1.8912126558530584
1019,79,TPE (gamma=0.50),1.8912126558530584
1019,80,TPE (gamma=0.50),1.8912126558530584
1019,0,TPE (gamma=0.75),5.436683998736997
1019,1,TPE (gamma=0.75),5.436683998736997
1019,2,TPE (gamma=0.75),1.8912126558530584
1019,3,TPE (gamma=0.75),1.8912126558530584
1019,4,TPE (gamma=0.75),1.8912126558530584
1019,5,TPE (gamma=0.75),1.8912126558530584
1019,6,TPE (gamma=0.75),1.8912126558530584
1019,7,TPE (gamma=0.75),1.8912126558530584
1019,8,TPE (gamma=0.75),1.8912126558530584
1019,9,TPE (gamma=0.75),1.8912126558530584
1019,10,TPE (gamma=0.75),1.8912126558530584
1019,11,TPE (gamma=0.75),1.8912126558530584
1019,12,TPE (gamma=0.75),1.8912126558530584
1019,13,TPE (gamma=0.75),1.8912126558530584
1019,14,TPE (gamma=0.75),1.8912126558530584
1019,15,TPE (gamma=0.75),1.8912126558530584
1019,16,TPE (gamma=0.75),1.8912126558530584
1019,17,TPE (gamma=0.75),1.8912126558530584
1019,18,TPE (gamma=0.75),1.8912126558530584
1019,19,TPE (gamma=0.75),1.8912126558530584
1019,20,TPE (gamma=0.75),1.8912126558530584
1019,21,TPE (gamma=0.75),1.8912126558530584
1019,22,TPE (gamma=0.75),1.8912126558530584
1019,23,TPE (gamma=0.75),1.8912126558530584
1019,24,TPE (gamma=0.75),1.8912126558530584
1019,25,TPE (gamma=0.75),1.8912126558530584
1019,26,TPE (gamma=0.75),1.8912126558530584
1019,27,TPE (gamma=0.75),1.8912126558530584
1019,28,TPE (gamma=0.75),1.8912126558530584
1019,29,TPE (gamma=0.75),1.8912126558530584
1019,30,TPE (gamma=0.75),1.8912126558530584
1019,31,TPE (gamma=0.75),1.8912126558530584
1019,32,TPE (gamma=0.75),1.8912126558530584
1019,33,TPE (gamma=0.75),1.8912126558530584
1019,34,TPE (gamma=0.75),1.8912126558530584
1019,35,TPE (gamma=0.75),1.8912126558530584
1019,36,TPE (gamma=0.75),1.8912126558530584
1019,37,TPE (gamma=0.75),1.8912126558530584
1019,38,TPE (gamma=0.75),1.8912126558530584
1019,39,TPE (gamma=0.75),1.8912126558530584
1019,40,TPE (gamma=0.75),1.8912126558530584
1019,41,TPE (gamma=0.75),1.8912126558530584
1019,42,TPE (gamma=0.75),1.8912126558530584
1019,43,TPE (gamma=0.75),1.8912126558530584
1019,44,TPE (gamma=0.75),1.8912126558530584
1019,45,TPE (gamma=0.75),1.8912126558530584
1019,46,TPE (gamma=0.75),1.8912126558530584
1019,47,TPE (gamma=0.75),1.8912126558530584
1019,48,TPE (gamma=0.75),1.8912126558530584
1019,49,TPE (gamma=0.75),1.8912126558530584
1019,50,TPE (gamma=0.75),1.8912126558530584
1019,51,TPE (gamma=0.75),1.8912126558530584
1019,52,TPE (gamma=0.75),1.8912126558530584
1019,53,TPE (gamma=0.75),1.8912126558530584
1019,54,TPE (gamma=0.75),1.8912126558530584
1019,55,TPE (gamma=0.75),1.8912126558530584
1019,56,TPE (gamma=0.75),1.8912126558530584
1019,57,TPE (gamma=0.75),1.8912126558530584
1019,58,TPE (gamma=0.75),1.8912126558530584
1019,59,TPE (gamma=0.75),1.8912126558530584
1019,60,TPE (gamma=0.75),1.8912126558530584
1019,61,TPE (gamma=0.75),1.8912126558530584
1019,62,TPE (gamma=0.75),1.8912126558530584
1019,63,TPE (gamma=0.75),1.8912126558530584
1019,64,TPE (gamma=0.75),1.8912126558530584
1019,65,TPE (gamma=0.75),1.8912126558530584
1019,66,TPE (gamma=0.75),1.8912126558530584
1019,67,TPE (gamma=0.75),1.8912126558530584
1019,68,TPE (gamma=0.75),1.8912126558530584
1019,69,TPE (gamma=0.75),1.8912126558530584
1019,70,TPE (gamma=0.75),1.8912126558530584
1019,71,TPE (gamma=0.75),1.8912126558530584
1019,72,TPE (gamma=0.75),1.8912126558530584
1019,73,TPE (gamma=0.75),1.8912126558530584
1019,74,TPE (gamma=0.75),1.8912126558530584
1019,75,TPE (gamma=0.75),1.8912126558530584
1019,76,TPE (gamma=0.75),1.8912126558530584
1019,77,TPE (gamma=0.75),1.8912126558530584
1019,78,TPE (gamma=0.75),1.8912126558530584
1019,79,TPE (gamma=0.75),1.8912126558530584
1019,80,TPE (gamma=0.75),1.8912126558530584
1020,0,TPE (gamma=0.10),0.5611337680530948
1020,1,TPE (gamma=0.10),0.5611337680530948
1020,2,TPE (gamma=0.10),0.5611337680530948
1020,3,TPE (gamma=0.10),0.5611337680530948
1020,4,TPE (gamma=0.10),0.5611337680530948
1020,5,TPE (gamma=0.10),0.5165997584861692
1020,6,TPE (gamma=0.10),0.5165997584861692
1020,7,TPE (gamma=0.10),0.5165997584861692
1020,8,TPE (gamma=0.10),0.5165997584861692
1020,9,TPE (gamma=0.10),0.5165997584861692
1020,10,TPE (gamma=0.10),0.5165997584861692
1020,11,TPE (gamma=0.10),0.5165997584861692
1020,12,TPE (gamma=0.10),0.5165997584861692
1020,13,TPE (gamma=0.10),0.5165997584861692
1020,14,TPE (gamma=0.10),0.5165997584861692
1020,15,TPE (gamma=0.10),0.5165997584861692
1020,16,TPE (gamma=0.10),0.5165997584861692
1020,17,TPE (gamma=0.10),0.5165997584861692
1020,18,TPE (gamma=0.10),0.5165997584861692
1020,19,TPE (gamma=0.10),0.5165997584861692
1020,20,TPE (gamma=0.10),0.5165997584861692
1020,21,TPE (gamma=0.10),0.5165997584861692
1020,22,TPE (gamma=0.10),0.5165997584861692
1020,23,TPE (gamma=0.10),0.5165997584861692
1020,24,TPE (gamma=0.10),0.5165997584861692
1020,25,TPE (gamma=0.10),0.5165997584861692
1020,26,TPE (gamma=0.10),0.5165997584861692
1020,27,TPE (gamma=0.10),0.5165997584861692
1020,28,TPE (gamma=0.10),0.5165997584861692
1020,29,TPE (gamma=0.10),0.5165997584861692
1020,30,TPE (gamma=0.10),0.5165997584861692
1020,31,TPE (gamma=0.10),0.5165997584861692
1020,32,TPE (gamma=0.10),0.5165997584861692
1020,33,TPE (gamma=0.10),0.5165997584861692
1020,34,TPE (gamma=0.10),0.5165997584861692
1020,35,TPE (gamma=0.10),0.5165997584861692
1020,36,TPE (gamma=0.10),0.5165997584861692
1020,37,TPE (gamma=0.10),0.5165997584861692
1020,38,TPE (gamma=0.10),0.5165997584861692
1020,39,TPE (gamma=0.10),0.5165997584861692
1020,40,TPE (gamma=0.10),0.5106034978117453
1020,41,TPE (gamma=0.10),0.5106034978117453
1020,42,TPE (gamma=0.10),0.5106034978117453
1020,43,TPE (gamma=0.10),0.5106034978117453
1020,44,TPE (gamma=0.10),0.5106034978117453
1020,45,TPE (gamma=0.10),0.5106034978117453
1020,46,TPE (gamma=0.10),0.5106034978117453
1020,47,TPE (gamma=0.10),0.5106034978117453
1020,48,TPE (gamma=0.10),0.5106034978117453
1020,49,TPE (gamma=0.10),0.5106034978117453
1020,50,TPE (gamma=0.10),0.5106034978117453
1020,51,TPE (gamma=0.10),0.5106034978117453
1020,52,TPE (gamma=0.10),0.5106034978117453
1020,53,TPE (gamma=0.10),0.5106034978117453
1020,54,TPE (gamma=0.10),0.5106034978117453
1020,55,TPE (gamma=0.10),0.5106034978117453
1020,56,TPE (gamma=0.10),0.5106034978117453
1020,57,TPE (gamma=0.10),0.5106034978117453
1020,58,TPE (gamma=0.10),0.5106034978117453
1020,59,TPE (gamma=0.10),0.5106034978117453
1020,60,TPE (gamma=0.10),0.5106034978117453
1020,61,TPE (gamma=0.10),0.5106034978117453
1020,62,TPE (gamma=0.10),0.5106034978117453
1020,63,TPE (gamma=0.10),0.5106034978117453
1020,64,TPE (gamma=0.10),0.5106034978117453
1020,65,TPE (gamma=0.10),0.5106034978117453
1020,66,TPE (gamma=0.10),0.5106034978117453
1020,67,TPE (gamma=0.10),0.5106034978117453
1020,68,TPE (gamma=0.10),0.5106034978117453
1020,69,TPE (gamma=0.10),0.5106034978117453
1020,70,TPE (gamma=0.10),0.5106034978117453
1020,71,TPE (gamma=0.10),0.5106034978117453
1020,72,TPE (gamma=0.10),0.5106034978117453
1020,73,TPE (gamma=0.10),0.5106034978117453
1020,74,TPE (gamma=0.10),0.5106034978117453
1020,75,TPE (gamma=0.10),0.5106034978117453
1020,76,TPE (gamma=0.10),0.5106034978117453
1020,77,TPE (gamma=0.10),0.5106034978117453
1020,78,TPE (gamma=0.10),0.5106034978117453
1020,79,TPE (gamma=0.10),0.5106034978117453
1020,80,TPE (gamma=0.10),0.5106034978117453
1020,0,TPE (gamma=0.25),0.5611337680530948
1020,1,TPE (gamma=0.25),0.5611337680530948
1020,2,TPE (gamma=0.25),0.5611337680530948
1020,3,TPE (gamma=0.25),0.5611337680530948
1020,4,TPE (gamma=0.25),0.5611337680530948
1020,5,TPE (gamma=0.25),0.5611337680530948
1020,6,TPE (gamma=0.25),0.5611337680530948
1020,7,TPE (gamma=0.25),0.5611337680530948
1020,8,TPE (gamma=0.25),0.5611337680530948
1020,9,TPE (gamma=0.25),0.5611337680530948
1020,10,TPE (gamma=0.25),0.5611337680530948
1020,11,TPE (gamma=0.25),0.5611337680530948
1020,12,TPE (gamma=0.25),0.5611337680530948
1020,13,TPE (gamma=0.25),0.5611337680530948
1020,14,TPE (gamma=0.25),0.5611337680530948
1020,15,TPE (gamma=0.25),0.5611337680530948
1020,16,TPE (gamma=0.25),0.5611337680530948
1020,17,TPE (gamma=0.25),0.5611337680530948
1020,18,TPE (gamma=0.25),0.5611337680530948
1020,19,TPE (gamma=0.25),0.5611337680530948
1020,20,TPE (gamma=0.25),0.5611337680530948
1020,21,TPE (gamma=0.25),0.5611337680530948
1020,22,TPE (gamma=0.25),0.5611337680530948
1020,23,TPE (gamma=0.25),0.5611337680530948
1020,24,TPE (gamma=0.25),0.5611337680530948
1020,25,TPE (gamma=0.25),0.5611337680530948
1020,26,TPE (gamma=0.25),0.5611337680530948
1020,27,TPE (gamma=0.25),0.5611337680530948
1020,28,TPE (gamma=0.25),0.5611337680530948
1020,29,TPE (gamma=0.25),0.5611337680530948
1020,30,TPE (gamma=0.25),0.5611337680530948
1020,31,TPE (gamma=0.25),0.5611337680530948
1020,32,TPE (gamma=0.25),0.5611337680530948
1020,33,TPE (gamma=0.25),0.5611337680530948
1020,34,TPE (gamma=0.25),0.5611337680530948
1020,35,TPE (gamma=0.25),0.5611337680530948
1020,36,TPE (gamma=0.25),0.5611337680530948
1020,37,TPE (gamma=0.25),0.5611337680530948
1020,38,TPE (gamma=0.25),0.5611337680530948
1020,39,TPE (gamma=0.25),0.5611337680530948
1020,40,TPE (gamma=0.25),0.5611337680530948
1020,41,TPE (gamma=0.25),0.5611337680530948
1020,42,TPE (gamma=0.25),0.5611337680530948
1020,43,TPE (gamma=0.25),0.5611337680530948
1020,44,TPE (gamma=0.25),0.5611337680530948
1020,45,TPE (gamma=0.25),0.5611337680530948
1020,46,TPE (gamma=0.25),0.5611337680530948
1020,47,TPE (gamma=0.25),0.5611337680530948
1020,48,TPE (gamma=0.25),0.5611337680530948
1020,49,TPE (gamma=0.25),0.5611337680530948
1020,50,TPE (gamma=0.25),0.5611337680530948
1020,51,TPE (gamma=0.25),0.5611337680530948
1020,52,TPE (gamma=0.25),0.5611337680530948
1020,53,TPE (gamma=0.25),0.5611337680530948
1020,54,TPE (gamma=0.25),0.5611337680530948
1020,55,TPE (gamma=0.25),0.5611337680530948
1020,56,TPE (gamma=0.25),0.5611337680530948
1020,57,TPE (gamma=0.25),0.5611337680530948
1020,58,TPE (gamma=0.25),0.48165903475883454
1020,59,TPE (gamma=0.25),0.46511846350271036
1020,60,TPE (gamma=0.25),0.4402200527399085
1020,61,TPE (gamma=0.25),0.4138380552668188
1020,62,TPE (gamma=0.25),0.4138380552668188
1020,63,TPE (gamma=0.25),0.4138380552668188
1020,64,TPE (gamma=0.25),0.4138380552668188
1020,65,TPE (gamma=0.25),0.39815054178139775
1020,66,TPE (gamma=0.25),0.39815054178139775
1020,67,TPE (gamma=0.25),0.39815054178139775
1020,68,TPE (gamma=0.25),0.39815054178139775
1020,69,TPE (gamma=0.25),0.39815054178139775
1020,70,TPE (gamma=0.25),0.39815054178139775
1020,71,TPE (gamma=0.25),0.39815054178139775
1020,72,TPE (gamma=0.25),0.39815054178139775
1020,73,TPE (gamma=0.25),0.39815054178139775
1020,74,TPE (gamma=0.25),0.39815054178139775
1020,75,TPE (gamma=0.25),0.39815054178139775
1020,76,TPE (gamma=0.25),0.39815054178139775
1020,77,TPE (gamma=0.25),0.39815054178139775
1020,78,TPE (gamma=0.25),0.39815054178139775
1020,79,TPE (gamma=0.25),0.39815054178139775
1020,80,TPE (gamma=0.25),0.39815054178139775
1020,0,TPE (gamma=0.50),0.5611337680530948
1020,1,TPE (gamma=0.50),0.5611337680530948
1020,2,TPE (gamma=0.50),0.5611337680530948
1020,3,TPE (gamma=0.50),0.5611337680530948
1020,4,TPE (gamma=0.50),0.5611337680530948
1020,5,TPE (gamma=0.50),0.5611337680530948
1020,6,TPE (gamma=0.50),0.5611337680530948
1020,7,TPE (gamma=0.50),0.5611337680530948
1020,8,TPE (gamma=0.50),0.5611337680530948
1020,9,TPE (gamma=0.50),0.5611337680530948
1020,10,TPE (gamma=0.50),0.5611337680530948
1020,11,TPE (gamma=0.50),0.5611337680530948
1020,12,TPE (gamma=0.50),0.5611337680530948
1020,13,TPE (gamma=0.50),0.5611337680530948
1020,14,TPE (gamma=0.50),0.5611337680530948
1020,15,TPE (gamma=0.50),0.5611337680530948
1020,16,TPE (gamma=0.50),0.5611337680530948
1020,17,TPE (gamma=0.50),0.5611337680530948
1020,18,TPE (gamma=0.50),0.5611337680530948
1020,19,TPE (gamma=0.50),0.5611337680530948
1020,20,TPE (gamma=0.50),0.5611337680530948
1020,21,TPE (gamma=0.50),0.5611337680530948
1020,22,TPE (gamma=0.50),0.5611337680530948
1020,23,TPE (gamma=0.50),0.5611337680530948
1020,24,TPE (gamma=0.50),0.5611337680530948
1020,25,TPE (gamma=0.50),0.5611337680530948
1020,26,TPE (gamma=0.50),0.5611337680530948
1020,27,TPE (gamma=0.50),0.5611337680530948
1020,28,TPE (gamma=0.50),0.5611337680530948
1020,29,TPE (gamma=0.50),0.5611337680530948
1020,30,TPE (gamma=0.50),0.5611337680530948
1020,31,TPE (gamma=0.50),0.5611337680530948
1020,32,TPE (gamma=0.50),0.5611337680530948
1020,33,TPE (gamma=0.50),0.5611337680530948
1020,34,TPE (gamma=0.50),0.5611337680530948
1020,35,TPE (gamma=0.50),0.5611337680530948
1020,36,TPE (gamma=0.50),0.5611337680530948
1020,37,TPE (gamma=0.50),0.5611337680530948
1020,38,TPE (gamma=0.50),0.5611337680530948
1020,39,TPE (gamma=0.50),0.5611337680530948
1020,40,TPE (gamma=0.50),0.5611337680530948
1020,41,TPE (gamma=0.50),0.5611337680530948
1020,42,TPE (gamma=0.50),0.5611337680530948
1020,43,TPE (gamma=0.50),0.5611337680530948
1020,44,TPE (gamma=0.50),0.5611337680530948
1020,45,TPE (gamma=0.50),0.5611337680530948
1020,46,TPE (gamma=0.50),0.5611337680530948
1020,47,TPE (gamma=0.50),0.5611337680530948
1020,48,TPE (gamma=0.50),0.5611337680530948
1020,49,TPE (gamma=0.50),0.5611337680530948
1020,50,TPE (gamma=0.50),0.5611337680530948
1020,51,TPE (gamma=0.50),0.5611337680530948
1020,52,TPE (gamma=0.50),0.5611337680530948
1020,53,TPE (gamma=0.50),0.5611337680530948
1020,54,TPE (gamma=0.50),0.5611337680530948
1020,55,TPE (gamma=0.50),0.5611337680530948
1020,56,TPE (gamma=0.50),0.5611337680530948
1020,57,TPE (gamma=0.50),0.5611337680530948
1020,58,TPE (gamma=0.50),0.5611337680530948
1020,59,TPE (gamma=0.50),0.5611337680530948
1020,60,TPE (gamma=0.50),0.5611337680530948
1020,61,TPE (gamma=0.50),0.5611337680530948
1020,62,TPE (gamma=0.50),0.5611337680530948
1020,63,TPE (gamma=0.50),0.5611337680530948
1020,64,TPE (gamma=0.50),0.5611337680530948
1020,65,TPE (gamma=0.50),0.5611337680530948
1020,66,TPE (gamma=0.50),0.5611337680530948
1020,67,TPE (gamma=0.50),0.5611337680530948
1020,68,TPE (gamma=0.50),0.5611337680530948
1020,69,TPE (gamma=0.50),0.5611337680530948
1020,70,TPE (gamma=0.50),0.5611337680530948
1020,71,TPE (gamma=0.50),0.5611337680530948
1020,72,TPE (gamma=0.50),0.5611337680530948
1020,73,TPE (gamma=0.50),0.5611337680530948
1020,74,TPE (gamma=0.50),0.5611337680530948
1020,75,TPE (gamma=0.50),0.5611337680530948
1020,76,TPE (gamma=0.50),0.5611337680530948
1020,77,TPE (gamma=0.50),0.5611337680530948
1020,78,TPE (gamma=0.50),0.5611337680530948
1020,79,TPE (gamma=0.50),0.5611337680530948
1020,80,TPE (gamma=0.50),0.5611337680530948
1020,0,TPE (gamma=0.75),0.5611337680530948
1020,1,TPE (gamma=0.75),0.5611337680530948
1020,2,TPE (gamma=0.75),0.5611337680530948
1020,3,TPE (gamma=0.75),0.5611337680530948
1020,4,TPE (gamma=0.75),0.5611337680530948
1020,5,TPE (gamma=0.75),0.5611337680530948
1020,6,TPE (gamma=0.75),0.5611337680530948
1020,7,TPE (gamma=0.75),0.5611337680530948
1020,8,TPE (gamma=0.75),0.5611337680530948
1020,9,TPE (gamma=0.75),0.5611337680530948
1020,10,TPE (gamma=0.75),0.5611337680530948
1020,11,TPE (gamma=0.75),0.5611337680530948
1020,12,TPE (gamma=0.75),0.5611337680530948
1020,13,TPE (gamma=0.75),0.5611337680530948
1020,14,TPE (gamma=0.75),0.5611337680530948
1020,15,TPE (gamma=0.75),0.5611337680530948
1020,16,TPE (gamma=0.75),0.5611337680530948
1020,17,TPE (gamma=0.75),0.5611337680530948
1020,18,TPE (gamma=0.75),0.5611337680530948
1020,19,TPE (gamma=0.75),0.5611337680530948
1020,20,TPE (gamma=0.75),0.5611337680530948
1020,21,TPE (gamma=0.75),0.5611337680530948
1020,22,TPE (gamma=0.75),0.5611337680530948
1020,23,TPE (gamma=0.75),0.5611337680530948
1020,24,TPE (gamma=0.75),0.5611337680530948
1020,25,TPE (gamma=0.75),0.5611337680530948
1020,26,TPE (gamma=0.75),0.5611337680530948
1020,27,TPE (gamma=0.75),0.5611337680530948
1020,28,TPE (gamma=0.75),0.5611337680530948
1020,29,TPE (gamma=0.75),0.5611337680530948
1020,30,TPE (gamma=0.75),0.5611337680530948
1020,31,TPE (gamma=0.75),0.5611337680530948
1020,32,TPE (gamma=0.75),0.5611337680530948
1020,33,TPE (gamma=0.75),0.5611337680530948
1020,34,TPE (gamma=0.75),0.5611337680530948
1020,35,TPE (gamma=0.75),0.5611337680530948
1020,36,TPE (gamma=0.75),0.5611337680530948
1020,37,TPE (gamma=0.75),0.5611337680530948
1020,38,TPE (gamma=0.75),0.5611337680530948
1020,39,TPE (gamma=0.75),0.5611337680530948
1020,40,TPE (gamma=0.75),0.5611337680530948
1020,41,TPE (gamma=0.75),0.5611337680530948
1020,42,TPE (gamma=0.75),0.5611337680530948
1020,43,TPE (gamma=0.75),0.5611337680530948
1020,44,TPE (gamma=0.75),0.5611337680530948
1020,45,TPE (gamma=0.75),0.5611337680530948
1020,46,TPE (gamma=0.75),0.5611337680530948
1020,47,TPE (gamma=0.75),0.5611337680530948
1020,48,TPE (gamma=0.75),0.5611337680530948
1020,49,TPE (gamma=0.75),0.5611337680530948
1020,50,TPE (gamma=0.75),0.5611337680530948
1020,51,TPE (gamma=0.75),0.5611337680530948
1020,52,TPE (gamma=0.75),0.5611337680530948
1020,53,TPE (gamma=0.75),0.5611337680530948
1020,54,TPE (gamma=0.75),0.5611337680530948
1020,55,TPE (gamma=0.75),0.5611337680530948
1020,56,TPE (gamma=0.75),0.5611337680530948
1020,57,TPE (gamma=0.75),0.5611337680530948
1020,58,TPE (gamma=0.75),0.5611337680530948
1020,59,TPE (gamma=0.75),0.5611337680530948
1020,60,TPE (gamma=0.75),0.5611337680530948
1020,61,TPE (gamma=0.75),0.5611337680530948
1020,62,TPE (gamma=0.75),0.5611337680530948
1020,63,TPE (gamma=0.75),0.5611337680530948
1020,64,TPE (gamma=0.75),0.5611337680530948
1020,65,TPE (gamma=0.75),0.5611337680530948
1020,66,TPE (gamma=0.75),0.5611337680530948
1020,67,TPE (gamma=0.75),0.5611337680530948
1020,68,TPE (gamma=0.75),0.5611337680530948
1020,69,TPE (gamma=0.75),0.5611337680530948
1020,70,TPE (gamma=0.75),0.5611337680530948
1020,71,TPE (gamma=0.75),0.5611337680530948
1020,72,TPE (gamma=0.75),0.5611337680530948
1020,73,TPE (gamma=0.75),0.5611337680530948
1020,74,TPE (gamma=0.75),0.5611337680530948
1020,75,TPE (gamma=0.75),0.5611337680530948
1020,76,TPE (gamma=0.75),0.5611337680530948
1020,77,TPE (gamma=0.75),0.5611337680530948
1020,78,TPE (gamma=0.75),0.5611337680530948
1020,79,TPE (gamma=0.75),0.5611337680530948
1020,80,TPE (gamma=0.75),0.5611337680530948
1021,0,TPE (gamma=0.10),0.666712757559667
1021,1,TPE (gamma=0.10),0.666712757559667
1021,2,TPE (gamma=0.10),0.666712757559667
1021,3,TPE (gamma=0.10),0.666712757559667
1021,4,TPE (gamma=0.10),0.666712757559667
1021,5,TPE (gamma=0.10),0.666712757559667
1021,6,TPE (gamma=0.10),0.666712757559667
1021,7,TPE (gamma=0.10),0.666712757559667
1021,8,TPE (gamma=0.10),0.666712757559667
1021,9,TPE (gamma=0.10),0.666712757559667
1021,10,TPE (gamma=0.10),0.666712757559667
1021,11,TPE (gamma=0.10),0.666712757559667
1021,12,TPE (gamma=0.10),0.666712757559667
1021,13,TPE (gamma=0.10),0.666712757559667
1021,14,TPE (gamma=0.10),0.666712757559667
1021,15,TPE (gamma=0.10),0.666712757559667
1021,16,TPE (gamma=0.10),0.666712757559667
1021,17,TPE (gamma=0.10),0.666712757559667
1021,18,TPE (gamma=0.10),0.666712757559667
1021,19,TPE (gamma=0.10),0.666712757559667
1021,20,TPE (gamma=0.10),0.666712757559667
1021,21,TPE (gamma=0.10),0.666712757559667
1021,22,TPE (gamma=0.10),0.666712757559667
1021,23,TPE (gamma=0.10),0.666712757559667
1021,24,TPE (gamma=0.10),0.666712757559667
1021,25,TPE (gamma=0.10),0.666712757559667
1021,26,TPE (gamma=0.10),0.666712757559667
1021,27,TPE (gamma=0.10),0.666712757559667
1021,28,TPE (gamma=0.10),0.666712757559667
1021,29,TPE (gamma=0.10),0.666712757559667
1021,30,TPE (gamma=0.10),0.666712757559667
1021,31,TPE (gamma=0.10),0.666712757559667
1021,32,TPE (gamma=0.10),0.666712757559667
1021,33,TPE (gamma=0.10),0.666712757559667
1021,34,TPE (gamma=0.10),0.666712757559667
1021,35,TPE (gamma=0.10),0.666712757559667
1021,36,TPE (gamma=0.10),0.666712757559667
1021,37,TPE (gamma=0.10),0.666712757559667
1021,38,TPE (gamma=0.10),0.666712757559667
1021,39,TPE (gamma=0.10),0.666712757559667
1021,40,TPE (gamma=0.10),0.666712757559667
1021,41,TPE (gamma=0.10),0.666712757559667
1021,42,TPE (gamma=0.10),0.666712757559667
1021,43,TPE (gamma=0.10),0.666712757559667
1021,44,TPE (gamma=0.10),0.666712757559667
1021,45,TPE (gamma=0.10),0.666712757559667
1021,46,TPE (gamma=0.10),0.666712757559667
1021,47,TPE (gamma=0.10),0.666712757559667
1021,48,TPE (gamma=0.10),0.666712757559667
1021,49,TPE (gamma=0.10),0.666712757559667
1021,50,TPE (gamma=0.10),0.666712757559667
1021,51,TPE (gamma=0.10),0.666712757559667
1021,52,TPE (gamma=0.10),0.666712757559667
1021,53,TPE (gamma=0.10),0.666712757559667
1021,54,TPE (gamma=0.10),0.666712757559667
1021,55,TPE (gamma=0.10),0.666712757559667
1021,56,TPE (gamma=0.10),0.5346468143952698
1021,57,TPE (gamma=0.10),0.5346468143952698
1021,58,TPE (gamma=0.10),0.5346468143952698
1021,59,TPE (gamma=0.10),0.5346468143952698
1021,60,TPE (gamma=0.10),0.5346468143952698
1021,61,TPE (gamma=0.10),0.5346468143952698
1021,62,TPE (gamma=0.10),0.5346468143952698
1021,63,TPE (gamma=0.10),0.5346468143952698
1021,64,TPE (gamma=0.10),0.5346468143952698
1021,65,TPE (gamma=0.10),0.5346468143952698
1021,66,TPE (gamma=0.10),0.5346468143952698
1021,67,TPE (gamma=0.10),0.4816972370628303
1021,68,TPE (gamma=0.10),0.4816972370628303
1021,69,TPE (gamma=0.10),0.4816972370628303
1021,70,TPE (gamma=0.10),0.4816972370628303
1021,71,TPE (gamma=0.10),0.4816972370628303
1021,72,TPE (gamma=0.10),0.4816972370628303
1021,73,TPE (gamma=0.10),0.4816972370628303
1021,74,TPE (gamma=0.10),0.4816972370628303
1021,75,TPE (gamma=0.10),0.4816972370628303
1021,76,TPE (gamma=0.10),0.4816972370628303
1021,77,TPE (gamma=0.10),0.4816972370628303
1021,78,TPE (gamma=0.10),0.4816972370628303
1021,79,TPE (gamma=0.10),0.4816972370628303
1021,80,TPE (gamma=0.10),0.4816972370628303
1021,0,TPE (gamma=0.25),0.666712757559667
1021,1,TPE (gamma=0.25),0.666712757559667
1021,2,TPE (gamma=0.25),0.666712757559667
1021,3,TPE (gamma=0.25),0.666712757559667
1021,4,TPE (gamma=0.25),0.666712757559667
1021,5,TPE (gamma=0.25),0.666712757559667
1021,6,TPE (gamma=0.25),0.666712757559667
1021,7,TPE (gamma=0.25),0.666712757559667
1021,8,TPE (gamma=0.25),0.666712757559667
1021,9,TPE (gamma=0.25),0.666712757559667
1021,10,TPE (gamma=0.25),0.666712757559667
1021,11,TPE (gamma=0.25),0.666712757559667
1021,12,TPE (gamma=0.25),0.666712757559667
1021,13,TPE (gamma=0.25),0.666712757559667
1021,14,TPE (gamma=0.25),0.666712757559667
1021,15,TPE (gamma=0.25),0.666712757559667
1021,16,TPE (gamma=0.25),0.666712757559667
1021,17,TPE (gamma=0.25),0.666712757559667
1021,18,TPE (gamma=0.25),0.666712757559667
1021,19,TPE (gamma=0.25),0.666712757559667
1021,20,TPE (gamma=0.25),0.666712757559667
1021,21,TPE (gamma=0.25),0.666712757559667
1021,22,TPE (gamma=0.25),0.666712757559667
1021,23,TPE (gamma=0.25),0.666712757559667
1021,24,TPE (gamma=0.25),0.666712757559667
1021,25,TPE (gamma=0.25),0.666712757559667
1021,26,TPE (gamma=0.25),0.666712757559667
1021,27,TPE (gamma=0.25),0.666712757559667
1021,28,TPE (gamma=0.25),0.666712757559667
1021,29,TPE (gamma=0.25),0.666712757559667
1021,30,TPE (gamma=0.25),0.666712757559667
1021,31,TPE (gamma=0.25),0.666712757559667
1021,32,TPE (gamma=0.25),0.666712757559667
1021,33,TPE (gamma=0.25),0.666712757559667
1021,34,TPE (gamma=0.25),0.6475084734965932
1021,35,TPE (gamma=0.25),0.5258996062941019
1021,36,TPE (gamma=0.25),0.5258996062941019
1021,37,TPE (gamma=0.25),0.5258996062941019
1021,38,TPE (gamma=0.25),0.5258996062941019
1021,39,TPE (gamma=0.25),0.5258996062941019
1021,40,TPE (gamma=0.25),0.5258996062941019
1021,41,TPE (gamma=0.25),0.5258996062941019
1021,42,TPE (gamma=0.25),0.5258996062941019
1021,43,TPE (gamma=0.25),0.5258996062941019
1021,44,TPE (gamma=0.25),0.5258996062941019
1021,45,TPE (gamma=0.25),0.5258996062941019
1021,46,TPE (gamma=0.25),0.5258996062941019
1021,47,TPE (gamma=0.25),0.5258996062941019
1021,48,TPE (gamma=0.25),0.5258996062941019
1021,49,TPE (gamma=0.25),0.5258996062941019
1021,50,TPE (gamma=0.25),0.4643581167329689
1021,51,TPE (gamma=0.25),0.4643581167329689
1021,52,TPE (gamma=0.25),0.4643581167329689
1021,53,TPE (gamma=0.25),0.4643581167329689
1021,54,TPE (gamma=0.25),0.4643581167329689
1021,55,TPE (gamma=0.25),0.4643581167329689
1021,56,TPE (gamma=0.25),0.4643581167329689
1021,57,TPE (gamma=0.25),0.4643581167329689
1021,58,TPE (gamma=0.25),0.4643581167329689
1021,59,TPE (gamma=0.25),0.4643581167329689
1021,60,TPE (gamma=0.25),0.4643581167329689
1021,61,TPE (gamma=0.25),0.4643581167329689
1021,62,TPE (gamma=0.25),0.4643581167329689
1021,63,TPE (gamma=0.25),0.4643581167329689
1021,64,TPE (gamma=0.25),0.4643581167329689
1021,65,TPE (gamma=0.25),0.4643581167329689
1021,66,TPE (gamma=0.25),0.4643581167329689
1021,67,TPE (gamma=0.25),0.4643581167329689
1021,68,TPE (gamma=0.25),0.4643581167329689
1021,69,TPE (gamma=0.25),0.4643581167329689
1021,70,TPE (gamma=0.25),0.4643581167329689
1021,71,TPE (gamma=0.25),0.4643581167329689
1021,72,TPE (gamma=0.25),0.4643581167329689
1021,73,TPE (gamma=0.25),0.4643581167329689
1021,74,TPE (gamma=0.25),0.4643581167329689
1021,75,TPE (gamma=0.25),0.46030066104822254
1021,76,TPE (gamma=0.25),0.46030066104822254
1021,77,TPE (gamma=0.25),0.46030066104822254
1021,78,TPE (gamma=0.25),0.46030066104822254
1021,79,TPE (gamma=0.25),0.43346478498930097
1021,80,TPE (gamma=0.25),0.43346478498930097
1021,0,TPE (gamma=0.50),0.666712757559667
1021,1,TPE (gamma=0.50),0.666712757559667
1021,2,TPE (gamma=0.50),0.666712757559667
1021,3,TPE (gamma=0.50),0.666712757559667
1021,4,TPE (gamma=0.50),0.666712757559667
1021,5,TPE (gamma=0.50),0.666712757559667
1021,6,TPE (gamma=0.50),0.666712757559667
1021,7,TPE (gamma=0.50),0.666712757559667
1021,8,TPE (gamma=0.50),0.666712757559667
1021,9,TPE (gamma=0.50),0.666712757559667
1021,10,TPE (gamma=0.50),0.666712757559667
1021,11,TPE (gamma=0.50),0.666712757559667
1021,12,TPE (gamma=0.50),0.666712757559667
1021,13,TPE (gamma=0.50),0.666712757559667
1021,14,TPE (gamma=0.50),0.666712757559667
1021,15,TPE (gamma=0.50),0.666712757559667
1021,16,TPE (gamma=0.50),0.666712757559667
1021,17,TPE (gamma=0.50),0.666712757559667
1021,18,TPE (gamma=0.50),0.666712757559667
1021,19,TPE (gamma=0.50),0.666712757559667
1021,20,TPE (gamma=0.50),0.666712757559667
1021,21,TPE (gamma=0.50),0.666712757559667
1021,22,TPE (gamma=0.50),0.666712757559667
1021,23,TPE (gamma=0.50),0.666712757559667
1021,24,TPE (gamma=0.50),0.666712757559667
1021,25,TPE (gamma=0.50),0.666712757559667
1021,26,TPE (gamma=0.50),0.666712757559667
1021,27,TPE (gamma=0.50),0.666712757559667
1021,28,TPE (gamma=0.50),0.666712757559667
1021,29,TPE (gamma=0.50),0.666712757559667
1021,30,TPE (gamma=0.50),0.666712757559667
1021,31,TPE (gamma=0.50),0.666712757559667
1021,32,TPE (gamma=0.50),0.666712757559667
1021,33,TPE (gamma=0.50),0.666712757559667
1021,34,TPE (gamma=0.50),0.666712757559667
1021,35,TPE (gamma=0.50),0.666712757559667
1021,36,TPE (gamma=0.50),0.666712757559667
1021,37,TPE (gamma=0.50),0.666712757559667
1021,38,TPE (gamma=0.50),0.666712757559667
1021,39,TPE (gamma=0.50),0.666712757559667
1021,40,TPE (gamma=0.50),0.666712757559667
1021,41,TPE (gamma=0.50),0.666712757559667
1021,42,TPE (gamma=0.50),0.666712757559667
1021,43,TPE (gamma=0.50),0.666712757559667
1021,44,TPE (gamma=0.50),0.666712757559667
1021,45,TPE (gamma=0.50),0.666712757559667
1021,46,TPE (gamma=0.50),0.666712757559667
1021,47,TPE (gamma=0.50),0.666712757559667
1021,48,TPE (gamma=0.50),0.666712757559667
1021,49,TPE (gamma=0.50),0.666712757559667
1021,50,TPE (gamma=0.50),0.666712757559667
1021,51,TPE (gamma=0.50),0.666712757559667
1021,52,TPE (gamma=0.50),0.666712757559667
1021,53,TPE (gamma=0.50),0.666712757559667
1021,54,TPE (gamma=0.50),0.666712757559667
1021,55,TPE (gamma=0.50),0.666712757559667
1021,56,TPE (gamma=0.50),0.666712757559667
1021,57,TPE (gamma=0.50),0.666712757559667
1021,58,TPE (gamma=0.50),0.666712757559667
1021,59,TPE (gamma=0.50),0.666712757559667
1021,60,TPE (gamma=0.50),0.666712757559667
1021,61,TPE (gamma=0.50),0.666712757559667
1021,62,TPE (gamma=0.50),0.666712757559667
1021,63,TPE (gamma=0.50),0.666712757559667
1021,64,TPE (gamma=0.50),0.666712757559667
1021,65,TPE (gamma=0.50),0.666712757559667
1021,66,TPE (gamma=0.50),0.666712757559667
1021,67,TPE (gamma=0.50),0.666712757559667
1021,68,TPE (gamma=0.50),0.666712757559667
1021,69,TPE (gamma=0.50),0.666712757559667
1021,70,TPE (gamma=0.50),0.666712757559667
1021,71,TPE (gamma=0.50),0.666712757559667
1021,72,TPE (gamma=0.50),0.666712757559667
1021,73,TPE (gamma=0.50),0.666712757559667
1021,74,TPE (gamma=0.50),0.666712757559667
1021,75,TPE (gamma=0.50),0.666712757559667
1021,76,TPE (gamma=0.50),0.666712757559667
1021,77,TPE (gamma=0.50),0.666712757559667
1021,78,TPE (gamma=0.50),0.666712757559667
1021,79,TPE (gamma=0.50),0.666712757559667
1021,80,TPE (gamma=0.50),0.666712757559667
1021,0,TPE (gamma=0.75),0.666712757559667
1021,1,TPE (gamma=0.75),0.666712757559667
1021,2,TPE (gamma=0.75),0.666712757559667
1021,3,TPE (gamma=0.75),0.666712757559667
1021,4,TPE (gamma=0.75),0.666712757559667
1021,5,TPE (gamma=0.75),0.666712757559667
1021,6,TPE (gamma=0.75),0.666712757559667
1021,7,TPE (gamma=0.75),0.666712757559667
1021,8,TPE (gamma=0.75),0.666712757559667
1021,9,TPE (gamma=0.75),0.666712757559667
1021,10,TPE (gamma=0.75),0.666712757559667
1021,11,TPE (gamma=0.75),0.666712757559667
1021,12,TPE (gamma=0.75),0.666712757559667
1021,13,TPE (gamma=0.75),0.666712757559667
1021,14,TPE (gamma=0.75),0.666712757559667
1021,15,TPE (gamma=0.75),0.666712757559667
1021,16,TPE (gamma=0.75),0.666712757559667
1021,17,TPE (gamma=0.75),0.666712757559667
1021,18,TPE (gamma=0.75),0.666712757559667
1021,19,TPE (gamma=0.75),0.666712757559667
1021,20,TPE (gamma=0.75),0.666712757559667
1021,21,TPE (gamma=0.75),0.666712757559667
1021,22,TPE (gamma=0.75),0.666712757559667
1021,23,TPE (gamma=0.75),0.666712757559667
1021,24,TPE (gamma=0.75),0.666712757559667
1021,25,TPE (gamma=0.75),0.666712757559667
1021,26,TPE (gamma=0.75),0.666712757559667
1021,27,TPE (gamma=0.75),0.666712757559667
1021,28,TPE (gamma=0.75),0.666712757559667
1021,29,TPE (gamma=0.75),0.666712757559667
1021,30,TPE (gamma=0.75),0.666712757559667
1021,31,TPE (gamma=0.75),0.666712757559667
1021,32,TPE (gamma=0.75),0.666712757559667
1021,33,TPE (gamma=0.75),0.666712757559667
1021,34,TPE (gamma=0.75),0.666712757559667
1021,35,TPE (gamma=0.75),0.666712757559667
1021,36,TPE (gamma=0.75),0.666712757559667
1021,37,TPE (gamma=0.75),0.666712757559667
1021,38,TPE (gamma=0.75),0.666712757559667
1021,39,TPE (gamma=0.75),0.666712757559667
1021,40,TPE (gamma=0.75),0.666712757559667
1021,41,TPE (gamma=0.75),0.666712757559667
1021,42,TPE (gamma=0.75),0.666712757559667
1021,43,TPE (gamma=0.75),0.666712757559667
1021,44,TPE (gamma=0.75),0.666712757559667
1021,45,TPE (gamma=0.75),0.666712757559667
1021,46,TPE (gamma=0.75),0.666712757559667
1021,47,TPE (gamma=0.75),0.666712757559667
1021,48,TPE (gamma=0.75),0.666712757559667
1021,49,TPE (gamma=0.75),0.666712757559667
1021,50,TPE (gamma=0.75),0.666712757559667
1021,51,TPE (gamma=0.75),0.666712757559667
1021,52,TPE (gamma=0.75),0.666712757559667
1021,53,TPE (gamma=0.75),0.666712757559667
1021,54,TPE (gamma=0.75),0.666712757559667
1021,55,TPE (gamma=0.75),0.666712757559667
1021,56,TPE (gamma=0.75),0.666712757559667
1021,57,TPE (gamma=0.75),0.666712757559667
1021,58,TPE (gamma=0.75),0.666712757559667
1021,59,TPE (gamma=0.75),0.666712757559667
1021,60,TPE (gamma=0.75),0.666712757559667
1021,61,TPE (gamma=0.75),0.666712757559667
1021,62,TPE (gamma=0.75),0.666712757559667
1021,63,TPE (gamma=0.75),0.666712757559667
1021,64,TPE (gamma=0.75),0.666712757559667
1021,65,TPE (gamma=0.75),0.666712757559667
1021,66,TPE (gamma=0.75),0.666712757559667
1021,67,TPE (gamma=0.75),0.666712757559667
1021,68,TPE (gamma=0.75),0.666712757559667
1021,69,TPE (gamma=0.75),0.666712757559667
1021,70,TPE (gamma=0.75),0.666712757559667
1021,71,TPE (gamma=0.75),0.666712757559667
1021,72,TPE (gamma=0.75),0.666712757559667
1021,73,TPE (gamma=0.75),0.666712757559667
1021,74,TPE (gamma=0.75),0.666712757559667
1021,75,TPE (gamma=0.75),0.666712757559667
1021,76,TPE (gamma=0.75),0.666712757559667
1021,77,TPE (gamma=0.75),0.666712757559667
1021,78,TPE (gamma=0.75),0.666712757559667
1021,79,TPE (gamma=0.75),0.666712757559667
1021,80,TPE (gamma=0.75),0.666712757559667
1022,0,TPE (gamma=0.10),0.7579131372388677
1022,1,TPE (gamma=0.10),0.7579131372388677
1022,2,TPE (gamma=0.10),0.7579131372388677
1022,3,TPE (gamma=0.10),0.7579131372388677
1022,4,TPE (gamma=0.10),0.7579131372388677
1022,5,TPE (gamma=0.10),0.7579131372388677
1022,6,TPE (gamma=0.10),0.7579131372388677
1022,7,TPE (gamma=0.10),0.7579131372388677
1022,8,TPE (gamma=0.10),0.7579131372388677
1022,9,TPE (gamma=0.10),0.7579131372388677
1022,10,TPE (gamma=0.10),0.7579131372388677
1022,11,TPE (gamma=0.10),0.7579131372388677
1022,12,TPE (gamma=0.10),0.7579131372388677
1022,13,TPE (gamma=0.10),0.7579131372388677
1022,14,TPE (gamma=0.10),0.7579131372388677
1022,15,TPE (gamma=0.10),0.7579131372388677
1022,16,TPE (gamma=0.10),0.7579131372388677
1022,17,TPE (gamma=0.10),0.7579131372388677
1022,18,TPE (gamma=0.10),0.7579131372388677
1022,19,TPE (gamma=0.10),0.7579131372388677
1022,20,TPE (gamma=0.10),0.7579131372388677
1022,21,TPE (gamma=0.10),0.7579131372388677
1022,22,TPE (gamma=0.10),0.7579131372388677
1022,23,TPE (gamma=0.10),0.7579131372388677
1022,24,TPE (gamma=0.10),0.7579131372388677
1022,25,TPE (gamma=0.10),0.7579131372388677
1022,26,TPE (gamma=0.10),0.7579131372388677
1022,27,TPE (gamma=0.10),0.7579131372388677
1022,28,TPE (gamma=0.10),0.7579131372388677
1022,29,TPE (gamma=0.10),0.7579131372388677
1022,30,TPE (gamma=0.10),0.7579131372388677
1022,31,TPE (gamma=0.10),0.7579131372388677
1022,32,TPE (gamma=0.10),0.7579131372388677
1022,33,TPE (gamma=0.10),0.7579131372388677
1022,34,TPE (gamma=0.10),0.7579131372388677
1022,35,TPE (gamma=0.10),0.7579131372388677
1022,36,TPE (gamma=0.10),0.7579131372388677
1022,37,TPE (gamma=0.10),0.7579131372388677
1022,38,TPE (gamma=0.10),0.7579131372388677
1022,39,TPE (gamma=0.10),0.7579131372388677
1022,40,TPE (gamma=0.10),0.7579131372388677
1022,41,TPE (gamma=0.10),0.7579131372388677
1022,42,TPE (gamma=0.10),0.7579131372388677
1022,43,TPE (gamma=0.10),0.7579131372388677
1022,44,TPE (gamma=0.10),0.7579131372388677
1022,45,TPE (gamma=0.10),0.7579131372388677
1022,46,TPE (gamma=0.10),0.7579131372388677
1022,47,TPE (gamma=0.10),0.7579131372388677
1022,48,TPE (gamma=0.10),0.7579131372388677
1022,49,TPE (gamma=0.10),0.7579131372388677
1022,50,TPE (gamma=0.10),0.7579131372388677
1022,51,TPE (gamma=0.10),0.7579131372388677
1022,52,TPE (gamma=0.10),0.7579131372388677
1022,53,TPE (gamma=0.10),0.7579131372388677
1022,54,TPE (gamma=0.10),0.7579131372388677
1022,55,TPE (gamma=0.10),0.7579131372388677
1022,56,TPE (gamma=0.10),0.7579131372388677
1022,57,TPE (gamma=0.10),0.7579131372388677
1022,58,TPE (gamma=0.10),0.7579131372388677
1022,59,TPE (gamma=0.10),0.7579131372388677
1022,60,TPE (gamma=0.10),0.7579131372388677
1022,61,TPE (gamma=0.10),0.7579131372388677
1022,62,TPE (gamma=0.10),0.7579131372388677
1022,63,TPE (gamma=0.10),0.7579131372388677
1022,64,TPE (gamma=0.10),0.7579131372388677
1022,65,TPE (gamma=0.10),0.7579131372388677
1022,66,TPE (gamma=0.10),0.7579131372388677
1022,67,TPE (gamma=0.10),0.7579131372388677
1022,68,TPE (gamma=0.10),0.7579131372388677
1022,69,TPE (gamma=0.10),0.7579131372388677
1022,70,TPE (gamma=0.10),0.7579131372388677
1022,71,TPE (gamma=0.10),0.7579131372388677
1022,72,TPE (gamma=0.10),0.7579131372388677
1022,73,TPE (gamma=0.10),0.7579131372388677
1022,74,TPE (gamma=0.10),0.7579131372388677
1022,75,TPE (gamma=0.10),0.7579131372388677
1022,76,TPE (gamma=0.10),0.7579131372388677
1022,77,TPE (gamma=0.10),0.7579131372388677
1022,78,TPE (gamma=0.10),0.7579131372388677
1022,79,TPE (gamma=0.10),0.7579131372388677
1022,80,TPE (gamma=0.10),0.7579131372388677
1022,0,TPE (gamma=0.25),0.7579131372388677
1022,1,TPE (gamma=0.25),0.7579131372388677
1022,2,TPE (gamma=0.25),0.7579131372388677
1022,3,TPE (gamma=0.25),0.7579131372388677
1022,4,TPE (gamma=0.25),0.6842170476148777
1022,5,TPE (gamma=0.25),0.6842170476148777
1022,6,TPE (gamma=0.25),0.6842170476148777
1022,7,TPE (gamma=0.25),0.6842170476148777
1022,8,TPE (gamma=0.25),0.6842170476148777
1022,9,TPE (gamma=0.25),0.6842170476148777
1022,10,TPE (gamma=0.25),0.6842170476148777
1022,11,TPE (gamma=0.25),0.6842170476148777
1022,12,TPE (gamma=0.25),0.6842170476148777
1022,13,TPE (gamma=0.25),0.6842170476148777
1022,14,TPE (gamma=0.25),0.6842170476148777
1022,15,TPE (gamma=0.25),0.6842170476148777
1022,16,TPE (gamma=0.25),0.6842170476148777
1022,17,TPE (gamma=0.25),0.6842170476148777
1022,18,TPE (gamma=0.25),0.6842170476148777
1022,19,TPE (gamma=0.25),0.6842170476148777
1022,20,TPE (gamma=0.25),0.6842170476148777
1022,21,TPE (gamma=0.25),0.6842170476148777
1022,22,TPE (gamma=0.25),0.6531743631112317
1022,23,TPE (gamma=0.25),0.6531743631112317
1022,24,TPE (gamma=0.25),0.6531743631112317
1022,25,TPE (gamma=0.25),0.6531743631112317
1022,26,TPE (gamma=0.25),0.6531743631112317
1022,27,TPE (gamma=0.25),0.5366701784937291
1022,28,TPE (gamma=0.25),0.5366701784937291
1022,29,TPE (gamma=0.25),0.5366701784937291
1022,30,TPE (gamma=0.25),0.4254307492177656
1022,31,TPE (gamma=0.25),0.4254307492177656
1022,32,TPE (gamma=0.25),0.4254307492177656
1022,33,TPE (gamma=0.25),0.4254307492177656
1022,34,TPE (gamma=0.25),0.4254307492177656
1022,35,TPE (gamma=0.25),0.4254307492177656
1022,36,TPE (gamma=0.25),0.4254307492177656
1022,37,TPE (gamma=0.25),0.4254307492177656
1022,38,TPE (gamma=0.25),0.4254307492177656
1022,39,TPE (gamma=0.25),0.4254307492177656
1022,40,TPE (gamma=0.25),0.4254307492177656
1022,41,TPE (gamma=0.25),0.4254307492177656
1022,42,TPE (gamma=0.25),0.4254307492177656
1022,43,TPE (gamma=0.25),0.4254307492177656
1022,44,TPE (gamma=0.25),0.4254307492177656
1022,45,TPE (gamma=0.25),0.4254307492177656
1022,46,TPE (gamma=0.25),0.4254307492177656
1022,47,TPE (gamma=0.25),0.4254307492177656
1022,48,TPE (gamma=0.25),0.4254307492177656
1022,49,TPE (gamma=0.25),0.4254307492177656
1022,50,TPE (gamma=0.25),0.4254307492177656
1022,51,TPE (gamma=0.25),0.4254307492177656
1022,52,TPE (gamma=0.25),0.4254307492177656
1022,53,TPE (gamma=0.25),0.4254307492177656
1022,54,TPE (gamma=0.25),0.4254307492177656
1022,55,TPE (gamma=0.25),0.4254307492177656
1022,56,TPE (gamma=0.25),0.4254307492177656
1022,57,TPE (gamma=0.25),0.4254307492177656
1022,58,TPE (gamma=0.25),0.4254307492177656
1022,59,TPE (gamma=0.25),0.4254307492177656
1022,60,TPE (gamma=0.25),0.4254307492177656
1022,61,TPE (gamma=0.25),0.4254307492177656
1022,62,TPE (gamma=0.25),0.4254307492177656
1022,63,TPE (gamma=0.25),0.4254307492177656
1022,64,TPE (gamma=0.25),0.4254307492177656
1022,65,TPE (gamma=0.25),0.4254307492177656
1022,66,TPE (gamma=0.25),0.4254307492177656
1022,67,TPE (gamma=0.25),0.4254307492177656
1022,68,TPE (gamma=0.25),0.4254307492177656
1022,69,TPE (gamma=0.25),0.4254307492177656
1022,70,TPE (gamma=0.25),0.4254307492177656
1022,71,TPE (gamma=0.25),0.4254307492177656
1022,72,TPE (gamma=0.25),0.4254307492177656
1022,73,TPE (gamma=0.25),0.4254307492177656
1022,74,TPE (gamma=0.25),0.4254307492177656
1022,75,TPE (gamma=0.25),0.4254307492177656
1022,76,TPE (gamma=0.25),0.4254307492177656
1022,77,TPE (gamma=0.25),0.4254307492177656
1022,78,TPE (gamma=0.25),0.4254307492177656
1022,79,TPE (gamma=0.25),0.4254307492177656
1022,80,TPE (gamma=0.25),0.4254307492177656
1022,0,TPE (gamma=0.50),0.7579131372388677
1022,1,TPE (gamma=0.50),0.7579131372388677
1022,2,TPE (gamma=0.50),0.7579131372388677
1022,3,TPE (gamma=0.50),0.7579131372388677
1022,4,TPE (gamma=0.50),0.7579131372388677
1022,5,TPE (gamma=0.50),0.7579131372388677
1022,6,TPE (gamma=0.50),0.7579131372388677
1022,7,TPE (gamma=0.50),0.7579131372388677
1022,8,TPE (gamma=0.50),0.7579131372388677
1022,9,TPE (gamma=0.50),0.7579131372388677
1022,10,TPE (gamma=0.50),0.7579131372388677
1022,11,TPE (gamma=0.50),0.7579131372388677
1022,12,TPE (gamma=0.50),0.7579131372388677
1022,13,TPE (gamma=0.50),0.7579131372388677
1022,14,TPE (gamma=0.50),0.7579131372388677
1022,15,TPE (gamma=0.50),0.7579131372388677
1022,16,TPE (gamma=0.50),0.7579131372388677
1022,17,TPE (gamma=0.50),0.7579131372388677
1022,18,TPE (gamma=0.50),0.7579131372388677
1022,19,TPE (gamma=0.50),0.7579131372388677
1022,20,TPE (gamma=0.50),0.7579131372388677
1022,21,TPE (gamma=0.50),0.7579131372388677
1022,22,TPE (gamma=0.50),0.7579131372388677
1022,23,TPE (gamma=0.50),0.7579131372388677
1022,24,TPE (gamma=0.50),0.7579131372388677
1022,25,TPE (gamma=0.50),0.7579131372388677
1022,26,TPE (gamma=0.50),0.7579131372388677
1022,27,TPE (gamma=0.50),0.7579131372388677
1022,28,TPE (gamma=0.50),0.7579131372388677
1022,29,TPE (gamma=0.50),0.7579131372388677
1022,30,TPE (gamma=0.50),0.7579131372388677
1022,31,TPE (gamma=0.50),0.7579131372388677
1022,32,TPE (gamma=0.50),0.7579131372388677
1022,33,TPE (gamma=0.50),0.7579131372388677
1022,34,TPE (gamma=0.50),0.7579131372388677
1022,35,TPE (gamma=0.50),0.7579131372388677
1022,36,TPE (gamma=0.50),0.7579131372388677
1022,37,TPE (gamma=0.50),0.7579131372388677
1022,38,TPE (gamma=0.50),0.7579131372388677
1022,39,TPE (gamma=0.50),0.7579131372388677
1022,40,TPE (gamma=0.50),0.7579131372388677
1022,41,TPE (gamma=0.50),0.7579131372388677
1022,42,TPE (gamma=0.50),0.7579131372388677
1022,43,TPE (gamma=0.50),0.7579131372388677
1022,44,TPE (gamma=0.50),0.7579131372388677
1022,45,TPE (gamma=0.50),0.7579131372388677
1022,46,TPE (gamma=0.50),0.7579131372388677
1022,47,TPE (gamma=0.50),0.7579131372388677
1022,48,TPE (gamma=0.50),0.7579131372388677
1022,49,TPE (gamma=0.50),0.7579131372388677
1022,50,TPE (gamma=0.50),0.7579131372388677
1022,51,TPE (gamma=0.50),0.7579131372388677
1022,52,TPE (gamma=0.50),0.7579131372388677
1022,53,TPE (gamma=0.50),0.7579131372388677
1022,54,TPE (gamma=0.50),0.7579131372388677
1022,55,TPE (gamma=0.50),0.7579131372388677
1022,56,TPE (gamma=0.50),0.7579131372388677
1022,57,TPE (gamma=0.50),0.7579131372388677
1022,58,TPE (gamma=0.50),0.7579131372388677
1022,59,TPE (gamma=0.50),0.7579131372388677
1022,60,TPE (gamma=0.50),0.7579131372388677
1022,61,TPE (gamma=0.50),0.7579131372388677
1022,62,TPE (gamma=0.50),0.7579131372388677
1022,63,TPE (gamma=0.50),0.7579131372388677
1022,64,TPE (gamma=0.50),0.7579131372388677
1022,65,TPE (gamma=0.50),0.7579131372388677
1022,66,TPE (gamma=0.50),0.7579131372388677
1022,67,TPE (gamma=0.50),0.7579131372388677
1022,68,TPE (gamma=0.50),0.7579131372388677
1022,69,TPE (gamma=0.50),0.7579131372388677
1022,70,TPE (gamma=0.50),0.7579131372388677
1022,71,TPE (gamma=0.50),0.7579131372388677
1022,72,TPE (gamma=0.50),0.7579131372388677
1022,73,TPE (gamma=0.50),0.7579131372388677
1022,74,TPE (gamma=0.50),0.7579131372388677
1022,75,TPE (gamma=0.50),0.7579131372388677
1022,76,TPE (gamma=0.50),0.7579131372388677
1022,77,TPE (gamma=0.50),0.7579131372388677
1022,78,TPE (gamma=0.50),0.7579131372388677
1022,79,TPE (gamma=0.50),0.7579131372388677
1022,80,TPE (gamma=0.50),0.7579131372388677
1022,0,TPE (gamma=0.75),0.7579131372388677
1022,1,TPE (gamma=0.75),0.7579131372388677
1022,2,TPE (gamma=0.75),0.7579131372388677
1022,3,TPE (gamma=0.75),0.7579131372388677
1022,4,TPE (gamma=0.75),0.7579131372388677
1022,5,TPE (gamma=0.75),0.7579131372388677
1022,6,TPE (gamma=0.75),0.7579131372388677
1022,7,TPE (gamma=0.75),0.7579131372388677
1022,8,TPE (gamma=0.75),0.7579131372388677
1022,9,TPE (gamma=0.75),0.7579131372388677
1022,10,TPE (gamma=0.75),0.7579131372388677
1022,11,TPE (gamma=0.75),0.7579131372388677
1022,12,TPE (gamma=0.75),0.7579131372388677
1022,13,TPE (gamma=0.75),0.7579131372388677
1022,14,TPE (gamma=0.75),0.7579131372388677
1022,15,TPE (gamma=0.75),0.7579131372388677
1022,16,TPE (gamma=0.75),0.7579131372388677
1022,17,TPE (gamma=0.75),0.7579131372388677
1022,18,TPE (gamma=0.75),0.7579131372388677
1022,19,TPE (gamma=0.75),0.7579131372388677
1022,20,TPE (gamma=0.75),0.7579131372388677
1022,21,TPE (gamma=0.75),0.7579131372388677
1022,22,TPE (gamma=0.75),0.7579131372388677
1022,23,TPE (gamma=0.75),0.7579131372388677
1022,24,TPE (gamma=0.75),0.7579131372388677
1022,25,TPE (gamma=0.75),0.7579131372388677
1022,26,TPE (gamma=0.75),0.7579131372388677
1022,27,TPE (gamma=0.75),0.7579131372388677
1022,28,TPE (gamma=0.75),0.7579131372388677
1022,29,TPE (gamma=0.75),0.7579131372388677
1022,30,TPE (gamma=0.75),0.7579131372388677
1022,31,TPE (gamma=0.75),0.7579131372388677
1022,32,TPE (gamma=0.75),0.7579131372388677
1022,33,TPE (gamma=0.75),0.7579131372388677
1022,34,TPE (gamma=0.75),0.7579131372388677
1022,35,TPE (gamma=0.75),0.7579131372388677
1022,36,TPE (gamma=0.75),0.7579131372388677
1022,37,TPE (gamma=0.75),0.7579131372388677
1022,38,TPE (gamma=0.75),0.7579131372388677
1022,39,TPE (gamma=0.75),0.7579131372388677
1022,40,TPE (gamma=0.75),0.7579131372388677
1022,41,TPE (gamma=0.75),0.7579131372388677
1022,42,TPE (gamma=0.75),0.7579131372388677
1022,43,TPE (gamma=0.75),0.7579131372388677
1022,44,TPE (gamma=0.75),0.7579131372388677
1022,45,TPE (gamma=0.75),0.7579131372388677
1022,46,TPE (gamma=0.75),0.7579131372388677
1022,47,TPE (gamma=0.75),0.7579131372388677
1022,48,TPE (gamma=0.75),0.7579131372388677
1022,49,TPE (gamma=0.75),0.7579131372388677
1022,50,TPE (gamma=0.75),0.7579131372388677
1022,51,TPE (gamma=0.75),0.7579131372388677
1022,52,TPE (gamma=0.75),0.7579131372388677
1022,53,TPE (gamma=0.75),0.7579131372388677
1022,54,TPE (gamma=0.75),0.7579131372388677
1022,55,TPE (gamma=0.75),0.7579131372388677
1022,56,TPE (gamma=0.75),0.7579131372388677
1022,57,TPE (gamma=0.75),0.7579131372388677
1022,58,TPE (gamma=0.75),0.7579131372388677
1022,59,TPE (gamma=0.75),0.7579131372388677
1022,60,TPE (gamma=0.75),0.7579131372388677
1022,61,TPE (gamma=0.75),0.7579131372388677
1022,62,TPE (gamma=0.75),0.7579131372388677
1022,63,TPE (gamma=0.75),0.7579131372388677
1022,64,TPE (gamma=0.75),0.7579131372388677
1022,65,TPE (gamma=0.75),0.7579131372388677
1022,66,TPE (gamma=0.75),0.7579131372388677
1022,67,TPE (gamma=0.75),0.7579131372388677
1022,68,TPE (gamma=0.75),0.7579131372388677
1022,69,TPE (gamma=0.75),0.7579131372388677
1022,70,TPE (gamma=0.75),0.7579131372388677
1022,71,TPE (gamma=0.75),0.7579131372388677
1022,72,TPE (gamma=0.75),0.7579131372388677
1022,73,TPE (gamma=0.75),0.7579131372388677
1022,74,TPE (gamma=0.75),0.7579131372388677
1022,75,TPE (gamma=0.75),0.7579131372388677
1022,76,TPE (gamma=0.75),0.7579131372388677
1022,77,TPE (gamma=0.75),0.7579131372388677
1022,78,TPE (gamma=0.75),0.7579131372388677
1022,79,TPE (gamma=0.75),0.7579131372388677
1022,80,TPE (gamma=0.75),0.7579131372388677
1023,0,TPE (gamma=0.10),4.825911255621078
1023,1,TPE (gamma=0.10),4.825911255621078
1023,2,TPE (gamma=0.10),4.825911255621078
1023,3,TPE (gamma=0.10),4.825911255621078
1023,4,TPE (gamma=0.10),4.825911255621078
1023,5,TPE (gamma=0.10),4.825911255621078
1023,6,TPE (gamma=0.10),1.5782717346509152
1023,7,TPE (gamma=0.10),1.5782717346509152
1023,8,TPE (gamma=0.10),1.5782717346509152
1023,9,TPE (gamma=0.10),1.5782717346509152
1023,10,TPE (gamma=0.10),1.5782717346509152
1023,11,TPE (gamma=0.10),1.5782717346509152
1023,12,TPE (gamma=0.10),1.5782717346509152
1023,13,TPE (gamma=0.10),1.5782717346509152
1023,14,TPE (gamma=0.10),1.5782717346509152
1023,15,TPE (gamma=0.10),1.5782717346509152
1023,16,TPE (gamma=0.10),1.5782717346509152
1023,17,TPE (gamma=0.10),1.5782717346509152
1023,18,TPE (gamma=0.10),1.5782717346509152
1023,19,TPE (gamma=0.10),1.5782717346509152
1023,20,TPE (gamma=0.10),1.5782717346509152
1023,21,TPE (gamma=0.10),1.5782717346509152
1023,22,TPE (gamma=0.10),1.5782717346509152
1023,23,TPE (gamma=0.10),1.5782717346509152
1023,24,TPE (gamma=0.10),1.5782717346509152
1023,25,TPE (gamma=0.10),1.5782717346509152
1023,26,TPE (gamma=0.10),0.5887063638658638
1023,27,TPE (gamma=0.10),0.5887063638658638
1023,28,TPE (gamma=0.10),0.5887063638658638
1023,29,TPE (gamma=0.10),0.5887063638658638
1023,30,TPE (gamma=0.10),0.5887063638658638
1023,31,TPE (gamma=0.10),0.5887063638658638
1023,32,TPE (gamma=0.10),0.5887063638658638
1023,33,TPE (gamma=0.10),0.5887063638658638
1023,34,TPE (gamma=0.10),0.5887063638658638
1023,35,TPE (gamma=0.10),0.5887063638658638
1023,36,TPE (gamma=0.10),0.5887063638658638
1023,37,TPE (gamma=0.10),0.5887063638658638
1023,38,TPE (gamma=0.10),0.5887063638658638
1023,39,TPE (gamma=0.10),0.5887063638658638
1023,40,TPE (gamma=0.10),0.5887063638658638
1023,41,TPE (gamma=0.10),0.5887063638658638
1023,42,TPE (gamma=0.10),0.5887063638658638
1023,43,TPE (gamma=0.10),0.5887063638658638
1023,44,TPE (gamma=0.10),0.5887063638658638
1023,45,TPE (gamma=0.10),0.5887063638658638
1023,46,TPE (gamma=0.10),0.5887063638658638
1023,47,TPE (gamma=0.10),0.5887063638658638
1023,48,TPE (gamma=0.10),0.5887063638658638
1023,49,TPE (gamma=0.10),0.5887063638658638
1023,50,TPE (gamma=0.10),0.5887063638658638
1023,51,TPE (gamma=0.10),0.5887063638658638
1023,52,TPE (gamma=0.10),0.5887063638658638
1023,53,TPE (gamma=0.10),0.5887063638658638
1023,54,TPE (gamma=0.10),0.5887063638658638
1023,55,TPE (gamma=0.10),0.5887063638658638
1023,56,TPE (gamma=0.10),0.5887063638658638
1023,57,TPE (gamma=0.10),0.5887063638658638
1023,58,TPE (gamma=0.10),0.5887063638658638
1023,59,TPE (gamma=0.10),0.5887063638658638
1023,60,TPE (gamma=0.10),0.5887063638658638
1023,61,TPE (gamma=0.10),0.5887063638658638
1023,62,TPE (gamma=0.10),0.5887063638658638
1023,63,TPE (gamma=0.10),0.5887063638658638
1023,64,TPE (gamma=0.10),0.5887063638658638
1023,65,TPE (gamma=0.10),0.5887063638658638
1023,66,TPE (gamma=0.10),0.5469376324341919
1023,67,TPE (gamma=0.10),0.4942092355040124
1023,68,TPE (gamma=0.10),0.4942092355040124
1023,69,TPE (gamma=0.10),0.4942092355040124
1023,70,TPE (gamma=0.10),0.4942092355040124
1023,71,TPE (gamma=0.10),0.4942092355040124
1023,72,TPE (gamma=0.10),0.4942092355040124
1023,73,TPE (gamma=0.10),0.4942092355040124
1023,74,TPE (gamma=0.10),0.4942092355040124
1023,75,TPE (gamma=0.10),0.4942092355040124
1023,76,TPE (gamma=0.10),0.4942092355040124
1023,77,TPE (gamma=0.10),0.4942092355040124
1023,78,TPE (gamma=0.10),0.4942092355040124
1023,79,TPE (gamma=0.10),0.4942092355040124
1023,80,TPE (gamma=0.10),0.4942092355040124
1023,0,TPE (gamma=0.25),4.825911255621078
1023,1,TPE (gamma=0.25),4.825911255621078
1023,2,TPE (gamma=0.25),4.825911255621078
1023,3,TPE (gamma=0.25),4.825911255621078
1023,4,TPE (gamma=0.25),4.825911255621078
1023,5,TPE (gamma=0.25),4.825911255621078
1023,6,TPE (gamma=0.25),4.825911255621078
1023,7,TPE (gamma=0.25),4.825911255621078
1023,8,TPE (gamma=0.25),1.7260521723121425
1023,9,TPE (gamma=0.25),1.7260521723121425
1023,10,TPE (gamma=0.25),1.7260521723121425
1023,11,TPE (gamma=0.25),1.7260521723121425
1023,12,TPE (gamma=0.25),1.7260521723121425
1023,13,TPE (gamma=0.25),1.7260521723121425
1023,14,TPE (gamma=0.25),1.7260521723121425
1023,15,TPE (gamma=0.25),1.7260521723121425
1023,16,TPE (gamma=0.25),1.7260521723121425
1023,17,TPE (gamma=0.25),1.7260521723121425
1023,18,TPE (gamma=0.25),1.7260521723121425
1023,19,TPE (gamma=0.25),1.7260521723121425
1023,20,TPE (gamma=0.25),1.7260521723121425
1023,21,TPE (gamma=0.25),1.7260521723121425
1023,22,TPE (gamma=0.25),0.7870241846359232
1023,23,TPE (gamma=0.25),0.5389749191690676
1023,24,TPE (gamma=0.25),0.5038346630524018
1023,25,TPE (gamma=0.25),0.5038346630524018
1023,26,TPE (gamma=0.25),0.43451254486652324
1023,27,TPE (gamma=0.25),0.43451254486652324
1023,28,TPE (gamma=0.25),0.43451254486652324
1023,29,TPE (gamma=0.25),0.43451254486652324
1023,30,TPE (gamma=0.25),0.43451254486652324
1023,31,TPE (gamma=0.25),0.43451254486652324
1023,32,TPE (gamma=0.25),0.43451254486652324
1023,33,TPE (gamma=0.25),0.43451254486652324
1023,34,TPE (gamma=0.25),0.43451254486652324
1023,35,TPE (gamma=0.25),0.43451254486652324
1023,36,TPE (gamma=0.25),0.43451254486652324
1023,37,TPE (gamma=0.25),0.43451254486652324
1023,38,TPE (gamma=0.25),0.43451254486652324
1023,39,TPE (gamma=0.25),0.43451254486652324
1023,40,TPE (gamma=0.25),0.43451254486652324
1023,41,TPE (gamma=0.25),0.43451254486652324
1023,42,TPE (gamma=0.25),0.43451254486652324
1023,43,TPE (gamma=0.25),0.43451254486652324
1023,44,TPE (gamma=0.25),0.43451254486652324
1023,45,TPE (gamma=0.25),0.43451254486652324
1023,46,TPE (gamma=0.25),0.43451254486652324
1023,47,TPE (gamma=0.25),0.43451254486652324
1023,48,TPE (gamma=0.25),0.43451254486652324
1023,49,TPE (gamma=0.25),0.43451254486652324
1023,50,TPE (gamma=0.25),0.43451254486652324
1023,51,TPE (gamma=0.25),0.43451254486652324
1023,52,TPE (gamma=0.25),0.43451254486652324
1023,53,TPE (gamma=0.25),0.43451254486652324
1023,54,TPE (gamma=0.25),0.43451254486652324
1023,55,TPE (gamma=0.25),0.43451254486652324
1023,56,TPE (gamma=0.25),0.43451254486652324
1023,57,TPE (gamma=0.25),0.43451254486652324
1023,58,TPE (gamma=0.25),0.43451254486652324
1023,59,TPE (gamma=0.25),0.43451254486652324
1023,60,TPE (gamma=0.25),0.43451254486652324
1023,61,TPE (gamma=0.25),0.43451254486652324
1023,62,TPE (gamma=0.25),0.43451254486652324
1023,63,TPE (gamma=0.25),0.43451254486652324
1023,64,TPE (gamma=0.25),0.43451254486652324
1023,65,TPE (gamma=0.25),0.43451254486652324
1023,66,TPE (gamma=0.25),0.43451254486652324
1023,67,TPE (gamma=0.25),0.43451254486652324
1023,68,TPE (gamma=0.25),0.43451254486652324
1023,69,TPE (gamma=0.25),0.43451254486652324
1023,70,TPE (gamma=0.25),0.4311437692892106
1023,71,TPE (gamma=0.25),0.4311437692892106
1023,72,TPE (gamma=0.25),0.4311437692892106
1023,73,TPE (gamma=0.25),0.4311437692892106
1023,74,TPE (gamma=0.25),0.4311437692892106
1023,75,TPE (gamma=0.25),0.4311437692892106
1023,76,TPE (gamma=0.25),0.4311437692892106
1023,77,TPE (gamma=0.25),0.4311437692892106
1023,78,TPE (gamma=0.25),0.4311437692892106
1023,79,TPE (gamma=0.25),0.4311437692892106
1023,80,TPE (gamma=0.25),0.4311437692892106
1023,0,TPE (gamma=0.50),4.825911255621078
1023,1,TPE (gamma=0.50),4.825911255621078
1023,2,TPE (gamma=0.50),4.825911255621078
1023,3,TPE (gamma=0.50),3.3682348891653353
1023,4,TPE (gamma=0.50),2.885549602272329
1023,5,TPE (gamma=0.50),2.885549602272329
1023,6,TPE (gamma=0.50),2.885549602272329
1023,7,TPE (gamma=0.50),2.885549602272329
1023,8,TPE (gamma=0.50),2.885549602272329
1023,9,TPE (gamma=0.50),2.885549602272329
1023,10,TPE (gamma=0.50),2.885549602272329
1023,11,TPE (gamma=0.50),2.885549602272329
1023,12,TPE (gamma=0.50),2.885549602272329
1023,13,TPE (gamma=0.50),2.885549602272329
1023,14,TPE (gamma=0.50),2.885549602272329
1023,15,TPE (gamma=0.50),2.3464471687393615
1023,16,TPE (gamma=0.50),2.3128215814715753
1023,17,TPE (gamma=0.50),2.03568377263787
1023,18,TPE (gamma=0.50),2.03568377263787
1023,19,TPE (gamma=0.50),1.2562819659362514
1023,20,TPE (gamma=0.50),1.2562819659362514
1023,21,TPE (gamma=0.50),1.1270430847633452
1023,22,TPE (gamma=0.50),0.7761309302285575
1023,23,TPE (gamma=0.50),0.7368730256793938
1023,24,TPE (gamma=0.50),0.5720547630365083
1023,25,TPE (gamma=0.50),0.5720547630365083
1023,26,TPE (gamma=0.50),0.5720547630365083
1023,27,TPE (gamma=0.50),0.5720547630365083
1023,28,TPE (gamma=0.50),0.5720547630365083
1023,29,TPE (gamma=0.50),0.5720547630365083
1023,30,TPE (gamma=0.50),0.5720547630365083
1023,31,TPE (gamma=0.50),0.5720547630365083
1023,32,TPE (gamma=0.50),0.5720547630365083
1023,33,TPE (gamma=0.50),0.5720547630365083
1023,34,TPE (gamma=0.50),0.5720547630365083
1023,35,TPE (gamma=0.50),0.5720547630365083
1023,36,TPE (gamma=0.50),0.5720547630365083
1023,37,TPE (gamma=0.50),0.5720547630365083
1023,38,TPE (gamma=0.50),0.5720547630365083
1023,39,TPE (gamma=0.50),0.5720547630365083
1023,40,TPE (gamma=0.50),0.5720547630365083
1023,41,TPE (gamma=0.50),0.5720547630365083
1023,42,TPE (gamma=0.50),0.5720547630365083
1023,43,TPE (gamma=0.50),0.5720547630365083
1023,44,TPE (gamma=0.50),0.5720547630365083
1023,45,TPE (gamma=0.50),0.5720547630365083
1023,46,TPE (gamma=0.50),0.5720547630365083
1023,47,TPE (gamma=0.50),0.5720547630365083
1023,48,TPE (gamma=0.50),0.5720547630365083
1023,49,TPE (gamma=0.50),0.5720547630365083
1023,50,TPE (gamma=0.50),0.5720547630365083
1023,51,TPE (gamma=0.50),0.5720547630365083
1023,52,TPE (gamma=0.50),0.5720547630365083
1023,53,TPE (gamma=0.50),0.5720547630365083
1023,54,TPE (gamma=0.50),0.5720547630365083
1023,55,TPE (gamma=0.50),0.5720547630365083
1023,56,TPE (gamma=0.50),0.5720547630365083
1023,57,TPE (gamma=0.50),0.5720547630365083
1023,58,TPE (gamma=0.50),0.5720547630365083
1023,59,TPE (gamma=0.50),0.5720547630365083
1023,60,TPE (gamma=0.50),0.5720547630365083
1023,61,TPE (gamma=0.50),0.5720547630365083
1023,62,TPE (gamma=0.50),0.5720547630365083
1023,63,TPE (gamma=0.50),0.5720547630365083
1023,64,TPE (gamma=0.50),0.5720547630365083
1023,65,TPE (gamma=0.50),0.5720547630365083
1023,66,TPE (gamma=0.50),0.5720547630365083
1023,67,TPE (gamma=0.50),0.5720547630365083
1023,68,TPE (gamma=0.50),0.5720547630365083
1023,69,TPE (gamma=0.50),0.5720547630365083
1023,70,TPE (gamma=0.50),0.5720547630365083
1023,71,TPE (gamma=0.50),0.5720547630365083
1023,72,TPE (gamma=0.50),0.5720547630365083
1023,73,TPE (gamma=0.50),0.5720547630365083
1023,74,TPE (gamma=0.50),0.5720547630365083
1023,75,TPE (gamma=0.50),0.5720547630365083
1023,76,TPE (gamma=0.50),0.5720547630365083
1023,77,TPE (gamma=0.50),0.5720547630365083
1023,78,TPE (gamma=0.50),0.5720547630365083
1023,79,TPE (gamma=0.50),0.5720547630365083
1023,80,TPE (gamma=0.50),0.5720547630365083
1023,0,TPE (gamma=0.75),4.825911255621078
1023,1,TPE (gamma=0.75),4.825911255621078
1023,2,TPE (gamma=0.75),4.825911255621078
1023,3,TPE (gamma=0.75),4.825911255621078
1023,4,TPE (gamma=0.75),4.825911255621078
1023,5,TPE (gamma=0.75),4.825911255621078
1023,6,TPE (gamma=0.75),4.825911255621078
1023,7,TPE (gamma=0.75),4.825911255621078
1023,8,TPE (gamma=0.75),4.825911255621078
1023,9,TPE (gamma=0.75),4.825911255621078
1023,10,TPE (gamma=0.75),4.825911255621078
1023,11,TPE (gamma=0.75),4.825911255621078
1023,12,TPE (gamma=0.75),4.825911255621078
1023,13,TPE (gamma=0.75),4.825911255621078
1023,14,TPE (gamma=0.75),4.825911255621078
1023,15,TPE (gamma=0.75),4.825911255621078
1023,16,TPE (gamma=0.75),4.825911255621078
1023,17,TPE (gamma=0.75),4.825911255621078
1023,18,TPE (gamma=0.75),4.825911255621078
1023,19,TPE (gamma=0.75),4.825911255621078
1023,20,TPE (gamma=0.75),4.825911255621078
1023,21,TPE (gamma=0.75),4.825911255621078
1023,22,TPE (gamma=0.75),4.825911255621078
1023,23,TPE (gamma=0.75),4.825911255621078
1023,24,TPE (gamma=0.75),4.825911255621078
1023,25,TPE (gamma=0.75),4.825911255621078
1023,26,TPE (gamma=0.75),4.825911255621078
1023,27,TPE (gamma=0.75),4.825911255621078
1023,28,TPE (gamma=0.75),4.825911255621078
1023,29,TPE (gamma=0.75),4.825911255621078
1023,30,TPE (gamma=0.75),4.825911255621078
1023,31,TPE (gamma=0.75),4.825911255621078
1023,32,TPE (gamma=0.75),4.825911255621078
1023,33,TPE (gamma=0.75),4.825911255621078
1023,34,TPE (gamma=0.75),4.825911255621078
1023,35,TPE (gamma=0.75),4.825911255621078
1023,36,TPE (gamma=0.75),4.825911255621078
1023,37,TPE (gamma=0.75),4.825911255621078
1023,38,TPE (gamma=0.75),4.825911255621078
1023,39,TPE (gamma=0.75),4.825911255621078
1023,40,TPE (gamma=0.75),4.825911255621078
1023,41,TPE (gamma=0.75),4.825911255621078
1023,42,TPE (gamma=0.75),4.825911255621078
1023,43,TPE (gamma=0.75),4.825911255621078
1023,44,TPE (gamma=0.75),4.825911255621078
1023,45,TPE (gamma=0.75),4.825911255621078
1023,46,TPE (gamma=0.75),4.825911255621078
1023,47,TPE (gamma=0.75),4.825911255621078
1023,48,TPE (gamma=0.75),4.825911255621078
1023,49,TPE (gamma=0.75),4.825911255621078
1023,50,TPE (gamma=0.75),4.825911255621078
1023,51,TPE (gamma=0.75),4.825911255621078
1023,52,TPE (gamma=0.75),4.825911255621078
1023,53,TPE (gamma=0.75),4.825911255621078
1023,54,TPE (gamma=0.75),4.825911255621078
1023,55,TPE (gamma=0.75),4.825911255621078
1023,56,TPE (gamma=0.75),4.825911255621078
1023,57,TPE (gamma=0.75),4.825911255621078
1023,58,TPE (gamma=0.75),4.825911255621078
1023,59,TPE (gamma=0.75),4.825911255621078
1023,60,TPE (gamma=0.75),4.825911255621078
1023,61,TPE (gamma=0.75),4.825911255621078
1023,62,TPE (gamma=0.75),4.825911255621078
1023,63,TPE (gamma=0.75),4.825911255621078
1023,64,TPE (gamma=0.75),4.825911255621078
1023,65,TPE (gamma=0.75),4.825911255621078
1023,66,TPE (gamma=0.75),4.825911255621078
1023,67,TPE (gamma=0.75),4.825911255621078
1023,68,TPE (gamma=0.75),4.825911255621078
1023,69,TPE (gamma=0.75),4.825911255621078
1023,70,TPE (gamma=0.75),4.825911255621078
1023,71,TPE (gamma=0.75),4.825911255621078
1023,72,TPE (gamma=0.75),4.825911255621078
1023,73,TPE (gamma=0.75),4.825911255621078
1023,74,TPE (gamma=0.75),4.825911255621078
1023,75,TPE (gamma=0.75),4.825911255621078
1023,76,TPE (gamma=0.75),4.825911255621078
1023,77,TPE (gamma=0.75),4.825911255621078
1023,78,TPE (gamma=0.75),4.825911255621078
1023,79,TPE (gamma=0.75),4.825911255621078
1023,80,TPE (gamma=0.75),4.825911255621078
1024,0,TPE (gamma=0.10),10.218488514521358
1024,1,TPE (gamma=0.10),10.218488514521358
1024,2,TPE (gamma=0.10),10.218488514521358
1024,3,TPE (gamma=0.10),10.218488514521358
1024,4,TPE (gamma=0.10),10.218488514521358
1024,5,TPE (gamma=0.10),3.470379898757332
1024,6,TPE (gamma=0.10),3.470379898757332
1024,7,TPE (gamma=0.10),3.470379898757332
1024,8,TPE (gamma=0.10),3.470379898757332
1024,9,TPE (gamma=0.10),3.470379898757332
1024,10,TPE (gamma=0.10),3.470379898757332
1024,11,TPE (gamma=0.10),3.470379898757332
1024,12,TPE (gamma=0.10),3.470379898757332
1024,13,TPE (gamma=0.10),3.470379898757332
1024,14,TPE (gamma=0.10),3.470379898757332
1024,15,TPE (gamma=0.10),3.470379898757332
1024,16,TPE (gamma=0.10),3.470379898757332
1024,17,TPE (gamma=0.10),3.470379898757332
1024,18,TPE (gamma=0.10),3.470379898757332
1024,19,TPE (gamma=0.10),3.470379898757332
1024,20,TPE (gamma=0.10),3.470379898757332
1024,21,TPE (gamma=0.10),3.470379898757332
1024,22,TPE (gamma=0.10),3.470379898757332
1024,23,TPE (gamma=0.10),3.470379898757332
1024,24,TPE (gamma=0.10),3.470379898757332
1024,25,TPE (gamma=0.10),2.5458727688110336
1024,26,TPE (gamma=0.10),2.5458727688110336
1024,27,TPE (gamma=0.10),2.5458727688110336
1024,28,TPE (gamma=0.10),2.5458727688110336
1024,29,TPE (gamma=0.10),2.5458727688110336
1024,30,TPE (gamma=0.10),2.5458727688110336
1024,31,TPE (gamma=0.10),2.5458727688110336
1024,32,TPE (gamma=0.10),2.5458727688110336
1024,33,TPE (gamma=0.10),2.5458727688110336
1024,34,TPE (gamma=0.10),0.980264048671943
1024,35,TPE (gamma=0.10),0.9296732521625213
1024,36,TPE (gamma=0.10),0.9296732521625213
1024,37,TPE (gamma=0.10),0.6297181599645256
1024,38,TPE (gamma=0.10),0.6297181599645256
1024,39,TPE (gamma=0.10),0.6297181599645256
1024,40,TPE (gamma=0.10),0.6297181599645256
1024,41,TPE (gamma=0.10),0.6297181599645256
1024,42,TPE (gamma=0.10),0.6297181599645256
1024,43,TPE (gamma=0.10),0.6297181599645256
1024,44,TPE (gamma=0.10),0.6297181599645256
1024,45,TPE (gamma=0.10),0.6297181599645256
1024,46,TPE (gamma=0.10),0.6297181599645256
1024,47,TPE (gamma=0.10),0.6297181599645256
1024,48,TPE (gamma=0.10),0.6297181599645256
1024,49,TPE (gamma=0.10),0.6297181599645256
1024,50,TPE (gamma=0.10),0.6297181599645256
1024,51,TPE (gamma=0.10),0.6297181599645256
1024,52,TPE (gamma=0.10),0.6297181599645256
1024,53,TPE (gamma=0.10),0.6297181599645256
1024,54,TPE (gamma=0.10),0.6297181599645256
1024,55,TPE (gamma=0.10),0.6297181599645256
1024,56,TPE (gamma=0.10),0.6297181599645256
1024,57,TPE (gamma=0.10),0.6297181599645256
1024,58,TPE (gamma=0.10),0.6297181599645256
1024,59,TPE (gamma=0.10),0.6297181599645256
1024,60,TPE (gamma=0.10),0.6297181599645256
1024,61,TPE (gamma=0.10),0.6297181599645256
1024,62,TPE (gamma=0.10),0.6297181599645256
1024,63,TPE (gamma=0.10),0.6297181599645256
1024,64,TPE (gamma=0.10),0.6297181599645256
1024,65,TPE (gamma=0.10),0.6297181599645256
1024,66,TPE (gamma=0.10),0.6297181599645256
1024,67,TPE (gamma=0.10),0.594416733286419
1024,68,TPE (gamma=0.10),0.594416733286419
1024,69,TPE (gamma=0.10),0.594416733286419
1024,70,TPE (gamma=0.10),0.594416733286419
1024,71,TPE (gamma=0.10),0.594416733286419
1024,72,TPE (gamma=0.10),0.594416733286419
1024,73,TPE (gamma=0.10),0.594416733286419
1024,74,TPE (gamma=0.10),0.594416733286419
1024,75,TPE (gamma=0.10),0.594416733286419
1024,76,TPE (gamma=0.10),0.594416733286419
1024,77,TPE (gamma=0.10),0.594416733286419
1024,78,TPE (gamma=0.10),0.594416733286419
1024,79,TPE (gamma=0.10),0.594416733286419
1024,80,TPE (gamma=0.10),0.594416733286419
1024,0,TPE (gamma=0.25),10.218488514521358
1024,1,TPE (gamma=0.25),10.218488514521358
1024,2,TPE (gamma=0.25),10.218488514521358
1024,3,TPE (gamma=0.25),6.608366118259207
1024,4,TPE (gamma=0.25),3.2197327203175714
1024,5,TPE (gamma=0.25),3.2197327203175714
1024,6,TPE (gamma=0.25),3.2197327203175714
1024,7,TPE (gamma=0.25),3.2197327203175714
1024,8,TPE (gamma=0.25),3.2197327203175714
1024,9,TPE (gamma=0.25),3.2197327203175714
1024,10,TPE (gamma=0.25),3.2197327203175714
1024,11,TPE (gamma=0.25),2.3736035934203725
1024,12,TPE (gamma=0.25),2.3736035934203725
1024,13,TPE (gamma=0.25),2.3736035934203725
1024,14,TPE (gamma=0.25),2.3736035934203725
1024,15,TPE (gamma=0.25),2.3736035934203725
1024,16,TPE (gamma=0.25),2.3736035934203725
1024,17,TPE (gamma=0.25),2.3736035934203725
1024,18,TPE (gamma=0.25),2.330925458420541
1024,19,TPE (gamma=0.25),2.330925458420541
1024,20,TPE (gamma=0.25),2.330925458420541
1024,21,TPE (gamma=0.25),2.330925458420541
1024,22,TPE (gamma=0.25),2.065790168179598
1024,23,TPE (gamma=0.25),0.812809906988214
1024,24,TPE (gamma=0.25),0.812809906988214
1024,25,TPE (gamma=0.25),0.812809906988214
1024,26,TPE (gamma=0.25),0.812809906988214
1024,27,TPE (gamma=0.25),0.812809906988214
1024,28,TPE (gamma=0.25),0.812809906988214
1024,29,TPE (gamma=0.25),0.812809906988214
1024,30,TPE (gamma=0.25),0.812809906988214
1024,31,TPE (gamma=0.25),0.812809906988214
1024,32,TPE (gamma=0.25),0.812809906988214
1024,33,TPE (gamma=0.25),0.812809906988214
1024,34,TPE (gamma=0.25),0.812809906988214
1024,35,TPE (gamma=0.25),0.812809906988214
1024,36,TPE (gamma=0.25),0.812809906988214
1024,37,TPE (gamma=0.25),0.812809906988214
1024,38,TPE (gamma=0.25),0.812809906988214
1024,39,TPE (gamma=0.25),0.812809906988214
1024,40,TPE (gamma=0.25),0.812809906988214
1024,41,TPE (gamma=0.25),0.812809906988214
1024,42,TPE (gamma=0.25),0.812809906988214
1024,43,TPE (gamma=0.25),0.812809906988214
1024,44,TPE (gamma=0.25),0.812809906988214
1024,45,TPE (gamma=0.25),0.7899017460864304
1024,46,TPE (gamma=0.25),0.7899017460864304
1024,47,TPE (gamma=0.25),0.7899017460864304
1024,48,TPE (gamma=0.25),0.7117430913313232
1024,49,TPE (gamma=0.25),0.7117430913313232
1024,50,TPE (gamma=0.25),0.7117430913313232
1024,51,TPE (gamma=0.25),0.7117430913313232
1024,52,TPE (gamma=0.25),0.7117430913313232
1024,53,TPE (gamma=0.25),0.7117430913313232
1024,54,TPE (gamma=0.25),0.7117430913313232
1024,55,TPE (gamma=0.25),0.7117430913313232
1024,56,TPE (gamma=0.25),0.7117430913313232
1024,57,TPE (gamma=0.25),0.5531045248365309
1024,58,TPE (gamma=0.25),0.46632896242016386
1024,59,TPE (gamma=0.25),0.46632896242016386
1024,60,TPE (gamma=0.25),0.46632896242016386
1024,61,TPE (gamma=0.25),0.46564067032797674
1024,62,TPE (gamma=0.25),0.46564067032797674
1024,63,TPE (gamma=0.25),0.46564067032797674
1024,64,TPE (gamma=0.25),0.46564067032797674
1024,65,TPE (gamma=0.25),0.46564067032797674
1024,66,TPE (gamma=0.25),0.46564067032797674
1024,67,TPE (gamma=0.25),0.46564067032797674
1024,68,TPE (gamma=0.25),0.46564067032797674
1024,69,TPE (gamma=0.25),0.46564067032797674
1024,70,TPE (gamma=0.25),0.46564067032797674
1024,71,TPE (gamma=0.25),0.46564067032797674
1024,72,TPE (gamma=0.25),0.46564067032797674
1024,73,TPE (gamma=0.25),0.46564067032797674
1024,74,TPE (gamma=0.25),0.46564067032797674
1024,75,TPE (gamma=0.25),0.46564067032797674
1024,76,TPE (gamma=0.25),0.46564067032797674
1024,77,TPE (gamma=0.25),0.46564067032797674
1024,78,TPE (gamma=0.25),0.46564067032797674
1024,79,TPE (gamma=0.25),0.46564067032797674
1024,80,TPE (gamma=0.25),0.46564067032797674
1024,0,TPE (gamma=0.50),10.218488514521358
1024,1,TPE (gamma=0.50),10.218488514521358
1024,2,TPE (gamma=0.50),10.218488514521358
1024,3,TPE (gamma=0.50),10.218488514521358
1024,4,TPE (gamma=0.50),10.218488514521358
1024,5,TPE (gamma=0.50),10.218488514521358
1024,6,TPE (gamma=0.50),10.218488514521358
1024,7,TPE (gamma=0.50),10.218488514521358
1024,8,TPE (gamma=0.50),10.218488514521358
1024,9,TPE (gamma=0.50),10.218488514521358
1024,10,TPE (gamma=0.50),10.218488514521358
1024,11,TPE (gamma=0.50),10.218488514521358
1024,12,TPE (gamma=0.50),10.218488514521358
1024,13,TPE (gamma=0.50),10.218488514521358
1024,14,TPE (gamma=0.50),10.218488514521358
1024,15,TPE (gamma=0.50),10.218488514521358
1024,16,TPE (gamma=0.50),10.218488514521358
1024,17,TPE (gamma=0.50),10.218488514521358
1024,18,TPE (gamma=0.50),10.218488514521358
1024,19,TPE (gamma=0.50),9.276167315092472
1024,20,TPE (gamma=0.50),9.276167315092472
1024,21,TPE (gamma=0.50),7.232567067097998
1024,22,TPE (gamma=0.50),7.232567067097998
1024,23,TPE (gamma=0.50),6.818022086347917
1024,24,TPE (gamma=0.50),6.58088799548263
1024,25,TPE (gamma=0.50),6.1148508965973996
1024,26,TPE (gamma=0.50),4.422666877161829
1024,27,TPE (gamma=0.50),4.422666877161829
1024,28,TPE (gamma=0.50),4.202580529573283
1024,29,TPE (gamma=0.50),4.202580529573283
1024,30,TPE (gamma=0.50),3.980994627636947
1024,31,TPE (gamma=0.50),3.3592577909827988
1024,32,TPE (gamma=0.50),3.3592577909827988
1024,33,TPE (gamma=0.50),3.227232854562761
1024,34,TPE (gamma=0.50),3.227232854562761
1024,35,TPE (gamma=0.50),2.7462667636355995
1024,36,TPE (gamma=0.50),2.7462667636355995
1024,37,TPE (gamma=0.50),2.7462667636355995
1024,38,TPE (gamma=0.50),2.7462667636355995
1024,39,TPE (gamma=0.50),2.7462667636355995
1024,40,TPE (gamma=0.50),2.7462667636355995
1024,41,TPE (gamma=0.50),2.7462667636355995
1024,42,TPE (gamma=0.50),2.7462667636355995
1024,43,TPE (gamma=0.50),2.5644402128618617
1024,44,TPE (gamma=0.50),2.5644402128618617
1024,45,TPE (gamma=0.50),2.126207330894321
1024,46,TPE (gamma=0.50),2.126207330894321
1024,47,TPE (gamma=0.50),2.126207330894321
1024,48,TPE (gamma=0.50),2.126207330894321
1024,49,TPE (gamma=0.50),2.126207330894321
1024,50,TPE (gamma=0.50),2.047865225459015
1024,51,TPE (gamma=0.50),1.9122901842081745
1024,52,TPE (gamma=0.50),1.9122901842081745
1024,53,TPE (gamma=0.50),1.901605590382042
1024,54,TPE (gamma=0.50),1.8726085661941028
1024,55,TPE (gamma=0.50),1.7962746386050696
1024,56,TPE (gamma=0.50),1.6806106096718665
1024,57,TPE (gamma=0.50),1.6381295216156566
1024,58,TPE (gamma=0.50),1.6169313048034777
1024,59,TPE (gamma=0.50),1.5146942056308461
1024,60,TPE (gamma=0.50),1.4255496812708373
1024,61,TPE (gamma=0.50),1.4255496812708373
1024,62,TPE (gamma=0.50),1.400281963645682
1024,63,TPE (gamma=0.50),1.400281963645682
1024,64,TPE (gamma=0.50),1.3369561656553532
1024,65,TPE (gamma=0.50),1.3085949333496014
1024,66,TPE (gamma=0.50),1.1421921493163385
1024,67,TPE (gamma=0.50),1.1421921493163385
1024,68,TPE (gamma=0.50),1.1421921493163385
1024,69,TPE (gamma=0.50),1.1421921493163385
1024,70,TPE (gamma=0.50),1.1421921493163385
1024,71,TPE (gamma=0.50),1.1421921493163385
1024,72,TPE (gamma=0.50),1.1421921493163385
1024,73,TPE (gamma=0.50),1.1421921493163385
1024,74,TPE (gamma=0.50),0.9519450714281863
1024,75,TPE (gamma=0.50),0.9519450714281863
1024,76,TPE (gamma=0.50),0.9519450714281863
1024,77,TPE (gamma=0.50),0.9519450714281863
1024,78,TPE (gamma=0.50),0.9519450714281863
1024,79,TPE (gamma=0.50),0.9519450714281863
1024,80,TPE (gamma=0.50),0.9519450714281863
1024,0,TPE (gamma=0.75),10.218488514521358
1024,1,TPE (gamma=0.75),10.218488514521358
1024,2,TPE (gamma=0.75),10.218488514521358
1024,3,TPE (gamma=0.75),10.218488514521358
1024,4,TPE (gamma=0.75),10.218488514521358
1024,5,TPE (gamma=0.75),10.218488514521358
1024,6,TPE (gamma=0.75),10.218488514521358
1024,7,TPE (gamma=0.75),10.218488514521358
1024,8,TPE (gamma=0.75),10.218488514521358
1024,9,TPE (gamma=0.75),10.218488514521358
1024,10,TPE (gamma=0.75),10.218488514521358
1024,11,TPE (gamma=0.75),10.218488514521358
1024,12,TPE (gamma=0.75),10.218488514521358
1024,13,TPE (gamma=0.75),10.218488514521358
1024,14,TPE (gamma=0.75),10.218488514521358
1024,15,TPE (gamma=0.75),10.218488514521358
1024,16,TPE (gamma=0.75),10.218488514521358
1024,17,TPE (gamma=0.75),10.218488514521358
1024,18,TPE (gamma=0.75),10.218488514521358
1024,19,TPE (gamma=0.75),10.218488514521358
1024,20,TPE (gamma=0.75),10.218488514521358
1024,21,TPE (gamma=0.75),10.218488514521358
1024,22,TPE (gamma=0.75),10.218488514521358
1024,23,TPE (gamma=0.75),10.218488514521358
1024,24,TPE (gamma=0.75),10.218488514521358
1024,25,TPE (gamma=0.75),10.218488514521358
1024,26,TPE (gamma=0.75),10.218488514521358
1024,27,TPE (gamma=0.75),10.218488514521358
1024,28,TPE (gamma=0.75),10.218488514521358
1024,29,TPE (gamma=0.75),10.218488514521358
1024,30,TPE (gamma=0.75),10.218488514521358
1024,31,TPE (gamma=0.75),10.218488514521358
1024,32,TPE (gamma=0.75),10.218488514521358
1024,33,TPE (gamma=0.75),10.218488514521358
1024,34,TPE (gamma=0.75),10.218488514521358
1024,35,TPE (gamma=0.75),10.218488514521358
1024,36,TPE (gamma=0.75),10.218488514521358
1024,37,TPE (gamma=0.75),10.218488514521358
1024,38,TPE (gamma=0.75),10.218488514521358
1024,39,TPE (gamma=0.75),10.218488514521358
1024,40,TPE (gamma=0.75),10.218488514521358
1024,41,TPE (gamma=0.75),10.218488514521358
1024,42,TPE (gamma=0.75),10.218488514521358
1024,43,TPE (gamma=0.75),10.218488514521358
1024,44,TPE (gamma=0.75),10.218488514521358
1024,45,TPE (gamma=0.75),10.218488514521358
1024,46,TPE (gamma=0.75),10.218488514521358
1024,47,TPE (gamma=0.75),10.218488514521358
1024,48,TPE (gamma=0.75),10.218488514521358
1024,49,TPE (gamma=0.75),10.218488514521358
1024,50,TPE (gamma=0.75),10.218488514521358
1024,51,TPE (gamma=0.75),10.218488514521358
1024,52,TPE (gamma=0.75),10.218488514521358
1024,53,TPE (gamma=0.75),10.218488514521358
1024,54,TPE (gamma=0.75),10.218488514521358
1024,55,TPE (gamma=0.75),10.218488514521358
1024,56,TPE (gamma=0.75),10.218488514521358
1024,57,TPE (gamma=0.75),10.218488514521358
1024,58,TPE (gamma=0.75),10.218488514521358
1024,59,TPE (gamma=0.75),10.218488514521358
1024,60,TPE (gamma=0.75),10.218488514521358
1024,61,TPE (gamma=0.75),10.218488514521358
1024,62,TPE (gamma=0.75),10.218488514521358
1024,63,TPE (gamma=0.75),10.218488514521358
1024,64,TPE (gamma=0.75),10.218488514521358
1024,65,TPE (gamma=0.75),10.218488514521358
1024,66,TPE (gamma=0.75),10.218488514521358
1024,67,TPE (gamma=0.75),10.218488514521358
1024,68,TPE (gamma=0.75),10.218488514521358
1024,69,TPE (gamma=0.75),10.218488514521358
1024,70,TPE (gamma=0.75),10.218488514521358
1024,71,TPE (gamma=0.75),10.218488514521358
1024,72,TPE (gamma=0.75),10.218488514521358
1024,73,TPE (gamma=0.75),10.218488514521358
1024,74,TPE (gamma=0.75),10.218488514521358
1024,75,TPE (gamma=0.75),10.218488514521358
1024,76,TPE (gamma=0.75),10.218488514521358
1024,77,TPE (gamma=0.75),10.218488514521358
1024,78,TPE (gamma=0.75),10.218488514521358
1024,79,TPE (gamma=0.75),10.218488514521358
1024,80,TPE (gamma=0.75),10.218488514521358
1025,0,TPE (gamma=0.10),0.6929296530090294
1025,1,TPE (gamma=0.10),0.6929296530090294
1025,2,TPE (gamma=0.10),0.6929296530090294
1025,3,TPE (gamma=0.10),0.6929296530090294
1025,4,TPE (gamma=0.10),0.6929296530090294
1025,5,TPE (gamma=0.10),0.6929296530090294
1025,6,TPE (gamma=0.10),0.6929296530090294
1025,7,TPE (gamma=0.10),0.6929296530090294
1025,8,TPE (gamma=0.10),0.6929296530090294
1025,9,TPE (gamma=0.10),0.6929296530090294
1025,10,TPE (gamma=0.10),0.6929296530090294
1025,11,TPE (gamma=0.10),0.6929296530090294
1025,12,TPE (gamma=0.10),0.6929296530090294
1025,13,TPE (gamma=0.10),0.6929296530090294
1025,14,TPE (gamma=0.10),0.5436216447290168
1025,15,TPE (gamma=0.10),0.5436216447290168
1025,16,TPE (gamma=0.10),0.5436216447290168
1025,17,TPE (gamma=0.10),0.5436216447290168
1025,18,TPE (gamma=0.10),0.5436216447290168
1025,19,TPE (gamma=0.10),0.5436216447290168
1025,20,TPE (gamma=0.10),0.5436216447290168
1025,21,TPE (gamma=0.10),0.5436216447290168
1025,22,TPE (gamma=0.10),0.5436216447290168
1025,23,TPE (gamma=0.10),0.5436216447290168
1025,24,TPE (gamma=0.10),0.5436216447290168
1025,25,TPE (gamma=0.10),0.5436216447290168
1025,26,TPE (gamma=0.10),0.5436216447290168
1025,27,TPE (gamma=0.10),0.5436216447290168
1025,28,TPE (gamma=0.10),0.5436216447290168
1025,29,TPE (gamma=0.10),0.5436216447290168
1025,30,TPE (gamma=0.10),0.5436216447290168
1025,31,TPE (gamma=0.10),0.5436216447290168
1025,32,TPE (gamma=0.10),0.5436216447290168
1025,33,TPE (gamma=0.10),0.5436216447290168
1025,34,TPE (gamma=0.10),0.5436216447290168
1025,35,TPE (gamma=0.10),0.5436216447290168
1025,36,TPE (gamma=0.10),0.5436216447290168
1025,37,TPE (gamma=0.10),0.5436216447290168
1025,38,TPE (gamma=0.10),0.5436216447290168
1025,39,TPE (gamma=0.10),0.5436216447290168
1025,40,TPE (gamma=0.10),0.5436216447290168
1025,41,TPE (gamma=0.10),0.5436216447290168
1025,42,TPE (gamma=0.10),0.5436216447290168
1025,43,TPE (gamma=0.10),0.5436216447290168
1025,44,TPE (gamma=0.10),0.5436216447290168
1025,45,TPE (gamma=0.10),0.5436216447290168
1025,46,TPE (gamma=0.10),0.4074466197776996
1025,47,TPE (gamma=0.10),0.4074466197776996
1025,48,TPE (gamma=0.10),0.4074466197776996
1025,49,TPE (gamma=0.10),0.4074466197776996
1025,50,TPE (gamma=0.10),0.4074466197776996
1025,51,TPE (gamma=0.10),0.4074466197776996
1025,52,TPE (gamma=0.10),0.4074466197776996
1025,53,TPE (gamma=0.10),0.4074466197776996
1025,54,TPE (gamma=0.10),0.4074466197776996
1025,55,TPE (gamma=0.10),0.4074466197776996
1025,56,TPE (gamma=0.10),0.4074466197776996
1025,57,TPE (gamma=0.10),0.4074466197776996
1025,58,TPE (gamma=0.10),0.4074466197776996
1025,59,TPE (gamma=0.10),0.4074466197776996
1025,60,TPE (gamma=0.10),0.4074466197776996
1025,61,TPE (gamma=0.10),0.4074466197776996
1025,62,TPE (gamma=0.10),0.4074466197776996
1025,63,TPE (gamma=0.10),0.4074466197776996
1025,64,TPE (gamma=0.10),0.4074466197776996
1025,65,TPE (gamma=0.10),0.4074466197776996
1025,66,TPE (gamma=0.10),0.4074466197776996
1025,67,TPE (gamma=0.10),0.4074466197776996
1025,68,TPE (gamma=0.10),0.4074466197776996
1025,69,TPE (gamma=0.10),0.4074466197776996
1025,70,TPE (gamma=0.10),0.4074466197776996
1025,71,TPE (gamma=0.10),0.4074466197776996
1025,72,TPE (gamma=0.10),0.4074466197776996
1025,73,TPE (gamma=0.10),0.4074466197776996
1025,74,TPE (gamma=0.10),0.4074466197776996
1025,75,TPE (gamma=0.10),0.4074466197776996
1025,76,TPE (gamma=0.10),0.4074466197776996
1025,77,TPE (gamma=0.10),0.4074466197776996
1025,78,TPE (gamma=0.10),0.4074466197776996
1025,79,TPE (gamma=0.10),0.4074466197776996
1025,80,TPE (gamma=0.10),0.4074466197776996
1025,0,TPE (gamma=0.25),0.6929296530090294
1025,1,TPE (gamma=0.25),0.6929296530090294
1025,2,TPE (gamma=0.25),0.6929296530090294
1025,3,TPE (gamma=0.25),0.6929296530090294
1025,4,TPE (gamma=0.25),0.6929296530090294
1025,5,TPE (gamma=0.25),0.6929296530090294
1025,6,TPE (gamma=0.25),0.6929296530090294
1025,7,TPE (gamma=0.25),0.6929296530090294
1025,8,TPE (gamma=0.25),0.6929296530090294
1025,9,TPE (gamma=0.25),0.6929296530090294
1025,10,TPE (gamma=0.25),0.6929296530090294
1025,11,TPE (gamma=0.25),0.6929296530090294
1025,12,TPE (gamma=0.25),0.6929296530090294
1025,13,TPE (gamma=0.25),0.6929296530090294
1025,14,TPE (gamma=0.25),0.6929296530090294
1025,15,TPE (gamma=0.25),0.6929296530090294
1025,16,TPE (gamma=0.25),0.6929296530090294
1025,17,TPE (gamma=0.25),0.6929296530090294
1025,18,TPE (gamma=0.25),0.6929296530090294
1025,19,TPE (gamma=0.25),0.6929296530090294
1025,20,TPE (gamma=0.25),0.6929296530090294
1025,21,TPE (gamma=0.25),0.6929296530090294
1025,22,TPE (gamma=0.25),0.6929296530090294
1025,23,TPE (gamma=0.25),0.6929296530090294
1025,24,TPE (gamma=0.25),0.6929296530090294
1025,25,TPE (gamma=0.25),0.6929296530090294
1025,26,TPE (gamma=0.25),0.6929296530090294
1025,27,TPE (gamma=0.25),0.6929296530090294
1025,28,TPE (gamma=0.25),0.6929296530090294
1025,29,TPE (gamma=0.25),0.6929296530090294
1025,30,TPE (gamma=0.25),0.6929296530090294
1025,31,TPE (gamma=0.25),0.6929296530090294
1025,32,TPE (gamma=0.25),0.6929296530090294
1025,33,TPE (gamma=0.25),0.6929296530090294
1025,34,TPE (gamma=0.25),0.6929296530090294
1025,35,TPE (gamma=0.25),0.6929296530090294
1025,36,TPE (gamma=0.25),0.6929296530090294
1025,37,TPE (gamma=0.25),0.6929296530090294
1025,38,TPE (gamma=0.25),0.6324854592586693
1025,39,TPE (gamma=0.25),0.6324854592586693
1025,40,TPE (gamma=0.25),0.6324854592586693
1025,41,TPE (gamma=0.25),0.6324854592586693
1025,42,TPE (gamma=0.25),0.5785796907830623
1025,43,TPE (gamma=0.25),0.5785796907830623
1025,44,TPE (gamma=0.25),0.5785796907830623
1025,45,TPE (gamma=0.25),0.5785796907830623
1025,46,TPE (gamma=0.25),0.5785796907830623
1025,47,TPE (gamma=0.25),0.5785796907830623
1025,48,TPE (gamma=0.25),0.4933171451264382
1025,49,TPE (gamma=0.25),0.4933171451264382
1025,50,TPE (gamma=0.25),0.4933171451264382
1025,51,TPE (gamma=0.25),0.4933171451264382
1025,52,TPE (gamma=0.25),0.4933171451264382
1025,53,TPE (gamma=0.25),0.4933171451264382
1025,54,TPE (gamma=0.25),0.4933171451264382
1025,55,TPE (gamma=0.25),0.4933171451264382
1025,56,TPE (gamma=0.25),0.4933171451264382
1025,57,TPE (gamma=0.25),0.4933171451264382
1025,58,TPE (gamma=0.25),0.4933171451264382
1025,59,TPE (gamma=0.25),0.4933171451264382
1025,60,TPE (gamma=0.25),0.4933171451264382
1025,61,TPE (gamma=0.25),0.4933171451264382
1025,62,TPE (gamma=0.25),0.4933171451264382
1025,63,TPE (gamma=0.25),0.4933171451264382
1025,64,TPE (gamma=0.25),0.4933171451264382
1025,65,TPE (gamma=0.25),0.4933171451264382
1025,66,TPE (gamma=0.25),0.4933171451264382
1025,67,TPE (gamma=0.25),0.4933171451264382
1025,68,TPE (gamma=0.25),0.4933171451264382
1025,69,TPE (gamma=0.25),0.4933171451264382
1025,70,TPE (gamma=0.25),0.4933171451264382
1025,71,TPE (gamma=0.25),0.4933171451264382
1025,72,TPE (gamma=0.25),0.4933171451264382
1025,73,TPE (gamma=0.25),0.4933171451264382
1025,74,TPE (gamma=0.25),0.4933171451264382
1025,75,TPE (gamma=0.25),0.4933171451264382
1025,76,TPE (gamma=0.25),0.4933171451264382
1025,77,TPE (gamma=0.25),0.4933171451264382
1025,78,TPE (gamma=0.25),0.4933171451264382
1025,79,TPE (gamma=0.25),0.4933171451264382
1025,80,TPE (gamma=0.25),0.4933171451264382
1025,0,TPE (gamma=0.50),0.6929296530090294
1025,1,TPE (gamma=0.50),0.6929296530090294
1025,2,TPE (gamma=0.50),0.6929296530090294
1025,3,TPE (gamma=0.50),0.6929296530090294
1025,4,TPE (gamma=0.50),0.6929296530090294
1025,5,TPE (gamma=0.50),0.6929296530090294
1025,6,TPE (gamma=0.50),0.6929296530090294
1025,7,TPE (gamma=0.50),0.6929296530090294
1025,8,TPE (gamma=0.50),0.6929296530090294
1025,9,TPE (gamma=0.50),0.6929296530090294
1025,10,TPE (gamma=0.50),0.6929296530090294
1025,11,TPE (gamma=0.50),0.6929296530090294
1025,12,TPE (gamma=0.50),0.6929296530090294
1025,13,TPE (gamma=0.50),0.6929296530090294
1025,14,TPE (gamma=0.50),0.6929296530090294
1025,15,TPE (gamma=0.50),0.6929296530090294
1025,16,TPE (gamma=0.50),0.6929296530090294
1025,17,TPE (gamma=0.50),0.6929296530090294
1025,18,TPE (gamma=0.50),0.6929296530090294
1025,19,TPE (gamma=0.50),0.6929296530090294
1025,20,TPE (gamma=0.50),0.6929296530090294
1025,21,TPE (gamma=0.50),0.6929296530090294
1025,22,TPE (gamma=0.50),0.6929296530090294
1025,23,TPE (gamma=0.50),0.6929296530090294
1025,24,TPE (gamma=0.50),0.6929296530090294
1025,25,TPE (gamma=0.50),0.6929296530090294
1025,26,TPE (gamma=0.50),0.6929296530090294
1025,27,TPE (gamma=0.50),0.6929296530090294
1025,28,TPE (gamma=0.50),0.6929296530090294
1025,29,TPE (gamma=0.50),0.6929296530090294
1025,30,TPE (gamma=0.50),0.6929296530090294
1025,31,TPE (gamma=0.50),0.6929296530090294
1025,32,TPE (gamma=0.50),0.6929296530090294
1025,33,TPE (gamma=0.50),0.6929296530090294
1025,34,TPE (gamma=0.50),0.6929296530090294
1025,35,TPE (gamma=0.50),0.6929296530090294
1025,36,TPE (gamma=0.50),0.6929296530090294
1025,37,TPE (gamma=0.50),0.6929296530090294
1025,38,TPE (gamma=0.50),0.6929296530090294
1025,39,TPE (gamma=0.50),0.6929296530090294
1025,40,TPE (gamma=0.50),0.6929296530090294
1025,41,TPE (gamma=0.50),0.6929296530090294
1025,42,TPE (gamma=0.50),0.6929296530090294
1025,43,TPE (gamma=0.50),0.6929296530090294
1025,44,TPE (gamma=0.50),0.6929296530090294
1025,45,TPE (gamma=0.50),0.6929296530090294
1025,46,TPE (gamma=0.50),0.6929296530090294
1025,47,TPE (gamma=0.50),0.6929296530090294
1025,48,TPE (gamma=0.50),0.6929296530090294
1025,49,TPE (gamma=0.50),0.6929296530090294
1025,50,TPE (gamma=0.50),0.6929296530090294
1025,51,TPE (gamma=0.50),0.6929296530090294
1025,52,TPE (gamma=0.50),0.6929296530090294
1025,53,TPE (gamma=0.50),0.6929296530090294
1025,54,TPE (gamma=0.50),0.6929296530090294
1025,55,TPE (gamma=0.50),0.6929296530090294
1025,56,TPE (gamma=0.50),0.6929296530090294
1025,57,TPE (gamma=0.50),0.6929296530090294
1025,58,TPE (gamma=0.50),0.6929296530090294
1025,59,TPE (gamma=0.50),0.6929296530090294
1025,60,TPE (gamma=0.50),0.6929296530090294
1025,61,TPE (gamma=0.50),0.6929296530090294
1025,62,TPE (gamma=0.50),0.6929296530090294
1025,63,TPE (gamma=0.50),0.6929296530090294
1025,64,TPE (gamma=0.50),0.6929296530090294
1025,65,TPE (gamma=0.50),0.6929296530090294
1025,66,TPE (gamma=0.50),0.6929296530090294
1025,67,TPE (gamma=0.50),0.6929296530090294
1025,68,TPE (gamma=0.50),0.6929296530090294
1025,69,TPE (gamma=0.50),0.6929296530090294
1025,70,TPE (gamma=0.50),0.6929296530090294
1025,71,TPE (gamma=0.50),0.6929296530090294
1025,72,TPE (gamma=0.50),0.6929296530090294
1025,73,TPE (gamma=0.50),0.6929296530090294
1025,74,TPE (gamma=0.50),0.6929296530090294
1025,75,TPE (gamma=0.50),0.6929296530090294
1025,76,TPE (gamma=0.50),0.6929296530090294
1025,77,TPE (gamma=0.50),0.6929296530090294
1025,78,TPE (gamma=0.50),0.6929296530090294
1025,79,TPE (gamma=0.50),0.6929296530090294
1025,80,TPE (gamma=0.50),0.6929296530090294
1025,0,TPE (gamma=0.75),0.6929296530090294
1025,1,TPE (gamma=0.75),0.6929296530090294
1025,2,TPE (gamma=0.75),0.6929296530090294
1025,3,TPE (gamma=0.75),0.6929296530090294
1025,4,TPE (gamma=0.75),0.6929296530090294
1025,5,TPE (gamma=0.75),0.6929296530090294
1025,6,TPE (gamma=0.75),0.6929296530090294
1025,7,TPE (gamma=0.75),0.6929296530090294
1025,8,TPE (gamma=0.75),0.6929296530090294
1025,9,TPE (gamma=0.75),0.6929296530090294
1025,10,TPE (gamma=0.75),0.6929296530090294
1025,11,TPE (gamma=0.75),0.6929296530090294
1025,12,TPE (gamma=0.75),0.6929296530090294
1025,13,TPE (gamma=0.75),0.6929296530090294
1025,14,TPE (gamma=0.75),0.6929296530090294
1025,15,TPE (gamma=0.75),0.6929296530090294
1025,16,TPE (gamma=0.75),0.6929296530090294
1025,17,TPE (gamma=0.75),0.6929296530090294
1025,18,TPE (gamma=0.75),0.6929296530090294
1025,19,TPE (gamma=0.75),0.6929296530090294
1025,20,TPE (gamma=0.75),0.6929296530090294
1025,21,TPE (gamma=0.75),0.6929296530090294
1025,22,TPE (gamma=0.75),0.6929296530090294
1025,23,TPE (gamma=0.75),0.6929296530090294
1025,24,TPE (gamma=0.75),0.6929296530090294
1025,25,TPE (gamma=0.75),0.6929296530090294
1025,26,TPE (gamma=0.75),0.6929296530090294
1025,27,TPE (gamma=0.75),0.6929296530090294
1025,28,TPE (gamma=0.75),0.6929296530090294
1025,29,TPE (gamma=0.75),0.6929296530090294
1025,30,TPE (gamma=0.75),0.6929296530090294
1025,31,TPE (gamma=0.75),0.6929296530090294
1025,32,TPE (gamma=0.75),0.6929296530090294
1025,33,TPE (gamma=0.75),0.6929296530090294
1025,34,TPE (gamma=0.75),0.6929296530090294
1025,35,TPE (gamma=0.75),0.6929296530090294
1025,36,TPE (gamma=0.75),0.6929296530090294
1025,37,TPE (gamma=0.75),0.6929296530090294
1025,38,TPE (gamma=0.75),0.6929296530090294
1025,39,TPE (gamma=0.75),0.6929296530090294
1025,40,TPE (gamma=0.75),0.6929296530090294
1025,41,TPE (gamma=0.75),0.6929296530090294
1025,42,TPE (gamma=0.75),0.6929296530090294
1025,43,TPE (gamma=0.75),0.6929296530090294
1025,44,TPE (gamma=0.75),0.6929296530090294
1025,45,TPE (gamma=0.75),0.6929296530090294
1025,46,TPE (gamma=0.75),0.6929296530090294
1025,47,TPE (gamma=0.75),0.6929296530090294
1025,48,TPE (gamma=0.75),0.6929296530090294
1025,49,TPE (gamma=0.75),0.6929296530090294
1025,50,TPE (gamma=0.75),0.6929296530090294
1025,51,TPE (gamma=0.75),0.6929296530090294
1025,52,TPE (gamma=0.75),0.6929296530090294
1025,53,TPE (gamma=0.75),0.6929296530090294
1025,54,TPE (gamma=0.75),0.6929296530090294
1025,55,TPE (gamma=0.75),0.6929296530090294
1025,56,TPE (gamma=0.75),0.6929296530090294
1025,57,TPE (gamma=0.75),0.6929296530090294
1025,58,TPE (gamma=0.75),0.6929296530090294
1025,59,TPE (gamma=0.75),0.6929296530090294
1025,60,TPE (gamma=0.75),0.6929296530090294
1025,61,TPE (gamma=0.75),0.6929296530090294
1025,62,TPE (gamma=0.75),0.6929296530090294
1025,63,TPE (gamma=0.75),0.6929296530090294
1025,64,TPE (gamma=0.75),0.6929296530090294
1025,65,TPE (gamma=0.75),0.6929296530090294
1025,66,TPE (gamma=0.75),0.6929296530090294
1025,67,TPE (gamma=0.75),0.6929296530090294
1025,68,TPE (gamma=0.75),0.6929296530090294
1025,69,TPE (gamma=0.75),0.6929296530090294
1025,70,TPE (gamma=0.75),0.6929296530090294
1025,71,TPE (gamma=0.75),0.6929296530090294
1025,72,TPE (gamma=0.75),0.6929296530090294
1025,73,TPE (gamma=0.75),0.6929296530090294
1025,74,TPE (gamma=0.75),0.6929296530090294
1025,75,TPE (gamma=0.75),0.6929296530090294
1025,76,TPE (gamma=0.75),0.6929296530090294
1025,77,TPE (gamma=0.75),0.6929296530090294
1025,78,TPE (gamma=0.75),0.6929296530090294
1025,79,TPE (gamma=0.75),0.6929296530090294
1025,80,TPE (gamma=0.75),0.6929296530090294
