seed,iter,method,best
1001,0,BASS-BO,4.796091497647913
1001,1,BASS-BO,4.796091497647913
1001,2,BASS-BO,4.796091497647913
1001,3,BASS-BO,4.796091497647913
1001,4,BASS-BO,4.796091497647913
1001,5,BASS-BO,4.796091497647913
1001,6,BASS-BO,4.796091497647913
1001,7,BASS-BO,4.796091497647913
1001,8,BASS-BO,4.796091497647913
1001,9,BASS-BO,4.796091497647913
1001,10,BASS-BO,4.796091497647913
1001,11,BASS-BO,4.7939695622938165
1001,12,BASS-BO,4.7939695622938165
1001,13,BASS-BO,4.7939695622938165
1001,14,BASS-BO,4.7939695622938165
1001,15,BASS-BO,4.7939695622938165
1001,16,BASS-BO,4.7939695622938165
1001,17,BASS-BO,4.7939695622938165
1001,18,BASS-BO,4.7939695622938165
1001,19,BASS-BO,4.7939695622938165
1001,20,BASS-BO,4.7939695622938165
1001,21,BASS-BO,4.7939695622938165
1001,22,BASS-BO,4.793796685968291
1001,23,BASS-BO,4.793796685968291
1001,24,BASS-BO,4.793796685968291
1001,25,BASS-BO,4.793796685968291
1001,26,BASS-BO,4.793796685968291
1001,27,BASS-BO,4.793796685968291
1001,28,BASS-BO,4.793796685968291
1001,29,BASS-BO,4.793796685968291
1001,30,BASS-BO,4.793796685968291
1001,31,BASS-BO,4.793796685968291
1001,32,BASS-BO,4.793796685968291
1001,33,BASS-BO,4.793796685968291
1001,34,BASS-BO,4.793796685968291
1001,35,BASS-BO,4.793796685968291
1001,36,BASS-BO,4.793796685968291
1001,37,BASS-BO,4.793796685968291
1001,38,BASS-BO,4.793796685968291
1001,39,BASS-BO,4.793796685968291
1001,40,BASS-BO,4.793796685968291
1001,41,BASS-BO,4.793778155668736
1001,42,BASS-BO,4.793778155668736
1001,43,BASS-BO,4.793778155668736
1001,44,BASS-BO,4.793778155668736
1001,45,BASS-BO,4.793778155668736
1001,46,BASS-BO,4.793778155668736
1001,47,BASS-BO,4.793778155668736
1001,48,BASS-BO,4.793778155668736
1001,49,BASS-BO,4.793778155668736
1001,50,BASS-BO,4.793778155668736
1001,51,BASS-BO,4.793778155668736
1001,52,BASS-BO,4.793778155668736
1001,53,BASS-BO,4.793778155668736
1001,54,BASS-BO,4.793778155668736
1001,55,BASS-BO,4.793778155668736
1001,56,BASS-BO,4.793778155668736
1001,57,BASS-BO,4.793778155668736
1001,58,BASS-BO,4.793778155668736
1001,59,BASS-BO,4.793778155668736
1001,60,BASS-BO,4.793778155668736
1001,61,BASS-BO,4.793778155668736
1001,62,BASS-BO,4.793778155668736
1001,63,BASS-BO,4.793777810195362
1001,64,BASS-BO,4.793777810195362
1001,65,BASS-BO,4.793777810195362
1001,66,BASS-BO,4.793777810195362
1001,67,BASS-BO,4.793777810195362
1001,68,BASS-BO,4.793777810195362
1001,69,BASS-BO,4.793777810195362
1001,70,BASS-BO,4.793777810195362
1001,71,BASS-BO,4.793777810195362
1001,72,BASS-BO,4.793777810195362
1001,73,BASS-BO,4.793777810195362
1001,74,BASS-BO,4.793777810195362
1001,75,BASS-BO,4.793777810195362
1001,76,BASS-BO,4.793777810195362
1001,77,BASS-BO,4.793777810195362
1001,78,BASS-BO,4.793777810195362
1001,79,BASS-BO,4.793777810195362
1001,80,BASS-BO,4.793777810195362
1001,81,BASS-BO,4.793777810195362
1001,82,BASS-BO,4.793777810195362
1001,83,BASS-BO,4.793777810195362
1001,84,BASS-BO,4.793777810195362
1001,85,BASS-BO,4.793777810195362
1001,86,BASS-BO,4.793777810195362
1001,87,BASS-BO,4.793777810195362
1001,88,BASS-BO,4.793777810195362
1001,89,BASS-BO,4.793777810195362
1001,90,BASS-BO,4.793777810195362
1001,91,BASS-BO,4.793777810195362
1001,92,BASS-BO,4.793777810195362
1001,93,BASS-BO,4.793777810195362
1001,94,BASS-BO,4.793777810195362
1001,95,BASS-BO,4.793777810195362
1001,96,BASS-BO,4.793777810195362
1001,97,BASS-BO,4.793777810195362
1001,98,BASS-BO,4.793777810195362
1001,99,BASS-BO,4.793777810195362
1001,100,BASS-BO,4.793777810195362
1001,0,GP-BO,4.796091497647913
1001,1,GP-BO,4.796091497647913
1001,2,GP-BO,4.796091497647913
1001,3,GP-BO,4.796091497647913
1001,4,GP-BO,4.796091497647913
1001,5,GP-BO,4.796091497647913
1001,6,GP-BO,4.796091497647913
1001,7,GP-BO,4.796091497647913
1001,8,GP-BO,4.796091497647913
1001,9,GP-BO,4.796091497647913
1001,10,GP-BO,4.796091497647913
1001,11,GP-BO,4.796091497647913
1001,12,GP-BO,4.796091497647913
1001,13,GP-BO,4.796003559397115
1001,14,GP-BO,4.796003559397115
1001,15,GP-BO,4.796003559397115
1001,16,GP-BO,4.796003559397115
1001,17,GP-BO,4.796003559397115
1001,18,GP-BO,4.796003559397115
1001,19,GP-BO,4.796003559397115
1001,20,GP-BO,4.796003559397115
1001,21,GP-BO,4.796003559397115
1001,22,GP-BO,4.796003559397115
1001,23,GP-BO,4.796003559397115
1001,24,GP-BO,4.796003559397115
1001,25,GP-BO,4.796003559397115
1001,26,GP-BO,4.796003559397115
1001,27,GP-BO,4.796003559397115
1001,28,GP-BO,4.795205970276731
1001,29,GP-BO,4.795205970276731
1001,30,GP-BO,4.795205970276731
1001,31,GP-BO,4.795205970276731
1001,32,GP-BO,4.795205970276731
1001,33,GP-BO,4.795205970276731
1001,34,GP-BO,4.795205970276731
1001,35,GP-BO,4.795205970276731
1001,36,GP-BO,4.795205970276731
1001,37,GP-BO,4.794220628028487
1001,38,GP-BO,4.794220628028487
1001,39,GP-BO,4.794220628028487
1001,40,GP-BO,4.794220628028487
1001,41,GP-BO,4.794220628028487
1001,42,GP-BO,4.794220628028487
1001,43,GP-BO,4.794220628028487
1001,44,GP-BO,4.794220628028487
1001,45,GP-BO,4.794220628028487
1001,46,GP-BO,4.794220628028487
1001,47,GP-BO,4.794220628028487
1001,48,GP-BO,4.794220628028487
1001,49,GP-BO,4.794220628028487
1001,50,GP-BO,4.794220628028487
1001,51,GP-BO,4.794220628028487
1001,52,GP-BO,4.794220628028487
1001,53,GP-BO,4.794220628028487
1001,54,GP-BO,4.794220628028487
1001,55,GP-BO,4.794220628028487
1001,56,GP-BO,4.794220628028487
1001,57,GP-BO,4.794220628028487
1001,58,GP-BO,4.794220628028487
1001,59,GP-BO,4.794220628028487
1001,60,GP-BO,4.794220628028487
1001,61,GP-BO,4.794167136434625
1001,62,GP-BO,4.794167136434625
1001,63,GP-BO,4.794167136434625
1001,64,GP-BO,4.794167136434625
1001,65,GP-BO,4.794167136434625
1001,66,GP-BO,4.794167136434625
1001,67,GP-BO,4.794167136434625
1001,68,GP-BO,4.794167136434625
1001,69,GP-BO,4.794167136434625
1001,70,GP-BO,4.794167136434625
1001,71,GP-BO,4.794167136434625
1001,72,GP-BO,4.794167136434625
1001,73,GP-BO,4.794167136434625
1001,74,GP-BO,4.794167136434625
1001,75,GP-BO,4.794167136434625
1001,76,GP-BO,4.794167136434625
1001,77,GP-BO,4.794167136434625
1001,78,GP-BO,4.794167136434625
1001,79,GP-BO,4.794167136434625
1001,80,GP-BO,4.794027771950365
1001,81,GP-BO,4.794027771950365
1001,82,GP-BO,4.794027771950365
1001,83,GP-BO,4.794027771950365
1001,84,GP-BO,4.794027771950365
1001,85,GP-BO,4.794027771950365
1001,86,GP-BO,4.794027771950365
1001,87,GP-BO,4.794027771950365
1001,88,GP-BO,4.794027771950365
1001,89,GP-BO,4.794027771950365
1001,90,GP-BO,4.794027771950365
1001,91,GP-BO,4.794027771950365
1001,92,GP-BO,4.794027771950365
1001,93,GP-BO,4.794027771950365
1001,94,GP-BO,4.794027771950365
1001,95,GP-BO,4.794027771950365
1001,96,GP-BO,4.794027771950365
1001,97,GP-BO,4.794027771950365
1001,98,GP-BO,4.794027771950365
1001,99,GP-BO,4.794027771950365
1001,100,GP-BO,4.794027771950365
1001,0,Random,4.796091497647913
1001,1,Random,4.796091497647913
1001,2,Random,4.796091497647913
1001,3,Random,4.796091497647913
1001,4,Random,4.796091497647913
1001,5,Random,4.796091497647913
1001,6,Random,4.796091497647913
1001,7,Random,4.796091497647913
1001,8,Random,4.796091497647913
1001,9,Random,4.796091497647913
1001,10,Random,4.796091497647913
1001,11,Random,4.796091497647913
1001,12,Random,4.796091497647913
1001,13,Random,4.796091497647913
1001,14,Random,4.796091497647913
1001,15,Random,4.796091497647913
1001,16,Random,4.796091497647913
1001,17,Random,4.796091497647913
1001,18,Random,4.796091497647913
1001,19,Random,4.796091497647913
1001,20,Random,4.796091497647913
1001,21,Random,4.796091497647913
1001,22,Random,4.796091497647913
1001,23,Random,4.796091497647913
1001,24,Random,4.796091497647913
1001,25,Random,4.796091497647913
1001,26,Random,4.796091497647913
1001,27,Random,4.796091497647913
1001,28,Random,4.796091497647913
1001,29,Random,4.796091497647913
1001,30,Random,4.796091497647913
1001,31,Random,4.796091497647913
1001,32,Random,4.796091497647913
1001,33,Random,4.796091497647913
1001,34,Random,4.796091497647913
1001,35,Random,4.796091497647913
1001,36,Random,4.796091497647913
1001,37,Random,4.796091497647913
1001,38,Random,4.796091497647913
1001,39,Random,4.796091497647913
1001,40,Random,4.796091497647913
1001,41,Random,4.796091497647913
1001,42,Random,4.796091497647913
1001,43,Random,4.796091497647913
1001,44,Random,4.796091497647913
1001,45,Random,4.796091497647913
1001,46,Random,4.796091497647913
1001,47,Random,4.796091497647913
1001,48,Random,4.796091497647913
1001,49,Random,4.796091497647913
1001,50,Random,4.796091497647913
1001,51,Random,4.796091497647913
1001,52,Random,4.796091497647913
1001,53,Random,4.796091497647913
1001,54,Random,4.796091497647913
1001,55,Random,4.796091497647913
1001,56,Random,4.796091497647913
1001,57,Random,4.796091497647913
1001,58,Random,4.796091497647913
1001,59,Random,4.796091497647913
1001,60,Random,4.796091497647913
1001,61,Random,4.796091497647913
1001,62,Random,4.796091497647913
1001,63,Random,4.796091497647913
1001,64,Random,4.796091497647913
1001,65,Random,4.796091497647913
1001,66,Random,4.796091497647913
1001,67,Random,4.796091497647913
1001,68,Random,4.796091497647913
1001,69,Random,4.796091497647913
1001,70,Random,4.796091497647913
1001,71,Random,4.796091497647913
1001,72,Random,4.796091497647913
1001,73,Random,4.796091497647913
1001,74,Random,4.796091497647913
1001,75,Random,4.796091497647913
1001,76,Random,4.796091497647913
1001,77,Random,4.796091497647913
1001,78,Random,4.796091497647913
1001,79,Random,4.796091497647913
1001,80,Random,4.796091497647913
1001,81,Random,4.796091497647913
1001,82,Random,4.796091497647913
1001,83,Random,4.796091497647913
1001,84,Random,4.796091497647913
1001,85,Random,4.796091497647913
1001,86,Random,4.796091497647913
1001,87,Random,4.796091497647913
1001,88,Random,4.796091497647913
1001,89,Random,4.796091497647913
1001,90,Random,4.796091497647913
1001,91,Random,4.796091497647913
1001,92,Random,4.796091497647913
1001,93,Random,4.796091497647913
1001,94,Random,4.796091497647913
1001,95,Random,4.796091497647913
1001,96,Random,4.796091497647913
1001,97,Random,4.796091497647913
1001,98,Random,4.796091497647913
1001,99,Random,4.796091497647913
1001,100,Random,4.796091497647913
1002,0,BASS-BO,4.977150389343471
1002,1,BASS-BO,4.977150389343471
1002,2,BASS-BO,4.977150389343471
1002,3,BASS-BO,4.965869538686995
1002,4,BASS-BO,4.965869538686995
1002,5,BASS-BO,4.965869538686995
1002,6,BASS-BO,4.965869538686995
1002,7,BASS-BO,4.965869538686995
1002,8,BASS-BO,4.965869538686995
1002,9,BASS-BO,4.965869538686995
1002,10,BASS-BO,4.965869538686995
1002,11,BASS-BO,4.965869538686995
1002,12,BASS-BO,4.965869538686995
1002,13,BASS-BO,4.965869538686995
1002,14,BASS-BO,4.965869538686995
1002,15,BASS-BO,4.965869538686995
1002,16,BASS-BO,4.965869538686995
1002,17,BASS-BO,4.965869538686995
1002,18,BASS-BO,4.953182047447113
1002,19,BASS-BO,4.953182047447113
1002,20,BASS-BO,4.953182047447113
1002,21,BASS-BO,4.953182047447113
1002,22,BASS-BO,4.953182047447113
1002,23,BASS-BO,4.953182047447113
1002,24,BASS-BO,4.953182047447113
1002,25,BASS-BO,4.953182047447113
1002,26,BASS-BO,4.953182047447113
1002,27,BASS-BO,4.953182047447113
1002,28,BASS-BO,4.953182047447113
1002,29,BASS-BO,4.9527429136970245
1002,30,BASS-BO,4.9527429136970245
1002,31,BASS-BO,4.9527429136970245
1002,32,BASS-BO,4.9527429136970245
1002,33,BASS-BO,4.9527429136970245
1002,34,BASS-BO,4.9527429136970245
1002,35,BASS-BO,4.9527429136970245
1002,36,BASS-BO,4.9527429136970245
1002,37,BASS-BO,4.9527429136970245
1002,38,BASS-BO,4.9527429136970245
1002,39,BASS-BO,4.9527429136970245
1002,40,BASS-BO,4.9527429136970245
1002,41,BASS-BO,4.9527429136970245
1002,42,BASS-BO,4.9527429136970245
1002,43,BASS-BO,4.9527429136970245
1002,44,BASS-BO,4.9527429136970245
1002,45,BASS-BO,4.9527429136970245
1002,46,BASS-BO,4.9527429136970245
1002,47,BASS-BO,4.9527429136970245
1002,48,BASS-BO,4.9527429136970245
1002,49,BASS-BO,4.9527429136970245
1002,50,BASS-BO,4.9527429136970245
1002,51,BASS-BO,4.9527429136970245
1002,52,BASS-BO,4.9527429136970245
1002,53,BASS-BO,4.9527429136970245
1002,54,BASS-BO,4.9527429136970245
1002,55,BASS-BO,4.9527429136970245
1002,56,BASS-BO,4.9527429136970245
1002,57,BASS-BO,4.9527429136970245
1002,58,BASS-BO,4.9527429136970245
1002,59,BASS-BO,4.9527429136970245
1002,60,BASS-BO,4.9527429136970245
1002,61,BASS-BO,4.9527429136970245
1002,62,BASS-BO,4.9527429136970245
1002,63,BASS-BO,4.9527429136970245
1002,64,BASS-BO,4.9527429136970245
1002,65,BASS-BO,4.9527429136970245
1002,66,BASS-BO,4.9527429136970245
1002,67,BASS-BO,4.9527429136970245
1002,68,BASS-BO,4.9527429136970245
1002,69,BASS-BO,4.9527429136970245
1002,70,BASS-BO,4.9527429136970245
1002,71,BASS-BO,4.952699506055795
1002,72,BASS-BO,4.952699506055795
1002,73,BASS-BO,4.952699506055795
1002,74,BASS-BO,4.952699506055795
1002,75,BASS-BO,4.952699506055795
1002,76,BASS-BO,4.952699506055795
1002,77,BASS-BO,4.952699506055795
1002,78,BASS-BO,4.952699506055795
1002,79,BASS-BO,4.952699506055795
1002,80,BASS-BO,4.952699506055795
1002,81,BASS-BO,4.952699506055795
1002,82,BASS-BO,4.952699506055795
1002,83,BASS-BO,4.952699506055795
1002,84,BASS-BO,4.952626691384196
1002,85,BASS-BO,4.952626691384196
1002,86,BASS-BO,4.952626691384196
1002,87,BASS-BO,4.952626691384196
1002,88,BASS-BO,4.952626691384196
1002,89,BASS-BO,4.952626691384196
1002,90,BASS-BO,4.952626691384196
1002,91,BASS-BO,4.952626691384196
1002,92,BASS-BO,4.952626691384196
1002,93,BASS-BO,4.952626691384196
1002,94,BASS-BO,4.952626691384196
1002,95,BASS-BO,4.952626691384196
1002,96,BASS-BO,4.952626691384196
1002,97,BASS-BO,4.952626691384196
1002,98,BASS-BO,4.952626691384196
1002,99,BASS-BO,4.952626691384196
1002,100,BASS-BO,4.952626691384196
1002,0,GP-BO,4.977150389343471
1002,1,GP-BO,4.971200808508334
1002,2,GP-BO,4.971200808508334
1002,3,GP-BO,4.971200808508334
1002,4,GP-BO,4.971200808508334
1002,5,GP-BO,4.9588624763952005
1002,6,GP-BO,4.9588624763952005
1002,7,GP-BO,4.9588624763952005
1002,8,GP-BO,4.9588624763952005
1002,9,GP-BO,4.9588624763952005
1002,10,GP-BO,4.9588624763952005
1002,11,GP-BO,4.9588624763952005
1002,12,GP-BO,4.9588624763952005
1002,13,GP-BO,4.9588624763952005
1002,14,GP-BO,4.9588624763952005
1002,15,GP-BO,4.9588624763952005
1002,16,GP-BO,4.9588624763952005
1002,17,GP-BO,4.9588624763952005
1002,18,GP-BO,4.955830244305971
1002,19,GP-BO,4.955830244305971
1002,20,GP-BO,4.954143759618079
1002,21,GP-BO,4.954143759618079
1002,22,GP-BO,4.953291732448773
1002,23,GP-BO,4.953291732448773
1002,24,GP-BO,4.953291732448773
1002,25,GP-BO,4.952715672916654
1002,26,GP-BO,4.952715672916654
1002,27,GP-BO,4.952715672916654
1002,28,GP-BO,4.952694851201945
1002,29,GP-BO,4.95264193370387
1002,30,GP-BO,4.95264193370387
1002,31,GP-BO,4.95264193370387
1002,32,GP-BO,4.95264193370387
1002,33,GP-BO,4.95264193370387
1002,34,GP-BO,4.95264193370387
1002,35,GP-BO,4.95264193370387
1002,36,GP-BO,4.95264193370387
1002,37,GP-BO,4.952623018686261
1002,38,GP-BO,4.952623018686261
1002,39,GP-BO,4.952623018686261
1002,40,GP-BO,4.952623018686261
1002,41,GP-BO,4.952623018686261
1002,42,GP-BO,4.952623018686261
1002,43,GP-BO,4.952623018686261
1002,44,GP-BO,4.952623018686261
1002,45,GP-BO,4.952623018686261
1002,46,GP-BO,4.952623018686261
1002,47,GP-BO,4.952623018686261
1002,48,GP-BO,4.952623018686261
1002,49,GP-BO,4.952617080509625
1002,50,GP-BO,4.952617080509625
1002,51,GP-BO,4.952617080509625
1002,52,GP-BO,4.952617080509625
1002,53,GP-BO,4.952617080509625
1002,54,GP-BO,4.952617080509625
1002,55,GP-BO,4.952617080509625
1002,56,GP-BO,4.952617080509625
1002,57,GP-BO,4.952617080509625
1002,58,GP-BO,4.952617080509625
1002,59,GP-BO,4.952617080509625
1002,60,GP-BO,4.952617080509625
1002,61,GP-BO,4.952617080509625
1002,62,GP-BO,4.952617080509625
1002,63,GP-BO,4.952617080509625
1002,64,GP-BO,4.952617080509625
1002,65,GP-BO,4.952617080509625
1002,66,GP-BO,4.952617080509625
1002,67,GP-BO,4.952617080509625
1002,68,GP-BO,4.952617080509625
1002,69,GP-BO,4.952617080509625
1002,70,GP-BO,4.952617080509625
1002,71,GP-BO,4.952617080509625
1002,72,GP-BO,4.952617080509625
1002,73,GP-BO,4.952617080509625
1002,74,GP-BO,4.952617080509625
1002,75,GP-BO,4.952617080509625
1002,76,GP-BO,4.952617080509625
1002,77,GP-BO,4.952617080509625
1002,78,GP-BO,4.952617080509625
1002,79,GP-BO,4.952617080509625
1002,80,GP-BO,4.952617080509625
1002,81,GP-BO,4.952617080509625
1002,82,GP-BO,4.952617080509625
1002,83,GP-BO,4.952617080509625
1002,84,GP-BO,4.952617080509625
1002,85,GP-BO,4.952617080509625
1002,86,GP-BO,4.952617080509625
1002,87,GP-BO,4.952617080509625
1002,88,GP-BO,4.952617080509625
1002,89,GP-BO,4.952617080509625
1002,90,GP-BO,4.952617080509625
1002,91,GP-BO,4.952617080509625
1002,92,GP-BO,4.952617080509625
1002,93,GP-BO,4.952617080509625
1002,94,GP-BO,4.952617080509625
1002,95,GP-BO,4.952617080509625
1002,96,GP-BO,4.952617080509625
1002,97,GP-BO,4.952617080509625
1002,98,GP-BO,4.952617080509625
1002,99,GP-BO,4.952617080509625
1002,100,GP-BO,4.952617080509625
1002,0,Random,4.977150389343471
1002,1,Random,4.977150389343471
1002,2,Random,4.977150389343471
1002,3,Random,4.973539404264235
1002,4,Random,4.973539404264235
1002,5,Random,4.973539404264235
1002,6,Random,4.973539404264235
1002,7,Random,4.973539404264235
1002,8,Random,4.973539404264235
1002,9,Random,4.973539404264235
1002,10,Random,4.973539404264235
1002,11,Random,4.973539404264235
1002,12,Random,4.973539404264235
1002,13,Random,4.973539404264235
1002,14,Random,4.96141410811306
1002,15,Random,4.96141410811306
1002,16,Random,4.96141410811306
1002,17,Random,4.96141410811306
1002,18,Random,4.96141410811306
1002,19,Random,4.96141410811306
1002,20,Random,4.96141410811306
1002,21,Random,4.96141410811306
1002,22,Random,4.96141410811306
1002,23,Random,4.96141410811306
1002,24,Random,4.96141410811306
1002,25,Random,4.96141410811306
1002,26,Random,4.96141410811306
1002,27,Random,4.96141410811306
1002,28,Random,4.96141410811306
1002,29,Random,4.96141410811306
1002,30,Random,4.96141410811306
1002,31,Random,4.96141410811306
1002,32,Random,4.96141410811306
1002,33,Random,4.96141410811306
1002,34,Random,4.96141410811306
1002,35,Random,4.96141410811306
1002,36,Random,4.96141410811306
1002,37,Random,4.96141410811306
1002,38,Random,4.96141410811306
1002,39,Random,4.96141410811306
1002,40,Random,4.96141410811306
1002,41,Random,4.96141410811306
1002,42,Random,4.96141410811306
1002,43,Random,4.96141410811306
1002,44,Random,4.96141410811306
1002,45,Random,4.96141410811306
1002,46,Random,4.96141410811306
1002,47,Random,4.96141410811306
1002,48,Random,4.96141410811306
1002,49,Random,4.96141410811306
1002,50,Random,4.96141410811306
1002,51,Random,4.96141410811306
1002,52,Random,4.96141410811306
1002,53,Random,4.96141410811306
1002,54,Random,4.96141410811306
1002,55,Random,4.96141410811306
1002,56,Random,4.96141410811306
1002,57,Random,4.96141410811306
1002,58,Random,4.96141410811306
1002,59,Random,4.96141410811306
1002,60,Random,4.96141410811306
1002,61,Random,4.96141410811306
1002,62,Random,4.96141410811306
1002,63,Random,4.96141410811306
1002,64,Random,4.96141410811306
1002,65,Random,4.96141410811306
1002,66,Random,4.96141410811306
1002,67,Random,4.96141410811306
1002,68,Random,4.96141410811306
1002,69,Random,4.96141410811306
1002,70,Random,4.96141410811306
1002,71,Random,4.96141410811306
1002,72,Random,4.96141410811306
1002,73,Random,4.96141410811306
1002,74,Random,4.96141410811306
1002,75,Random,4.96141410811306
1002,76,Random,4.96141410811306
1002,77,Random,4.96141410811306
1002,78,Random,4.96141410811306
1002,79,Random,4.96141410811306
1002,80,Random,4.96141410811306
1002,81,Random,4.96141410811306
1002,82,Random,4.96141410811306
1002,83,Random,4.96141410811306
1002,84,Random,4.96141410811306
1002,85,Random,4.96141410811306
1002,86,Random,4.96141410811306
1002,87,Random,4.96141410811306
1002,88,Random,4.96141410811306
1002,89,Random,4.96141410811306
1002,90,Random,4.96141410811306
1002,91,Random,4.96141410811306
1002,92,Random,4.96141410811306
1002,93,Random,4.96141410811306
1002,94,Random,4.96141410811306
1002,95,Random,4.96141410811306
1002,96,Random,4.96141410811306
1002,97,Random,4.96141410811306
1002,98,Random,4.96141410811306
1002,99,Random,4.96141410811306
1002,100,Random,4.96141410811306
1003,0,BASS-BO,4.83276729579138
1003,1,BASS-BO,4.825231007677613
1003,2,BASS-BO,4.825231007677613
1003,3,BASS-BO,4.825231007677613
1003,4,BASS-BO,4.825231007677613
1003,5,BASS-BO,4.825231007677613
1003,6,BASS-BO,4.825231007677613
1003,7,BASS-BO,4.825231007677613
1003,8,BASS-BO,4.825231007677613
1003,9,BASS-BO,4.825231007677613
1003,10,BASS-BO,4.825231007677613
1003,11,BASS-BO,4.825231007677613
1003,12,BASS-BO,4.825231007677613
1003,13,BASS-BO,4.825231007677613
1003,14,BASS-BO,4.825231007677613
1003,15,BASS-BO,4.825231007677613
1003,16,BASS-BO,4.825231007677613
1003,17,BASS-BO,4.825231007677613
1003,18,BASS-BO,4.825231007677613
1003,19,BASS-BO,4.825231007677613
1003,20,BASS-BO,4.825231007677613
1003,21,BASS-BO,4.825231007677613
1003,22,BASS-BO,4.825231007677613
1003,23,BASS-BO,4.825231007677613
1003,24,BASS-BO,4.825231007677613
1003,25,BASS-BO,4.825231007677613
1003,26,BASS-BO,4.825231007677613
1003,27,BASS-BO,4.825231007677613
1003,28,BASS-BO,4.825231007677613
1003,29,BASS-BO,4.825231007677613
1003,30,BASS-BO,4.825231007677613
1003,31,BASS-BO,4.825231007677613
1003,32,BASS-BO,4.825231007677613
1003,33,BASS-BO,4.825231007677613
1003,34,BASS-BO,4.825231007677613
1003,35,BASS-BO,4.825231007677613
1003,36,BASS-BO,4.825231007677613
1003,37,BASS-BO,4.825231007677613
1003,38,BASS-BO,4.825231007677613
1003,39,BASS-BO,4.825231007677613
1003,40,BASS-BO,4.825231007677613
1003,41,BASS-BO,4.825231007677613
1003,42,BASS-BO,4.825231007677613
1003,43,BASS-BO,4.825231007677613
1003,44,BASS-BO,4.825231007677613
1003,45,BASS-BO,4.825231007677613
1003,46,BASS-BO,4.825231007677613
1003,47,BASS-BO,4.825231007677613
1003,48,BASS-BO,4.825231007677613
1003,49,BASS-BO,4.8249960937311425
1003,50,BASS-BO,4.8249960937311425
1003,51,BASS-BO,4.8249960937311425
1003,52,BASS-BO,4.8249960937311425
1003,53,BASS-BO,4.8249960937311425
1003,54,BASS-BO,4.8249960937311425
1003,55,BASS-BO,4.8249960937311425
1003,56,BASS-BO,4.8249960937311425
1003,57,BASS-BO,4.8249960937311425
1003,58,BASS-BO,4.8249960937311425
1003,59,BASS-BO,4.8249960937311425
1003,60,BASS-BO,4.8249960937311425
1003,61,BASS-BO,4.8249960937311425
1003,62,BASS-BO,4.8249960937311425
1003,63,BASS-BO,4.8249960937311425
1003,64,BASS-BO,4.8249960937311425
1003,65,BASS-BO,4.8249960937311425
1003,66,BASS-BO,4.8249960937311425
1003,67,BASS-BO,4.8249960937311425
1003,68,BASS-BO,4.8249960937311425
1003,69,BASS-BO,4.8249916788617275
1003,70,BASS-BO,4.8249916788617275
1003,71,BASS-BO,4.8249916788617275
1003,72,BASS-BO,4.8249916788617275
1003,73,BASS-BO,4.8249916788617275
1003,74,BASS-BO,4.8249916788617275
1003,75,BASS-BO,4.8249916788617275
1003,76,BASS-BO,4.8249916788617275
1003,77,BASS-BO,4.8249916788617275
1003,78,BASS-BO,4.8249916788617275
1003,79,BASS-BO,4.8249916788617275
1003,80,BASS-BO,4.8249916788617275
1003,81,BASS-BO,4.8249916788617275
1003,82,BASS-BO,4.8249916788617275
1003,83,BASS-BO,4.8249916788617275
1003,84,BASS-BO,4.8249916788617275
1003,85,BASS-BO,4.8249916788617275
1003,86,BASS-BO,4.8249916788617275
1003,87,BASS-BO,4.8249916788617275
1003,88,BASS-BO,4.8249916788617275
1003,89,BASS-BO,4.8249916788617275
1003,90,BASS-BO,4.8249916788617275
1003,91,BASS-BO,4.8249916788617275
1003,92,BASS-BO,4.8249916788617275
1003,93,BASS-BO,4.8249916788617275
1003,94,BASS-BO,4.8249916788617275
1003,95,BASS-BO,4.8249916788617275
1003,96,BASS-BO,4.8249916788617275
1003,97,BASS-BO,4.8249916788617275
1003,98,BASS-BO,4.8249916788617275
1003,99,BASS-BO,4.8249916788617275
1003,100,BASS-BO,4.8249916788617275
1003,0,GP-BO,4.83276729579138
1003,1,GP-BO,4.83276729579138
1003,2,GP-BO,4.83276729579138
1003,3,GP-BO,4.83276729579138
1003,4,GP-BO,4.829659523847989
1003,5,GP-BO,4.829659523847989
1003,6,GP-BO,4.829659523847989
1003,7,GP-BO,4.826993230624102
1003,8,GP-BO,4.826993230624102
1003,9,GP-BO,4.826993230624102
1003,10,GP-BO,4.826993230624102
1003,11,GP-BO,4.826993230624102
1003,12,GP-BO,4.826993230624102
1003,13,GP-BO,4.826993230624102
1003,14,GP-BO,4.826993230624102
1003,15,GP-BO,4.826993230624102
1003,16,GP-BO,4.826993230624102
1003,17,GP-BO,4.826993230624102
1003,18,GP-BO,4.826993230624102
1003,19,GP-BO,4.824994121172907
1003,20,GP-BO,4.824994121172907
1003,21,GP-BO,4.824994121172907
1003,22,GP-BO,4.824994121172907
1003,23,GP-BO,4.824994121172907
1003,24,GP-BO,4.824994121172907
1003,25,GP-BO,4.824994121172907
1003,26,GP-BO,4.824994121172907
1003,27,GP-BO,4.824994121172907
1003,28,GP-BO,4.824994121172907
1003,29,GP-BO,4.824994121172907
1003,30,GP-BO,4.824994121172907
1003,31,GP-BO,4.824994121172907
1003,32,GP-BO,4.824994121172907
1003,33,GP-BO,4.824994121172907
1003,34,GP-BO,4.824994121172907
1003,35,GP-BO,4.824994121172907
1003,36,GP-BO,4.824994121172907
1003,37,GP-BO,4.824994121172907
1003,38,GP-BO,4.824994121172907
1003,39,GP-BO,4.824994121172907
1003,40,GP-BO,4.824994121172907
1003,41,GP-BO,4.824994121172907
1003,42,GP-BO,4.824994121172907
1003,43,GP-BO,4.824994121172907
1003,44,GP-BO,4.824994121172907
1003,45,GP-BO,4.824994121172907
1003,46,GP-BO,4.824994121172907
1003,47,GP-BO,4.824994121172907
1003,48,GP-BO,4.824994121172907
1003,49,GP-BO,4.824994121172907
1003,50,GP-BO,4.824994121172907
1003,51,GP-BO,4.824994121172907
1003,52,GP-BO,4.824994121172907
1003,53,GP-BO,4.824994121172907
1003,54,GP-BO,4.824994121172907
1003,55,GP-BO,4.824994121172907
1003,56,GP-BO,4.824994121172907
1003,57,GP-BO,4.824994121172907
1003,58,GP-BO,4.824994121172907
1003,59,GP-BO,4.824994121172907
1003,60,GP-BO,4.824994121172907
1003,61,GP-BO,4.824994121172907
1003,62,GP-BO,4.824994121172907
1003,63,GP-BO,4.824994121172907
1003,64,GP-BO,4.824994121172907
1003,65,GP-BO,4.824994121172907
1003,66,GP-BO,4.824994121172907
1003,67,GP-BO,4.824994121172907
1003,68,GP-BO,4.824994121172907
1003,69,GP-BO,4.824994121172907
1003,70,GP-BO,4.824994121172907
1003,71,GP-BO,4.824994121172907
1003,72,GP-BO,4.824994121172907
1003,73,GP-BO,4.824994121172907
1003,74,GP-BO,4.824994121172907
1003,75,GP-BO,4.824994121172907
1003,76,GP-BO,4.824994121172907
1003,77,GP-BO,4.824994121172907
1003,78,GP-BO,4.824994121172907
1003,79,GP-BO,4.824994121172907
1003,80,GP-BO,4.824994121172907
1003,81,GP-BO,4.824994121172907
1003,82,GP-BO,4.824994121172907
1003,83,GP-BO,4.824994121172907
1003,84,GP-BO,4.824994121172907
1003,85,GP-BO,4.824994121172907
1003,86,GP-BO,4.824994121172907
1003,87,GP-BO,4.824994121172907
1003,88,GP-BO,4.824994121172907
1003,89,GP-BO,4.824994121172907
1003,90,GP-BO,4.824994121172907
1003,91,GP-BO,4.824994121172907
1003,92,GP-BO,4.824994121172907
1003,93,GP-BO,4.824994121172907
1003,94,GP-BO,4.824994121172907
1003,95,GP-BO,4.824994121172907
1003,96,GP-BO,4.824994121172907
1003,97,GP-BO,4.824994121172907
1003,98,GP-BO,4.824994121172907
1003,99,GP-BO,4.824994121172907
1003,100,GP-BO,4.824994121172907
1003,0,Random,4.83276729579138
1003,1,Random,4.83276729579138
1003,2,Random,4.83276729579138
1003,3,Random,4.83276729579138
1003,4,Random,4.83276729579138
1003,5,Random,4.83276729579138
1003,6,Random,4.83276729579138
1003,7,Random,4.83276729579138
1003,8,Random,4.83276729579138
1003,9,Random,4.83276729579138
1003,10,Random,4.83276729579138
1003,11,Random,4.83276729579138
1003,12,Random,4.83276729579138
1003,13,Random,4.83276729579138
1003,14,Random,4.83276729579138
1003,15,Random,4.83276729579138
1003,16,Random,4.83276729579138
1003,17,Random,4.83276729579138
1003,18,Random,4.832697033786317
1003,19,Random,4.832697033786317
1003,20,Random,4.832697033786317
1003,21,Random,4.832697033786317
1003,22,Random,4.832697033786317
1003,23,Random,4.832697033786317
1003,24,Random,4.832697033786317
1003,25,Random,4.832697033786317
1003,26,Random,4.8305742572605865
1003,27,Random,4.8305742572605865
1003,28,Random,4.8305742572605865
1003,29,Random,4.8305742572605865
1003,30,Random,4.8305742572605865
1003,31,Random,4.8305742572605865
1003,32,Random,4.8305742572605865
1003,33,Random,4.8305742572605865
1003,34,Random,4.8305742572605865
1003,35,Random,4.8305742572605865
1003,36,Random,4.8305742572605865
1003,37,Random,4.8305742572605865
1003,38,Random,4.8305742572605865
1003,39,Random,4.8305742572605865
1003,40,Random,4.8305742572605865
1003,41,Random,4.8305742572605865
1003,42,Random,4.8305742572605865
1003,43,Random,4.829105071093609
1003,44,Random,4.829105071093609
1003,45,Random,4.829105071093609
1003,46,Random,4.829105071093609
1003,47,Random,4.829105071093609
1003,48,Random,4.829105071093609
1003,49,Random,4.829105071093609
1003,50,Random,4.829105071093609
1003,51,Random,4.829105071093609
1003,52,Random,4.829105071093609
1003,53,Random,4.829105071093609
1003,54,Random,4.829105071093609
1003,55,Random,4.829105071093609
1003,56,Random,4.829105071093609
1003,57,Random,4.829105071093609
1003,58,Random,4.829105071093609
1003,59,Random,4.829105071093609
1003,60,Random,4.827377386437614
1003,61,Random,4.826994748017422
1003,62,Random,4.826994748017422
1003,63,Random,4.826994748017422
1003,64,Random,4.826994748017422
1003,65,Random,4.826994748017422
1003,66,Random,4.826994748017422
1003,67,Random,4.826994748017422
1003,68,Random,4.826994748017422
1003,69,Random,4.826994748017422
1003,70,Random,4.826994748017422
1003,71,Random,4.826994748017422
1003,72,Random,4.826994748017422
1003,73,Random,4.826994748017422
1003,74,Random,4.826994748017422
1003,75,Random,4.826994748017422
1003,76,Random,4.826994748017422
1003,77,Random,4.826994748017422
1003,78,Random,4.826994748017422
1003,79,Random,4.826994748017422
1003,80,Random,4.826994748017422
1003,81,Random,4.826994748017422
1003,82,Random,4.826994748017422
1003,83,Random,4.826994748017422
1003,84,Random,4.826994748017422
1003,85,Random,4.826994748017422
1003,86,Random,4.826994748017422
1003,87,Random,4.826994748017422
1003,88,Random,4.826994748017422
1003,89,Random,4.826994748017422
1003,90,Random,4.826994748017422
1003,91,Random,4.826994748017422
1003,92,Random,4.826994748017422
1003,93,Random,4.826994748017422
1003,94,Random,4.826994748017422
1003,95,Random,4.826994748017422
1003,96,Random,4.826994748017422
1003,97,Random,4.826994748017422
1003,98,Random,4.826994748017422
1003,99,Random,4.826994748017422
1003,100,Random,4.826994748017422
1004,0,BASS-BO,5.0251109741644395
1004,1,BASS-BO,5.0251109741644395
1004,2,BASS-BO,5.0251109741644395
1004,3,BASS-BO,5.023088599286325
1004,4,BASS-BO,5.023088599286325
1004,5,BASS-BO,5.023088599286325
1004,6,BASS-BO,5.023088599286325
1004,7,BASS-BO,5.012963381224136
1004,8,BASS-BO,5.012963381224136
1004,9,BASS-BO,5.012963381224136
1004,10,BASS-BO,5.012963381224136
1004,11,BASS-BO,5.012963381224136
1004,12,BASS-BO,5.012963381224136
1004,13,BASS-BO,5.012116454688297
1004,14,BASS-BO,5.012116454688297
1004,15,BASS-BO,5.012116454688297
1004,16,BASS-BO,5.012116454688297
1004,17,BASS-BO,5.012116454688297
1004,18,BASS-BO,5.012116454688297
1004,19,BASS-BO,5.011636841825778
1004,20,BASS-BO,5.011636841825778
1004,21,BASS-BO,5.011636841825778
1004,22,BASS-BO,5.011636841825778
1004,23,BASS-BO,5.011636841825778
1004,24,BASS-BO,5.011636841825778
1004,25,BASS-BO,5.011636841825778
1004,26,BASS-BO,5.011636841825778
1004,27,BASS-BO,5.011636841825778
1004,28,BASS-BO,5.011636841825778
1004,29,BASS-BO,5.011636841825778
1004,30,BASS-BO,5.011636841825778
1004,31,BASS-BO,5.011636841825778
1004,32,BASS-BO,5.011636841825778
1004,33,BASS-BO,5.011636841825778
1004,34,BASS-BO,5.011636841825778
1004,35,BASS-BO,5.011636841825778
1004,36,BASS-BO,5.011636841825778
1004,37,BASS-BO,5.011636841825778
1004,38,BASS-BO,5.011636841825778
1004,39,BASS-BO,5.0114864479062
1004,40,BASS-BO,5.0114864479062
1004,41,BASS-BO,5.0114864479062
1004,42,BASS-BO,5.0114864479062
1004,43,BASS-BO,5.0114864479062
1004,44,BASS-BO,5.0114864479062
1004,45,BASS-BO,5.0114864479062
1004,46,BASS-BO,5.0114864479062
1004,47,BASS-BO,5.0114864479062
1004,48,BASS-BO,5.0114864479062
1004,49,BASS-BO,5.0114864479062
1004,50,BASS-BO,5.0114864479062
1004,51,BASS-BO,5.0114864479062
1004,52,BASS-BO,5.0114864479062
1004,53,BASS-BO,5.0114864479062
1004,54,BASS-BO,5.0114864479062
1004,55,BASS-BO,5.0114864479062
1004,56,BASS-BO,5.0114864479062
1004,57,BASS-BO,5.0114864479062
1004,58,BASS-BO,5.0114864479062
1004,59,BASS-BO,5.0114864479062
1004,60,BASS-BO,5.0114864479062
1004,61,BASS-BO,5.0114864479062
1004,62,BASS-BO,5.0114864479062
1004,63,BASS-BO,5.0114864479062
1004,64,BASS-BO,5.0114864479062
1004,65,BASS-BO,5.0114864479062
1004,66,BASS-BO,5.0114864479062
1004,67,BASS-BO,5.0114864479062
1004,68,BASS-BO,5.0114864479062
1004,69,BASS-BO,5.0114864479062
1004,70,BASS-BO,5.0114864479062
1004,71,BASS-BO,5.0114864479062
1004,72,BASS-BO,5.0114864479062
1004,73,BASS-BO,5.0114864479062
1004,74,BASS-BO,5.0114864479062
1004,75,BASS-BO,5.0114864479062
1004,76,BASS-BO,5.0114864479062
1004,77,BASS-BO,5.0114864479062
1004,78,BASS-BO,5.011453977453832
1004,79,BASS-BO,5.011453977453832
1004,80,BASS-BO,5.011453977453832
1004,81,BASS-BO,5.011453977453832
1004,82,BASS-BO,5.011453977453832
1004,83,BASS-BO,5.011453977453832
1004,84,BASS-BO,5.011453977453832
1004,85,BASS-BO,5.011453977453832
1004,86,BASS-BO,5.011453977453832
1004,87,BASS-BO,5.011453977453832
1004,88,BASS-BO,5.011410259513443
1004,89,BASS-BO,5.011410259513443
1004,90,BASS-BO,5.011410259513443
1004,91,BASS-BO,5.011410259513443
1004,92,BASS-BO,5.011410259513443
1004,93,BASS-BO,5.011410259513443
1004,94,BASS-BO,5.011410259513443
1004,95,BASS-BO,5.011410259513443
1004,96,BASS-BO,5.011410259513443
1004,97,BASS-BO,5.011410259513443
1004,98,BASS-BO,5.011410259513443
1004,99,BASS-BO,5.011410259513443
1004,100,BASS-BO,5.011410259513443
1004,0,GP-BO,5.0251109741644395
1004,1,GP-BO,5.0251109741644395
1004,2,GP-BO,5.0251109741644395
1004,3,GP-BO,5.0251109741644395
1004,4,GP-BO,5.0251109741644395
1004,5,GP-BO,5.0251109741644395
1004,6,GP-BO,5.0251109741644395
1004,7,GP-BO,5.0251109741644395
1004,8,GP-BO,5.016170088943384
1004,9,GP-BO,5.016170088943384
1004,10,GP-BO,5.016170088943384
1004,11,GP-BO,5.016170088943384
1004,12,GP-BO,5.016170088943384
1004,13,GP-BO,5.016170088943384
1004,14,GP-BO,5.016170088943384
1004,15,GP-BO,5.012502606913785
1004,16,GP-BO,5.012502606913785
1004,17,GP-BO,5.012502606913785
1004,18,GP-BO,5.012502606913785
1004,19,GP-BO,5.012502606913785
1004,20,GP-BO,5.012502606913785
1004,21,GP-BO,5.012502606913785
1004,22,GP-BO,5.012502606913785
1004,23,GP-BO,5.012502606913785
1004,24,GP-BO,5.012502606913785
1004,25,GP-BO,5.012502606913785
1004,26,GP-BO,5.012502606913785
1004,27,GP-BO,5.012502606913785
1004,28,GP-BO,5.0114142247675995
1004,29,GP-BO,5.0114142247675995
1004,30,GP-BO,5.0114142247675995
1004,31,GP-BO,5.0114142247675995
1004,32,GP-BO,5.0114142247675995
1004,33,GP-BO,5.0114142247675995
1004,34,GP-BO,5.0114142247675995
1004,35,GP-BO,5.0114142247675995
1004,36,GP-BO,5.0114142247675995
1004,37,GP-BO,5.0114142247675995
1004,38,GP-BO,5.0114142247675995
1004,39,GP-BO,5.011408058522211
1004,40,GP-BO,5.011408058522211
1004,41,GP-BO,5.011408058522211
1004,42,GP-BO,5.011408058522211
1004,43,GP-BO,5.011408058522211
1004,44,GP-BO,5.011408058522211
1004,45,GP-BO,5.011408058522211
1004,46,GP-BO,5.011408058522211
1004,47,GP-BO,5.011408058522211
1004,48,GP-BO,5.011408058522211
1004,49,GP-BO,5.011408058522211
1004,50,GP-BO,5.011408058522211
1004,51,GP-BO,5.011408058522211
1004,52,GP-BO,5.011390069340723
1004,53,GP-BO,5.011390069340723
1004,54,GP-BO,5.011390069340723
1004,55,GP-BO,5.011390069340723
1004,56,GP-BO,5.011390069340723
1004,57,GP-BO,5.011390069340723
1004,58,GP-BO,5.011390069340723
1004,59,GP-BO,5.011390069340723
1004,60,GP-BO,5.011390069340723
1004,61,GP-BO,5.011390069340723
1004,62,GP-BO,5.011390069340723
1004,63,GP-BO,5.011390069340723
1004,64,GP-BO,5.011390069340723
1004,65,GP-BO,5.011390069340723
1004,66,GP-BO,5.011390069340723
1004,67,GP-BO,5.011390069340723
1004,68,GP-BO,5.011390069340723
1004,69,GP-BO,5.011390069340723
1004,70,GP-BO,5.011390069340723
1004,71,GP-BO,5.011390069340723
1004,72,GP-BO,5.011390069340723
1004,73,GP-BO,5.011390069340723
1004,74,GP-BO,5.011390069340723
1004,75,GP-BO,5.011390069340723
1004,76,GP-BO,5.011390069340723
1004,77,GP-BO,5.011390069340723
1004,78,GP-BO,5.011390069340723
1004,79,GP-BO,5.011390069340723
1004,80,GP-BO,5.011390069340723
1004,81,GP-BO,5.011390069340723
1004,82,GP-BO,5.011390069340723
1004,83,GP-BO,5.011390069340723
1004,84,GP-BO,5.011390069340723
1004,85,GP-BO,5.011390069340723
1004,86,GP-BO,5.011390069340723
1004,87,GP-BO,5.011390069340723
1004,88,GP-BO,5.011390069340723
1004,89,GP-BO,5.011390069340723
1004,90,GP-BO,5.011390069340723
1004,91,GP-BO,5.011390069340723
1004,92,GP-BO,5.011390069340723
1004,93,GP-BO,5.011390069340723
1004,94,GP-BO,5.011390069340723
1004,95,GP-BO,5.011390069340723
1004,96,GP-BO,5.011390069340723
1004,97,GP-BO,5.011390069340723
1004,98,GP-BO,5.011390069340723
1004,99,GP-BO,5.011390069340723
1004,100,GP-BO,5.011390069340723
1004,0,Random,5.0251109741644395
1004,1,Random,5.0251109741644395
1004,2,Random,5.0251109741644395
1004,3,Random,5.0251109741644395
1004,4,Random,5.0251109741644395
1004,5,Random,5.0251109741644395
1004,6,Random,5.0251109741644395
1004,7,Random,5.024046926205676
1004,8,Random,5.024046926205676
1004,9,Random,5.024046926205676
1004,10,Random,5.024046926205676
1004,11,Random,5.024046926205676
1004,12,Random,5.024046926205676
1004,13,Random,5.024046926205676
1004,14,Random,5.024046926205676
1004,15,Random,5.024046926205676
1004,16,Random,5.024046926205676
1004,17,Random,5.024046926205676
1004,18,Random,5.024046926205676
1004,19,Random,5.024046926205676
1004,20,Random,5.024046926205676
1004,21,Random,5.024046926205676
1004,22,Random,5.024046926205676
1004,23,Random,5.024046926205676
1004,24,Random,5.024046926205676
1004,25,Random,5.024046926205676
1004,26,Random,5.024046926205676
1004,27,Random,5.024046926205676
1004,28,Random,5.024046926205676
1004,29,Random,5.024046926205676
1004,30,Random,5.024046926205676
1004,31,Random,5.024046926205676
1004,32,Random,5.024046926205676
1004,33,Random,5.024046926205676
1004,34,Random,5.024046926205676
1004,35,Random,5.024046926205676
1004,36,Random,5.024046926205676
1004,37,Random,5.024046926205676
1004,38,Random,5.024046926205676
1004,39,Random,5.024046926205676
1004,40,Random,5.024046926205676
1004,41,Random,5.024046926205676
1004,42,Random,5.024046926205676
1004,43,Random,5.024046926205676
1004,44,Random,5.024046926205676
1004,45,Random,5.024046926205676
1004,46,Random,5.024046926205676
1004,47,Random,5.024046926205676
1004,48,Random,5.024046926205676
1004,49,Random,5.024046926205676
1004,50,Random,5.024046926205676
1004,51,Random,5.024046926205676
1004,52,Random,5.024046926205676
1004,53,Random,5.024046926205676
1004,54,Random,5.024046926205676
1004,55,Random,5.024046926205676
1004,56,Random,5.024046926205676
1004,57,Random,5.024046926205676
1004,58,Random,5.024046926205676
1004,59,Random,5.024046926205676
1004,60,Random,5.024046926205676
1004,61,Random,5.024046926205676
1004,62,Random,5.024046926205676
1004,63,Random,5.024046926205676
1004,64,Random,5.024046926205676
1004,65,Random,5.024046926205676
1004,66,Random,5.024046926205676
1004,67,Random,5.024046926205676
1004,68,Random,5.024046926205676
1004,69,Random,5.024046926205676
1004,70,Random,5.024046926205676
1004,71,Random,5.024046926205676
1004,72,Random,5.024046926205676
1004,73,Random,5.024046926205676
1004,74,Random,5.024046926205676
1004,75,Random,5.024046926205676
1004,76,Random,5.024046926205676
1004,77,Random,5.024046926205676
1004,78,Random,5.024046926205676
1004,79,Random,5.024046926205676
1004,80,Random,5.024046926205676
1004,81,Random,5.024046926205676
1004,82,Random,5.024046926205676
1004,83,Random,5.024046926205676
1004,84,Random,5.024046926205676
1004,85,Random,5.024046926205676
1004,86,Random,5.024046926205676
1004,87,Random,5.024046926205676
1004,88,Random,5.024046926205676
1004,89,Random,5.024046926205676
1004,90,Random,5.024046926205676
1004,91,Random,5.024046926205676
1004,92,Random,5.024046926205676
1004,93,Random,5.024046926205676
1004,94,Random,5.023730132423321
1004,95,Random,5.023730132423321
1004,96,Random,5.023730132423321
1004,97,Random,5.023730132423321
1004,98,Random,5.023730132423321
1004,99,Random,5.023730132423321
1004,100,Random,5.023730132423321
1005,0,BASS-BO,4.731012939928561
1005,1,BASS-BO,4.731012939928561
1005,2,BASS-BO,4.731012939928561
1005,3,BASS-BO,4.731012939928561
1005,4,BASS-BO,4.731012939928561
1005,5,BASS-BO,4.731012939928561
1005,6,BASS-BO,4.731012939928561
1005,7,BASS-BO,4.731012939928561
1005,8,BASS-BO,4.730750805478531
1005,9,BASS-BO,4.730750805478531
1005,10,BASS-BO,4.730750805478531
1005,11,BASS-BO,4.730750805478531
1005,12,BASS-BO,4.730750805478531
1005,13,BASS-BO,4.730750805478531
1005,14,BASS-BO,4.730750805478531
1005,15,BASS-BO,4.730681898041541
1005,16,BASS-BO,4.7304223959793505
1005,17,BASS-BO,4.729289776774965
1005,18,BASS-BO,4.729289776774965
1005,19,BASS-BO,4.729289776774965
1005,20,BASS-BO,4.729256122853145
1005,21,BASS-BO,4.729256122853145
1005,22,BASS-BO,4.729256122853145
1005,23,BASS-BO,4.729256122853145
1005,24,BASS-BO,4.729256122853145
1005,25,BASS-BO,4.729256122853145
1005,26,BASS-BO,4.729256122853145
1005,27,BASS-BO,4.729256122853145
1005,28,BASS-BO,4.729256122853145
1005,29,BASS-BO,4.729256122853145
1005,30,BASS-BO,4.729256122853145
1005,31,BASS-BO,4.729256122853145
1005,32,BASS-BO,4.729256122853145
1005,33,BASS-BO,4.729256122853145
1005,34,BASS-BO,4.729256122853145
1005,35,BASS-BO,4.729256122853145
1005,36,BASS-BO,4.729256122853145
1005,37,BASS-BO,4.729256122853145
1005,38,BASS-BO,4.729256122853145
1005,39,BASS-BO,4.729256122853145
1005,40,BASS-BO,4.729256122853145
1005,41,BASS-BO,4.729244383461747
1005,42,BASS-BO,4.729244383461747
1005,43,BASS-BO,4.729244383461747
1005,44,BASS-BO,4.729244383461747
1005,45,BASS-BO,4.729244383461747
1005,46,BASS-BO,4.729244383461747
1005,47,BASS-BO,4.729244383461747
1005,48,BASS-BO,4.729244383461747
1005,49,BASS-BO,4.729244383461747
1005,50,BASS-BO,4.729244383461747
1005,51,BASS-BO,4.729244383461747
1005,52,BASS-BO,4.729244383461747
1005,53,BASS-BO,4.729244383461747
1005,54,BASS-BO,4.729244383461747
1005,55,BASS-BO,4.729244383461747
1005,56,BASS-BO,4.729244383461747
1005,57,BASS-BO,4.729244383461747
1005,58,BASS-BO,4.729244383461747
1005,59,BASS-BO,4.729244383461747
1005,60,BASS-BO,4.729244383461747
1005,61,BASS-BO,4.729244383461747
1005,62,BASS-BO,4.729244383461747
1005,63,BASS-BO,4.729244383461747
1005,64,BASS-BO,4.729244383461747
1005,65,BASS-BO,4.729244383461747
1005,66,BASS-BO,4.729244383461747
1005,67,BASS-BO,4.729244383461747
1005,68,BASS-BO,4.729244383461747
1005,69,BASS-BO,4.729244383461747
1005,70,BASS-BO,4.729244383461747
1005,71,BASS-BO,4.729244383461747
1005,72,BASS-BO,4.729244383461747
1005,73,BASS-BO,4.729244383461747
1005,74,BASS-BO,4.729244383461747
1005,75,BASS-BO,4.729244383461747
1005,76,BASS-BO,4.729244383461747
1005,77,BASS-BO,4.729244383461747
1005,78,BASS-BO,4.729244383461747
1005,79,BASS-BO,4.729244383461747
1005,80,BASS-BO,4.729244383461747
1005,81,BASS-BO,4.729244383461747
1005,82,BASS-BO,4.729244383461747
1005,83,BASS-BO,4.729244383461747
1005,84,BASS-BO,4.729244383461747
1005,85,BASS-BO,4.729244383461747
1005,86,BASS-BO,4.729244383461747
1005,87,BASS-BO,4.729244383461747
1005,88,BASS-BO,4.729244383461747
1005,89,BASS-BO,4.729244383461747
1005,90,BASS-BO,4.729244383461747
1005,91,BASS-BO,4.729244383461747
1005,92,BASS-BO,4.729244383461747
1005,93,BASS-BO,4.729244383461747
1005,94,BASS-BO,4.729244383461747
1005,95,BASS-BO,4.729244383461747
1005,96,BASS-BO,4.729244383461747
1005,97,BASS-BO,4.729244383461747
1005,98,BASS-BO,4.729244383461747
1005,99,BASS-BO,4.729244383461747
1005,100,BASS-BO,4.729244383461747
1005,0,GP-BO,4.731012939928561
1005,1,GP-BO,4.731012939928561
1005,2,GP-BO,4.731012939928561
1005,3,GP-BO,4.731012939928561
1005,4,GP-BO,4.731012939928561
1005,5,GP-BO,4.731012939928561
1005,6,GP-BO,4.731012939928561
1005,7,GP-BO,4.731012939928561
1005,8,GP-BO,4.731012939928561
1005,9,GP-BO,4.731012939928561
1005,10,GP-BO,4.731012939928561
1005,11,GP-BO,4.731012939928561
1005,12,GP-BO,4.731012939928561
1005,13,GP-BO,4.731012939928561
1005,14,GP-BO,4.731012939928561
1005,15,GP-BO,4.731012939928561
1005,16,GP-BO,4.731012939928561
1005,17,GP-BO,4.731012939928561
1005,18,GP-BO,4.731012939928561
1005,19,GP-BO,4.731012939928561
1005,20,GP-BO,4.731012939928561
1005,21,GP-BO,4.731012939928561
1005,22,GP-BO,4.731012939928561
1005,23,GP-BO,4.731012939928561
1005,24,GP-BO,4.730771337356724
1005,25,GP-BO,4.730771337356724
1005,26,GP-BO,4.730771337356724
1005,27,GP-BO,4.730771337356724
1005,28,GP-BO,4.730771337356724
1005,29,GP-BO,4.730771337356724
1005,30,GP-BO,4.730771337356724
1005,31,GP-BO,4.730771337356724
1005,32,GP-BO,4.730771337356724
1005,33,GP-BO,4.730771337356724
1005,34,GP-BO,4.730771337356724
1005,35,GP-BO,4.730771337356724
1005,36,GP-BO,4.730771337356724
1005,37,GP-BO,4.730771337356724
1005,38,GP-BO,4.730771337356724
1005,39,GP-BO,4.730771337356724
1005,40,GP-BO,4.730771337356724
1005,41,GP-BO,4.730771337356724
1005,42,GP-BO,4.730771337356724
1005,43,GP-BO,4.730439570431228
1005,44,GP-BO,4.730439570431228
1005,45,GP-BO,4.730439570431228
1005,46,GP-BO,4.730439570431228
1005,47,GP-BO,4.729315890986352
1005,48,GP-BO,4.729315890986352
1005,49,GP-BO,4.729315890986352
1005,50,GP-BO,4.729315890986352
1005,51,GP-BO,4.729315890986352
1005,52,GP-BO,4.729315890986352
1005,53,GP-BO,4.729315890986352
1005,54,GP-BO,4.729315890986352
1005,55,GP-BO,4.729315890986352
1005,56,GP-BO,4.729315890986352
1005,57,GP-BO,4.729315890986352
1005,58,GP-BO,4.729315890986352
1005,59,GP-BO,4.729315890986352
1005,60,GP-BO,4.729315890986352
1005,61,GP-BO,4.729315890986352
1005,62,GP-BO,4.729315890986352
1005,63,GP-BO,4.729315890986352
1005,64,GP-BO,4.729315890986352
1005,65,GP-BO,4.7292168096444005
1005,66,GP-BO,4.7292168096444005
1005,67,GP-BO,4.7292168096444005
1005,68,GP-BO,4.7292168096444005
1005,69,GP-BO,4.7292168096444005
1005,70,GP-BO,4.7292168096444005
1005,71,GP-BO,4.7292168096444005
1005,72,GP-BO,4.7292168096444005
1005,73,GP-BO,4.7292168096444005
1005,74,GP-BO,4.7292168096444005
1005,75,GP-BO,4.7292168096444005
1005,76,GP-BO,4.7292168096444005
1005,77,GP-BO,4.7292168096444005
1005,78,GP-BO,4.7292168096444005
1005,79,GP-BO,4.7292168096444005
1005,80,GP-BO,4.7292168096444005
1005,81,GP-BO,4.7292168096444005
1005,82,GP-BO,4.7292168096444005
1005,83,GP-BO,4.7292168096444005
1005,84,GP-BO,4.7292168096444005
1005,85,GP-BO,4.7292168096444005
1005,86,GP-BO,4.7292168096444005
1005,87,GP-BO,4.7292168096444005
1005,88,GP-BO,4.7292168096444005
1005,89,GP-BO,4.7292168096444005
1005,90,GP-BO,4.7292168096444005
1005,91,GP-BO,4.7292168096444005
1005,92,GP-BO,4.7292168096444005
1005,93,GP-BO,4.7292168096444005
1005,94,GP-BO,4.7292168096444005
1005,95,GP-BO,4.7292168096444005
1005,96,GP-BO,4.7292168096444005
1005,97,GP-BO,4.7292168096444005
1005,98,GP-BO,4.7292168096444005
1005,99,GP-BO,4.7292168096444005
1005,100,GP-BO,4.7292168096444005
1005,0,Random,4.731012939928561
1005,1,Random,4.731012939928561
1005,2,Random,4.731012939928561
1005,3,Random,4.731012939928561
1005,4,Random,4.731012939928561
1005,5,Random,4.731012939928561
1005,6,Random,4.731012939928561
1005,7,Random,4.731012939928561
1005,8,Random,4.73004254476452
1005,9,Random,4.73004254476452
1005,10,Random,4.73004254476452
1005,11,Random,4.73004254476452
1005,12,Random,4.73004254476452
1005,13,Random,4.73004254476452
1005,14,Random,4.73004254476452
1005,15,Random,4.73004254476452
1005,16,Random,4.73004254476452
1005,17,Random,4.73004254476452
1005,18,Random,4.73004254476452
1005,19,Random,4.73004254476452
1005,20,Random,4.73004254476452
1005,21,Random,4.73004254476452
1005,22,Random,4.73004254476452
1005,23,Random,4.73004254476452
1005,24,Random,4.73004254476452
1005,25,Random,4.73004254476452
1005,26,Random,4.73004254476452
1005,27,Random,4.73004254476452
1005,28,Random,4.73004254476452
1005,29,Random,4.73004254476452
1005,30,Random,4.73004254476452
1005,31,Random,4.73004254476452
1005,32,Random,4.73004254476452
1005,33,Random,4.73004254476452
1005,34,Random,4.73004254476452
1005,35,Random,4.73004254476452
1005,36,Random,4.73004254476452
1005,37,Random,4.73004254476452
1005,38,Random,4.73004254476452
1005,39,Random,4.73004254476452
1005,40,Random,4.73004254476452
1005,41,Random,4.73004254476452
1005,42,Random,4.73004254476452
1005,43,Random,4.73004254476452
1005,44,Random,4.73004254476452
1005,45,Random,4.73004254476452
1005,46,Random,4.73004254476452
1005,47,Random,4.73004254476452
1005,48,Random,4.73004254476452
1005,49,Random,4.73004254476452
1005,50,Random,4.73004254476452
1005,51,Random,4.73004254476452
1005,52,Random,4.73004254476452
1005,53,Random,4.73004254476452
1005,54,Random,4.73004254476452
1005,55,Random,4.73004254476452
1005,56,Random,4.73004254476452
1005,57,Random,4.73004254476452
1005,58,Random,4.73004254476452
1005,59,Random,4.73004254476452
1005,60,Random,4.73004254476452
1005,61,Random,4.73004254476452
1005,62,Random,4.73004254476452
1005,63,Random,4.73004254476452
1005,64,Random,4.73004254476452
1005,65,Random,4.73004254476452
1005,66,Random,4.73004254476452
1005,67,Random,4.73004254476452
1005,68,Random,4.73004254476452
1005,69,Random,4.73004254476452
1005,70,Random,4.73004254476452
1005,71,Random,4.73004254476452
1005,72,Random,4.73004254476452
1005,73,Random,4.73004254476452
1005,74,Random,4.73004254476452
1005,75,Random,4.73004254476452
1005,76,Random,4.73004254476452
1005,77,Random,4.73004254476452
1005,78,Random,4.73004254476452
1005,79,Random,4.73004254476452
1005,80,Random,4.73004254476452
1005,81,Random,4.73004254476452
1005,82,Random,4.73004254476452
1005,83,Random,4.73004254476452
1005,84,Random,4.73004254476452
1005,85,Random,4.73004254476452
1005,86,Random,4.73004254476452
1005,87,Random,4.73004254476452
1005,88,Random,4.73004254476452
1005,89,Random,4.73004254476452
1005,90,Random,4.73004254476452
1005,91,Random,4.73004254476452
1005,92,Random,4.73004254476452
1005,93,Random,4.73004254476452
1005,94,Random,4.73004254476452
1005,95,Random,4.73004254476452
1005,96,Random,4.73004254476452
1005,97,Random,4.73004254476452
1005,98,Random,4.73004254476452
1005,99,Random,4.73004254476452
1005,100,Random,4.73004254476452
1006,0,BASS-BO,4.891441674377877
1006,1,BASS-BO,4.891441674377877
1006,2,BASS-BO,4.891441674377877
1006,3,BASS-BO,4.891441674377877
1006,4,BASS-BO,4.891441674377877
1006,5,BASS-BO,4.891441674377877
1006,6,BASS-BO,4.891441674377877
1006,7,BASS-BO,4.891441674377877
1006,8,BASS-BO,4.891441674377877
1006,9,BASS-BO,4.891441674377877
1006,10,BASS-BO,4.891441674377877
1006,11,BASS-BO,4.891441674377877
1006,12,BASS-BO,4.891441674377877
1006,13,BASS-BO,4.888546151868837
1006,14,BASS-BO,4.888546151868837
1006,15,BASS-BO,4.888546151868837
1006,16,BASS-BO,4.888546151868837
1006,17,BASS-BO,4.888546151868837
1006,18,BASS-BO,4.888546151868837
1006,19,BASS-BO,4.888546151868837
1006,20,BASS-BO,4.8884904065188906
1006,21,BASS-BO,4.8884904065188906
1006,22,BASS-BO,4.8884904065188906
1006,23,BASS-BO,4.8884904065188906
1006,24,BASS-BO,4.8884904065188906
1006,25,BASS-BO,4.8884904065188906
1006,26,BASS-BO,4.8884904065188906
1006,27,BASS-BO,4.8884904065188906
1006,28,BASS-BO,4.8884904065188906
1006,29,BASS-BO,4.8884904065188906
1006,30,BASS-BO,4.8884814106589705
1006,31,BASS-BO,4.888481244947731
1006,32,BASS-BO,4.888481244947731
1006,33,BASS-BO,4.888481244947731
1006,34,BASS-BO,4.888481244947731
1006,35,BASS-BO,4.888481244947731
1006,36,BASS-BO,4.888481244947731
1006,37,BASS-BO,4.888481244947731
1006,38,BASS-BO,4.888481244947731
1006,39,BASS-BO,4.888481244947731
1006,40,BASS-BO,4.888481244947731
1006,41,BASS-BO,4.888481244947731
1006,42,BASS-BO,4.888481244947731
1006,43,BASS-BO,4.888481244947731
1006,44,BASS-BO,4.888481244947731
1006,45,BASS-BO,4.888481244947731
1006,46,BASS-BO,4.888481244947731
1006,47,BASS-BO,4.888481244947731
1006,48,BASS-BO,4.888481244947731
1006,49,BASS-BO,4.888481244947731
1006,50,BASS-BO,4.888481244947731
1006,51,BASS-BO,4.888481244947731
1006,52,BASS-BO,4.888481244947731
1006,53,BASS-BO,4.888481244947731
1006,54,BASS-BO,4.888481244947731
1006,55,BASS-BO,4.888481244947731
1006,56,BASS-BO,4.888481244947731
1006,57,BASS-BO,4.888481244947731
1006,58,BASS-BO,4.888481244947731
1006,59,BASS-BO,4.888481244947731
1006,60,BASS-BO,4.888481244947731
1006,61,BASS-BO,4.888481244947731
1006,62,BASS-BO,4.888481244947731
1006,63,BASS-BO,4.888481244947731
1006,64,BASS-BO,4.888481244947731
1006,65,BASS-BO,4.888481244947731
1006,66,BASS-BO,4.888481244947731
1006,67,BASS-BO,4.888481244947731
1006,68,BASS-BO,4.888481244947731
1006,69,BASS-BO,4.888481244947731
1006,70,BASS-BO,4.888481244947731
1006,71,BASS-BO,4.888481244947731
1006,72,BASS-BO,4.888481244947731
1006,73,BASS-BO,4.888481244947731
1006,74,BASS-BO,4.888481244947731
1006,75,BASS-BO,4.888481244947731
1006,76,BASS-BO,4.888481244947731
1006,77,BASS-BO,4.888481244947731
1006,78,BASS-BO,4.888481244947731
1006,79,BASS-BO,4.888481244947731
1006,80,BASS-BO,4.888481244947731
1006,81,BASS-BO,4.888481244947731
1006,82,BASS-BO,4.888481244947731
1006,83,BASS-BO,4.888481244947731
1006,84,BASS-BO,4.888481244947731
1006,85,BASS-BO,4.888481244947731
1006,86,BASS-BO,4.888481244947731
1006,87,BASS-BO,4.888481244947731
1006,88,BASS-BO,4.888481244947731
1006,89,BASS-BO,4.888481244947731
1006,90,BASS-BO,4.888481244947731
1006,91,BASS-BO,4.888481244947731
1006,92,BASS-BO,4.888481244947731
1006,93,BASS-BO,4.888481244947731
1006,94,BASS-BO,4.888481244947731
1006,95,BASS-BO,4.888481244947731
1006,96,BASS-BO,4.888481244947731
1006,97,BASS-BO,4.888481244947731
1006,98,BASS-BO,4.888481244947731
1006,99,BASS-BO,4.888481244947731
1006,100,BASS-BO,4.888481244947731
1006,0,GP-BO,4.891441674377877
1006,1,GP-BO,4.88964936676206
1006,2,GP-BO,4.88964936676206
1006,3,GP-BO,4.88964936676206
1006,4,GP-BO,4.88964936676206
1006,5,GP-BO,4.88964936676206
1006,6,GP-BO,4.88964936676206
1006,7,GP-BO,4.88964936676206
1006,8,GP-BO,4.88964936676206
1006,9,GP-BO,4.88964936676206
1006,10,GP-BO,4.88964936676206
1006,11,GP-BO,4.88964936676206
1006,12,GP-BO,4.88964936676206
1006,13,GP-BO,4.88964936676206
1006,14,GP-BO,4.88964936676206
1006,15,GP-BO,4.88964936676206
1006,16,GP-BO,4.88964936676206
1006,17,GP-BO,4.88964936676206
1006,18,GP-BO,4.88964936676206
1006,19,GP-BO,4.88964936676206
1006,20,GP-BO,4.88964936676206
1006,21,GP-BO,4.88964936676206
1006,22,GP-BO,4.888488590709453
1006,23,GP-BO,4.888488590709453
1006,24,GP-BO,4.888488590709453
1006,25,GP-BO,4.888488590709453
1006,26,GP-BO,4.888488590709453
1006,27,GP-BO,4.888488590709453
1006,28,GP-BO,4.888488590709453
1006,29,GP-BO,4.888488590709453
1006,30,GP-BO,4.888488590709453
1006,31,GP-BO,4.888488590709453
1006,32,GP-BO,4.888469560862992
1006,33,GP-BO,4.888469560862992
1006,34,GP-BO,4.888469560862992
1006,35,GP-BO,4.888469560862992
1006,36,GP-BO,4.888469560862992
1006,37,GP-BO,4.888469560862992
1006,38,GP-BO,4.888469560862992
1006,39,GP-BO,4.888469560862992
1006,40,GP-BO,4.888469560862992
1006,41,GP-BO,4.888469560862992
1006,42,GP-BO,4.888469560862992
1006,43,GP-BO,4.888469560862992
1006,44,GP-BO,4.888469560862992
1006,45,GP-BO,4.888469560862992
1006,46,GP-BO,4.888469560862992
1006,47,GP-BO,4.888469560862992
1006,48,GP-BO,4.888469560862992
1006,49,GP-BO,4.888469560862992
1006,50,GP-BO,4.888469560862992
1006,51,GP-BO,4.888469560862992
1006,52,GP-BO,4.888469560862992
1006,53,GP-BO,4.888469560862992
1006,54,GP-BO,4.888469560862992
1006,55,GP-BO,4.888469560862992
1006,56,GP-BO,4.888469560862992
1006,57,GP-BO,4.888469560862992
1006,58,GP-BO,4.888469560862992
1006,59,GP-BO,4.888469560862992
1006,60,GP-BO,4.888469560862992
1006,61,GP-BO,4.888469560862992
1006,62,GP-BO,4.888469560862992
1006,63,GP-BO,4.888469560862992
1006,64,GP-BO,4.888469560862992
1006,65,GP-BO,4.888469560862992
1006,66,GP-BO,4.888469560862992
1006,67,GP-BO,4.888469560862992
1006,68,GP-BO,4.888469560862992
1006,69,GP-BO,4.888469560862992
1006,70,GP-BO,4.888469560862992
1006,71,GP-BO,4.888469560862992
1006,72,GP-BO,4.888469560862992
1006,73,GP-BO,4.888469560862992
1006,74,GP-BO,4.888469560862992
1006,75,GP-BO,4.888469560862992
1006,76,GP-BO,4.888461327297944
1006,77,GP-BO,4.888461327297944
1006,78,GP-BO,4.888461327297944
1006,79,GP-BO,4.888461327297944
1006,80,GP-BO,4.888461327297944
1006,81,GP-BO,4.888461327297944
1006,82,GP-BO,4.888461327297944
1006,83,GP-BO,4.888461327297944
1006,84,GP-BO,4.888461327297944
1006,85,GP-BO,4.888461327297944
1006,86,GP-BO,4.888461327297944
1006,87,GP-BO,4.888461327297944
1006,88,GP-BO,4.888461327297944
1006,89,GP-BO,4.888461327297944
1006,90,GP-BO,4.888461327297944
1006,91,GP-BO,4.888461327297944
1006,92,GP-BO,4.888461327297944
1006,93,GP-BO,4.888461327297944
1006,94,GP-BO,4.888461327297944
1006,95,GP-BO,4.888461327297944
1006,96,GP-BO,4.888461327297944
1006,97,GP-BO,4.888461327297944
1006,98,GP-BO,4.888461327297944
1006,99,GP-BO,4.888461327297944
1006,100,GP-BO,4.888461327297944
1006,0,Random,4.891441674377877
1006,1,Random,4.891441674377877
1006,2,Random,4.891441674377877
1006,3,Random,4.891441674377877
1006,4,Random,4.891441674377877
1006,5,Random,4.891441674377877
1006,6,Random,4.891441674377877
1006,7,Random,4.891441674377877
1006,8,Random,4.891441674377877
1006,9,Random,4.891441674377877
1006,10,Random,4.891441674377877
1006,11,Random,4.8901315387049795
1006,12,Random,4.8901315387049795
1006,13,Random,4.8901315387049795
1006,14,Random,4.8901315387049795
1006,15,Random,4.8901315387049795
1006,16,Random,4.8901315387049795
1006,17,Random,4.8901315387049795
1006,18,Random,4.8901315387049795
1006,19,Random,4.8901315387049795
1006,20,Random,4.8901315387049795
1006,21,Random,4.8901315387049795
1006,22,Random,4.8901315387049795
1006,23,Random,4.8901315387049795
1006,24,Random,4.8901315387049795
1006,25,Random,4.8901315387049795
1006,26,Random,4.8901315387049795
1006,27,Random,4.8901315387049795
1006,28,Random,4.8901315387049795
1006,29,Random,4.8901315387049795
1006,30,Random,4.8901315387049795
1006,31,Random,4.8901315387049795
1006,32,Random,4.8901315387049795
1006,33,Random,4.8901315387049795
1006,34,Random,4.8901315387049795
1006,35,Random,4.8901315387049795
1006,36,Random,4.8901315387049795
1006,37,Random,4.8901315387049795
1006,38,Random,4.8901315387049795
1006,39,Random,4.8901315387049795
1006,40,Random,4.8901315387049795
1006,41,Random,4.8901315387049795
1006,42,Random,4.8901315387049795
1006,43,Random,4.8901315387049795
1006,44,Random,4.8901315387049795
1006,45,Random,4.8901315387049795
1006,46,Random,4.8901315387049795
1006,47,Random,4.8901315387049795
1006,48,Random,4.8901315387049795
1006,49,Random,4.8901315387049795
1006,50,Random,4.8901315387049795
1006,51,Random,4.8901315387049795
1006,52,Random,4.8901315387049795
1006,53,Random,4.8901315387049795
1006,54,Random,4.8901315387049795
1006,55,Random,4.8901315387049795
1006,56,Random,4.8901315387049795
1006,57,Random,4.8901315387049795
1006,58,Random,4.8901315387049795
1006,59,Random,4.8901315387049795
1006,60,Random,4.8901315387049795
1006,61,Random,4.8901315387049795
1006,62,Random,4.8901315387049795
1006,63,Random,4.8901315387049795
1006,64,Random,4.8901315387049795
1006,65,Random,4.8901315387049795
1006,66,Random,4.8901315387049795
1006,67,Random,4.8901315387049795
1006,68,Random,4.8901315387049795
1006,69,Random,4.8901315387049795
1006,70,Random,4.8901315387049795
1006,71,Random,4.8901315387049795
1006,72,Random,4.8901315387049795
1006,73,Random,4.8901315387049795
1006,74,Random,4.8901315387049795
1006,75,Random,4.8901315387049795
1006,76,Random,4.8901315387049795
1006,77,Random,4.8901315387049795
1006,78,Random,4.8901315387049795
1006,79,Random,4.8901315387049795
1006,80,Random,4.8901315387049795
1006,81,Random,4.8901315387049795
1006,82,Random,4.8901315387049795
1006,83,Random,4.8901315387049795
1006,84,Random,4.8901315387049795
1006,85,Random,4.8901315387049795
1006,86,Random,4.8901315387049795
1006,87,Random,4.8901315387049795
1006,88,Random,4.8901315387049795
1006,89,Random,4.8901315387049795
1006,90,Random,4.8901315387049795
1006,91,Random,4.8901315387049795
1006,92,Random,4.8901315387049795
1006,93,Random,4.8901315387049795
1006,94,Random,4.8901315387049795
1006,95,Random,4.8901315387049795
1006,96,Random,4.8901315387049795
1006,97,Random,4.8901315387049795
1006,98,Random,4.8901315387049795
1006,99,Random,4.8901315387049795
1006,100,Random,4.8901315387049795
1007,0,BASS-BO,4.9855334377568905
1007,1,BASS-BO,4.9855334377568905
1007,2,BASS-BO,4.9855334377568905
1007,3,BASS-BO,4.9855334377568905
1007,4,BASS-BO,4.978848142249564
1007,5,BASS-BO,4.978848142249564
1007,6,BASS-BO,4.970007651728574
1007,7,BASS-BO,4.970007651728574
1007,8,BASS-BO,4.970007651728574
1007,9,BASS-BO,4.970007651728574
1007,10,BASS-BO,4.970007651728574
1007,11,BASS-BO,4.970007651728574
1007,12,BASS-BO,4.970007651728574
1007,13,BASS-BO,4.970007651728574
1007,14,BASS-BO,4.970007651728574
1007,15,BASS-BO,4.970007651728574
1007,16,BASS-BO,4.970007651728574
1007,17,BASS-BO,4.970007651728574
1007,18,BASS-BO,4.970007651728574
1007,19,BASS-BO,4.970004664719434
1007,20,BASS-BO,4.970004664719434
1007,21,BASS-BO,4.970004664719434
1007,22,BASS-BO,4.970004664719434
1007,23,BASS-BO,4.970004664719434
1007,24,BASS-BO,4.969444842294745
1007,25,BASS-BO,4.969444842294745
1007,26,BASS-BO,4.969444842294745
1007,27,BASS-BO,4.969444842294745
1007,28,BASS-BO,4.969444842294745
1007,29,BASS-BO,4.969444842294745
1007,30,BASS-BO,4.969444842294745
1007,31,BASS-BO,4.969444842294745
1007,32,BASS-BO,4.969444842294745
1007,33,BASS-BO,4.969444842294745
1007,34,BASS-BO,4.969444842294745
1007,35,BASS-BO,4.969444842294745
1007,36,BASS-BO,4.969444842294745
1007,37,BASS-BO,4.969444842294745
1007,38,BASS-BO,4.969444827942905
1007,39,BASS-BO,4.969444827942905
1007,40,BASS-BO,4.969444827942905
1007,41,BASS-BO,4.969444827942905
1007,42,BASS-BO,4.969444827942905
1007,43,BASS-BO,4.969444827942905
1007,44,BASS-BO,4.969444827942905
1007,45,BASS-BO,4.969444827942905
1007,46,BASS-BO,4.969444827942905
1007,47,BASS-BO,4.969444827942905
1007,48,BASS-BO,4.969444827942905
1007,49,BASS-BO,4.969444827942905
1007,50,BASS-BO,4.969444827942905
1007,51,BASS-BO,4.969444827942905
1007,52,BASS-BO,4.969444827942905
1007,53,BASS-BO,4.969444827942905
1007,54,BASS-BO,4.969444291465856
1007,55,BASS-BO,4.969444291465856
1007,56,BASS-BO,4.969444291465856
1007,57,BASS-BO,4.969444291465856
1007,58,BASS-BO,4.969444291465856
1007,59,BASS-BO,4.969444291465856
1007,60,BASS-BO,4.969444291465856
1007,61,BASS-BO,4.969444291465856
1007,62,BASS-BO,4.969444291465856
1007,63,BASS-BO,4.969444291465856
1007,64,BASS-BO,4.969444291465856
1007,65,BASS-BO,4.969444291465856
1007,66,BASS-BO,4.969444291465856
1007,67,BASS-BO,4.969444291465856
1007,68,BASS-BO,4.969444291465856
1007,69,BASS-BO,4.969444291465856
1007,70,BASS-BO,4.969444291465856
1007,71,BASS-BO,4.969444291465856
1007,72,BASS-BO,4.969444291465856
1007,73,BASS-BO,4.969444291465856
1007,74,BASS-BO,4.969444291465856
1007,75,BASS-BO,4.969444291465856
1007,76,BASS-BO,4.969444291465856
1007,77,BASS-BO,4.969444291465856
1007,78,BASS-BO,4.969444291465856
1007,79,BASS-BO,4.969444291465856
1007,80,BASS-BO,4.969444291465856
1007,81,BASS-BO,4.969444291465856
1007,82,BASS-BO,4.969444291465856
1007,83,BASS-BO,4.969444291465856
1007,84,BASS-BO,4.969444291465856
1007,85,BASS-BO,4.969444291465856
1007,86,BASS-BO,4.969444291465856
1007,87,BASS-BO,4.969444291465856
1007,88,BASS-BO,4.969444291465856
1007,89,BASS-BO,4.969444291465856
1007,90,BASS-BO,4.969444291465856
1007,91,BASS-BO,4.969444291465856
1007,92,BASS-BO,4.969444291465856
1007,93,BASS-BO,4.969444291465856
1007,94,BASS-BO,4.969444291465856
1007,95,BASS-BO,4.969444291465856
1007,96,BASS-BO,4.969444291465856
1007,97,BASS-BO,4.969444291465856
1007,98,BASS-BO,4.969444291465856
1007,99,BASS-BO,4.969444291465856
1007,100,BASS-BO,4.969444291465856
1007,0,GP-BO,4.9855334377568905
1007,1,GP-BO,4.9855334377568905
1007,2,GP-BO,4.9855334377568905
1007,3,GP-BO,4.9855334377568905
1007,4,GP-BO,4.9855334377568905
1007,5,GP-BO,4.9855334377568905
1007,6,GP-BO,4.985138977602032
1007,7,GP-BO,4.985138977602032
1007,8,GP-BO,4.985138977602032
1007,9,GP-BO,4.985138977602032
1007,10,GP-BO,4.985138977602032
1007,11,GP-BO,4.985138977602032
1007,12,GP-BO,4.97365885701739
1007,13,GP-BO,4.97365885701739
1007,14,GP-BO,4.97365885701739
1007,15,GP-BO,4.97365885701739
1007,16,GP-BO,4.97365885701739
1007,17,GP-BO,4.97365885701739
1007,18,GP-BO,4.97365885701739
1007,19,GP-BO,4.97365885701739
1007,20,GP-BO,4.97365885701739
1007,21,GP-BO,4.97365885701739
1007,22,GP-BO,4.97365885701739
1007,23,GP-BO,4.972148430843844
1007,24,GP-BO,4.972148430843844
1007,25,GP-BO,4.972148430843844
1007,26,GP-BO,4.972148430843844
1007,27,GP-BO,4.972148430843844
1007,28,GP-BO,4.972148430843844
1007,29,GP-BO,4.972148430843844
1007,30,GP-BO,4.972148430843844
1007,31,GP-BO,4.972148430843844
1007,32,GP-BO,4.972148430843844
1007,33,GP-BO,4.972148430843844
1007,34,GP-BO,4.972148430843844
1007,35,GP-BO,4.972148430843844
1007,36,GP-BO,4.972148430843844
1007,37,GP-BO,4.970094627775628
1007,38,GP-BO,4.970094627775628
1007,39,GP-BO,4.970094627775628
1007,40,GP-BO,4.970094627775628
1007,41,GP-BO,4.970094627775628
1007,42,GP-BO,4.970094627775628
1007,43,GP-BO,4.970094627775628
1007,44,GP-BO,4.970094627775628
1007,45,GP-BO,4.970094627775628
1007,46,GP-BO,4.970094627775628
1007,47,GP-BO,4.970094627775628
1007,48,GP-BO,4.970094627775628
1007,49,GP-BO,4.970094627775628
1007,50,GP-BO,4.970094627775628
1007,51,GP-BO,4.970094627775628
1007,52,GP-BO,4.970094627775628
1007,53,GP-BO,4.970094627775628
1007,54,GP-BO,4.96957176935019
1007,55,GP-BO,4.96957176935019
1007,56,GP-BO,4.96957176935019
1007,57,GP-BO,4.96957176935019
1007,58,GP-BO,4.96957176935019
1007,59,GP-BO,4.96957176935019
1007,60,GP-BO,4.969496948674087
1007,61,GP-BO,4.969496948674087
1007,62,GP-BO,4.969496948674087
1007,63,GP-BO,4.969496948674087
1007,64,GP-BO,4.969496948674087
1007,65,GP-BO,4.969496948674087
1007,66,GP-BO,4.969496948674087
1007,67,GP-BO,4.969496948674087
1007,68,GP-BO,4.969471195965426
1007,69,GP-BO,4.969471195965426
1007,70,GP-BO,4.969471195965426
1007,71,GP-BO,4.969471195965426
1007,72,GP-BO,4.969471195965426
1007,73,GP-BO,4.969471195965426
1007,74,GP-BO,4.969471195965426
1007,75,GP-BO,4.969471195965426
1007,76,GP-BO,4.969471195965426
1007,77,GP-BO,4.969471195965426
1007,78,GP-BO,4.969471195965426
1007,79,GP-BO,4.969471195965426
1007,80,GP-BO,4.969471195965426
1007,81,GP-BO,4.969471195965426
1007,82,GP-BO,4.969471195965426
1007,83,GP-BO,4.969471195965426
1007,84,GP-BO,4.969388157940153
1007,85,GP-BO,4.969388157940153
1007,86,GP-BO,4.969388157940153
1007,87,GP-BO,4.969388157940153
1007,88,GP-BO,4.969388157940153
1007,89,GP-BO,4.969388157940153
1007,90,GP-BO,4.969388157940153
1007,91,GP-BO,4.969388157940153
1007,92,GP-BO,4.969388157940153
1007,93,GP-BO,4.969388157940153
1007,94,GP-BO,4.969388157940153
1007,95,GP-BO,4.969388157940153
1007,96,GP-BO,4.969388157940153
1007,97,GP-BO,4.969388157940153
1007,98,GP-BO,4.969388157940153
1007,99,GP-BO,4.969388157940153
1007,100,GP-BO,4.969388157940153
1007,0,Random,4.9855334377568905
1007,1,Random,4.9855334377568905
1007,2,Random,4.9855334377568905
1007,3,Random,4.9855334377568905
1007,4,Random,4.9855334377568905
1007,5,Random,4.9855334377568905
1007,6,Random,4.9855334377568905
1007,7,Random,4.9855334377568905
1007,8,Random,4.9855334377568905
1007,9,Random,4.9855334377568905
1007,10,Random,4.9855334377568905
1007,11,Random,4.9855334377568905
1007,12,Random,4.9855334377568905
1007,13,Random,4.9855334377568905
1007,14,Random,4.9855334377568905
1007,15,Random,4.9855334377568905
1007,16,Random,4.9855334377568905
1007,17,Random,4.9855334377568905
1007,18,Random,4.9855334377568905
1007,19,Random,4.9855334377568905
1007,20,Random,4.9855334377568905
1007,21,Random,4.9855334377568905
1007,22,Random,4.9855334377568905
1007,23,Random,4.9855334377568905
1007,24,Random,4.9855334377568905
1007,25,Random,4.9855334377568905
1007,26,Random,4.9855334377568905
1007,27,Random,4.9855334377568905
1007,28,Random,4.9855334377568905
1007,29,Random,4.9855334377568905
1007,30,Random,4.9855334377568905
1007,31,Random,4.9855334377568905
1007,32,Random,4.9855334377568905
1007,33,Random,4.9855334377568905
1007,34,Random,4.9855334377568905
1007,35,Random,4.976812173705303
1007,36,Random,4.976812173705303
1007,37,Random,4.976812173705303
1007,38,Random,4.976812173705303
1007,39,Random,4.976812173705303
1007,40,Random,4.976812173705303
1007,41,Random,4.976812173705303
1007,42,Random,4.976812173705303
1007,43,Random,4.976812173705303
1007,44,Random,4.976812173705303
1007,45,Random,4.976812173705303
1007,46,Random,4.976812173705303
1007,47,Random,4.976812173705303
1007,48,Random,4.976812173705303
1007,49,Random,4.976812173705303
1007,50,Random,4.976812173705303
1007,51,Random,4.976812173705303
1007,52,Random,4.976812173705303
1007,53,Random,4.976812173705303
1007,54,Random,4.976812173705303
1007,55,Random,4.976812173705303
1007,56,Random,4.976812173705303
1007,57,Random,4.976812173705303
1007,58,Random,4.976812173705303
1007,59,Random,4.976812173705303
1007,60,Random,4.976812173705303
1007,61,Random,4.976812173705303
1007,62,Random,4.976812173705303
1007,63,Random,4.976812173705303
1007,64,Random,4.976812173705303
1007,65,Random,4.976812173705303
1007,66,Random,4.976812173705303
1007,67,Random,4.976812173705303
1007,68,Random,4.976812173705303
1007,69,Random,4.976812173705303
1007,70,Random,4.976812173705303
1007,71,Random,4.976812173705303
1007,72,Random,4.976812173705303
1007,73,Random,4.976812173705303
1007,74,Random,4.976812173705303
1007,75,Random,4.976812173705303
1007,76,Random,4.976812173705303
1007,77,Random,4.976812173705303
1007,78,Random,4.976812173705303
1007,79,Random,4.976812173705303
1007,80,Random,4.976812173705303
1007,81,Random,4.976812173705303
1007,82,Random,4.976812173705303
1007,83,Random,4.976812173705303
1007,84,Random,4.976812173705303
1007,85,Random,4.976812173705303
1007,86,Random,4.976812173705303
1007,87,Random,4.976812173705303
1007,88,Random,4.976812173705303
1007,89,Random,4.976812173705303
1007,90,Random,4.976812173705303
1007,91,Random,4.976812173705303
1007,92,Random,4.976812173705303
1007,93,Random,4.976812173705303
1007,94,Random,4.976812173705303
1007,95,Random,4.976812173705303
1007,96,Random,4.976812173705303
1007,97,Random,4.976812173705303
1007,98,Random,4.976812173705303
1007,99,Random,4.976812173705303
1007,100,Random,4.976812173705303
1008,0,BASS-BO,5.261595700430077
1008,1,BASS-BO,5.261595700430077
1008,2,BASS-BO,5.261595700430077
1008,3,BASS-BO,5.245551742985744
1008,4,BASS-BO,5.245507016054825
1008,5,BASS-BO,5.245507016054825
1008,6,BASS-BO,5.245507016054825
1008,7,BASS-BO,5.208397926699922
1008,8,BASS-BO,5.208397926699922
1008,9,BASS-BO,5.20639521113018
1008,10,BASS-BO,5.20639521113018
1008,11,BASS-BO,5.197126846219977
1008,12,BASS-BO,5.197126846219977
1008,13,BASS-BO,5.197126846219977
1008,14,BASS-BO,5.197126846219977
1008,15,BASS-BO,5.197126846219977
1008,16,BASS-BO,5.197126846219977
1008,17,BASS-BO,5.197126846219977
1008,18,BASS-BO,5.197126846219977
1008,19,BASS-BO,5.195224422764172
1008,20,BASS-BO,5.195224422764172
1008,21,BASS-BO,5.195224422764172
1008,22,BASS-BO,5.195224422764172
1008,23,BASS-BO,5.195224422764172
1008,24,BASS-BO,5.195224422764172
1008,25,BASS-BO,5.195224422764172
1008,26,BASS-BO,5.195223627565808
1008,27,BASS-BO,5.195223627565808
1008,28,BASS-BO,5.195223627565808
1008,29,BASS-BO,5.195223627565808
1008,30,BASS-BO,5.195223627565808
1008,31,BASS-BO,5.195223627565808
1008,32,BASS-BO,5.195223627565808
1008,33,BASS-BO,5.195223627565808
1008,34,BASS-BO,5.195223627565808
1008,35,BASS-BO,5.195223627565808
1008,36,BASS-BO,5.195223627565808
1008,37,BASS-BO,5.195223627565808
1008,38,BASS-BO,5.195223627565808
1008,39,BASS-BO,5.195223627565808
1008,40,BASS-BO,5.195223627565808
1008,41,BASS-BO,5.195223627565808
1008,42,BASS-BO,5.195223627565808
1008,43,BASS-BO,5.195223627565808
1008,44,BASS-BO,5.195223627565808
1008,45,BASS-BO,5.195223627565808
1008,46,BASS-BO,5.195223627565808
1008,47,BASS-BO,5.195223627565808
1008,48,BASS-BO,5.195223627565808
1008,49,BASS-BO,5.195223627565808
1008,50,BASS-BO,5.195223627565808
1008,51,BASS-BO,5.195223627565808
1008,52,BASS-BO,5.195223627565808
1008,53,BASS-BO,5.195223627565808
1008,54,BASS-BO,5.195223627565808
1008,55,BASS-BO,5.195223627565808
1008,56,BASS-BO,5.195223627565808
1008,57,BASS-BO,5.195223627565808
1008,58,BASS-BO,5.195223627565808
1008,59,BASS-BO,5.195223627565808
1008,60,BASS-BO,5.195223627565808
1008,61,BASS-BO,5.195223627565808
1008,62,BASS-BO,5.195223627565808
1008,63,BASS-BO,5.195223051080263
1008,64,BASS-BO,5.195223051080263
1008,65,BASS-BO,5.195223051080263
1008,66,BASS-BO,5.195223051080263
1008,67,BASS-BO,5.195223051080263
1008,68,BASS-BO,5.195223051080263
1008,69,BASS-BO,5.195223051080263
1008,70,BASS-BO,5.195223051080263
1008,71,BASS-BO,5.195223051080263
1008,72,BASS-BO,5.195223051080263
1008,73,BASS-BO,5.195223051080263
1008,74,BASS-BO,5.195223051080263
1008,75,BASS-BO,5.195223051080263
1008,76,BASS-BO,5.195223051080263
1008,77,BASS-BO,5.195223051080263
1008,78,BASS-BO,5.195223051080263
1008,79,BASS-BO,5.195223051080263
1008,80,BASS-BO,5.195223051080263
1008,81,BASS-BO,5.195223051080263
1008,82,BASS-BO,5.195223051080263
1008,83,BASS-BO,5.195223051080263
1008,84,BASS-BO,5.195223051080263
1008,85,BASS-BO,5.195223051080263
1008,86,BASS-BO,5.195223051080263
1008,87,BASS-BO,5.1952229784151545
1008,88,BASS-BO,5.195222717807336
1008,89,BASS-BO,5.195222717807336
1008,90,BASS-BO,5.195222717807336
1008,91,BASS-BO,5.195222085772031
1008,92,BASS-BO,5.195222085772031
1008,93,BASS-BO,5.195222085772031
1008,94,BASS-BO,5.195222085772031
1008,95,BASS-BO,5.195222085772031
1008,96,BASS-BO,5.195222085772031
1008,97,BASS-BO,5.195222085772031
1008,98,BASS-BO,5.195222085772031
1008,99,BASS-BO,5.195222085772031
1008,100,BASS-BO,5.195222085772031
1008,0,GP-BO,5.261595700430077
1008,1,GP-BO,5.24902797129878
1008,2,GP-BO,5.24902797129878
1008,3,GP-BO,5.244143354305969
1008,4,GP-BO,5.244143354305969
1008,5,GP-BO,5.243359116847306
1008,6,GP-BO,5.243359116847306
1008,7,GP-BO,5.242718897905953
1008,8,GP-BO,5.242718897905953
1008,9,GP-BO,5.242718897905953
1008,10,GP-BO,5.242718897905953
1008,11,GP-BO,5.242718897905953
1008,12,GP-BO,5.242718897905953
1008,13,GP-BO,5.2407964821950905
1008,14,GP-BO,5.2403098984690715
1008,15,GP-BO,5.2403098984690715
1008,16,GP-BO,5.238708966941496
1008,17,GP-BO,5.237107972796226
1008,18,GP-BO,5.237107972796226
1008,19,GP-BO,5.236160842662607
1008,20,GP-BO,5.236119218021934
1008,21,GP-BO,5.236119218021934
1008,22,GP-BO,5.235832524337536
1008,23,GP-BO,5.234848380659396
1008,24,GP-BO,5.234160090405078
1008,25,GP-BO,5.232852623196497
1008,26,GP-BO,5.231199116318342
1008,27,GP-BO,5.229092430112302
1008,28,GP-BO,5.227163968428513
1008,29,GP-BO,5.225040909673283
1008,30,GP-BO,5.223066331182378
1008,31,GP-BO,5.221220005886306
1008,32,GP-BO,5.218983811720122
1008,33,GP-BO,5.218983811720122
1008,34,GP-BO,5.216178615813847
1008,35,GP-BO,5.213683704738652
1008,36,GP-BO,5.211520853499696
1008,37,GP-BO,5.209181622528358
1008,38,GP-BO,5.207212247423012
1008,39,GP-BO,5.205605435950919
1008,40,GP-BO,5.203891840152874
1008,41,GP-BO,5.202650923486767
1008,42,GP-BO,5.201532560889223
1008,43,GP-BO,5.200563044786864
1008,44,GP-BO,5.1993490219228935
1008,45,GP-BO,5.1986048036215395
1008,46,GP-BO,5.197960824758714
1008,47,GP-BO,5.197841231745647
1008,48,GP-BO,5.197841231745647
1008,49,GP-BO,5.197641426746465
1008,50,GP-BO,5.197641426746465
1008,51,GP-BO,5.197641426746465
1008,52,GP-BO,5.197641426746465
1008,53,GP-BO,5.197586698137682
1008,54,GP-BO,5.197125557017511
1008,55,GP-BO,5.196791933421283
1008,56,GP-BO,5.196483202155304
1008,57,GP-BO,5.196226360951336
1008,58,GP-BO,5.195698190930715
1008,59,GP-BO,5.195698190930715
1008,60,GP-BO,5.195426812083863
1008,61,GP-BO,5.195426812083863
1008,62,GP-BO,5.195221262612738
1008,63,GP-BO,5.195221262612738
1008,64,GP-BO,5.195221262612738
1008,65,GP-BO,5.195221262612738
1008,66,GP-BO,5.1951804766505845
1008,67,GP-BO,5.1951804766505845
1008,68,GP-BO,5.1951804766505845
1008,69,GP-BO,5.1951804766505845
1008,70,GP-BO,5.1951804766505845
1008,71,GP-BO,5.1951804766505845
1008,72,GP-BO,5.1951804766505845
1008,73,GP-BO,5.1951804766505845
1008,74,GP-BO,5.1951804766505845
1008,75,GP-BO,5.1951804766505845
1008,76,GP-BO,5.1951804766505845
1008,77,GP-BO,5.1951804766505845
1008,78,GP-BO,5.1951804766505845
1008,79,GP-BO,5.1951804766505845
1008,80,GP-BO,5.1951804766505845
1008,81,GP-BO,5.1951804766505845
1008,82,GP-BO,5.1951804766505845
1008,83,GP-BO,5.1951804766505845
1008,84,GP-BO,5.1951804766505845
1008,85,GP-BO,5.1951804766505845
1008,86,GP-BO,5.1951804766505845
1008,87,GP-BO,5.1951804766505845
1008,88,GP-BO,5.1951804766505845
1008,89,GP-BO,5.1951804766505845
1008,90,GP-BO,5.1951804766505845
1008,91,GP-BO,5.1951804766505845
1008,92,GP-BO,5.1951804766505845
1008,93,GP-BO,5.1951804766505845
1008,94,GP-BO,5.1951804766505845
1008,95,GP-BO,5.1951804766505845
1008,96,GP-BO,5.1951804766505845
1008,97,GP-BO,5.1951804766505845
1008,98,GP-BO,5.1951804766505845
1008,99,GP-BO,5.1951804766505845
1008,100,GP-BO,5.1951804766505845
1008,0,Random,5.261595700430077
1008,1,Random,5.257469576120687
1008,2,Random,5.257469576120687
1008,3,Random,5.257469576120687
1008,4,Random,5.257469576120687
1008,5,Random,5.257469576120687
1008,6,Random,5.257469576120687
1008,7,Random,5.257469576120687
1008,8,Random,5.257469576120687
1008,9,Random,5.257469576120687
1008,10,Random,5.257469576120687
1008,11,Random,5.253332034800326
1008,12,Random,5.253332034800326
1008,13,Random,5.253332034800326
1008,14,Random,5.253332034800326
1008,15,Random,5.253332034800326
1008,16,Random,5.253332034800326
1008,17,Random,5.253332034800326
1008,18,Random,5.253332034800326
1008,19,Random,5.253332034800326
1008,20,Random,5.253332034800326
1008,21,Random,5.253332034800326
1008,22,Random,5.253332034800326
1008,23,Random,5.253332034800326
1008,24,Random,5.253332034800326
1008,25,Random,5.253332034800326
1008,26,Random,5.253332034800326
1008,27,Random,5.253332034800326
1008,28,Random,5.253332034800326
1008,29,Random,5.253332034800326
1008,30,Random,5.253332034800326
1008,31,Random,5.253332034800326
1008,32,Random,5.253332034800326
1008,33,Random,5.253332034800326
1008,34,Random,5.253332034800326
1008,35,Random,5.253332034800326
1008,36,Random,5.253332034800326
1008,37,Random,5.253332034800326
1008,38,Random,5.253332034800326
1008,39,Random,5.253332034800326
1008,40,Random,5.253332034800326
1008,41,Random,5.253332034800326
1008,42,Random,5.253332034800326
1008,43,Random,5.253332034800326
1008,44,Random,5.253332034800326
1008,45,Random,5.253332034800326
1008,46,Random,5.253332034800326
1008,47,Random,5.253332034800326
1008,48,Random,5.253332034800326
1008,49,Random,5.253332034800326
1008,50,Random,5.253332034800326
1008,51,Random,5.253332034800326
1008,52,Random,5.253332034800326
1008,53,Random,5.253332034800326
1008,54,Random,5.253332034800326
1008,55,Random,5.253332034800326
1008,56,Random,5.253332034800326
1008,57,Random,5.253332034800326
1008,58,Random,5.253332034800326
1008,59,Random,5.253332034800326
1008,60,Random,5.253332034800326
1008,61,Random,5.253332034800326
1008,62,Random,5.2345224897553315
1008,63,Random,5.2345224897553315
1008,64,Random,5.2345224897553315
1008,65,Random,5.2345224897553315
1008,66,Random,5.2345224897553315
1008,67,Random,5.2345224897553315
1008,68,Random,5.2345224897553315
1008,69,Random,5.2345224897553315
1008,70,Random,5.2345224897553315
1008,71,Random,5.2345224897553315
1008,72,Random,5.2345224897553315
1008,73,Random,5.2345224897553315
1008,74,Random,5.2345224897553315
1008,75,Random,5.2345224897553315
1008,76,Random,5.2345224897553315
1008,77,Random,5.2345224897553315
1008,78,Random,5.2345224897553315
1008,79,Random,5.2345224897553315
1008,80,Random,5.2345224897553315
1008,81,Random,5.2345224897553315
1008,82,Random,5.2345224897553315
1008,83,Random,5.2345224897553315
1008,84,Random,5.2345224897553315
1008,85,Random,5.2345224897553315
1008,86,Random,5.2345224897553315
1008,87,Random,5.2345224897553315
1008,88,Random,5.2345224897553315
1008,89,Random,5.2345224897553315
1008,90,Random,5.2345224897553315
1008,91,Random,5.2345224897553315
1008,92,Random,5.2345224897553315
1008,93,Random,5.2345224897553315
1008,94,Random,5.2345224897553315
1008,95,Random,5.2345224897553315
1008,96,Random,5.2345224897553315
1008,97,Random,5.2345224897553315
1008,98,Random,5.2345224897553315
1008,99,Random,5.2345224897553315
1008,100,Random,5.2345224897553315
1009,0,BASS-BO,4.482913429541512
1009,1,BASS-BO,4.482913429541512
1009,2,BASS-BO,4.482549326146065
1009,3,BASS-BO,4.482549326146065
1009,4,BASS-BO,4.482549326146065
1009,5,BASS-BO,4.482549326146065
1009,6,BASS-BO,4.47878570637314
1009,7,BASS-BO,4.47878570637314
1009,8,BASS-BO,4.47878570637314
1009,9,BASS-BO,4.47878570637314
1009,10,BASS-BO,4.478611277979438
1009,11,BASS-BO,4.478611277979438
1009,12,BASS-BO,4.478611277979438
1009,13,BASS-BO,4.478611277979438
1009,14,BASS-BO,4.478611277979438
1009,15,BASS-BO,4.478611277979438
1009,16,BASS-BO,4.478611277979438
1009,17,BASS-BO,4.478611277979438
1009,18,BASS-BO,4.478611277979438
1009,19,BASS-BO,4.478611277979438
1009,20,BASS-BO,4.478611277979438
1009,21,BASS-BO,4.478611277979438
1009,22,BASS-BO,4.478611277979438
1009,23,BASS-BO,4.478611277979438
1009,24,BASS-BO,4.478611277979438
1009,25,BASS-BO,4.478611277979438
1009,26,BASS-BO,4.478611277979438
1009,27,BASS-BO,4.478611277979438
1009,28,BASS-BO,4.478611277979438
1009,29,BASS-BO,4.478611277979438
1009,30,BASS-BO,4.478611277979438
1009,31,BASS-BO,4.478611078216765
1009,32,BASS-BO,4.478611078216765
1009,33,BASS-BO,4.478611078216765
1009,34,BASS-BO,4.478611078216765
1009,35,BASS-BO,4.478611078216765
1009,36,BASS-BO,4.478611078216765
1009,37,BASS-BO,4.478611078216765
1009,38,BASS-BO,4.478611078216765
1009,39,BASS-BO,4.478611078216765
1009,40,BASS-BO,4.478611078216765
1009,41,BASS-BO,4.478611078216765
1009,42,BASS-BO,4.478611078216765
1009,43,BASS-BO,4.478611078216765
1009,44,BASS-BO,4.478611078216765
1009,45,BASS-BO,4.478611078216765
1009,46,BASS-BO,4.478611078216765
1009,47,BASS-BO,4.478611078216765
1009,48,BASS-BO,4.478611078216765
1009,49,BASS-BO,4.478611078216765
1009,50,BASS-BO,4.478611078216765
1009,51,BASS-BO,4.478611078216765
1009,52,BASS-BO,4.478611078216765
1009,53,BASS-BO,4.478611078216765
1009,54,BASS-BO,4.478611078216765
1009,55,BASS-BO,4.478611078216765
1009,56,BASS-BO,4.478611078216765
1009,57,BASS-BO,4.4786110111283275
1009,58,BASS-BO,4.4786110111283275
1009,59,BASS-BO,4.4786110111283275
1009,60,BASS-BO,4.4786110111283275
1009,61,BASS-BO,4.4786110111283275
1009,62,BASS-BO,4.4786110111283275
1009,63,BASS-BO,4.4786110111283275
1009,64,BASS-BO,4.4786110111283275
1009,65,BASS-BO,4.4786110111283275
1009,66,BASS-BO,4.4786110111283275
1009,67,BASS-BO,4.4786110111283275
1009,68,BASS-BO,4.4786110111283275
1009,69,BASS-BO,4.4786110111283275
1009,70,BASS-BO,4.4786110111283275
1009,71,BASS-BO,4.4786110111283275
1009,72,BASS-BO,4.4786110111283275
1009,73,BASS-BO,4.4786110111283275
1009,74,BASS-BO,4.4786110111283275
1009,75,BASS-BO,4.4786110111283275
1009,76,BASS-BO,4.4786110111283275
1009,77,BASS-BO,4.4786110111283275
1009,78,BASS-BO,4.4786110111283275
1009,79,BASS-BO,4.4786110111283275
1009,80,BASS-BO,4.4786110111283275
1009,81,BASS-BO,4.4786110111283275
1009,82,BASS-BO,4.4786110111283275
1009,83,BASS-BO,4.4786110111283275
1009,84,BASS-BO,4.4786110111283275
1009,85,BASS-BO,4.4786110111283275
1009,86,BASS-BO,4.4786110111283275
1009,87,BASS-BO,4.4786110111283275
1009,88,BASS-BO,4.4786110111283275
1009,89,BASS-BO,4.4786110111283275
1009,90,BASS-BO,4.4786110111283275
1009,91,BASS-BO,4.4786110111283275
1009,92,BASS-BO,4.4786110111283275
1009,93,BASS-BO,4.4786110111283275
1009,94,BASS-BO,4.4786110111283275
1009,95,BASS-BO,4.4786110111283275
1009,96,BASS-BO,4.4786110111283275
1009,97,BASS-BO,4.4786110111283275
1009,98,BASS-BO,4.4786110111283275
1009,99,BASS-BO,4.4786110111283275
1009,100,BASS-BO,4.4786110111283275
1009,0,GP-BO,4.482913429541512
1009,1,GP-BO,4.482913429541512
1009,2,GP-BO,4.482913429541512
1009,3,GP-BO,4.482913429541512
1009,4,GP-BO,4.482913429541512
1009,5,GP-BO,4.482913429541512
1009,6,GP-BO,4.482913429541512
1009,7,GP-BO,4.482913429541512
1009,8,GP-BO,4.482913429541512
1009,9,GP-BO,4.482913429541512
1009,10,GP-BO,4.482913429541512
1009,11,GP-BO,4.482913429541512
1009,12,GP-BO,4.482913429541512
1009,13,GP-BO,4.4828570104608065
1009,14,GP-BO,4.4828570104608065
1009,15,GP-BO,4.4828570104608065
1009,16,GP-BO,4.4828570104608065
1009,17,GP-BO,4.4828570104608065
1009,18,GP-BO,4.4828570104608065
1009,19,GP-BO,4.4828570104608065
1009,20,GP-BO,4.4828570104608065
1009,21,GP-BO,4.4828570104608065
1009,22,GP-BO,4.4828570104608065
1009,23,GP-BO,4.4828570104608065
1009,24,GP-BO,4.482835202186972
1009,25,GP-BO,4.482835202186972
1009,26,GP-BO,4.482835202186972
1009,27,GP-BO,4.482835202186972
1009,28,GP-BO,4.482835202186972
1009,29,GP-BO,4.482835202186972
1009,30,GP-BO,4.482835202186972
1009,31,GP-BO,4.482835202186972
1009,32,GP-BO,4.482835202186972
1009,33,GP-BO,4.482835202186972
1009,34,GP-BO,4.482835202186972
1009,35,GP-BO,4.482835202186972
1009,36,GP-BO,4.4828162606004724
1009,37,GP-BO,4.4828162606004724
1009,38,GP-BO,4.4828162606004724
1009,39,GP-BO,4.482607785091147
1009,40,GP-BO,4.482607785091147
1009,41,GP-BO,4.482607785091147
1009,42,GP-BO,4.482607785091147
1009,43,GP-BO,4.482607785091147
1009,44,GP-BO,4.482607785091147
1009,45,GP-BO,4.482607785091147
1009,46,GP-BO,4.482607785091147
1009,47,GP-BO,4.482607785091147
1009,48,GP-BO,4.482607785091147
1009,49,GP-BO,4.482607785091147
1009,50,GP-BO,4.482607785091147
1009,51,GP-BO,4.482607785091147
1009,52,GP-BO,4.4825840610625285
1009,53,GP-BO,4.4825840610625285
1009,54,GP-BO,4.4825840610625285
1009,55,GP-BO,4.4825840610625285
1009,56,GP-BO,4.482388989397985
1009,57,GP-BO,4.482388989397985
1009,58,GP-BO,4.4822738600444945
1009,59,GP-BO,4.482230875670116
1009,60,GP-BO,4.482230875670116
1009,61,GP-BO,4.482230875670116
1009,62,GP-BO,4.482213210194551
1009,63,GP-BO,4.482203418371254
1009,64,GP-BO,4.482203418371254
1009,65,GP-BO,4.48218301409163
1009,66,GP-BO,4.482159775553743
1009,67,GP-BO,4.482159775553743
1009,68,GP-BO,4.482159775553743
1009,69,GP-BO,4.482048002567841
1009,70,GP-BO,4.4814132692161195
1009,71,GP-BO,4.481243950792922
1009,72,GP-BO,4.481243950792922
1009,73,GP-BO,4.481243950792922
1009,74,GP-BO,4.481243950792922
1009,75,GP-BO,4.481138802185221
1009,76,GP-BO,4.481138802185221
1009,77,GP-BO,4.48104998354745
1009,78,GP-BO,4.48104998354745
1009,79,GP-BO,4.480969202822459
1009,80,GP-BO,4.480969202822459
1009,81,GP-BO,4.480899950958216
1009,82,GP-BO,4.480899950958216
1009,83,GP-BO,4.480838605291471
1009,84,GP-BO,4.480838605291471
1009,85,GP-BO,4.480838605291471
1009,86,GP-BO,4.480761880205216
1009,87,GP-BO,4.480761880205216
1009,88,GP-BO,4.480712051895987
1009,89,GP-BO,4.480712051895987
1009,90,GP-BO,4.480695245768826
1009,91,GP-BO,4.480686877952603
1009,92,GP-BO,4.480648563180947
1009,93,GP-BO,4.480648563180947
1009,94,GP-BO,4.480606626566047
1009,95,GP-BO,4.480606626566047
1009,96,GP-BO,4.4805677850374614
1009,97,GP-BO,4.4805677850374614
1009,98,GP-BO,4.480528418577975
1009,99,GP-BO,4.480528418577975
1009,100,GP-BO,4.480492554410011
1009,0,Random,4.482913429541512
1009,1,Random,4.481870354706297
1009,2,Random,4.481870354706297
1009,3,Random,4.481870354706297
1009,4,Random,4.481870354706297
1009,5,Random,4.481870354706297
1009,6,Random,4.481870354706297
1009,7,Random,4.481870354706297
1009,8,Random,4.481870354706297
1009,9,Random,4.481870354706297
1009,10,Random,4.481870354706297
1009,11,Random,4.481870354706297
1009,12,Random,4.481870354706297
1009,13,Random,4.481870354706297
1009,14,Random,4.481870354706297
1009,15,Random,4.481870354706297
1009,16,Random,4.481870354706297
1009,17,Random,4.481870354706297
1009,18,Random,4.481870354706297
1009,19,Random,4.481870354706297
1009,20,Random,4.481870354706297
1009,21,Random,4.481870354706297
1009,22,Random,4.481870354706297
1009,23,Random,4.481870354706297
1009,24,Random,4.481870354706297
1009,25,Random,4.481870354706297
1009,26,Random,4.481870354706297
1009,27,Random,4.481870354706297
1009,28,Random,4.481870354706297
1009,29,Random,4.481870354706297
1009,30,Random,4.481870354706297
1009,31,Random,4.481870354706297
1009,32,Random,4.481870354706297
1009,33,Random,4.481870354706297
1009,34,Random,4.481870354706297
1009,35,Random,4.481870354706297
1009,36,Random,4.481870354706297
1009,37,Random,4.481870354706297
1009,38,Random,4.481870354706297
1009,39,Random,4.481870354706297
1009,40,Random,4.481870354706297
1009,41,Random,4.481870354706297
1009,42,Random,4.481870354706297
1009,43,Random,4.481870354706297
1009,44,Random,4.481870354706297
1009,45,Random,4.481870354706297
1009,46,Random,4.481870354706297
1009,47,Random,4.481870354706297
1009,48,Random,4.481870354706297
1009,49,Random,4.481870354706297
1009,50,Random,4.481870354706297
1009,51,Random,4.481870354706297
1009,52,Random,4.481870354706297
1009,53,Random,4.481870354706297
1009,54,Random,4.481870354706297
1009,55,Random,4.481870354706297
1009,56,Random,4.481870354706297
1009,57,Random,4.481870354706297
1009,58,Random,4.481870354706297
1009,59,Random,4.481870354706297
1009,60,Random,4.481870354706297
1009,61,Random,4.481870354706297
1009,62,Random,4.481870354706297
1009,63,Random,4.481870354706297
1009,64,Random,4.481870354706297
1009,65,Random,4.481870354706297
1009,66,Random,4.481870354706297
1009,67,Random,4.481870354706297
1009,68,Random,4.481870354706297
1009,69,Random,4.481870354706297
1009,70,Random,4.481870354706297
1009,71,Random,4.481870354706297
1009,72,Random,4.481870354706297
1009,73,Random,4.481870354706297
1009,74,Random,4.481870354706297
1009,75,Random,4.481835173790023
1009,76,Random,4.481835173790023
1009,77,Random,4.481835173790023
1009,78,Random,4.481835173790023
1009,79,Random,4.481835173790023
1009,80,Random,4.481835173790023
1009,81,Random,4.481835173790023
1009,82,Random,4.481835173790023
1009,83,Random,4.481835173790023
1009,84,Random,4.481835173790023
1009,85,Random,4.481835173790023
1009,86,Random,4.481835173790023
1009,87,Random,4.481835173790023
1009,88,Random,4.481835173790023
1009,89,Random,4.481835173790023
1009,90,Random,4.481835173790023
1009,91,Random,4.481835173790023
1009,92,Random,4.481835173790023
1009,93,Random,4.481835173790023
1009,94,Random,4.481835173790023
1009,95,Random,4.481835173790023
1009,96,Random,4.481835173790023
1009,97,Random,4.481835173790023
1009,98,Random,4.481835173790023
1009,99,Random,4.481835173790023
1009,100,Random,4.481835173790023
1010,0,BASS-BO,4.893356605704518
1010,1,BASS-BO,4.893356605704518
1010,2,BASS-BO,4.893356605704518
1010,3,BASS-BO,4.893356605704518
1010,4,BASS-BO,4.8834467555323355
1010,5,BASS-BO,4.8834467555323355
1010,6,BASS-BO,4.88313786451843
1010,7,BASS-BO,4.88313786451843
1010,8,BASS-BO,4.88313786451843
1010,9,BASS-BO,4.88313786451843
1010,10,BASS-BO,4.88313786451843
1010,11,BASS-BO,4.88313786451843
1010,12,BASS-BO,4.88313786451843
1010,13,BASS-BO,4.88313786451843
1010,14,BASS-BO,4.88313786451843
1010,15,BASS-BO,4.88313786451843
1010,16,BASS-BO,4.88313786451843
1010,17,BASS-BO,4.88313786451843
1010,18,BASS-BO,4.88313786451843
1010,19,BASS-BO,4.88313786451843
1010,20,BASS-BO,4.88313786451843
1010,21,BASS-BO,4.88313786451843
1010,22,BASS-BO,4.883072407094038
1010,23,BASS-BO,4.883072407094038
1010,24,BASS-BO,4.883072407094038
1010,25,BASS-BO,4.883072407094038
1010,26,BASS-BO,4.883072407094038
1010,27,BASS-BO,4.883072407094038
1010,28,BASS-BO,4.883072407094038
1010,29,BASS-BO,4.883072407094038
1010,30,BASS-BO,4.883072407094038
1010,31,BASS-BO,4.883072407094038
1010,32,BASS-BO,4.883072407094038
1010,33,BASS-BO,4.883072407094038
1010,34,BASS-BO,4.883072407094038
1010,35,BASS-BO,4.881238669513821
1010,36,BASS-BO,4.881238669513821
1010,37,BASS-BO,4.881238669513821
1010,38,BASS-BO,4.881238669513821
1010,39,BASS-BO,4.881238669513821
1010,40,BASS-BO,4.880953043563959
1010,41,BASS-BO,4.880953043563959
1010,42,BASS-BO,4.880953043563959
1010,43,BASS-BO,4.880953043563959
1010,44,BASS-BO,4.880953043563959
1010,45,BASS-BO,4.880953043563959
1010,46,BASS-BO,4.880953043563959
1010,47,BASS-BO,4.880953043563959
1010,48,BASS-BO,4.880953043563959
1010,49,BASS-BO,4.880953043563959
1010,50,BASS-BO,4.880953043563959
1010,51,BASS-BO,4.880953043563959
1010,52,BASS-BO,4.880953043563959
1010,53,BASS-BO,4.880953043563959
1010,54,BASS-BO,4.880953043563959
1010,55,BASS-BO,4.880953043563959
1010,56,BASS-BO,4.880953043563959
1010,57,BASS-BO,4.880953043563959
1010,58,BASS-BO,4.880953043563959
1010,59,BASS-BO,4.880953043563959
1010,60,BASS-BO,4.880953043563959
1010,61,BASS-BO,4.880953043563959
1010,62,BASS-BO,4.880953043563959
1010,63,BASS-BO,4.880953043563959
1010,64,BASS-BO,4.880953043563959
1010,65,BASS-BO,4.880953043563959
1010,66,BASS-BO,4.880953043563959
1010,67,BASS-BO,4.880953043563959
1010,68,BASS-BO,4.880953043563959
1010,69,BASS-BO,4.880953043563959
1010,70,BASS-BO,4.880950793782981
1010,71,BASS-BO,4.880950793782981
1010,72,BASS-BO,4.880950793782981
1010,73,BASS-BO,4.880950793782981
1010,74,BASS-BO,4.880950793782981
1010,75,BASS-BO,4.880950793782981
1010,76,BASS-BO,4.880950793782981
1010,77,BASS-BO,4.880950793782981
1010,78,BASS-BO,4.880950793782981
1010,79,BASS-BO,4.880950793782981
1010,80,BASS-BO,4.880950793782981
1010,81,BASS-BO,4.880950793782981
1010,82,BASS-BO,4.880950793782981
1010,83,BASS-BO,4.880950793782981
1010,84,BASS-BO,4.880950793782981
1010,85,BASS-BO,4.880950793782981
1010,86,BASS-BO,4.880950793782981
1010,87,BASS-BO,4.880906776208178
1010,88,BASS-BO,4.880906776208178
1010,89,BASS-BO,4.880906776208178
1010,90,BASS-BO,4.880906776208178
1010,91,BASS-BO,4.880906776208178
1010,92,BASS-BO,4.880906776208178
1010,93,BASS-BO,4.880906776208178
1010,94,BASS-BO,4.880906776208178
1010,95,BASS-BO,4.880906776208178
1010,96,BASS-BO,4.880906776208178
1010,97,BASS-BO,4.880906776208178
1010,98,BASS-BO,4.880906776208178
1010,99,BASS-BO,4.880906776208178
1010,100,BASS-BO,4.880906776208178
1010,0,GP-BO,4.893356605704518
1010,1,GP-BO,4.886167130836609
1010,2,GP-BO,4.886167130836609
1010,3,GP-BO,4.886167130836609
1010,4,GP-BO,4.886167130836609
1010,5,GP-BO,4.886167130836609
1010,6,GP-BO,4.886167130836609
1010,7,GP-BO,4.886167130836609
1010,8,GP-BO,4.886167130836609
1010,9,GP-BO,4.886167130836609
1010,10,GP-BO,4.886167130836609
1010,11,GP-BO,4.886167130836609
1010,12,GP-BO,4.886167130836609
1010,13,GP-BO,4.886167130836609
1010,14,GP-BO,4.886167130836609
1010,15,GP-BO,4.886167130836609
1010,16,GP-BO,4.886167130836609
1010,17,GP-BO,4.886167130836609
1010,18,GP-BO,4.886167130836609
1010,19,GP-BO,4.886167130836609
1010,20,GP-BO,4.886167130836609
1010,21,GP-BO,4.886167130836609
1010,22,GP-BO,4.886167130836609
1010,23,GP-BO,4.886167130836609
1010,24,GP-BO,4.886167130836609
1010,25,GP-BO,4.886167130836609
1010,26,GP-BO,4.886167130836609
1010,27,GP-BO,4.886167130836609
1010,28,GP-BO,4.886167130836609
1010,29,GP-BO,4.886167130836609
1010,30,GP-BO,4.886167130836609
1010,31,GP-BO,4.886167130836609
1010,32,GP-BO,4.886167130836609
1010,33,GP-BO,4.886167130836609
1010,34,GP-BO,4.886167130836609
1010,35,GP-BO,4.886167130836609
1010,36,GP-BO,4.886167130836609
1010,37,GP-BO,4.886167130836609
1010,38,GP-BO,4.886167130836609
1010,39,GP-BO,4.886167130836609
1010,40,GP-BO,4.886167130836609
1010,41,GP-BO,4.886167130836609
1010,42,GP-BO,4.886167130836609
1010,43,GP-BO,4.886167130836609
1010,44,GP-BO,4.886167130836609
1010,45,GP-BO,4.886167130836609
1010,46,GP-BO,4.886167130836609
1010,47,GP-BO,4.886167130836609
1010,48,GP-BO,4.886167130836609
1010,49,GP-BO,4.886167130836609
1010,50,GP-BO,4.886167130836609
1010,51,GP-BO,4.885765800024441
1010,52,GP-BO,4.884831436610634
1010,53,GP-BO,4.880964293708748
1010,54,GP-BO,4.880964293708748
1010,55,GP-BO,4.880964293708748
1010,56,GP-BO,4.880906284404477
1010,57,GP-BO,4.880906284404477
1010,58,GP-BO,4.880906284404477
1010,59,GP-BO,4.880906284404477
1010,60,GP-BO,4.880906284404477
1010,61,GP-BO,4.880906284404477
1010,62,GP-BO,4.880906284404477
1010,63,GP-BO,4.880906284404477
1010,64,GP-BO,4.880906284404477
1010,65,GP-BO,4.880906284404477
1010,66,GP-BO,4.880906284404477
1010,67,GP-BO,4.880906284404477
1010,68,GP-BO,4.880906284404477
1010,69,GP-BO,4.880906284404477
1010,70,GP-BO,4.880906284404477
1010,71,GP-BO,4.880906284404477
1010,72,GP-BO,4.880906284404477
1010,73,GP-BO,4.880906284404477
1010,74,GP-BO,4.880906284404477
1010,75,GP-BO,4.880906284404477
1010,76,GP-BO,4.880906284404477
1010,77,GP-BO,4.880906284404477
1010,78,GP-BO,4.880906284404477
1010,79,GP-BO,4.880906284404477
1010,80,GP-BO,4.880906284404477
1010,81,GP-BO,4.880906284404477
1010,82,GP-BO,4.880906284404477
1010,83,GP-BO,4.880906284404477
1010,84,GP-BO,4.880906284404477
1010,85,GP-BO,4.880906284404477
1010,86,GP-BO,4.880906284404477
1010,87,GP-BO,4.880906284404477
1010,88,GP-BO,4.880906284404477
1010,89,GP-BO,4.880906284404477
1010,90,GP-BO,4.880906284404477
1010,91,GP-BO,4.880906284404477
1010,92,GP-BO,4.880906284404477
1010,93,GP-BO,4.880906284404477
1010,94,GP-BO,4.880906284404477
1010,95,GP-BO,4.880906284404477
1010,96,GP-BO,4.880906284404477
1010,97,GP-BO,4.880906284404477
1010,98,GP-BO,4.880906284404477
1010,99,GP-BO,4.880906284404477
1010,100,GP-BO,4.880906284404477
1010,0,Random,4.893356605704518
1010,1,Random,4.893356605704518
1010,2,Random,4.893356605704518
1010,3,Random,4.893356605704518
1010,4,Random,4.893356605704518
1010,5,Random,4.893356605704518
1010,6,Random,4.893356605704518
1010,7,Random,4.893356605704518
1010,8,Random,4.893356605704518
1010,9,Random,4.893356605704518
1010,10,Random,4.893356605704518
1010,11,Random,4.893356605704518
1010,12,Random,4.893356605704518
1010,13,Random,4.893356605704518
1010,14,Random,4.893356605704518
1010,15,Random,4.893356605704518
1010,16,Random,4.893356605704518
1010,17,Random,4.893356605704518
1010,18,Random,4.89174388083973
1010,19,Random,4.89174388083973
1010,20,Random,4.89174388083973
1010,21,Random,4.89174388083973
1010,22,Random,4.89174388083973
1010,23,Random,4.89174388083973
1010,24,Random,4.89174388083973
1010,25,Random,4.89174388083973
1010,26,Random,4.89174388083973
1010,27,Random,4.89174388083973
1010,28,Random,4.89174388083973
1010,29,Random,4.89174388083973
1010,30,Random,4.89174388083973
1010,31,Random,4.89174388083973
1010,32,Random,4.89174388083973
1010,33,Random,4.887429344386966
1010,34,Random,4.887429344386966
1010,35,Random,4.887429344386966
1010,36,Random,4.887429344386966
1010,37,Random,4.887429344386966
1010,38,Random,4.887429344386966
1010,39,Random,4.887429344386966
1010,40,Random,4.887429344386966
1010,41,Random,4.887429344386966
1010,42,Random,4.887429344386966
1010,43,Random,4.887429344386966
1010,44,Random,4.887429344386966
1010,45,Random,4.887429344386966
1010,46,Random,4.887429344386966
1010,47,Random,4.887429344386966
1010,48,Random,4.887429344386966
1010,49,Random,4.887429344386966
1010,50,Random,4.887429344386966
1010,51,Random,4.887429344386966
1010,52,Random,4.887429344386966
1010,53,Random,4.887429344386966
1010,54,Random,4.887429344386966
1010,55,Random,4.887429344386966
1010,56,Random,4.887429344386966
1010,57,Random,4.887429344386966
1010,58,Random,4.887429344386966
1010,59,Random,4.887429344386966
1010,60,Random,4.887429344386966
1010,61,Random,4.887429344386966
1010,62,Random,4.887429344386966
1010,63,Random,4.887429344386966
1010,64,Random,4.887429344386966
1010,65,Random,4.887429344386966
1010,66,Random,4.887429344386966
1010,67,Random,4.887429344386966
1010,68,Random,4.887429344386966
1010,69,Random,4.887429344386966
1010,70,Random,4.887429344386966
1010,71,Random,4.887429344386966
1010,72,Random,4.887429344386966
1010,73,Random,4.887429344386966
1010,74,Random,4.887429344386966
1010,75,Random,4.887429344386966
1010,76,Random,4.887429344386966
1010,77,Random,4.887429344386966
1010,78,Random,4.887429344386966
1010,79,Random,4.887429344386966
1010,80,Random,4.887429344386966
1010,81,Random,4.887429344386966
1010,82,Random,4.887429344386966
1010,83,Random,4.887429344386966
1010,84,Random,4.887429344386966
1010,85,Random,4.887429344386966
1010,86,Random,4.887429344386966
1010,87,Random,4.887429344386966
1010,88,Random,4.887429344386966
1010,89,Random,4.887429344386966
1010,90,Random,4.887429344386966
1010,91,Random,4.887429344386966
1010,92,Random,4.887429344386966
1010,93,Random,4.887429344386966
1010,94,Random,4.887429344386966
1010,95,Random,4.887429344386966
1010,96,Random,4.887429344386966
1010,97,Random,4.887429344386966
1010,98,Random,4.887429344386966
1010,99,Random,4.887429344386966
1010,100,Random,4.887429344386966
1011,0,BASS-BO,4.922860992691567
1011,1,BASS-BO,4.922860992691567
1011,2,BASS-BO,4.922860992691567
1011,3,BASS-BO,4.922860992691567
1011,4,BASS-BO,4.922860992691567
1011,5,BASS-BO,4.922860992691567
1011,6,BASS-BO,4.922860992691567
1011,7,BASS-BO,4.922860992691567
1011,8,BASS-BO,4.922860992691567
1011,9,BASS-BO,4.922860992691567
1011,10,BASS-BO,4.921060601037194
1011,11,BASS-BO,4.921060601037194
1011,12,BASS-BO,4.921060601037194
1011,13,BASS-BO,4.921060601037194
1011,14,BASS-BO,4.921060601037194
1011,15,BASS-BO,4.921060601037194
1011,16,BASS-BO,4.921060601037194
1011,17,BASS-BO,4.921060601037194
1011,18,BASS-BO,4.921060601037194
1011,19,BASS-BO,4.920981567833563
1011,20,BASS-BO,4.920981567833563
1011,21,BASS-BO,4.920981567833563
1011,22,BASS-BO,4.920981567833563
1011,23,BASS-BO,4.920981567833563
1011,24,BASS-BO,4.918593857261884
1011,25,BASS-BO,4.918593857261884
1011,26,BASS-BO,4.918593857261884
1011,27,BASS-BO,4.918593857261884
1011,28,BASS-BO,4.918593857261884
1011,29,BASS-BO,4.918593857261884
1011,30,BASS-BO,4.918593857261884
1011,31,BASS-BO,4.918593857261884
1011,32,BASS-BO,4.918593857261884
1011,33,BASS-BO,4.918593857261884
1011,34,BASS-BO,4.918593857261884
1011,35,BASS-BO,4.918593857261884
1011,36,BASS-BO,4.918593857261884
1011,37,BASS-BO,4.918593857261884
1011,38,BASS-BO,4.918593857261884
1011,39,BASS-BO,4.918593857261884
1011,40,BASS-BO,4.918593857261884
1011,41,BASS-BO,4.918593857261884
1011,42,BASS-BO,4.918593857261884
1011,43,BASS-BO,4.918593857261884
1011,44,BASS-BO,4.918593857261884
1011,45,BASS-BO,4.918593857261884
1011,46,BASS-BO,4.918593857261884
1011,47,BASS-BO,4.918593857261884
1011,48,BASS-BO,4.918593857261884
1011,49,BASS-BO,4.918593857261884
1011,50,BASS-BO,4.918593857261884
1011,51,BASS-BO,4.918593857261884
1011,52,BASS-BO,4.918593857261884
1011,53,BASS-BO,4.918593857261884
1011,54,BASS-BO,4.918593857261884
1011,55,BASS-BO,4.918593857261884
1011,56,BASS-BO,4.918593857261884
1011,57,BASS-BO,4.918593857261884
1011,58,BASS-BO,4.918593857261884
1011,59,BASS-BO,4.918593857261884
1011,60,BASS-BO,4.918593857261884
1011,61,BASS-BO,4.918593857261884
1011,62,BASS-BO,4.918593857261884
1011,63,BASS-BO,4.918593857261884
1011,64,BASS-BO,4.918593857261884
1011,65,BASS-BO,4.918593857261884
1011,66,BASS-BO,4.918593857261884
1011,67,BASS-BO,4.918593857261884
1011,68,BASS-BO,4.918593857261884
1011,69,BASS-BO,4.918593857261884
1011,70,BASS-BO,4.918593857261884
1011,71,BASS-BO,4.918593857261884
1011,72,BASS-BO,4.918593857261884
1011,73,BASS-BO,4.918593857261884
1011,74,BASS-BO,4.918593857261884
1011,75,BASS-BO,4.918593857261884
1011,76,BASS-BO,4.918593857261884
1011,77,BASS-BO,4.918593857261884
1011,78,BASS-BO,4.918593857261884
1011,79,BASS-BO,4.918593857261884
1011,80,BASS-BO,4.918593857261884
1011,81,BASS-BO,4.918593857261884
1011,82,BASS-BO,4.918593857261884
1011,83,BASS-BO,4.918593857261884
1011,84,BASS-BO,4.918593857261884
1011,85,BASS-BO,4.918593857261884
1011,86,BASS-BO,4.918593857261884
1011,87,BASS-BO,4.918593857261884
1011,88,BASS-BO,4.918593857261884
1011,89,BASS-BO,4.918593857261884
1011,90,BASS-BO,4.918593857261884
1011,91,BASS-BO,4.918593857261884
1011,92,BASS-BO,4.918593857261884
1011,93,BASS-BO,4.918593857261884
1011,94,BASS-BO,4.918593857261884
1011,95,BASS-BO,4.918593857261884
1011,96,BASS-BO,4.918593857261884
1011,97,BASS-BO,4.918593857261884
1011,98,BASS-BO,4.918593857261884
1011,99,BASS-BO,4.918593857261884
1011,100,BASS-BO,4.918593857261884
1011,0,GP-BO,4.922860992691567
1011,1,GP-BO,4.921293901636368
1011,2,GP-BO,4.921293901636368
1011,3,GP-BO,4.921293901636368
1011,4,GP-BO,4.921293901636368
1011,5,GP-BO,4.919734486977705
1011,6,GP-BO,4.919734486977705
1011,7,GP-BO,4.919734486977705
1011,8,GP-BO,4.919734486977705
1011,9,GP-BO,4.919734486977705
1011,10,GP-BO,4.919734486977705
1011,11,GP-BO,4.919734486977705
1011,12,GP-BO,4.919734486977705
1011,13,GP-BO,4.919734486977705
1011,14,GP-BO,4.919734486977705
1011,15,GP-BO,4.919285799930547
1011,16,GP-BO,4.919285799930547
1011,17,GP-BO,4.919285799930547
1011,18,GP-BO,4.919285799930547
1011,19,GP-BO,4.919285799930547
1011,20,GP-BO,4.919285799930547
1011,21,GP-BO,4.919285799930547
1011,22,GP-BO,4.919285799930547
1011,23,GP-BO,4.919285799930547
1011,24,GP-BO,4.919285799930547
1011,25,GP-BO,4.919285799930547
1011,26,GP-BO,4.919285799930547
1011,27,GP-BO,4.919285799930547
1011,28,GP-BO,4.919285799930547
1011,29,GP-BO,4.919285799930547
1011,30,GP-BO,4.919285799930547
1011,31,GP-BO,4.919285799930547
1011,32,GP-BO,4.919285799930547
1011,33,GP-BO,4.919071357063838
1011,34,GP-BO,4.919071357063838
1011,35,GP-BO,4.919071357063838
1011,36,GP-BO,4.919071357063838
1011,37,GP-BO,4.919071357063838
1011,38,GP-BO,4.919071357063838
1011,39,GP-BO,4.919055500284602
1011,40,GP-BO,4.919055500284602
1011,41,GP-BO,4.919055500284602
1011,42,GP-BO,4.919055500284602
1011,43,GP-BO,4.919055500284602
1011,44,GP-BO,4.919055500284602
1011,45,GP-BO,4.919055500284602
1011,46,GP-BO,4.9189169243021444
1011,47,GP-BO,4.9189169243021444
1011,48,GP-BO,4.9189169243021444
1011,49,GP-BO,4.9189169243021444
1011,50,GP-BO,4.918871664791662
1011,51,GP-BO,4.918871664791662
1011,52,GP-BO,4.918871664791662
1011,53,GP-BO,4.918842680664298
1011,54,GP-BO,4.918842680664298
1011,55,GP-BO,4.918842680664298
1011,56,GP-BO,4.918842680664298
1011,57,GP-BO,4.918842680664298
1011,58,GP-BO,4.91882189866523
1011,59,GP-BO,4.91882189866523
1011,60,GP-BO,4.918804706169254
1011,61,GP-BO,4.918804706169254
1011,62,GP-BO,4.918790828339579
1011,63,GP-BO,4.918790828339579
1011,64,GP-BO,4.918790828339579
1011,65,GP-BO,4.918790828339579
1011,66,GP-BO,4.918790828339579
1011,67,GP-BO,4.918790828339579
1011,68,GP-BO,4.918790828339579
1011,69,GP-BO,4.918790828339579
1011,70,GP-BO,4.918790828339579
1011,71,GP-BO,4.918779367265421
1011,72,GP-BO,4.918779367265421
1011,73,GP-BO,4.918779367265421
1011,74,GP-BO,4.918779367265421
1011,75,GP-BO,4.918779367265421
1011,76,GP-BO,4.918769884238143
1011,77,GP-BO,4.918769884238143
1011,78,GP-BO,4.918769884238143
1011,79,GP-BO,4.918769884238143
1011,80,GP-BO,4.918769884238143
1011,81,GP-BO,4.918769884238143
1011,82,GP-BO,4.918769884238143
1011,83,GP-BO,4.918769884238143
1011,84,GP-BO,4.9187623383942904
1011,85,GP-BO,4.9187623383942904
1011,86,GP-BO,4.9187623383942904
1011,87,GP-BO,4.9187623383942904
1011,88,GP-BO,4.9187623383942904
1011,89,GP-BO,4.9187623383942904
1011,90,GP-BO,4.9187547332854775
1011,91,GP-BO,4.9187547332854775
1011,92,GP-BO,4.9187547332854775
1011,93,GP-BO,4.9187547332854775
1011,94,GP-BO,4.918746803629475
1011,95,GP-BO,4.918746803629475
1011,96,GP-BO,4.918746803629475
1011,97,GP-BO,4.918746803629475
1011,98,GP-BO,4.918746803629475
1011,99,GP-BO,4.918746803629475
1011,100,GP-BO,4.918746803629475
1011,0,Random,4.922860992691567
1011,1,Random,4.922860992691567
1011,2,Random,4.921865554781048
1011,3,Random,4.921865554781048
1011,4,Random,4.921865554781048
1011,5,Random,4.921865554781048
1011,6,Random,4.921865554781048
1011,7,Random,4.921865554781048
1011,8,Random,4.921865554781048
1011,9,Random,4.921865554781048
1011,10,Random,4.921865554781048
1011,11,Random,4.921865554781048
1011,12,Random,4.921865554781048
1011,13,Random,4.921865554781048
1011,14,Random,4.921834982357578
1011,15,Random,4.921834982357578
1011,16,Random,4.921834982357578
1011,17,Random,4.921834982357578
1011,18,Random,4.921834982357578
1011,19,Random,4.921834982357578
1011,20,Random,4.921834982357578
1011,21,Random,4.921834982357578
1011,22,Random,4.921834982357578
1011,23,Random,4.921834982357578
1011,24,Random,4.921293120960393
1011,25,Random,4.921293120960393
1011,26,Random,4.921293120960393
1011,27,Random,4.921293120960393
1011,28,Random,4.921293120960393
1011,29,Random,4.921293120960393
1011,30,Random,4.921293120960393
1011,31,Random,4.921293120960393
1011,32,Random,4.921293120960393
1011,33,Random,4.921293120960393
1011,34,Random,4.921293120960393
1011,35,Random,4.921293120960393
1011,36,Random,4.921293120960393
1011,37,Random,4.921293120960393
1011,38,Random,4.921293120960393
1011,39,Random,4.921293120960393
1011,40,Random,4.919422259994228
1011,41,Random,4.919422259994228
1011,42,Random,4.919422259994228
1011,43,Random,4.919422259994228
1011,44,Random,4.919422259994228
1011,45,Random,4.919422259994228
1011,46,Random,4.919422259994228
1011,47,Random,4.919422259994228
1011,48,Random,4.919422259994228
1011,49,Random,4.919422259994228
1011,50,Random,4.919422259994228
1011,51,Random,4.919422259994228
1011,52,Random,4.919422259994228
1011,53,Random,4.919422259994228
1011,54,Random,4.919422259994228
1011,55,Random,4.919422259994228
1011,56,Random,4.919422259994228
1011,57,Random,4.919422259994228
1011,58,Random,4.919422259994228
1011,59,Random,4.919422259994228
1011,60,Random,4.919422259994228
1011,61,Random,4.919422259994228
1011,62,Random,4.919422259994228
1011,63,Random,4.919422259994228
1011,64,Random,4.919422259994228
1011,65,Random,4.919422259994228
1011,66,Random,4.919422259994228
1011,67,Random,4.919422259994228
1011,68,Random,4.919422259994228
1011,69,Random,4.919422259994228
1011,70,Random,4.919422259994228
1011,71,Random,4.919422259994228
1011,72,Random,4.919422259994228
1011,73,Random,4.919422259994228
1011,74,Random,4.919422259994228
1011,75,Random,4.919422259994228
1011,76,Random,4.919422259994228
1011,77,Random,4.919422259994228
1011,78,Random,4.919422259994228
1011,79,Random,4.919422259994228
1011,80,Random,4.919422259994228
1011,81,Random,4.919422259994228
1011,82,Random,4.919422259994228
1011,83,Random,4.919422259994228
1011,84,Random,4.919422259994228
1011,85,Random,4.919422259994228
1011,86,Random,4.919422259994228
1011,87,Random,4.919422259994228
1011,88,Random,4.919422259994228
1011,89,Random,4.919422259994228
1011,90,Random,4.919422259994228
1011,91,Random,4.919422259994228
1011,92,Random,4.919422259994228
1011,93,Random,4.919422259994228
1011,94,Random,4.919422259994228
1011,95,Random,4.919422259994228
1011,96,Random,4.919422259994228
1011,97,Random,4.919422259994228
1011,98,Random,4.919422259994228
1011,99,Random,4.919422259994228
1011,100,Random,4.919422259994228
1012,0,BASS-BO,4.939817650777433
1012,1,BASS-BO,4.939817650777433
1012,2,BASS-BO,4.939817650777433
1012,3,BASS-BO,4.938632301837856
1012,4,BASS-BO,4.938632301837856
1012,5,BASS-BO,4.938632301837856
1012,6,BASS-BO,4.938632301837856
1012,7,BASS-BO,4.938632301837856
1012,8,BASS-BO,4.938632301837856
1012,9,BASS-BO,4.938632301837856
1012,10,BASS-BO,4.938632301837856
1012,11,BASS-BO,4.938632301837856
1012,12,BASS-BO,4.938632301837856
1012,13,BASS-BO,4.938632301837856
1012,14,BASS-BO,4.938632301837856
1012,15,BASS-BO,4.938632301837856
1012,16,BASS-BO,4.9386322964745535
1012,17,BASS-BO,4.9386322964745535
1012,18,BASS-BO,4.9386322964745535
1012,19,BASS-BO,4.9386322964745535
1012,20,BASS-BO,4.9386322964745535
1012,21,BASS-BO,4.9386322964745535
1012,22,BASS-BO,4.9386322964745535
1012,23,BASS-BO,4.9386322964745535
1012,24,BASS-BO,4.9386322964745535
1012,25,BASS-BO,4.9386322964745535
1012,26,BASS-BO,4.9386322964745535
1012,27,BASS-BO,4.9386322964745535
1012,28,BASS-BO,4.9386322964745535
1012,29,BASS-BO,4.9386322964745535
1012,30,BASS-BO,4.9386322964745535
1012,31,BASS-BO,4.9386322964745535
1012,32,BASS-BO,4.9386322964745535
1012,33,BASS-BO,4.9386322964745535
1012,34,BASS-BO,4.9386322964745535
1012,35,BASS-BO,4.9386322964745535
1012,36,BASS-BO,4.9386322964745535
1012,37,BASS-BO,4.9386322964745535
1012,38,BASS-BO,4.9386322964745535
1012,39,BASS-BO,4.9386322964745535
1012,40,BASS-BO,4.9386322964745535
1012,41,BASS-BO,4.9386322964745535
1012,42,BASS-BO,4.9386322964745535
1012,43,BASS-BO,4.9386322964745535
1012,44,BASS-BO,4.9386322964745535
1012,45,BASS-BO,4.9386322964745535
1012,46,BASS-BO,4.9386322964745535
1012,47,BASS-BO,4.9386322964745535
1012,48,BASS-BO,4.9386322964745535
1012,49,BASS-BO,4.9386322964745535
1012,50,BASS-BO,4.9386322964745535
1012,51,BASS-BO,4.9386322964745535
1012,52,BASS-BO,4.9386322964745535
1012,53,BASS-BO,4.9386322964745535
1012,54,BASS-BO,4.9386322964745535
1012,55,BASS-BO,4.9386322964745535
1012,56,BASS-BO,4.9386322964745535
1012,57,BASS-BO,4.9386322964745535
1012,58,BASS-BO,4.9386322964745535
1012,59,BASS-BO,4.9386322964745535
1012,60,BASS-BO,4.9386322964745535
1012,61,BASS-BO,4.9386322964745535
1012,62,BASS-BO,4.9386322964745535
1012,63,BASS-BO,4.9386322964745535
1012,64,BASS-BO,4.9386322964745535
1012,65,BASS-BO,4.9386322964745535
1012,66,BASS-BO,4.9386322964745535
1012,67,BASS-BO,4.9386322964745535
1012,68,BASS-BO,4.9386322964745535
1012,69,BASS-BO,4.9386322964745535
1012,70,BASS-BO,4.9386322964745535
1012,71,BASS-BO,4.9386322964745535
1012,72,BASS-BO,4.9386322964745535
1012,73,BASS-BO,4.9386322964745535
1012,74,BASS-BO,4.9386322964745535
1012,75,BASS-BO,4.9386322964745535
1012,76,BASS-BO,4.9386322964745535
1012,77,BASS-BO,4.9386322964745535
1012,78,BASS-BO,4.9386322964745535
1012,79,BASS-BO,4.9386322964745535
1012,80,BASS-BO,4.9386322964745535
1012,81,BASS-BO,4.9386322964745535
1012,82,BASS-BO,4.9386322964745535
1012,83,BASS-BO,4.9386322964745535
1012,84,BASS-BO,4.9386322964745535
1012,85,BASS-BO,4.9386322964745535
1012,86,BASS-BO,4.9386322964745535
1012,87,BASS-BO,4.9386322964745535
1012,88,BASS-BO,4.9386322964745535
1012,89,BASS-BO,4.9386322964745535
1012,90,BASS-BO,4.9386322964745535
1012,91,BASS-BO,4.9386322964745535
1012,92,BASS-BO,4.9386322964745535
1012,93,BASS-BO,4.9386322964745535
1012,94,BASS-BO,4.9386322964745535
1012,95,BASS-BO,4.9386322964745535
1012,96,BASS-BO,4.9386322964745535
1012,97,BASS-BO,4.9386322964745535
1012,98,BASS-BO,4.9386322964745535
1012,99,BASS-BO,4.9386322964745535
1012,100,BASS-BO,4.9386322964745535
1012,0,GP-BO,4.939817650777433
1012,1,GP-BO,4.939817650777433
1012,2,GP-BO,4.939817650777433
1012,3,GP-BO,4.939817650777433
1012,4,GP-BO,4.939817650777433
1012,5,GP-BO,4.939817650777433
1012,6,GP-BO,4.939817650777433
1012,7,GP-BO,4.939817650777433
1012,8,GP-BO,4.939817650777433
1012,9,GP-BO,4.939817650777433
1012,10,GP-BO,4.939817650777433
1012,11,GP-BO,4.939817650777433
1012,12,GP-BO,4.939817650777433
1012,13,GP-BO,4.939817650777433
1012,14,GP-BO,4.939817650777433
1012,15,GP-BO,4.939817650777433
1012,16,GP-BO,4.939817650777433
1012,17,GP-BO,4.939817650777433
1012,18,GP-BO,4.939817650777433
1012,19,GP-BO,4.939817650777433
1012,20,GP-BO,4.939817650777433
1012,21,GP-BO,4.939664242031922
1012,22,GP-BO,4.939664242031922
1012,23,GP-BO,4.939664242031922
1012,24,GP-BO,4.939664242031922
1012,25,GP-BO,4.939664242031922
1012,26,GP-BO,4.939664242031922
1012,27,GP-BO,4.939664242031922
1012,28,GP-BO,4.939664242031922
1012,29,GP-BO,4.9393097030434205
1012,30,GP-BO,4.9393097030434205
1012,31,GP-BO,4.9393097030434205
1012,32,GP-BO,4.9393097030434205
1012,33,GP-BO,4.938841590879724
1012,34,GP-BO,4.938679340979126
1012,35,GP-BO,4.938679340979126
1012,36,GP-BO,4.938679340979126
1012,37,GP-BO,4.938679340979126
1012,38,GP-BO,4.938679340979126
1012,39,GP-BO,4.938679340979126
1012,40,GP-BO,4.938679340979126
1012,41,GP-BO,4.938679340979126
1012,42,GP-BO,4.938679340979126
1012,43,GP-BO,4.938679340979126
1012,44,GP-BO,4.938669206453067
1012,45,GP-BO,4.938669206453067
1012,46,GP-BO,4.938669206453067
1012,47,GP-BO,4.938669206453067
1012,48,GP-BO,4.938669206453067
1012,49,GP-BO,4.938669206453067
1012,50,GP-BO,4.938669206453067
1012,51,GP-BO,4.938663136916606
1012,52,GP-BO,4.938663136916606
1012,53,GP-BO,4.938663136916606
1012,54,GP-BO,4.938663136916606
1012,55,GP-BO,4.938663136916606
1012,56,GP-BO,4.938663136916606
1012,57,GP-BO,4.938637045286738
1012,58,GP-BO,4.938637045286738
1012,59,GP-BO,4.938637045286738
1012,60,GP-BO,4.938637045286738
1012,61,GP-BO,4.938637045286738
1012,62,GP-BO,4.938637045286738
1012,63,GP-BO,4.938637045286738
1012,64,GP-BO,4.938637045286738
1012,65,GP-BO,4.938637045286738
1012,66,GP-BO,4.938637045286738
1012,67,GP-BO,4.938637045286738
1012,68,GP-BO,4.938637045286738
1012,69,GP-BO,4.938637045286738
1012,70,GP-BO,4.938633168622787
1012,71,GP-BO,4.938632297723793
1012,72,GP-BO,4.938632297723793
1012,73,GP-BO,4.938632297723793
1012,74,GP-BO,4.938632297723793
1012,75,GP-BO,4.938632297723793
1012,76,GP-BO,4.938632297723793
1012,77,GP-BO,4.938632297723793
1012,78,GP-BO,4.938632297723793
1012,79,GP-BO,4.938632297723793
1012,80,GP-BO,4.938632297723793
1012,81,GP-BO,4.938632297723793
1012,82,GP-BO,4.938632297723793
1012,83,GP-BO,4.938632297723793
1012,84,GP-BO,4.938632297723793
1012,85,GP-BO,4.938632297723793
1012,86,GP-BO,4.938632297723793
1012,87,GP-BO,4.938632297723793
1012,88,GP-BO,4.938632297723793
1012,89,GP-BO,4.938632297723793
1012,90,GP-BO,4.938632297723793
1012,91,GP-BO,4.938632297723793
1012,92,GP-BO,4.938632297723793
1012,93,GP-BO,4.938632297723793
1012,94,GP-BO,4.938632297723793
1012,95,GP-BO,4.938632297723793
1012,96,GP-BO,4.938632297723793
1012,97,GP-BO,4.938632297723793
1012,98,GP-BO,4.938632297723793
1012,99,GP-BO,4.938632297723793
1012,100,GP-BO,4.938632297723793
1012,0,Random,4.939817650777433
1012,1,Random,4.939817650777433
1012,2,Random,4.939817650777433
1012,3,Random,4.939817650777433
1012,4,Random,4.939817650777433
1012,5,Random,4.939817650777433
1012,6,Random,4.939817650777433
1012,7,Random,4.939817650777433
1012,8,Random,4.939817650777433
1012,9,Random,4.939817650777433
1012,10,Random,4.939817650777433
1012,11,Random,4.939817650777433
1012,12,Random,4.939817650777433
1012,13,Random,4.939817650777433
1012,14,Random,4.939817650777433
1012,15,Random,4.939817650777433
1012,16,Random,4.939817650777433
1012,17,Random,4.939817650777433
1012,18,Random,4.939817650777433
1012,19,Random,4.939817650777433
1012,20,Random,4.939817650777433
1012,21,Random,4.939817650777433
1012,22,Random,4.939817650777433
1012,23,Random,4.939817650777433
1012,24,Random,4.939817650777433
1012,25,Random,4.939817650777433
1012,26,Random,4.939817650777433
1012,27,Random,4.939817650777433
1012,28,Random,4.939817650777433
1012,29,Random,4.939817650777433
1012,30,Random,4.939817650777433
1012,31,Random,4.939817650777433
1012,32,Random,4.939817650777433
1012,33,Random,4.939817650777433
1012,34,Random,4.939817650777433
1012,35,Random,4.939817650777433
1012,36,Random,4.939817650777433
1012,37,Random,4.939817650777433
1012,38,Random,4.939817650777433
1012,39,Random,4.939817650777433
1012,40,Random,4.939817650777433
1012,41,Random,4.939817650777433
1012,42,Random,4.939817650777433
1012,43,Random,4.939817650777433
1012,44,Random,4.939817650777433
1012,45,Random,4.939817650777433
1012,46,Random,4.939817650777433
1012,47,Random,4.939817650777433
1012,48,Random,4.939817650777433
1012,49,Random,4.939817650777433
1012,50,Random,4.939817650777433
1012,51,Random,4.939817650777433
1012,52,Random,4.939817650777433
1012,53,Random,4.939817650777433
1012,54,Random,4.939817650777433
1012,55,Random,4.939817650777433
1012,56,Random,4.939817650777433
1012,57,Random,4.939260968714477
1012,58,Random,4.939260968714477
1012,59,Random,4.939260968714477
1012,60,Random,4.939260968714477
1012,61,Random,4.939260968714477
1012,62,Random,4.939260968714477
1012,63,Random,4.939260968714477
1012,64,Random,4.939260968714477
1012,65,Random,4.939260968714477
1012,66,Random,4.939260968714477
1012,67,Random,4.939260968714477
1012,68,Random,4.939260968714477
1012,69,Random,4.939260968714477
1012,70,Random,4.939260968714477
1012,71,Random,4.939260968714477
1012,72,Random,4.939260968714477
1012,73,Random,4.939260968714477
1012,74,Random,4.939260968714477
1012,75,Random,4.939260968714477
1012,76,Random,4.939260968714477
1012,77,Random,4.939260968714477
1012,78,Random,4.939260968714477
1012,79,Random,4.939260968714477
1012,80,Random,4.939260968714477
1012,81,Random,4.939260968714477
1012,82,Random,4.939260968714477
1012,83,Random,4.939260968714477
1012,84,Random,4.939260968714477
1012,85,Random,4.939260968714477
1012,86,Random,4.939260968714477
1012,87,Random,4.939260968714477
1012,88,Random,4.939260968714477
1012,89,Random,4.939260968714477
1012,90,Random,4.939260968714477
1012,91,Random,4.939260968714477
1012,92,Random,4.939260968714477
1012,93,Random,4.939260968714477
1012,94,Random,4.939260968714477
1012,95,Random,4.939260968714477
1012,96,Random,4.939260968714477
1012,97,Random,4.939260968714477
1012,98,Random,4.939260968714477
1012,99,Random,4.939260968714477
1012,100,Random,4.939260968714477
1013,0,BASS-BO,4.953549602890892
1013,1,BASS-BO,4.953549602890892
1013,2,BASS-BO,4.953549602890892
1013,3,BASS-BO,4.953549602890892
1013,4,BASS-BO,4.951172789691849
1013,5,BASS-BO,4.94568603197365
1013,6,BASS-BO,4.94568603197365
1013,7,BASS-BO,4.94568603197365
1013,8,BASS-BO,4.94568603197365
1013,9,BASS-BO,4.94568603197365
1013,10,BASS-BO,4.94568603197365
1013,11,BASS-BO,4.94568603197365
1013,12,BASS-BO,4.94568603197365
1013,13,BASS-BO,4.94568603197365
1013,14,BASS-BO,4.94568603197365
1013,15,BASS-BO,4.94568603197365
1013,16,BASS-BO,4.94568603197365
1013,17,BASS-BO,4.945674343817475
1013,18,BASS-BO,4.945674343817475
1013,19,BASS-BO,4.945674343817475
1013,20,BASS-BO,4.945674343817475
1013,21,BASS-BO,4.945674343817475
1013,22,BASS-BO,4.945674343817475
1013,23,BASS-BO,4.945674343817475
1013,24,BASS-BO,4.945674343817475
1013,25,BASS-BO,4.945674343817475
1013,26,BASS-BO,4.945674343817475
1013,27,BASS-BO,4.945674343817475
1013,28,BASS-BO,4.945674343817475
1013,29,BASS-BO,4.945674343817475
1013,30,BASS-BO,4.945673744278739
1013,31,BASS-BO,4.945673744278739
1013,32,BASS-BO,4.945673744278739
1013,33,BASS-BO,4.945673744278739
1013,34,BASS-BO,4.945673744278739
1013,35,BASS-BO,4.945673744278739
1013,36,BASS-BO,4.945673744278739
1013,37,BASS-BO,4.945673744278739
1013,38,BASS-BO,4.945673744278739
1013,39,BASS-BO,4.945673744278739
1013,40,BASS-BO,4.945673744278739
1013,41,BASS-BO,4.945673744278739
1013,42,BASS-BO,4.945673744278739
1013,43,BASS-BO,4.945673744278739
1013,44,BASS-BO,4.945673744278739
1013,45,BASS-BO,4.9456678759410035
1013,46,BASS-BO,4.9456678759410035
1013,47,BASS-BO,4.9456678759410035
1013,48,BASS-BO,4.94566700368331
1013,49,BASS-BO,4.94566700368331
1013,50,BASS-BO,4.94566700368331
1013,51,BASS-BO,4.94566700368331
1013,52,BASS-BO,4.94566700368331
1013,53,BASS-BO,4.94566700368331
1013,54,BASS-BO,4.94566700368331
1013,55,BASS-BO,4.94566700368331
1013,56,BASS-BO,4.94566700368331
1013,57,BASS-BO,4.94566700368331
1013,58,BASS-BO,4.945644234362549
1013,59,BASS-BO,4.945644234362549
1013,60,BASS-BO,4.945644234362549
1013,61,BASS-BO,4.945644234362549
1013,62,BASS-BO,4.945644234362549
1013,63,BASS-BO,4.945644234362549
1013,64,BASS-BO,4.945644234362549
1013,65,BASS-BO,4.945644234362549
1013,66,BASS-BO,4.945644234362549
1013,67,BASS-BO,4.945644234362549
1013,68,BASS-BO,4.945644234362549
1013,69,BASS-BO,4.945644234362549
1013,70,BASS-BO,4.945644234362549
1013,71,BASS-BO,4.945644234362549
1013,72,BASS-BO,4.945644234362549
1013,73,BASS-BO,4.945644234362549
1013,74,BASS-BO,4.945644234362549
1013,75,BASS-BO,4.945644234362549
1013,76,BASS-BO,4.945644234362549
1013,77,BASS-BO,4.945644234362549
1013,78,BASS-BO,4.945644234362549
1013,79,BASS-BO,4.945644234362549
1013,80,BASS-BO,4.945644234362549
1013,81,BASS-BO,4.945644234362549
1013,82,BASS-BO,4.945644234362549
1013,83,BASS-BO,4.945644234362549
1013,84,BASS-BO,4.945644234362549
1013,85,BASS-BO,4.945644234362549
1013,86,BASS-BO,4.945644234362549
1013,87,BASS-BO,4.945644234362549
1013,88,BASS-BO,4.945644234362549
1013,89,BASS-BO,4.945644234362549
1013,90,BASS-BO,4.945644234362549
1013,91,BASS-BO,4.945644234362549
1013,92,BASS-BO,4.945644234362549
1013,93,BASS-BO,4.945644234362549
1013,94,BASS-BO,4.945644234362549
1013,95,BASS-BO,4.945644234362549
1013,96,BASS-BO,4.945644234362549
1013,97,BASS-BO,4.945644234362549
1013,98,BASS-BO,4.945644234362549
1013,99,BASS-BO,4.945644234362549
1013,100,BASS-BO,4.945644234362549
1013,0,GP-BO,4.953549602890892
1013,1,GP-BO,4.953549602890892
1013,2,GP-BO,4.953549602890892
1013,3,GP-BO,4.953549602890892
1013,4,GP-BO,4.953549602890892
1013,5,GP-BO,4.953549602890892
1013,6,GP-BO,4.953549602890892
1013,7,GP-BO,4.953549602890892
1013,8,GP-BO,4.953549602890892
1013,9,GP-BO,4.953549602890892
1013,10,GP-BO,4.950074576093766
1013,11,GP-BO,4.950074576093766
1013,12,GP-BO,4.950074576093766
1013,13,GP-BO,4.950074576093766
1013,14,GP-BO,4.950074576093766
1013,15,GP-BO,4.950074576093766
1013,16,GP-BO,4.950074576093766
1013,17,GP-BO,4.949484384962188
1013,18,GP-BO,4.949484384962188
1013,19,GP-BO,4.949484384962188
1013,20,GP-BO,4.949484384962188
1013,21,GP-BO,4.949484384962188
1013,22,GP-BO,4.949484384962188
1013,23,GP-BO,4.949484384962188
1013,24,GP-BO,4.949484384962188
1013,25,GP-BO,4.949484384962188
1013,26,GP-BO,4.949484384962188
1013,27,GP-BO,4.949484384962188
1013,28,GP-BO,4.949484384962188
1013,29,GP-BO,4.949484384962188
1013,30,GP-BO,4.949484384962188
1013,31,GP-BO,4.949484384962188
1013,32,GP-BO,4.949484384962188
1013,33,GP-BO,4.949484384962188
1013,34,GP-BO,4.949484384962188
1013,35,GP-BO,4.949484384962188
1013,36,GP-BO,4.949484384962188
1013,37,GP-BO,4.949484384962188
1013,38,GP-BO,4.949484384962188
1013,39,GP-BO,4.949484384962188
1013,40,GP-BO,4.949484384962188
1013,41,GP-BO,4.949484384962188
1013,42,GP-BO,4.949484384962188
1013,43,GP-BO,4.949484384962188
1013,44,GP-BO,4.949484384962188
1013,45,GP-BO,4.949484384962188
1013,46,GP-BO,4.949484384962188
1013,47,GP-BO,4.949484384962188
1013,48,GP-BO,4.949484384962188
1013,49,GP-BO,4.949484384962188
1013,50,GP-BO,4.949484384962188
1013,51,GP-BO,4.949484384962188
1013,52,GP-BO,4.949484384962188
1013,53,GP-BO,4.949484384962188
1013,54,GP-BO,4.949484384962188
1013,55,GP-BO,4.949484384962188
1013,56,GP-BO,4.949484384962188
1013,57,GP-BO,4.949484384962188
1013,58,GP-BO,4.949484384962188
1013,59,GP-BO,4.949484384962188
1013,60,GP-BO,4.949484384962188
1013,61,GP-BO,4.949484384962188
1013,62,GP-BO,4.949484384962188
1013,63,GP-BO,4.949484384962188
1013,64,GP-BO,4.949484384962188
1013,65,GP-BO,4.949484384962188
1013,66,GP-BO,4.949484384962188
1013,67,GP-BO,4.949484384962188
1013,68,GP-BO,4.949484384962188
1013,69,GP-BO,4.949484384962188
1013,70,GP-BO,4.949484384962188
1013,71,GP-BO,4.949484384962188
1013,72,GP-BO,4.949484384962188
1013,73,GP-BO,4.949484384962188
1013,74,GP-BO,4.949484384962188
1013,75,GP-BO,4.949484384962188
1013,76,GP-BO,4.949484384962188
1013,77,GP-BO,4.949484384962188
1013,78,GP-BO,4.949484384962188
1013,79,GP-BO,4.949484384962188
1013,80,GP-BO,4.949484384962188
1013,81,GP-BO,4.949484384962188
1013,82,GP-BO,4.949484384962188
1013,83,GP-BO,4.949484384962188
1013,84,GP-BO,4.949484384962188
1013,85,GP-BO,4.949484384962188
1013,86,GP-BO,4.949484384962188
1013,87,GP-BO,4.949484384962188
1013,88,GP-BO,4.949484384962188
1013,89,GP-BO,4.949484384962188
1013,90,GP-BO,4.949484384962188
1013,91,GP-BO,4.949484384962188
1013,92,GP-BO,4.949484384962188
1013,93,GP-BO,4.949484384962188
1013,94,GP-BO,4.949484384962188
1013,95,GP-BO,4.949484384962188
1013,96,GP-BO,4.949484384962188
1013,97,GP-BO,4.949484384962188
1013,98,GP-BO,4.949484384962188
1013,99,GP-BO,4.949484384962188
1013,100,GP-BO,4.949484384962188
1013,0,Random,4.953549602890892
1013,1,Random,4.953549602890892
1013,2,Random,4.953549602890892
1013,3,Random,4.953549602890892
1013,4,Random,4.953549602890892
1013,5,Random,4.953549602890892
1013,6,Random,4.953549602890892
1013,7,Random,4.953549602890892
1013,8,Random,4.953549602890892
1013,9,Random,4.953549602890892
1013,10,Random,4.953549602890892
1013,11,Random,4.953549602890892
1013,12,Random,4.953549602890892
1013,13,Random,4.953549602890892
1013,14,Random,4.953549602890892
1013,15,Random,4.953549602890892
1013,16,Random,4.953549602890892
1013,17,Random,4.953549602890892
1013,18,Random,4.953549602890892
1013,19,Random,4.953549602890892
1013,20,Random,4.949175126374774
1013,21,Random,4.949175126374774
1013,22,Random,4.949175126374774
1013,23,Random,4.949175126374774
1013,24,Random,4.949175126374774
1013,25,Random,4.949175126374774
1013,26,Random,4.948381649774365
1013,27,Random,4.948381649774365
1013,28,Random,4.948381649774365
1013,29,Random,4.948381649774365
1013,30,Random,4.948381649774365
1013,31,Random,4.948381649774365
1013,32,Random,4.948381649774365
1013,33,Random,4.948381649774365
1013,34,Random,4.948381649774365
1013,35,Random,4.948381649774365
1013,36,Random,4.948381649774365
1013,37,Random,4.947724594148914
1013,38,Random,4.947724594148914
1013,39,Random,4.947724594148914
1013,40,Random,4.947724594148914
1013,41,Random,4.947724594148914
1013,42,Random,4.947724594148914
1013,43,Random,4.947724594148914
1013,44,Random,4.947724594148914
1013,45,Random,4.947724594148914
1013,46,Random,4.947724594148914
1013,47,Random,4.947724594148914
1013,48,Random,4.947724594148914
1013,49,Random,4.947724594148914
1013,50,Random,4.947724594148914
1013,51,Random,4.947724594148914
1013,52,Random,4.947724594148914
1013,53,Random,4.947724594148914
1013,54,Random,4.947724594148914
1013,55,Random,4.947724594148914
1013,56,Random,4.947724594148914
1013,57,Random,4.947724594148914
1013,58,Random,4.947724594148914
1013,59,Random,4.947724594148914
1013,60,Random,4.947724594148914
1013,61,Random,4.947724594148914
1013,62,Random,4.947724594148914
1013,63,Random,4.947724594148914
1013,64,Random,4.947724594148914
1013,65,Random,4.947724594148914
1013,66,Random,4.947724594148914
1013,67,Random,4.947724594148914
1013,68,Random,4.947724594148914
1013,69,Random,4.947724594148914
1013,70,Random,4.947724594148914
1013,71,Random,4.947724594148914
1013,72,Random,4.947724594148914
1013,73,Random,4.947724594148914
1013,74,Random,4.947724594148914
1013,75,Random,4.947724594148914
1013,76,Random,4.947724594148914
1013,77,Random,4.947724594148914
1013,78,Random,4.947724594148914
1013,79,Random,4.947724594148914
1013,80,Random,4.947724594148914
1013,81,Random,4.947724594148914
1013,82,Random,4.947724594148914
1013,83,Random,4.947724594148914
1013,84,Random,4.947724594148914
1013,85,Random,4.947724594148914
1013,86,Random,4.947724594148914
1013,87,Random,4.947724594148914
1013,88,Random,4.947724594148914
1013,89,Random,4.947724594148914
1013,90,Random,4.947724594148914
1013,91,Random,4.947724594148914
1013,92,Random,4.947724594148914
1013,93,Random,4.947724594148914
1013,94,Random,4.947724594148914
1013,95,Random,4.947724594148914
1013,96,Random,4.947724594148914
1013,97,Random,4.947724594148914
1013,98,Random,4.947724594148914
1013,99,Random,4.947724594148914
1013,100,Random,4.947724594148914
1014,0,BASS-BO,4.750696001862791
1014,1,BASS-BO,4.750696001862791
1014,2,BASS-BO,4.750696001862791
1014,3,BASS-BO,4.747478717241462
1014,4,BASS-BO,4.747224657523596
1014,5,BASS-BO,4.747224657523596
1014,6,BASS-BO,4.747224657523596
1014,7,BASS-BO,4.747224657523596
1014,8,BASS-BO,4.747224657523596
1014,9,BASS-BO,4.747224657523596
1014,10,BASS-BO,4.744484891306664
1014,11,BASS-BO,4.743801276749451
1014,12,BASS-BO,4.743801276749451
1014,13,BASS-BO,4.743801276749451
1014,14,BASS-BO,4.743801276749451
1014,15,BASS-BO,4.743801276749451
1014,16,BASS-BO,4.743801276749451
1014,17,BASS-BO,4.743801276749451
1014,18,BASS-BO,4.743801276749451
1014,19,BASS-BO,4.743801276749451
1014,20,BASS-BO,4.743801276749451
1014,21,BASS-BO,4.743801276749451
1014,22,BASS-BO,4.743801276749451
1014,23,BASS-BO,4.743801276749451
1014,24,BASS-BO,4.743801276749451
1014,25,BASS-BO,4.743801276749451
1014,26,BASS-BO,4.743801276749451
1014,27,BASS-BO,4.743801276749451
1014,28,BASS-BO,4.743801276749451
1014,29,BASS-BO,4.743801276749451
1014,30,BASS-BO,4.743801276749451
1014,31,BASS-BO,4.743801276749451
1014,32,BASS-BO,4.743801276749451
1014,33,BASS-BO,4.743801276749451
1014,34,BASS-BO,4.743801276749451
1014,35,BASS-BO,4.743801276749451
1014,36,BASS-BO,4.743801276749451
1014,37,BASS-BO,4.743801276749451
1014,38,BASS-BO,4.743801276749451
1014,39,BASS-BO,4.743801276749451
1014,40,BASS-BO,4.743801276749451
1014,41,BASS-BO,4.743801276749451
1014,42,BASS-BO,4.743801276749451
1014,43,BASS-BO,4.743801276749451
1014,44,BASS-BO,4.743801276749451
1014,45,BASS-BO,4.743801276749451
1014,46,BASS-BO,4.743801276749451
1014,47,BASS-BO,4.743801276749451
1014,48,BASS-BO,4.743801276749451
1014,49,BASS-BO,4.743801276749451
1014,50,BASS-BO,4.743801276749451
1014,51,BASS-BO,4.743801276749451
1014,52,BASS-BO,4.743801276749451
1014,53,BASS-BO,4.743801276749451
1014,54,BASS-BO,4.743801276749451
1014,55,BASS-BO,4.743801276749451
1014,56,BASS-BO,4.743801276749451
1014,57,BASS-BO,4.743801276749451
1014,58,BASS-BO,4.743801276749451
1014,59,BASS-BO,4.743801276749451
1014,60,BASS-BO,4.743801276749451
1014,61,BASS-BO,4.743801276749451
1014,62,BASS-BO,4.743801276749451
1014,63,BASS-BO,4.743801276749451
1014,64,BASS-BO,4.743801276749451
1014,65,BASS-BO,4.743801276749451
1014,66,BASS-BO,4.743801276749451
1014,67,BASS-BO,4.743801276749451
1014,68,BASS-BO,4.743801276749451
1014,69,BASS-BO,4.743801276749451
1014,70,BASS-BO,4.743801276749451
1014,71,BASS-BO,4.743801276749451
1014,72,BASS-BO,4.743801276749451
1014,73,BASS-BO,4.743801276749451
1014,74,BASS-BO,4.743801276749451
1014,75,BASS-BO,4.743801276749451
1014,76,BASS-BO,4.743801276749451
1014,77,BASS-BO,4.743801276749451
1014,78,BASS-BO,4.743801276749451
1014,79,BASS-BO,4.743801276749451
1014,80,BASS-BO,4.743801276749451
1014,81,BASS-BO,4.743801276749451
1014,82,BASS-BO,4.743801276749451
1014,83,BASS-BO,4.743801276749451
1014,84,BASS-BO,4.743801276749451
1014,85,BASS-BO,4.743801276749451
1014,86,BASS-BO,4.743801276749451
1014,87,BASS-BO,4.743801276749451
1014,88,BASS-BO,4.743801276749451
1014,89,BASS-BO,4.743801276749451
1014,90,BASS-BO,4.743801276749451
1014,91,BASS-BO,4.743801276749451
1014,92,BASS-BO,4.743801276749451
1014,93,BASS-BO,4.743801276749451
1014,94,BASS-BO,4.743801276749451
1014,95,BASS-BO,4.743801276749451
1014,96,BASS-BO,4.743801276749451
1014,97,BASS-BO,4.743801276749451
1014,98,BASS-BO,4.743801276749451
1014,99,BASS-BO,4.743801276749451
1014,100,BASS-BO,4.743801276749451
1014,0,GP-BO,4.750696001862791
1014,1,GP-BO,4.750696001862791
1014,2,GP-BO,4.750696001862791
1014,3,GP-BO,4.745494848912861
1014,4,GP-BO,4.745494848912861
1014,5,GP-BO,4.745494848912861
1014,6,GP-BO,4.745494848912861
1014,7,GP-BO,4.745494848912861
1014,8,GP-BO,4.745494848912861
1014,9,GP-BO,4.745494848912861
1014,10,GP-BO,4.745494848912861
1014,11,GP-BO,4.745494848912861
1014,12,GP-BO,4.744157598442141
1014,13,GP-BO,4.744157598442141
1014,14,GP-BO,4.744157598442141
1014,15,GP-BO,4.744157598442141
1014,16,GP-BO,4.744157598442141
1014,17,GP-BO,4.744157598442141
1014,18,GP-BO,4.744157598442141
1014,19,GP-BO,4.744157598442141
1014,20,GP-BO,4.744157598442141
1014,21,GP-BO,4.744157598442141
1014,22,GP-BO,4.744157598442141
1014,23,GP-BO,4.744157598442141
1014,24,GP-BO,4.744157598442141
1014,25,GP-BO,4.744157598442141
1014,26,GP-BO,4.744157598442141
1014,27,GP-BO,4.744157598442141
1014,28,GP-BO,4.744157598442141
1014,29,GP-BO,4.744157598442141
1014,30,GP-BO,4.744157598442141
1014,31,GP-BO,4.744157598442141
1014,32,GP-BO,4.744157598442141
1014,33,GP-BO,4.744157598442141
1014,34,GP-BO,4.744157598442141
1014,35,GP-BO,4.744157598442141
1014,36,GP-BO,4.744157598442141
1014,37,GP-BO,4.744157598442141
1014,38,GP-BO,4.743875923422605
1014,39,GP-BO,4.743685214042029
1014,40,GP-BO,4.743685214042029
1014,41,GP-BO,4.743685214042029
1014,42,GP-BO,4.743685214042029
1014,43,GP-BO,4.743685214042029
1014,44,GP-BO,4.743685214042029
1014,45,GP-BO,4.743685214042029
1014,46,GP-BO,4.743685214042029
1014,47,GP-BO,4.743685214042029
1014,48,GP-BO,4.743685214042029
1014,49,GP-BO,4.743685214042029
1014,50,GP-BO,4.743685214042029
1014,51,GP-BO,4.743685214042029
1014,52,GP-BO,4.743685214042029
1014,53,GP-BO,4.743685214042029
1014,54,GP-BO,4.743685214042029
1014,55,GP-BO,4.743685214042029
1014,56,GP-BO,4.743685214042029
1014,57,GP-BO,4.743685214042029
1014,58,GP-BO,4.743685214042029
1014,59,GP-BO,4.743685214042029
1014,60,GP-BO,4.743685214042029
1014,61,GP-BO,4.743685214042029
1014,62,GP-BO,4.743685214042029
1014,63,GP-BO,4.743685214042029
1014,64,GP-BO,4.743685214042029
1014,65,GP-BO,4.743685214042029
1014,66,GP-BO,4.743685214042029
1014,67,GP-BO,4.743685214042029
1014,68,GP-BO,4.743685214042029
1014,69,GP-BO,4.743685214042029
1014,70,GP-BO,4.743685214042029
1014,71,GP-BO,4.7436641892728755
1014,72,GP-BO,4.7436641892728755
1014,73,GP-BO,4.7436641892728755
1014,74,GP-BO,4.7436641892728755
1014,75,GP-BO,4.7436641892728755
1014,76,GP-BO,4.7436641892728755
1014,77,GP-BO,4.7436641892728755
1014,78,GP-BO,4.7436641892728755
1014,79,GP-BO,4.7436641892728755
1014,80,GP-BO,4.7436641892728755
1014,81,GP-BO,4.7436641892728755
1014,82,GP-BO,4.7436641892728755
1014,83,GP-BO,4.7436641892728755
1014,84,GP-BO,4.7436641892728755
1014,85,GP-BO,4.7436641892728755
1014,86,GP-BO,4.7436641892728755
1014,87,GP-BO,4.7436641892728755
1014,88,GP-BO,4.7436641892728755
1014,89,GP-BO,4.7436641892728755
1014,90,GP-BO,4.7436641892728755
1014,91,GP-BO,4.7436641892728755
1014,92,GP-BO,4.7436641892728755
1014,93,GP-BO,4.7436641892728755
1014,94,GP-BO,4.7436641892728755
1014,95,GP-BO,4.7436641892728755
1014,96,GP-BO,4.7436641892728755
1014,97,GP-BO,4.7436641892728755
1014,98,GP-BO,4.7436641892728755
1014,99,GP-BO,4.7436641892728755
1014,100,GP-BO,4.7436641892728755
1014,0,Random,4.750696001862791
1014,1,Random,4.750696001862791
1014,2,Random,4.750696001862791
1014,3,Random,4.750696001862791
1014,4,Random,4.750696001862791
1014,5,Random,4.750696001862791
1014,6,Random,4.750696001862791
1014,7,Random,4.750696001862791
1014,8,Random,4.750696001862791
1014,9,Random,4.750696001862791
1014,10,Random,4.750696001862791
1014,11,Random,4.750696001862791
1014,12,Random,4.750696001862791
1014,13,Random,4.749363230966336
1014,14,Random,4.749363230966336
1014,15,Random,4.749363230966336
1014,16,Random,4.749363230966336
1014,17,Random,4.749363230966336
1014,18,Random,4.749041192837797
1014,19,Random,4.749041192837797
1014,20,Random,4.749041192837797
1014,21,Random,4.749041192837797
1014,22,Random,4.749041192837797
1014,23,Random,4.749041192837797
1014,24,Random,4.748401144724796
1014,25,Random,4.748401144724796
1014,26,Random,4.748401144724796
1014,27,Random,4.748401144724796
1014,28,Random,4.748401144724796
1014,29,Random,4.748401144724796
1014,30,Random,4.748401144724796
1014,31,Random,4.748401144724796
1014,32,Random,4.748401144724796
1014,33,Random,4.748401144724796
1014,34,Random,4.748401144724796
1014,35,Random,4.748401144724796
1014,36,Random,4.748401144724796
1014,37,Random,4.748401144724796
1014,38,Random,4.748401144724796
1014,39,Random,4.748401144724796
1014,40,Random,4.748401144724796
1014,41,Random,4.748401144724796
1014,42,Random,4.748401144724796
1014,43,Random,4.748401144724796
1014,44,Random,4.748401144724796
1014,45,Random,4.748401144724796
1014,46,Random,4.748401144724796
1014,47,Random,4.748401144724796
1014,48,Random,4.748401144724796
1014,49,Random,4.748401144724796
1014,50,Random,4.748401144724796
1014,51,Random,4.748401144724796
1014,52,Random,4.748401144724796
1014,53,Random,4.748401144724796
1014,54,Random,4.748401144724796
1014,55,Random,4.748401144724796
1014,56,Random,4.748401144724796
1014,57,Random,4.748401144724796
1014,58,Random,4.748401144724796
1014,59,Random,4.748401144724796
1014,60,Random,4.748401144724796
1014,61,Random,4.748401144724796
1014,62,Random,4.748401144724796
1014,63,Random,4.748401144724796
1014,64,Random,4.748401144724796
1014,65,Random,4.748401144724796
1014,66,Random,4.748401144724796
1014,67,Random,4.748401144724796
1014,68,Random,4.748401144724796
1014,69,Random,4.748401144724796
1014,70,Random,4.748401144724796
1014,71,Random,4.748401144724796
1014,72,Random,4.748401144724796
1014,73,Random,4.748401144724796
1014,74,Random,4.748401144724796
1014,75,Random,4.748401144724796
1014,76,Random,4.748401144724796
1014,77,Random,4.748401144724796
1014,78,Random,4.748401144724796
1014,79,Random,4.748401144724796
1014,80,Random,4.748401144724796
1014,81,Random,4.748401144724796
1014,82,Random,4.748401144724796
1014,83,Random,4.748401144724796
1014,84,Random,4.748401144724796
1014,85,Random,4.748401144724796
1014,86,Random,4.748401144724796
1014,87,Random,4.748401144724796
1014,88,Random,4.748401144724796
1014,89,Random,4.748401144724796
1014,90,Random,4.748401144724796
1014,91,Random,4.748401144724796
1014,92,Random,4.748401144724796
1014,93,Random,4.748401144724796
1014,94,Random,4.748401144724796
1014,95,Random,4.748401144724796
1014,96,Random,4.748401144724796
1014,97,Random,4.748401144724796
1014,98,Random,4.748401144724796
1014,99,Random,4.748401144724796
1014,100,Random,4.748401144724796
1015,0,BASS-BO,4.817385623973102
1015,1,BASS-BO,4.817385623973102
1015,2,BASS-BO,4.817385623973102
1015,3,BASS-BO,4.817385623973102
1015,4,BASS-BO,4.817385138118763
1015,5,BASS-BO,4.817385137543551
1015,6,BASS-BO,4.817385137543551
1015,7,BASS-BO,4.817385137543551
1015,8,BASS-BO,4.817385137543551
1015,9,BASS-BO,4.817385137543551
1015,10,BASS-BO,4.817385137543551
1015,11,BASS-BO,4.817385137543551
1015,12,BASS-BO,4.817385134842608
1015,13,BASS-BO,4.817385134842608
1015,14,BASS-BO,4.817385134842608
1015,15,BASS-BO,4.817385134842608
1015,16,BASS-BO,4.817385134842608
1015,17,BASS-BO,4.817385134842608
1015,18,BASS-BO,4.81738513451812
1015,19,BASS-BO,4.81738513451812
1015,20,BASS-BO,4.81738513451812
1015,21,BASS-BO,4.81738513451812
1015,22,BASS-BO,4.81738513451812
1015,23,BASS-BO,4.81738513451812
1015,24,BASS-BO,4.81738513451812
1015,25,BASS-BO,4.81738513451812
1015,26,BASS-BO,4.81738513451812
1015,27,BASS-BO,4.81738513451812
1015,28,BASS-BO,4.817385095433887
1015,29,BASS-BO,4.817385095433887
1015,30,BASS-BO,4.817385095433887
1015,31,BASS-BO,4.817385095433887
1015,32,BASS-BO,4.817385095433887
1015,33,BASS-BO,4.817385095433887
1015,34,BASS-BO,4.817385095433887
1015,35,BASS-BO,4.8162879133359215
1015,36,BASS-BO,4.8162879133359215
1015,37,BASS-BO,4.8162879133359215
1015,38,BASS-BO,4.8162879133359215
1015,39,BASS-BO,4.8162879133359215
1015,40,BASS-BO,4.8162879133359215
1015,41,BASS-BO,4.8162879133359215
1015,42,BASS-BO,4.8162879133359215
1015,43,BASS-BO,4.8162879133359215
1015,44,BASS-BO,4.8162879133359215
1015,45,BASS-BO,4.8162879133359215
1015,46,BASS-BO,4.8162879133359215
1015,47,BASS-BO,4.8162879133359215
1015,48,BASS-BO,4.8162879133359215
1015,49,BASS-BO,4.8162879133359215
1015,50,BASS-BO,4.8162879133359215
1015,51,BASS-BO,4.8162879133359215
1015,52,BASS-BO,4.8162879133359215
1015,53,BASS-BO,4.8162879133359215
1015,54,BASS-BO,4.8162879133359215
1015,55,BASS-BO,4.8162879133359215
1015,56,BASS-BO,4.8162879133359215
1015,57,BASS-BO,4.8162879133359215
1015,58,BASS-BO,4.8162879133359215
1015,59,BASS-BO,4.8162879133359215
1015,60,BASS-BO,4.8162879133359215
1015,61,BASS-BO,4.8162879133359215
1015,62,BASS-BO,4.8162879133359215
1015,63,BASS-BO,4.8162879133359215
1015,64,BASS-BO,4.8162879133359215
1015,65,BASS-BO,4.8162879133359215
1015,66,BASS-BO,4.8162879133359215
1015,67,BASS-BO,4.8162879133359215
1015,68,BASS-BO,4.8162879133359215
1015,69,BASS-BO,4.8162879133359215
1015,70,BASS-BO,4.8162879133359215
1015,71,BASS-BO,4.8162879133359215
1015,72,BASS-BO,4.8162879133359215
1015,73,BASS-BO,4.8162879133359215
1015,74,BASS-BO,4.8162879133359215
1015,75,BASS-BO,4.8162879133359215
1015,76,BASS-BO,4.8162879133359215
1015,77,BASS-BO,4.8162879133359215
1015,78,BASS-BO,4.8162879133359215
1015,79,BASS-BO,4.8162879133359215
1015,80,BASS-BO,4.8162879133359215
1015,81,BASS-BO,4.8162879133359215
1015,82,BASS-BO,4.8162879133359215
1015,83,BASS-BO,4.8162879133359215
1015,84,BASS-BO,4.8162879133359215
1015,85,BASS-BO,4.8162879133359215
1015,86,BASS-BO,4.8162879133359215
1015,87,BASS-BO,4.8162879133359215
1015,88,BASS-BO,4.8162879133359215
1015,89,BASS-BO,4.8162879133359215
1015,90,BASS-BO,4.8162879133359215
1015,91,BASS-BO,4.8162879133359215
1015,92,BASS-BO,4.8162879133359215
1015,93,BASS-BO,4.8162879133359215
1015,94,BASS-BO,4.8162879133359215
1015,95,BASS-BO,4.8162879133359215
1015,96,BASS-BO,4.8162879133359215
1015,97,BASS-BO,4.8162879133359215
1015,98,BASS-BO,4.8162879133359215
1015,99,BASS-BO,4.8162879133359215
1015,100,BASS-BO,4.8162879133359215
1015,0,GP-BO,4.817385623973102
1015,1,GP-BO,4.817385623973102
1015,2,GP-BO,4.817384455577897
1015,3,GP-BO,4.817384455577897
1015,4,GP-BO,4.817384455577897
1015,5,GP-BO,4.817384455577897
1015,6,GP-BO,4.817384455577897
1015,7,GP-BO,4.817384455577897
1015,8,GP-BO,4.8173818963668475
1015,9,GP-BO,4.8173818963668475
1015,10,GP-BO,4.817332796465464
1015,11,GP-BO,4.817332796465464
1015,12,GP-BO,4.817332796465464
1015,13,GP-BO,4.817332796465464
1015,14,GP-BO,4.817332796465464
1015,15,GP-BO,4.817332796465464
1015,16,GP-BO,4.817332796465464
1015,17,GP-BO,4.817332796465464
1015,18,GP-BO,4.817332796465464
1015,19,GP-BO,4.817332796465464
1015,20,GP-BO,4.817317848408357
1015,21,GP-BO,4.817317848408357
1015,22,GP-BO,4.817317848408357
1015,23,GP-BO,4.817317848408357
1015,24,GP-BO,4.817317848408357
1015,25,GP-BO,4.817317848408357
1015,26,GP-BO,4.817317848408357
1015,27,GP-BO,4.817317848408357
1015,28,GP-BO,4.817317848408357
1015,29,GP-BO,4.817317848408357
1015,30,GP-BO,4.815979651656158
1015,31,GP-BO,4.815979651656158
1015,32,GP-BO,4.815979651656158
1015,33,GP-BO,4.815979651656158
1015,34,GP-BO,4.815979651656158
1015,35,GP-BO,4.815979651656158
1015,36,GP-BO,4.815979651656158
1015,37,GP-BO,4.815979651656158
1015,38,GP-BO,4.815979651656158
1015,39,GP-BO,4.815979651656158
1015,40,GP-BO,4.815979651656158
1015,41,GP-BO,4.815979651656158
1015,42,GP-BO,4.815979651656158
1015,43,GP-BO,4.815853863534692
1015,44,GP-BO,4.815853863534692
1015,45,GP-BO,4.815853863534692
1015,46,GP-BO,4.815853863534692
1015,47,GP-BO,4.815853863534692
1015,48,GP-BO,4.815853863534692
1015,49,GP-BO,4.815853863534692
1015,50,GP-BO,4.815853863534692
1015,51,GP-BO,4.815853863534692
1015,52,GP-BO,4.815853863534692
1015,53,GP-BO,4.815853863534692
1015,54,GP-BO,4.815853863534692
1015,55,GP-BO,4.815853863534692
1015,56,GP-BO,4.815853863534692
1015,57,GP-BO,4.815853863534692
1015,58,GP-BO,4.815853863534692
1015,59,GP-BO,4.815853863534692
1015,60,GP-BO,4.815853863534692
1015,61,GP-BO,4.815853863534692
1015,62,GP-BO,4.815853863534692
1015,63,GP-BO,4.815853863534692
1015,64,GP-BO,4.815853863534692
1015,65,GP-BO,4.815853863534692
1015,66,GP-BO,4.815853863534692
1015,67,GP-BO,4.815853863534692
1015,68,GP-BO,4.815853863534692
1015,69,GP-BO,4.815853863534692
1015,70,GP-BO,4.815853863534692
1015,71,GP-BO,4.815853863534692
1015,72,GP-BO,4.815853863534692
1015,73,GP-BO,4.815853863534692
1015,74,GP-BO,4.815853863534692
1015,75,GP-BO,4.815853863534692
1015,76,GP-BO,4.815853863534692
1015,77,GP-BO,4.815853863534692
1015,78,GP-BO,4.815853863534692
1015,79,GP-BO,4.815853863534692
1015,80,GP-BO,4.815853863534692
1015,81,GP-BO,4.815853863534692
1015,82,GP-BO,4.815853863534692
1015,83,GP-BO,4.815853863534692
1015,84,GP-BO,4.815853863534692
1015,85,GP-BO,4.815853863534692
1015,86,GP-BO,4.815853863534692
1015,87,GP-BO,4.815853863534692
1015,88,GP-BO,4.815853863534692
1015,89,GP-BO,4.815853863534692
1015,90,GP-BO,4.815853863534692
1015,91,GP-BO,4.815853863534692
1015,92,GP-BO,4.815853863534692
1015,93,GP-BO,4.815853863534692
1015,94,GP-BO,4.815853863534692
1015,95,GP-BO,4.815853863534692
1015,96,GP-BO,4.815853863534692
1015,97,GP-BO,4.815853863534692
1015,98,GP-BO,4.815853863534692
1015,99,GP-BO,4.815853863534692
1015,100,GP-BO,4.815853863534692
1015,0,Random,4.817385623973102
1015,1,Random,4.817385623973102
1015,2,Random,4.817371585810766
1015,3,Random,4.817371585810766
1015,4,Random,4.817371585810766
1015,5,Random,4.817371585810766
1015,6,Random,4.817371585810766
1015,7,Random,4.817371585810766
1015,8,Random,4.817371585810766
1015,9,Random,4.817371585810766
1015,10,Random,4.817371585810766
1015,11,Random,4.817371585810766
1015,12,Random,4.817371585810766
1015,13,Random,4.817371585810766
1015,14,Random,4.817371585810766
1015,15,Random,4.817371585810766
1015,16,Random,4.817371585810766
1015,17,Random,4.817371585810766
1015,18,Random,4.817371585810766
1015,19,Random,4.817371585810766
1015,20,Random,4.817371585810766
1015,21,Random,4.817371585810766
1015,22,Random,4.817371585810766
1015,23,Random,4.817371585810766
1015,24,Random,4.817371585810766
1015,25,Random,4.817371585810766
1015,26,Random,4.817371585810766
1015,27,Random,4.817371585810766
1015,28,Random,4.817371585810766
1015,29,Random,4.817371585810766
1015,30,Random,4.817371585810766
1015,31,Random,4.817371585810766
1015,32,Random,4.817371585810766
1015,33,Random,4.817371585810766
1015,34,Random,4.817371585810766
1015,35,Random,4.817371585810766
1015,36,Random,4.817371585810766
1015,37,Random,4.817371585810766
1015,38,Random,4.817371585810766
1015,39,Random,4.817371585810766
1015,40,Random,4.817371585810766
1015,41,Random,4.817371585810766
1015,42,Random,4.817371585810766
1015,43,Random,4.817371585810766
1015,44,Random,4.817371585810766
1015,45,Random,4.8171986517695915
1015,46,Random,4.8171986517695915
1015,47,Random,4.8171986517695915
1015,48,Random,4.8171986517695915
1015,49,Random,4.8171986517695915
1015,50,Random,4.8171986517695915
1015,51,Random,4.8171986517695915
1015,52,Random,4.8171986517695915
1015,53,Random,4.8171986517695915
1015,54,Random,4.8171986517695915
1015,55,Random,4.8171986517695915
1015,56,Random,4.8171986517695915
1015,57,Random,4.8171986517695915
1015,58,Random,4.8171986517695915
1015,59,Random,4.8171986517695915
1015,60,Random,4.8171986517695915
1015,61,Random,4.8171986517695915
1015,62,Random,4.8171986517695915
1015,63,Random,4.8171986517695915
1015,64,Random,4.8171986517695915
1015,65,Random,4.8171986517695915
1015,66,Random,4.8171986517695915
1015,67,Random,4.8171986517695915
1015,68,Random,4.8171986517695915
1015,69,Random,4.8171986517695915
1015,70,Random,4.8171986517695915
1015,71,Random,4.8171986517695915
1015,72,Random,4.8171986517695915
1015,73,Random,4.8171986517695915
1015,74,Random,4.8171986517695915
1015,75,Random,4.8171986517695915
1015,76,Random,4.817005292820227
1015,77,Random,4.817005292820227
1015,78,Random,4.817005292820227
1015,79,Random,4.817005292820227
1015,80,Random,4.817005292820227
1015,81,Random,4.817005292820227
1015,82,Random,4.817005292820227
1015,83,Random,4.817005292820227
1015,84,Random,4.817005292820227
1015,85,Random,4.817005292820227
1015,86,Random,4.817005292820227
1015,87,Random,4.817005292820227
1015,88,Random,4.817005292820227
1015,89,Random,4.817005292820227
1015,90,Random,4.817005292820227
1015,91,Random,4.817005292820227
1015,92,Random,4.817005292820227
1015,93,Random,4.817005292820227
1015,94,Random,4.817005292820227
1015,95,Random,4.817005292820227
1015,96,Random,4.817005292820227
1015,97,Random,4.817005292820227
1015,98,Random,4.817005292820227
1015,99,Random,4.817005292820227
1015,100,Random,4.817005292820227
1016,0,BASS-BO,4.764063051691291
1016,1,BASS-BO,4.764063051691291
1016,2,BASS-BO,4.764063051691291
1016,3,BASS-BO,4.764063051691291
1016,4,BASS-BO,4.764063051691291
1016,5,BASS-BO,4.764063051691291
1016,6,BASS-BO,4.764063051691291
1016,7,BASS-BO,4.764063051691291
1016,8,BASS-BO,4.764063051691291
1016,9,BASS-BO,4.764063051691291
1016,10,BASS-BO,4.764063051691291
1016,11,BASS-BO,4.764063051691291
1016,12,BASS-BO,4.764063051691291
1016,13,BASS-BO,4.763921927468193
1016,14,BASS-BO,4.763921927468193
1016,15,BASS-BO,4.763921927468193
1016,16,BASS-BO,4.763921927468193
1016,17,BASS-BO,4.763921927468193
1016,18,BASS-BO,4.763921927468193
1016,19,BASS-BO,4.763921927468193
1016,20,BASS-BO,4.763885829011947
1016,21,BASS-BO,4.763885829011947
1016,22,BASS-BO,4.763885829011947
1016,23,BASS-BO,4.763885829011947
1016,24,BASS-BO,4.763357509066447
1016,25,BASS-BO,4.763357509066447
1016,26,BASS-BO,4.763357509066447
1016,27,BASS-BO,4.763357509066447
1016,28,BASS-BO,4.763357509066447
1016,29,BASS-BO,4.763357509066447
1016,30,BASS-BO,4.763357509066447
1016,31,BASS-BO,4.763357509066447
1016,32,BASS-BO,4.763357509066447
1016,33,BASS-BO,4.762934183753279
1016,34,BASS-BO,4.762934183753279
1016,35,BASS-BO,4.762934183753279
1016,36,BASS-BO,4.762934183753279
1016,37,BASS-BO,4.762934183753279
1016,38,BASS-BO,4.762934183753279
1016,39,BASS-BO,4.762934183753279
1016,40,BASS-BO,4.762457552810564
1016,41,BASS-BO,4.762438318103561
1016,42,BASS-BO,4.762438318103561
1016,43,BASS-BO,4.762438318103561
1016,44,BASS-BO,4.762438318103561
1016,45,BASS-BO,4.762438318103561
1016,46,BASS-BO,4.762438318103561
1016,47,BASS-BO,4.762333953995102
1016,48,BASS-BO,4.762333953995102
1016,49,BASS-BO,4.762333953995102
1016,50,BASS-BO,4.762333953995102
1016,51,BASS-BO,4.762333953995102
1016,52,BASS-BO,4.762333953995102
1016,53,BASS-BO,4.762333953995102
1016,54,BASS-BO,4.762333953995102
1016,55,BASS-BO,4.762333953995102
1016,56,BASS-BO,4.762333953995102
1016,57,BASS-BO,4.762333953995102
1016,58,BASS-BO,4.762333953995102
1016,59,BASS-BO,4.762333953995102
1016,60,BASS-BO,4.762333953995102
1016,61,BASS-BO,4.762333953995102
1016,62,BASS-BO,4.762333953995102
1016,63,BASS-BO,4.762333953995102
1016,64,BASS-BO,4.762076635975836
1016,65,BASS-BO,4.762076635975836
1016,66,BASS-BO,4.762076635975836
1016,67,BASS-BO,4.762076635975836
1016,68,BASS-BO,4.762076635975836
1016,69,BASS-BO,4.762076635975836
1016,70,BASS-BO,4.762076635975836
1016,71,BASS-BO,4.762076635975836
1016,72,BASS-BO,4.762076635975836
1016,73,BASS-BO,4.762076635975836
1016,74,BASS-BO,4.762076635975836
1016,75,BASS-BO,4.762076635975836
1016,76,BASS-BO,4.762076635975836
1016,77,BASS-BO,4.762076635975836
1016,78,BASS-BO,4.762076635975836
1016,79,BASS-BO,4.762076635975836
1016,80,BASS-BO,4.762076635975836
1016,81,BASS-BO,4.762076635975836
1016,82,BASS-BO,4.762076635975836
1016,83,BASS-BO,4.762076635975836
1016,84,BASS-BO,4.762076635975836
1016,85,BASS-BO,4.762076635975836
1016,86,BASS-BO,4.762076635975836
1016,87,BASS-BO,4.762076635975836
1016,88,BASS-BO,4.762076635975836
1016,89,BASS-BO,4.762076635975836
1016,90,BASS-BO,4.762076635975836
1016,91,BASS-BO,4.762076635975836
1016,92,BASS-BO,4.762076635975836
1016,93,BASS-BO,4.762076635975836
1016,94,BASS-BO,4.762076635975836
1016,95,BASS-BO,4.762076635975836
1016,96,BASS-BO,4.762076635975836
1016,97,BASS-BO,4.762076635975836
1016,98,BASS-BO,4.762076635975836
1016,99,BASS-BO,4.762076635975836
1016,100,BASS-BO,4.762076635975836
1016,0,GP-BO,4.764063051691291
1016,1,GP-BO,4.762955893814812
1016,2,GP-BO,4.762955893814812
1016,3,GP-BO,4.762955893814812
1016,4,GP-BO,4.762932241381841
1016,5,GP-BO,4.762932241381841
1016,6,GP-BO,4.762932241381841
1016,7,GP-BO,4.762932241381841
1016,8,GP-BO,4.762932241381841
1016,9,GP-BO,4.762932241381841
1016,10,GP-BO,4.762932241381841
1016,11,GP-BO,4.762932241381841
1016,12,GP-BO,4.762932241381841
1016,13,GP-BO,4.762932241381841
1016,14,GP-BO,4.762932241381841
1016,15,GP-BO,4.762932241381841
1016,16,GP-BO,4.762932241381841
1016,17,GP-BO,4.762932241381841
1016,18,GP-BO,4.762932241381841
1016,19,GP-BO,4.762932241381841
1016,20,GP-BO,4.762932241381841
1016,21,GP-BO,4.762932241381841
1016,22,GP-BO,4.762932241381841
1016,23,GP-BO,4.762932241381841
1016,24,GP-BO,4.762932241381841
1016,25,GP-BO,4.762932241381841
1016,26,GP-BO,4.762932241381841
1016,27,GP-BO,4.762932241381841
1016,28,GP-BO,4.762932241381841
1016,29,GP-BO,4.762431805204071
1016,30,GP-BO,4.762431805204071
1016,31,GP-BO,4.762431805204071
1016,32,GP-BO,4.762431805204071
1016,33,GP-BO,4.762431805204071
1016,34,GP-BO,4.762431805204071
1016,35,GP-BO,4.762431805204071
1016,36,GP-BO,4.762431805204071
1016,37,GP-BO,4.762431805204071
1016,38,GP-BO,4.762431805204071
1016,39,GP-BO,4.762431805204071
1016,40,GP-BO,4.762431805204071
1016,41,GP-BO,4.762431805204071
1016,42,GP-BO,4.762431805204071
1016,43,GP-BO,4.762431805204071
1016,44,GP-BO,4.762431805204071
1016,45,GP-BO,4.762431805204071
1016,46,GP-BO,4.762431805204071
1016,47,GP-BO,4.762431805204071
1016,48,GP-BO,4.762431805204071
1016,49,GP-BO,4.762431805204071
1016,50,GP-BO,4.762431805204071
1016,51,GP-BO,4.762431805204071
1016,52,GP-BO,4.762431805204071
1016,53,GP-BO,4.762431805204071
1016,54,GP-BO,4.762431805204071
1016,55,GP-BO,4.762431805204071
1016,56,GP-BO,4.762431805204071
1016,57,GP-BO,4.762431805204071
1016,58,GP-BO,4.762431805204071
1016,59,GP-BO,4.762431805204071
1016,60,GP-BO,4.762431805204071
1016,61,GP-BO,4.762431805204071
1016,62,GP-BO,4.762431805204071
1016,63,GP-BO,4.762431805204071
1016,64,GP-BO,4.762431805204071
1016,65,GP-BO,4.762431805204071
1016,66,GP-BO,4.762431805204071
1016,67,GP-BO,4.762431805204071
1016,68,GP-BO,4.762431805204071
1016,69,GP-BO,4.762431805204071
1016,70,GP-BO,4.762431805204071
1016,71,GP-BO,4.762431805204071
1016,72,GP-BO,4.762431805204071
1016,73,GP-BO,4.762431805204071
1016,74,GP-BO,4.762431805204071
1016,75,GP-BO,4.762431805204071
1016,76,GP-BO,4.762431805204071
1016,77,GP-BO,4.762431805204071
1016,78,GP-BO,4.762431805204071
1016,79,GP-BO,4.762431805204071
1016,80,GP-BO,4.762431805204071
1016,81,GP-BO,4.762431805204071
1016,82,GP-BO,4.762431805204071
1016,83,GP-BO,4.762356781593548
1016,84,GP-BO,4.762356781593548
1016,85,GP-BO,4.762356781593548
1016,86,GP-BO,4.762356781593548
1016,87,GP-BO,4.762356781593548
1016,88,GP-BO,4.762356781593548
1016,89,GP-BO,4.762356781593548
1016,90,GP-BO,4.762356781593548
1016,91,GP-BO,4.762356781593548
1016,92,GP-BO,4.762309704460995
1016,93,GP-BO,4.762309704460995
1016,94,GP-BO,4.762309704460995
1016,95,GP-BO,4.762309704460995
1016,96,GP-BO,4.762309704460995
1016,97,GP-BO,4.762309704460995
1016,98,GP-BO,4.762309704460995
1016,99,GP-BO,4.762309704460995
1016,100,GP-BO,4.762309704460995
1016,0,Random,4.764063051691291
1016,1,Random,4.764012272865828
1016,2,Random,4.7633579842104
1016,3,Random,4.7633579842104
1016,4,Random,4.7633579842104
1016,5,Random,4.7633579842104
1016,6,Random,4.7633579842104
1016,7,Random,4.7633579842104
1016,8,Random,4.7633579842104
1016,9,Random,4.7633579842104
1016,10,Random,4.7633579842104
1016,11,Random,4.7633579842104
1016,12,Random,4.7633579842104
1016,13,Random,4.7633579842104
1016,14,Random,4.7633579842104
1016,15,Random,4.7633579842104
1016,16,Random,4.7633579842104
1016,17,Random,4.7633579842104
1016,18,Random,4.7633579842104
1016,19,Random,4.7633579842104
1016,20,Random,4.7633579842104
1016,21,Random,4.7633579842104
1016,22,Random,4.7633579842104
1016,23,Random,4.7633579842104
1016,24,Random,4.7633579842104
1016,25,Random,4.7633579842104
1016,26,Random,4.7633579842104
1016,27,Random,4.7633579842104
1016,28,Random,4.7633579842104
1016,29,Random,4.7633579842104
1016,30,Random,4.7633579842104
1016,31,Random,4.7633579842104
1016,32,Random,4.7633579842104
1016,33,Random,4.7633579842104
1016,34,Random,4.7633579842104
1016,35,Random,4.7633579842104
1016,36,Random,4.7633579842104
1016,37,Random,4.7633579842104
1016,38,Random,4.7633579842104
1016,39,Random,4.7633579842104
1016,40,Random,4.7633579842104
1016,41,Random,4.7633579842104
1016,42,Random,4.7633579842104
1016,43,Random,4.7633579842104
1016,44,Random,4.7633579842104
1016,45,Random,4.76297480863454
1016,46,Random,4.76297480863454
1016,47,Random,4.76297480863454
1016,48,Random,4.76297480863454
1016,49,Random,4.76297480863454
1016,50,Random,4.76297480863454
1016,51,Random,4.76297480863454
1016,52,Random,4.76297480863454
1016,53,Random,4.76297480863454
1016,54,Random,4.76297480863454
1016,55,Random,4.76297480863454
1016,56,Random,4.76297480863454
1016,57,Random,4.76297480863454
1016,58,Random,4.76297480863454
1016,59,Random,4.76297480863454
1016,60,Random,4.76297480863454
1016,61,Random,4.76297480863454
1016,62,Random,4.76297480863454
1016,63,Random,4.76297480863454
1016,64,Random,4.76297480863454
1016,65,Random,4.76297480863454
1016,66,Random,4.76297480863454
1016,67,Random,4.76297480863454
1016,68,Random,4.76297480863454
1016,69,Random,4.76297480863454
1016,70,Random,4.76297480863454
1016,71,Random,4.76297480863454
1016,72,Random,4.76297480863454
1016,73,Random,4.76297480863454
1016,74,Random,4.76297480863454
1016,75,Random,4.76297480863454
1016,76,Random,4.76297480863454
1016,77,Random,4.76297480863454
1016,78,Random,4.76297480863454
1016,79,Random,4.76297480863454
1016,80,Random,4.76297480863454
1016,81,Random,4.76297480863454
1016,82,Random,4.76297480863454
1016,83,Random,4.76297480863454
1016,84,Random,4.76297480863454
1016,85,Random,4.76297480863454
1016,86,Random,4.76297480863454
1016,87,Random,4.76297480863454
1016,88,Random,4.76297480863454
1016,89,Random,4.76297480863454
1016,90,Random,4.76297480863454
1016,91,Random,4.76297480863454
1016,92,Random,4.76297480863454
1016,93,Random,4.76297480863454
1016,94,Random,4.76297480863454
1016,95,Random,4.76297480863454
1016,96,Random,4.76297480863454
1016,97,Random,4.76297480863454
1016,98,Random,4.76297480863454
1016,99,Random,4.76297480863454
1016,100,Random,4.76297480863454
1017,0,BASS-BO,4.808830479607298
1017,1,BASS-BO,4.808830479607298
1017,2,BASS-BO,4.808830479607298
1017,3,BASS-BO,4.808830479607298
1017,4,BASS-BO,4.808830479607298
1017,5,BASS-BO,4.807935337388921
1017,6,BASS-BO,4.807935337388921
1017,7,BASS-BO,4.807935337388921
1017,8,BASS-BO,4.804240860529738
1017,9,BASS-BO,4.804240860529738
1017,10,BASS-BO,4.801925029195474
1017,11,BASS-BO,4.801925029195474
1017,12,BASS-BO,4.801925029195474
1017,13,BASS-BO,4.801925029195474
1017,14,BASS-BO,4.801925029195474
1017,15,BASS-BO,4.801925029195474
1017,16,BASS-BO,4.801925029195474
1017,17,BASS-BO,4.801186449265521
1017,18,BASS-BO,4.800955422693033
1017,19,BASS-BO,4.800955422693033
1017,20,BASS-BO,4.800955422693033
1017,21,BASS-BO,4.800955422693033
1017,22,BASS-BO,4.800955422693033
1017,23,BASS-BO,4.800955422693033
1017,24,BASS-BO,4.800955422693033
1017,25,BASS-BO,4.800955422693033
1017,26,BASS-BO,4.800955422693033
1017,27,BASS-BO,4.800955422693033
1017,28,BASS-BO,4.800955422693033
1017,29,BASS-BO,4.800955422693033
1017,30,BASS-BO,4.800955422693033
1017,31,BASS-BO,4.800955422693033
1017,32,BASS-BO,4.800955422693033
1017,33,BASS-BO,4.800955422693033
1017,34,BASS-BO,4.800955422693033
1017,35,BASS-BO,4.800955422693033
1017,36,BASS-BO,4.800955422693033
1017,37,BASS-BO,4.800955422693033
1017,38,BASS-BO,4.800955422693033
1017,39,BASS-BO,4.800955422693033
1017,40,BASS-BO,4.800955422693033
1017,41,BASS-BO,4.800955422693033
1017,42,BASS-BO,4.800955422693033
1017,43,BASS-BO,4.800955422693033
1017,44,BASS-BO,4.800955422693033
1017,45,BASS-BO,4.800955422693033
1017,46,BASS-BO,4.800955422693033
1017,47,BASS-BO,4.800955422693033
1017,48,BASS-BO,4.800955422693033
1017,49,BASS-BO,4.800955422693033
1017,50,BASS-BO,4.800955422693033
1017,51,BASS-BO,4.800955422693033
1017,52,BASS-BO,4.800955422693033
1017,53,BASS-BO,4.800955422693033
1017,54,BASS-BO,4.800955422693033
1017,55,BASS-BO,4.800955422693033
1017,56,BASS-BO,4.800955422693033
1017,57,BASS-BO,4.800955422693033
1017,58,BASS-BO,4.800955422693033
1017,59,BASS-BO,4.800955422693033
1017,60,BASS-BO,4.800955422693033
1017,61,BASS-BO,4.800955422693033
1017,62,BASS-BO,4.800955422693033
1017,63,BASS-BO,4.800955422693033
1017,64,BASS-BO,4.800955422693033
1017,65,BASS-BO,4.800955422693033
1017,66,BASS-BO,4.800955422693033
1017,67,BASS-BO,4.800955422693033
1017,68,BASS-BO,4.800955422693033
1017,69,BASS-BO,4.800955422693033
1017,70,BASS-BO,4.800955422693033
1017,71,BASS-BO,4.800955422693033
1017,72,BASS-BO,4.800955422693033
1017,73,BASS-BO,4.800955422693033
1017,74,BASS-BO,4.800955422693033
1017,75,BASS-BO,4.800955422693033
1017,76,BASS-BO,4.800955422693033
1017,77,BASS-BO,4.800955422693033
1017,78,BASS-BO,4.800955422693033
1017,79,BASS-BO,4.800955422693033
1017,80,BASS-BO,4.800955422693033
1017,81,BASS-BO,4.800955422693033
1017,82,BASS-BO,4.800955422693033
1017,83,BASS-BO,4.800955422693033
1017,84,BASS-BO,4.800955422693033
1017,85,BASS-BO,4.800955422693033
1017,86,BASS-BO,4.800955422693033
1017,87,BASS-BO,4.800955422693033
1017,88,BASS-BO,4.800955422693033
1017,89,BASS-BO,4.800955422693033
1017,90,BASS-BO,4.800955422693033
1017,91,BASS-BO,4.800955422693033
1017,92,BASS-BO,4.800955422693033
1017,93,BASS-BO,4.800955422693033
1017,94,BASS-BO,4.800955422693033
1017,95,BASS-BO,4.800955422693033
1017,96,BASS-BO,4.800955422693033
1017,97,BASS-BO,4.800955422693033
1017,98,BASS-BO,4.800955422693033
1017,99,BASS-BO,4.800955422693033
1017,100,BASS-BO,4.800955422693033
1017,0,GP-BO,4.808830479607298
1017,1,GP-BO,4.806951823623202
1017,2,GP-BO,4.806951823623202
1017,3,GP-BO,4.803311739064002
1017,4,GP-BO,4.803311739064002
1017,5,GP-BO,4.803311739064002
1017,6,GP-BO,4.803311739064002
1017,7,GP-BO,4.803311739064002
1017,8,GP-BO,4.803311739064002
1017,9,GP-BO,4.801895959345455
1017,10,GP-BO,4.801895959345455
1017,11,GP-BO,4.801895959345455
1017,12,GP-BO,4.801895959345455
1017,13,GP-BO,4.801895959345455
1017,14,GP-BO,4.801895959345455
1017,15,GP-BO,4.801895959345455
1017,16,GP-BO,4.801895959345455
1017,17,GP-BO,4.801895959345455
1017,18,GP-BO,4.801895959345455
1017,19,GP-BO,4.801895959345455
1017,20,GP-BO,4.801895959345455
1017,21,GP-BO,4.801895959345455
1017,22,GP-BO,4.80144376603962
1017,23,GP-BO,4.80144376603962
1017,24,GP-BO,4.80144376603962
1017,25,GP-BO,4.80144376603962
1017,26,GP-BO,4.80144376603962
1017,27,GP-BO,4.80144376603962
1017,28,GP-BO,4.80144376603962
1017,29,GP-BO,4.80144376603962
1017,30,GP-BO,4.801293676726988
1017,31,GP-BO,4.801293676726988
1017,32,GP-BO,4.801293676726988
1017,33,GP-BO,4.801293676726988
1017,34,GP-BO,4.801149256828012
1017,35,GP-BO,4.801149256828012
1017,36,GP-BO,4.801149256828012
1017,37,GP-BO,4.8010934522445075
1017,38,GP-BO,4.8010934522445075
1017,39,GP-BO,4.8010934522445075
1017,40,GP-BO,4.801054736746597
1017,41,GP-BO,4.801054736746597
1017,42,GP-BO,4.801054736746597
1017,43,GP-BO,4.801025711752309
1017,44,GP-BO,4.801025711752309
1017,45,GP-BO,4.801025711752309
1017,46,GP-BO,4.801025711752309
1017,47,GP-BO,4.8010058590562465
1017,48,GP-BO,4.8010058590562465
1017,49,GP-BO,4.800989847790093
1017,50,GP-BO,4.800989847790093
1017,51,GP-BO,4.800989847790093
1017,52,GP-BO,4.8009778185833465
1017,53,GP-BO,4.8009778185833465
1017,54,GP-BO,4.800968083631766
1017,55,GP-BO,4.800968083631766
1017,56,GP-BO,4.800961910094787
1017,57,GP-BO,4.800961910094787
1017,58,GP-BO,4.800956520016311
1017,59,GP-BO,4.800956520016311
1017,60,GP-BO,4.800956520016311
1017,61,GP-BO,4.800953290103593
1017,62,GP-BO,4.800953290103593
1017,63,GP-BO,4.80095081055458
1017,64,GP-BO,4.80095081055458
1017,65,GP-BO,4.80095081055458
1017,66,GP-BO,4.800949345403209
1017,67,GP-BO,4.800949345403209
1017,68,GP-BO,4.800949345403209
1017,69,GP-BO,4.800949193644132
1017,70,GP-BO,4.80094913564367
1017,71,GP-BO,4.80094913564367
1017,72,GP-BO,4.800949119473019
1017,73,GP-BO,4.800949119473019
1017,74,GP-BO,4.800949119473019
1017,75,GP-BO,4.800949119473019
1017,76,GP-BO,4.800949119473019
1017,77,GP-BO,4.800949119473019
1017,78,GP-BO,4.800949119473019
1017,79,GP-BO,4.800949119473019
1017,80,GP-BO,4.800949119473019
1017,81,GP-BO,4.800949119473019
1017,82,GP-BO,4.800949119473019
1017,83,GP-BO,4.800949119473019
1017,84,GP-BO,4.800949119473019
1017,85,GP-BO,4.800949119473019
1017,86,GP-BO,4.8009491168379865
1017,87,GP-BO,4.8009491168379865
1017,88,GP-BO,4.8009491168379865
1017,89,GP-BO,4.8009491168379865
1017,90,GP-BO,4.8009491168379865
1017,91,GP-BO,4.8009491168379865
1017,92,GP-BO,4.8009491168379865
1017,93,GP-BO,4.8009491168379865
1017,94,GP-BO,4.8009491168379865
1017,95,GP-BO,4.8009491168379865
1017,96,GP-BO,4.8009491168379865
1017,97,GP-BO,4.8009491168379865
1017,98,GP-BO,4.800949116823901
1017,99,GP-BO,4.800949116823901
1017,100,GP-BO,4.800949116823901
1017,0,Random,4.808830479607298
1017,1,Random,4.808830479607298
1017,2,Random,4.808830479607298
1017,3,Random,4.808830479607298
1017,4,Random,4.80873392715456
1017,5,Random,4.80873392715456
1017,6,Random,4.80873392715456
1017,7,Random,4.80873392715456
1017,8,Random,4.80873392715456
1017,9,Random,4.80873392715456
1017,10,Random,4.80873392715456
1017,11,Random,4.80873392715456
1017,12,Random,4.808307482694021
1017,13,Random,4.808307482694021
1017,14,Random,4.808307482694021
1017,15,Random,4.808307482694021
1017,16,Random,4.808307482694021
1017,17,Random,4.808307482694021
1017,18,Random,4.806650423886647
1017,19,Random,4.806650423886647
1017,20,Random,4.806650423886647
1017,21,Random,4.806650423886647
1017,22,Random,4.806650423886647
1017,23,Random,4.806650423886647
1017,24,Random,4.806650423886647
1017,25,Random,4.806650423886647
1017,26,Random,4.806650423886647
1017,27,Random,4.806650423886647
1017,28,Random,4.806650423886647
1017,29,Random,4.806650423886647
1017,30,Random,4.806650423886647
1017,31,Random,4.806650423886647
1017,32,Random,4.806650423886647
1017,33,Random,4.806650423886647
1017,34,Random,4.804890940439418
1017,35,Random,4.804890940439418
1017,36,Random,4.804890940439418
1017,37,Random,4.804890940439418
1017,38,Random,4.804890940439418
1017,39,Random,4.804890940439418
1017,40,Random,4.804890940439418
1017,41,Random,4.804890940439418
1017,42,Random,4.804890940439418
1017,43,Random,4.804890940439418
1017,44,Random,4.804890940439418
1017,45,Random,4.804890940439418
1017,46,Random,4.804890940439418
1017,47,Random,4.804890940439418
1017,48,Random,4.804890940439418
1017,49,Random,4.804890940439418
1017,50,Random,4.804890940439418
1017,51,Random,4.804890940439418
1017,52,Random,4.804890940439418
1017,53,Random,4.804890940439418
1017,54,Random,4.804890940439418
1017,55,Random,4.804890940439418
1017,56,Random,4.804890940439418
1017,57,Random,4.804890940439418
1017,58,Random,4.804890940439418
1017,59,Random,4.804890940439418
1017,60,Random,4.804890940439418
1017,61,Random,4.804890940439418
1017,62,Random,4.804890940439418
1017,63,Random,4.804890940439418
1017,64,Random,4.804890940439418
1017,65,Random,4.804890940439418
1017,66,Random,4.804890940439418
1017,67,Random,4.804890940439418
1017,68,Random,4.804890940439418
1017,69,Random,4.804890940439418
1017,70,Random,4.804890940439418
1017,71,Random,4.804890940439418
1017,72,Random,4.804890940439418
1017,73,Random,4.804890940439418
1017,74,Random,4.804890940439418
1017,75,Random,4.804890940439418
1017,76,Random,4.804890940439418
1017,77,Random,4.804890940439418
1017,78,Random,4.804890940439418
1017,79,Random,4.804890940439418
1017,80,Random,4.804890940439418
1017,81,Random,4.804890940439418
1017,82,Random,4.804890940439418
1017,83,Random,4.804890940439418
1017,84,Random,4.80312654691128
1017,85,Random,4.80312654691128
1017,86,Random,4.80312654691128
1017,87,Random,4.80312654691128
1017,88,Random,4.80312654691128
1017,89,Random,4.80312654691128
1017,90,Random,4.80312654691128
1017,91,Random,4.80312654691128
1017,92,Random,4.80312654691128
1017,93,Random,4.80312654691128
1017,94,Random,4.80312654691128
1017,95,Random,4.80312654691128
1017,96,Random,4.80312654691128
1017,97,Random,4.80312654691128
1017,98,Random,4.80312654691128
1017,99,Random,4.80312654691128
1017,100,Random,4.80312654691128
1018,0,BASS-BO,4.808915723793853
1018,1,BASS-BO,4.808915723793853
1018,2,BASS-BO,4.808915723793853
1018,3,BASS-BO,4.808915723793853
1018,4,BASS-BO,4.808915723793853
1018,5,BASS-BO,4.808915723793853
1018,6,BASS-BO,4.808915723793853
1018,7,BASS-BO,4.808915723793853
1018,8,BASS-BO,4.801823034952343
1018,9,BASS-BO,4.801823034952343
1018,10,BASS-BO,4.801823034952343
1018,11,BASS-BO,4.801823034952343
1018,12,BASS-BO,4.801823034952343
1018,13,BASS-BO,4.801823034952343
1018,14,BASS-BO,4.801807448658476
1018,15,BASS-BO,4.801805934759893
1018,16,BASS-BO,4.801805934759893
1018,17,BASS-BO,4.801805934759893
1018,18,BASS-BO,4.801805934759893
1018,19,BASS-BO,4.801805934759893
1018,20,BASS-BO,4.801805934759893
1018,21,BASS-BO,4.801805934759893
1018,22,BASS-BO,4.801805934759893
1018,23,BASS-BO,4.801805934759893
1018,24,BASS-BO,4.801805934759893
1018,25,BASS-BO,4.801805934759893
1018,26,BASS-BO,4.801805934759893
1018,27,BASS-BO,4.800648348354596
1018,28,BASS-BO,4.800648348354596
1018,29,BASS-BO,4.800648348354596
1018,30,BASS-BO,4.800648348354596
1018,31,BASS-BO,4.800648348354596
1018,32,BASS-BO,4.800648348354596
1018,33,BASS-BO,4.800648348354596
1018,34,BASS-BO,4.800648348354596
1018,35,BASS-BO,4.800648348354596
1018,36,BASS-BO,4.800648348354596
1018,37,BASS-BO,4.800648348354596
1018,38,BASS-BO,4.799826716873377
1018,39,BASS-BO,4.799826716873377
1018,40,BASS-BO,4.799826716873377
1018,41,BASS-BO,4.799826716873377
1018,42,BASS-BO,4.799826716873377
1018,43,BASS-BO,4.799826716873377
1018,44,BASS-BO,4.799826716873377
1018,45,BASS-BO,4.799826716873377
1018,46,BASS-BO,4.799826716873377
1018,47,BASS-BO,4.799826716873377
1018,48,BASS-BO,4.799826716873377
1018,49,BASS-BO,4.799826716873377
1018,50,BASS-BO,4.799826716873377
1018,51,BASS-BO,4.799826716873377
1018,52,BASS-BO,4.799826716873377
1018,53,BASS-BO,4.799826716873377
1018,54,BASS-BO,4.799826716873377
1018,55,BASS-BO,4.799826716873377
1018,56,BASS-BO,4.799826716873377
1018,57,BASS-BO,4.799826716873377
1018,58,BASS-BO,4.799826716873377
1018,59,BASS-BO,4.799826716873377
1018,60,BASS-BO,4.799826716873377
1018,61,BASS-BO,4.799648771035092
1018,62,BASS-BO,4.799648771035092
1018,63,BASS-BO,4.799648771035092
1018,64,BASS-BO,4.799648771035092
1018,65,BASS-BO,4.799648771035092
1018,66,BASS-BO,4.799648771035092
1018,67,BASS-BO,4.799648771035092
1018,68,BASS-BO,4.799648771035092
1018,69,BASS-BO,4.799648771035092
1018,70,BASS-BO,4.799648771035092
1018,71,BASS-BO,4.799648771035092
1018,72,BASS-BO,4.799648771035092
1018,73,BASS-BO,4.799648771035092
1018,74,BASS-BO,4.799648771035092
1018,75,BASS-BO,4.799648771035092
1018,76,BASS-BO,4.799648771035092
1018,77,BASS-BO,4.799648771035092
1018,78,BASS-BO,4.799593951193001
1018,79,BASS-BO,4.799593951193001
1018,80,BASS-BO,4.799593951193001
1018,81,BASS-BO,4.799593951193001
1018,82,BASS-BO,4.799593951193001
1018,83,BASS-BO,4.799593951193001
1018,84,BASS-BO,4.799593951193001
1018,85,BASS-BO,4.799593951193001
1018,86,BASS-BO,4.799593951193001
1018,87,BASS-BO,4.799593951193001
1018,88,BASS-BO,4.799593951193001
1018,89,BASS-BO,4.799593951193001
1018,90,BASS-BO,4.799593951193001
1018,91,BASS-BO,4.799593951193001
1018,92,BASS-BO,4.799593951193001
1018,93,BASS-BO,4.799593951193001
1018,94,BASS-BO,4.799593951193001
1018,95,BASS-BO,4.799593951193001
1018,96,BASS-BO,4.799593951193001
1018,97,BASS-BO,4.799593951193001
1018,98,BASS-BO,4.799593951193001
1018,99,BASS-BO,4.799593951193001
1018,100,BASS-BO,4.799593951193001
1018,0,GP-BO,4.808915723793853
1018,1,GP-BO,4.808915723793853
1018,2,GP-BO,4.808915723793853
1018,3,GP-BO,4.808915723793853
1018,4,GP-BO,4.805534701304012
1018,5,GP-BO,4.805534701304012
1018,6,GP-BO,4.804063393248761
1018,7,GP-BO,4.804063393248761
1018,8,GP-BO,4.804063393248761
1018,9,GP-BO,4.8025604425756345
1018,10,GP-BO,4.8025604425756345
1018,11,GP-BO,4.8025604425756345
1018,12,GP-BO,4.800371729012194
1018,13,GP-BO,4.800371729012194
1018,14,GP-BO,4.800371729012194
1018,15,GP-BO,4.800371729012194
1018,16,GP-BO,4.800371729012194
1018,17,GP-BO,4.800371729012194
1018,18,GP-BO,4.800371729012194
1018,19,GP-BO,4.800371729012194
1018,20,GP-BO,4.800371729012194
1018,21,GP-BO,4.800371729012194
1018,22,GP-BO,4.800371729012194
1018,23,GP-BO,4.800371729012194
1018,24,GP-BO,4.800371729012194
1018,25,GP-BO,4.800371729012194
1018,26,GP-BO,4.800371729012194
1018,27,GP-BO,4.800371729012194
1018,28,GP-BO,4.799621480678604
1018,29,GP-BO,4.799621480678604
1018,30,GP-BO,4.799621480678604
1018,31,GP-BO,4.799621480678604
1018,32,GP-BO,4.799621480678604
1018,33,GP-BO,4.799621480678604
1018,34,GP-BO,4.799621480678604
1018,35,GP-BO,4.799621480678604
1018,36,GP-BO,4.799621480678604
1018,37,GP-BO,4.799621480678604
1018,38,GP-BO,4.799621480678604
1018,39,GP-BO,4.799621480678604
1018,40,GP-BO,4.799621480678604
1018,41,GP-BO,4.799621480678604
1018,42,GP-BO,4.799621480678604
1018,43,GP-BO,4.799621480678604
1018,44,GP-BO,4.799621480678604
1018,45,GP-BO,4.799621480678604
1018,46,GP-BO,4.7996091677979305
1018,47,GP-BO,4.7996091677979305
1018,48,GP-BO,4.7996091677979305
1018,49,GP-BO,4.7996091677979305
1018,50,GP-BO,4.7996091677979305
1018,51,GP-BO,4.7996091677979305
1018,52,GP-BO,4.7996091677979305
1018,53,GP-BO,4.7996091677979305
1018,54,GP-BO,4.7996091677979305
1018,55,GP-BO,4.7996091677979305
1018,56,GP-BO,4.7996091677979305
1018,57,GP-BO,4.7996091677979305
1018,58,GP-BO,4.7996091677979305
1018,59,GP-BO,4.7996091677979305
1018,60,GP-BO,4.7996091677979305
1018,61,GP-BO,4.7996091677979305
1018,62,GP-BO,4.799590936464975
1018,63,GP-BO,4.799590936464975
1018,64,GP-BO,4.799590936464975
1018,65,GP-BO,4.799590936464975
1018,66,GP-BO,4.799590936464975
1018,67,GP-BO,4.799590936464975
1018,68,GP-BO,4.799590936464975
1018,69,GP-BO,4.799590936464975
1018,70,GP-BO,4.799590936464975
1018,71,GP-BO,4.799590936464975
1018,72,GP-BO,4.799590936464975
1018,73,GP-BO,4.799590936464975
1018,74,GP-BO,4.799590936464975
1018,75,GP-BO,4.799590936464975
1018,76,GP-BO,4.799590936464975
1018,77,GP-BO,4.799590936464975
1018,78,GP-BO,4.799590936464975
1018,79,GP-BO,4.799590936464975
1018,80,GP-BO,4.799590936464975
1018,81,GP-BO,4.799590936464975
1018,82,GP-BO,4.799590936464975
1018,83,GP-BO,4.799590936464975
1018,84,GP-BO,4.799590936464975
1018,85,GP-BO,4.799590936464975
1018,86,GP-BO,4.799590936464975
1018,87,GP-BO,4.799590936464975
1018,88,GP-BO,4.799590936464975
1018,89,GP-BO,4.799590936464975
1018,90,GP-BO,4.799590936464975
1018,91,GP-BO,4.799590936464975
1018,92,GP-BO,4.799590936464975
1018,93,GP-BO,4.799590936464975
1018,94,GP-BO,4.799590936464975
1018,95,GP-BO,4.799590936464975
1018,96,GP-BO,4.799590936464975
1018,97,GP-BO,4.799590936464975
1018,98,GP-BO,4.799590936464975
1018,99,GP-BO,4.799590936464975
1018,100,GP-BO,4.799590936464975
1018,0,Random,4.808915723793853
1018,1,Random,4.808915723793853
1018,2,Random,4.808915723793853
1018,3,Random,4.808915723793853
1018,4,Random,4.808915723793853
1018,5,Random,4.808915723793853
1018,6,Random,4.808541576598712
1018,7,Random,4.808541576598712
1018,8,Random,4.808541576598712
1018,9,Random,4.808541576598712
1018,10,Random,4.808541576598712
1018,11,Random,4.808541576598712
1018,12,Random,4.808541576598712
1018,13,Random,4.808541576598712
1018,14,Random,4.808541576598712
1018,15,Random,4.808541576598712
1018,16,Random,4.808541576598712
1018,17,Random,4.808541576598712
1018,18,Random,4.80739056038112
1018,19,Random,4.80739056038112
1018,20,Random,4.80739056038112
1018,21,Random,4.80739056038112
1018,22,Random,4.80739056038112
1018,23,Random,4.80739056038112
1018,24,Random,4.80739056038112
1018,25,Random,4.80739056038112
1018,26,Random,4.80739056038112
1018,27,Random,4.80739056038112
1018,28,Random,4.80739056038112
1018,29,Random,4.80739056038112
1018,30,Random,4.80739056038112
1018,31,Random,4.80739056038112
1018,32,Random,4.80739056038112
1018,33,Random,4.80739056038112
1018,34,Random,4.80739056038112
1018,35,Random,4.80739056038112
1018,36,Random,4.80739056038112
1018,37,Random,4.80739056038112
1018,38,Random,4.80739056038112
1018,39,Random,4.80739056038112
1018,40,Random,4.80739056038112
1018,41,Random,4.80739056038112
1018,42,Random,4.80739056038112
1018,43,Random,4.80739056038112
1018,44,Random,4.80739056038112
1018,45,Random,4.80739056038112
1018,46,Random,4.80739056038112
1018,47,Random,4.80739056038112
1018,48,Random,4.80739056038112
1018,49,Random,4.804400922487884
1018,50,Random,4.804400922487884
1018,51,Random,4.804400922487884
1018,52,Random,4.804400922487884
1018,53,Random,4.804400922487884
1018,54,Random,4.804400922487884
1018,55,Random,4.804400922487884
1018,56,Random,4.804400922487884
1018,57,Random,4.804400922487884
1018,58,Random,4.804400922487884
1018,59,Random,4.804400922487884
1018,60,Random,4.804400922487884
1018,61,Random,4.804400922487884
1018,62,Random,4.804400922487884
1018,63,Random,4.804400922487884
1018,64,Random,4.804400922487884
1018,65,Random,4.804400922487884
1018,66,Random,4.804400922487884
1018,67,Random,4.804400922487884
1018,68,Random,4.804400922487884
1018,69,Random,4.804400922487884
1018,70,Random,4.804400922487884
1018,71,Random,4.804400922487884
1018,72,Random,4.804400922487884
1018,73,Random,4.804400922487884
1018,74,Random,4.804400922487884
1018,75,Random,4.804400922487884
1018,76,Random,4.804400922487884
1018,77,Random,4.804400922487884
1018,78,Random,4.804400922487884
1018,79,Random,4.804400922487884
1018,80,Random,4.804400922487884
1018,81,Random,4.804400922487884
1018,82,Random,4.804400922487884
1018,83,Random,4.804400922487884
1018,84,Random,4.804400922487884
1018,85,Random,4.804400922487884
1018,86,Random,4.804400922487884
1018,87,Random,4.804400922487884
1018,88,Random,4.804400922487884
1018,89,Random,4.804400922487884
1018,90,Random,4.804400922487884
1018,91,Random,4.804400922487884
1018,92,Random,4.804400922487884
1018,93,Random,4.804400922487884
1018,94,Random,4.804400922487884
1018,95,Random,4.804400922487884
1018,96,Random,4.804400922487884
1018,97,Random,4.804400922487884
1018,98,Random,4.804400922487884
1018,99,Random,4.804400922487884
1018,100,Random,4.804400922487884
1019,0,BASS-BO,4.733760165325867
1019,1,BASS-BO,4.733760165325867
1019,2,BASS-BO,4.733760165325867
1019,3,BASS-BO,4.733760165325867
1019,4,BASS-BO,4.733760165325867
1019,5,BASS-BO,4.733760165325867
1019,6,BASS-BO,4.733760165325867
1019,7,BASS-BO,4.733760165325867
1019,8,BASS-BO,4.733760165325867
1019,9,BASS-BO,4.733760165325867
1019,10,BASS-BO,4.733760165325867
1019,11,BASS-BO,4.733760165325867
1019,12,BASS-BO,4.730233756680269
1019,13,BASS-BO,4.727824233196935
1019,14,BASS-BO,4.727824233196935
1019,15,BASS-BO,4.727796311790688
1019,16,BASS-BO,4.727796311790688
1019,17,BASS-BO,4.727796311790688
1019,18,BASS-BO,4.727796311790688
1019,19,BASS-BO,4.727796311790688
1019,20,BASS-BO,4.727796311790688
1019,21,BASS-BO,4.727796311790688
1019,22,BASS-BO,4.727796311790688
1019,23,BASS-BO,4.727796311790688
1019,24,BASS-BO,4.727796311790688
1019,25,BASS-BO,4.727796311790688
1019,26,BASS-BO,4.727796311790688
1019,27,BASS-BO,4.727796311790688
1019,28,BASS-BO,4.7276904970435565
1019,29,BASS-BO,4.7276904970435565
1019,30,BASS-BO,4.7276904970435565
1019,31,BASS-BO,4.7276904970435565
1019,32,BASS-BO,4.7276904970435565
1019,33,BASS-BO,4.7276904970435565
1019,34,BASS-BO,4.7276904970435565
1019,35,BASS-BO,4.7276904970435565
1019,36,BASS-BO,4.7276904970435565
1019,37,BASS-BO,4.7276904970435565
1019,38,BASS-BO,4.7276904970435565
1019,39,BASS-BO,4.7276904970435565
1019,40,BASS-BO,4.7276904970435565
1019,41,BASS-BO,4.7276904970435565
1019,42,BASS-BO,4.7276904970435565
1019,43,BASS-BO,4.7276904970435565
1019,44,BASS-BO,4.727690286333966
1019,45,BASS-BO,4.727690286333966
1019,46,BASS-BO,4.727690286333966
1019,47,BASS-BO,4.727690286333966
1019,48,BASS-BO,4.727690286333966
1019,49,BASS-BO,4.727690286333966
1019,50,BASS-BO,4.727690286333966
1019,51,BASS-BO,4.727690286333966
1019,52,BASS-BO,4.727690286333966
1019,53,BASS-BO,4.727690286333966
1019,54,BASS-BO,4.727690286333966
1019,55,BASS-BO,4.727690286333966
1019,56,BASS-BO,4.727659717497489
1019,57,BASS-BO,4.727659717497489
1019,58,BASS-BO,4.727659717497489
1019,59,BASS-BO,4.727659717497489
1019,60,BASS-BO,4.727659717497489
1019,61,BASS-BO,4.727659717497489
1019,62,BASS-BO,4.727659717497489
1019,63,BASS-BO,4.727659717497489
1019,64,BASS-BO,4.727659717497489
1019,65,BASS-BO,4.727659717497489
1019,66,BASS-BO,4.727659717497489
1019,67,BASS-BO,4.727659717497489
1019,68,BASS-BO,4.727659717497489
1019,69,BASS-BO,4.727659717497489
1019,70,BASS-BO,4.727659717497489
1019,71,BASS-BO,4.727659717497489
1019,72,BASS-BO,4.727659717497489
1019,73,BASS-BO,4.727659717497489
1019,74,BASS-BO,4.727659717497489
1019,75,BASS-BO,4.727659717497489
1019,76,BASS-BO,4.727659717497489
1019,77,BASS-BO,4.727659717497489
1019,78,BASS-BO,4.727659717497489
1019,79,BASS-BO,4.727659717497489
1019,80,BASS-BO,4.727659717497489
1019,81,BASS-BO,4.727659717497489
1019,82,BASS-BO,4.727659717497489
1019,83,BASS-BO,4.727659717497489
1019,84,BASS-BO,4.727659717497489
1019,85,BASS-BO,4.727659717497489
1019,86,BASS-BO,4.727659717497489
1019,87,BASS-BO,4.727659717497489
1019,88,BASS-BO,4.727659717497489
1019,89,BASS-BO,4.727659717497489
1019,90,BASS-BO,4.727659717497489
1019,91,BASS-BO,4.727659717497489
1019,92,BASS-BO,4.727659717497489
1019,93,BASS-BO,4.727659717497489
1019,94,BASS-BO,4.727659717497489
1019,95,BASS-BO,4.727659717497489
1019,96,BASS-BO,4.727659717497489
1019,97,BASS-BO,4.727659717497489
1019,98,BASS-BO,4.727659717497489
1019,99,BASS-BO,4.727659717497489
1019,100,BASS-BO,4.727659717497489
1019,0,GP-BO,4.733760165325867
1019,1,GP-BO,4.733760165325867
1019,2,GP-BO,4.733760165325867
1019,3,GP-BO,4.733760165325867
1019,4,GP-BO,4.733760165325867
1019,5,GP-BO,4.733760165325867
1019,6,GP-BO,4.733760165325867
1019,7,GP-BO,4.733760165325867
1019,8,GP-BO,4.733760165325867
1019,9,GP-BO,4.733760165325867
1019,10,GP-BO,4.733760165325867
1019,11,GP-BO,4.733760165325867
1019,12,GP-BO,4.733760165325867
1019,13,GP-BO,4.733760165325867
1019,14,GP-BO,4.733760165325867
1019,15,GP-BO,4.733760165325867
1019,16,GP-BO,4.733760165325867
1019,17,GP-BO,4.733760165325867
1019,18,GP-BO,4.733760165325867
1019,19,GP-BO,4.733760165325867
1019,20,GP-BO,4.72917068183932
1019,21,GP-BO,4.72917068183932
1019,22,GP-BO,4.727906922531104
1019,23,GP-BO,4.727906922531104
1019,24,GP-BO,4.727906922531104
1019,25,GP-BO,4.727906922531104
1019,26,GP-BO,4.727906922531104
1019,27,GP-BO,4.727906922531104
1019,28,GP-BO,4.727906922531104
1019,29,GP-BO,4.727906922531104
1019,30,GP-BO,4.727906922531104
1019,31,GP-BO,4.727906922531104
1019,32,GP-BO,4.727906922531104
1019,33,GP-BO,4.727680973580854
1019,34,GP-BO,4.727680973580854
1019,35,GP-BO,4.727680973580854
1019,36,GP-BO,4.727680973580854
1019,37,GP-BO,4.727680973580854
1019,38,GP-BO,4.727680973580854
1019,39,GP-BO,4.727680973580854
1019,40,GP-BO,4.727680973580854
1019,41,GP-BO,4.727680973580854
1019,42,GP-BO,4.727680973580854
1019,43,GP-BO,4.727680973580854
1019,44,GP-BO,4.727680973580854
1019,45,GP-BO,4.727680973580854
1019,46,GP-BO,4.727680973580854
1019,47,GP-BO,4.727680973580854
1019,48,GP-BO,4.727680973580854
1019,49,GP-BO,4.727680973580854
1019,50,GP-BO,4.727680973580854
1019,51,GP-BO,4.727680973580854
1019,52,GP-BO,4.727680973580854
1019,53,GP-BO,4.727680973580854
1019,54,GP-BO,4.727680973580854
1019,55,GP-BO,4.727680973580854
1019,56,GP-BO,4.727680973580854
1019,57,GP-BO,4.727680973580854
1019,58,GP-BO,4.727680973580854
1019,59,GP-BO,4.727680973580854
1019,60,GP-BO,4.727680973580854
1019,61,GP-BO,4.727680973580854
1019,62,GP-BO,4.727680973580854
1019,63,GP-BO,4.727680973580854
1019,64,GP-BO,4.727680973580854
1019,65,GP-BO,4.727680973580854
1019,66,GP-BO,4.727680973580854
1019,67,GP-BO,4.7276691300493905
1019,68,GP-BO,4.7276691300493905
1019,69,GP-BO,4.7276691300493905
1019,70,GP-BO,4.727599930921426
1019,71,GP-BO,4.727599930921426
1019,72,GP-BO,4.727599930921426
1019,73,GP-BO,4.727599930921426
1019,74,GP-BO,4.727599930921426
1019,75,GP-BO,4.727599930921426
1019,76,GP-BO,4.727599930921426
1019,77,GP-BO,4.727599930921426
1019,78,GP-BO,4.727599930921426
1019,79,GP-BO,4.727599930921426
1019,80,GP-BO,4.727599930921426
1019,81,GP-BO,4.727599930921426
1019,82,GP-BO,4.727599930921426
1019,83,GP-BO,4.727599930921426
1019,84,GP-BO,4.727599930921426
1019,85,GP-BO,4.727599930921426
1019,86,GP-BO,4.727599930921426
1019,87,GP-BO,4.727599930921426
1019,88,GP-BO,4.727599930921426
1019,89,GP-BO,4.727599930921426
1019,90,GP-BO,4.727599930921426
1019,91,GP-BO,4.727599930921426
1019,92,GP-BO,4.727595531992636
1019,93,GP-BO,4.727595531992636
1019,94,GP-BO,4.727595531992636
1019,95,GP-BO,4.727595531992636
1019,96,GP-BO,4.727595531992636
1019,97,GP-BO,4.727595531992636
1019,98,GP-BO,4.727595531992636
1019,99,GP-BO,4.727595531992636
1019,100,GP-BO,4.727595531992636
1019,0,Random,4.733760165325867
1019,1,Random,4.733760165325867
1019,2,Random,4.733760165325867
1019,3,Random,4.733760165325867
1019,4,Random,4.733760165325867
1019,5,Random,4.733739894536663
1019,6,Random,4.733739894536663
1019,7,Random,4.733739894536663
1019,8,Random,4.733739894536663
1019,9,Random,4.733739894536663
1019,10,Random,4.733739894536663
1019,11,Random,4.733739894536663
1019,12,Random,4.733739894536663
1019,13,Random,4.733739894536663
1019,14,Random,4.733739894536663
1019,15,Random,4.733732496527848
1019,16,Random,4.733732496527848
1019,17,Random,4.733732496527848
1019,18,Random,4.733732496527848
1019,19,Random,4.733533191827997
1019,20,Random,4.733533191827997
1019,21,Random,4.733533191827997
1019,22,Random,4.733533191827997
1019,23,Random,4.733533191827997
1019,24,Random,4.733533191827997
1019,25,Random,4.733533191827997
1019,26,Random,4.733533191827997
1019,27,Random,4.733533191827997
1019,28,Random,4.733533191827997
1019,29,Random,4.733533191827997
1019,30,Random,4.733533191827997
1019,31,Random,4.733533191827997
1019,32,Random,4.733533191827997
1019,33,Random,4.733533191827997
1019,34,Random,4.733533191827997
1019,35,Random,4.733533191827997
1019,36,Random,4.733533191827997
1019,37,Random,4.733533191827997
1019,38,Random,4.733533191827997
1019,39,Random,4.733533191827997
1019,40,Random,4.733533191827997
1019,41,Random,4.733533191827997
1019,42,Random,4.733533191827997
1019,43,Random,4.733533191827997
1019,44,Random,4.733533191827997
1019,45,Random,4.733533191827997
1019,46,Random,4.733533191827997
1019,47,Random,4.733533191827997
1019,48,Random,4.733533191827997
1019,49,Random,4.733533191827997
1019,50,Random,4.733533191827997
1019,51,Random,4.733533191827997
1019,52,Random,4.733533191827997
1019,53,Random,4.733533191827997
1019,54,Random,4.733533191827997
1019,55,Random,4.733533191827997
1019,56,Random,4.733533191827997
1019,57,Random,4.733533191827997
1019,58,Random,4.733533191827997
1019,59,Random,4.733533191827997
1019,60,Random,4.733533191827997
1019,61,Random,4.733533191827997
1019,62,Random,4.733533191827997
1019,63,Random,4.733533191827997
1019,64,Random,4.733533191827997
1019,65,Random,4.733533191827997
1019,66,Random,4.733533191827997
1019,67,Random,4.733533191827997
1019,68,Random,4.733533191827997
1019,69,Random,4.733533191827997
1019,70,Random,4.733533191827997
1019,71,Random,4.733533191827997
1019,72,Random,4.733533191827997
1019,73,Random,4.733533191827997
1019,74,Random,4.733533191827997
1019,75,Random,4.733533191827997
1019,76,Random,4.733533191827997
1019,77,Random,4.733533191827997
1019,78,Random,4.733533191827997
1019,79,Random,4.733533191827997
1019,80,Random,4.733533191827997
1019,81,Random,4.733533191827997
1019,82,Random,4.733533191827997
1019,83,Random,4.733533191827997
1019,84,Random,4.733533191827997
1019,85,Random,4.733533191827997
1019,86,Random,4.733533191827997
1019,87,Random,4.733533191827997
1019,88,Random,4.733533191827997
1019,89,Random,4.733533191827997
1019,90,Random,4.733533191827997
1019,91,Random,4.733533191827997
1019,92,Random,4.733533191827997
1019,93,Random,4.733533191827997
1019,94,Random,4.733533191827997
1019,95,Random,4.733533191827997
1019,96,Random,4.733533191827997
1019,97,Random,4.733533191827997
1019,98,Random,4.733533191827997
1019,99,Random,4.733533191827997
1019,100,Random,4.733533191827997
1020,0,BASS-BO,4.783398952248017
1020,1,BASS-BO,4.783398952248017
1020,2,BASS-BO,4.783398952248017
1020,3,BASS-BO,4.783398952248017
1020,4,BASS-BO,4.783398952248017
1020,5,BASS-BO,4.783398952248017
1020,6,BASS-BO,4.781787006719221
1020,7,BASS-BO,4.781787006719221
1020,8,BASS-BO,4.781787006719221
1020,9,BASS-BO,4.781787006719221
1020,10,BASS-BO,4.781787006719221
1020,11,BASS-BO,4.781787006719221
1020,12,BASS-BO,4.781787006719221
1020,13,BASS-BO,4.781787006719221
1020,14,BASS-BO,4.781787006719221
1020,15,BASS-BO,4.780859054724292
1020,16,BASS-BO,4.780793900528047
1020,17,BASS-BO,4.780793900528047
1020,18,BASS-BO,4.780793900528047
1020,19,BASS-BO,4.780793900528047
1020,20,BASS-BO,4.780793900528047
1020,21,BASS-BO,4.780793900528047
1020,22,BASS-BO,4.780793802545218
1020,23,BASS-BO,4.780793802545218
1020,24,BASS-BO,4.7807008811707234
1020,25,BASS-BO,4.7807008811707234
1020,26,BASS-BO,4.7807008811707234
1020,27,BASS-BO,4.7807008811707234
1020,28,BASS-BO,4.7807008811707234
1020,29,BASS-BO,4.7807008811707234
1020,30,BASS-BO,4.7807008811707234
1020,31,BASS-BO,4.7807008811707234
1020,32,BASS-BO,4.780375094318258
1020,33,BASS-BO,4.780375094318258
1020,34,BASS-BO,4.780375094318258
1020,35,BASS-BO,4.780375094318258
1020,36,BASS-BO,4.780375094318258
1020,37,BASS-BO,4.780375094318258
1020,38,BASS-BO,4.780375094318258
1020,39,BASS-BO,4.780375094318258
1020,40,BASS-BO,4.780375094318258
1020,41,BASS-BO,4.780375094318258
1020,42,BASS-BO,4.780375094318258
1020,43,BASS-BO,4.780375094318258
1020,44,BASS-BO,4.780375094318258
1020,45,BASS-BO,4.780375094318258
1020,46,BASS-BO,4.780375094318258
1020,47,BASS-BO,4.780243457708104
1020,48,BASS-BO,4.780243457708104
1020,49,BASS-BO,4.780243457708104
1020,50,BASS-BO,4.780243457708104
1020,51,BASS-BO,4.780243457708104
1020,52,BASS-BO,4.780243457708104
1020,53,BASS-BO,4.780243457708104
1020,54,BASS-BO,4.780243457708104
1020,55,BASS-BO,4.780243457708104
1020,56,BASS-BO,4.780243457708104
1020,57,BASS-BO,4.780243457708104
1020,58,BASS-BO,4.780243457708104
1020,59,BASS-BO,4.780243457708104
1020,60,BASS-BO,4.780243457708104
1020,61,BASS-BO,4.780243457708104
1020,62,BASS-BO,4.780243457708104
1020,63,BASS-BO,4.780243457708104
1020,64,BASS-BO,4.780243457708104
1020,65,BASS-BO,4.780243457708104
1020,66,BASS-BO,4.780243457708104
1020,67,BASS-BO,4.780243457708104
1020,68,BASS-BO,4.780243457708104
1020,69,BASS-BO,4.780243457708104
1020,70,BASS-BO,4.780243457708104
1020,71,BASS-BO,4.780243457708104
1020,72,BASS-BO,4.780243457708104
1020,73,BASS-BO,4.780243457708104
1020,74,BASS-BO,4.780243457708104
1020,75,BASS-BO,4.780243457708104
1020,76,BASS-BO,4.780243457708104
1020,77,BASS-BO,4.780243457708104
1020,78,BASS-BO,4.780243457708104
1020,79,BASS-BO,4.780243457708104
1020,80,BASS-BO,4.780243457708104
1020,81,BASS-BO,4.780243457708104
1020,82,BASS-BO,4.780243457708104
1020,83,BASS-BO,4.780243457708104
1020,84,BASS-BO,4.780243457708104
1020,85,BASS-BO,4.780243457708104
1020,86,BASS-BO,4.780243457708104
1020,87,BASS-BO,4.780243457708104
1020,88,BASS-BO,4.780243457708104
1020,89,BASS-BO,4.780243457708104
1020,90,BASS-BO,4.780243457708104
1020,91,BASS-BO,4.780243457708104
1020,92,BASS-BO,4.780243457708104
1020,93,BASS-BO,4.780243457708104
1020,94,BASS-BO,4.780243457708104
1020,95,BASS-BO,4.780243457708104
1020,96,BASS-BO,4.780243457708104
1020,97,BASS-BO,4.780243457708104
1020,98,BASS-BO,4.780243457708104
1020,99,BASS-BO,4.780243457708104
1020,100,BASS-BO,4.780243457708104
1020,0,GP-BO,4.783398952248017
1020,1,GP-BO,4.780755167197062
1020,2,GP-BO,4.780755167197062
1020,3,GP-BO,4.780755167197062
1020,4,GP-BO,4.780755167197062
1020,5,GP-BO,4.780755167197062
1020,6,GP-BO,4.780755167197062
1020,7,GP-BO,4.780755167197062
1020,8,GP-BO,4.780755167197062
1020,9,GP-BO,4.780755167197062
1020,10,GP-BO,4.780755167197062
1020,11,GP-BO,4.780755167197062
1020,12,GP-BO,4.780755167197062
1020,13,GP-BO,4.780755167197062
1020,14,GP-BO,4.780755167197062
1020,15,GP-BO,4.780755167197062
1020,16,GP-BO,4.780755167197062
1020,17,GP-BO,4.780755167197062
1020,18,GP-BO,4.780755167197062
1020,19,GP-BO,4.780755167197062
1020,20,GP-BO,4.780755167197062
1020,21,GP-BO,4.780755167197062
1020,22,GP-BO,4.780755167197062
1020,23,GP-BO,4.780755167197062
1020,24,GP-BO,4.780755167197062
1020,25,GP-BO,4.780654541049631
1020,26,GP-BO,4.780654541049631
1020,27,GP-BO,4.780654541049631
1020,28,GP-BO,4.780654541049631
1020,29,GP-BO,4.780654541049631
1020,30,GP-BO,4.780654541049631
1020,31,GP-BO,4.780654541049631
1020,32,GP-BO,4.780654541049631
1020,33,GP-BO,4.780654541049631
1020,34,GP-BO,4.780654541049631
1020,35,GP-BO,4.780654541049631
1020,36,GP-BO,4.780654541049631
1020,37,GP-BO,4.780654541049631
1020,38,GP-BO,4.780654541049631
1020,39,GP-BO,4.780654541049631
1020,40,GP-BO,4.780654541049631
1020,41,GP-BO,4.780654541049631
1020,42,GP-BO,4.780654541049631
1020,43,GP-BO,4.780654541049631
1020,44,GP-BO,4.780654541049631
1020,45,GP-BO,4.780654541049631
1020,46,GP-BO,4.780654541049631
1020,47,GP-BO,4.780654541049631
1020,48,GP-BO,4.780574850064352
1020,49,GP-BO,4.780208009005255
1020,50,GP-BO,4.780208009005255
1020,51,GP-BO,4.780208009005255
1020,52,GP-BO,4.780208009005255
1020,53,GP-BO,4.780208009005255
1020,54,GP-BO,4.780208009005255
1020,55,GP-BO,4.780173982177014
1020,56,GP-BO,4.780173982177014
1020,57,GP-BO,4.780173982177014
1020,58,GP-BO,4.780173982177014
1020,59,GP-BO,4.780173982177014
1020,60,GP-BO,4.780173982177014
1020,61,GP-BO,4.780173982177014
1020,62,GP-BO,4.780173982177014
1020,63,GP-BO,4.780173982177014
1020,64,GP-BO,4.780173982177014
1020,65,GP-BO,4.780173982177014
1020,66,GP-BO,4.780173982177014
1020,67,GP-BO,4.780173982177014
1020,68,GP-BO,4.780173982177014
1020,69,GP-BO,4.780173982177014
1020,70,GP-BO,4.780173982177014
1020,71,GP-BO,4.780173982177014
1020,72,GP-BO,4.780173982177014
1020,73,GP-BO,4.780173982177014
1020,74,GP-BO,4.780173982177014
1020,75,GP-BO,4.780173982177014
1020,76,GP-BO,4.780173982177014
1020,77,GP-BO,4.780173982177014
1020,78,GP-BO,4.780173982177014
1020,79,GP-BO,4.780173982177014
1020,80,GP-BO,4.780173982177014
1020,81,GP-BO,4.780173982177014
1020,82,GP-BO,4.780173982177014
1020,83,GP-BO,4.780173982177014
1020,84,GP-BO,4.780173982177014
1020,85,GP-BO,4.780173982177014
1020,86,GP-BO,4.780173982177014
1020,87,GP-BO,4.780173982177014
1020,88,GP-BO,4.780173982177014
1020,89,GP-BO,4.780173982177014
1020,90,GP-BO,4.780173982177014
1020,91,GP-BO,4.780173982177014
1020,92,GP-BO,4.780173982177014
1020,93,GP-BO,4.780173982177014
1020,94,GP-BO,4.780173982177014
1020,95,GP-BO,4.780173982177014
1020,96,GP-BO,4.780173982177014
1020,97,GP-BO,4.780173982177014
1020,98,GP-BO,4.780173982177014
1020,99,GP-BO,4.780173982177014
1020,100,GP-BO,4.780173982177014
1020,0,Random,4.783398952248017
1020,1,Random,4.783398952248017
1020,2,Random,4.783398952248017
1020,3,Random,4.783398952248017
1020,4,Random,4.783398952248017
1020,5,Random,4.783398952248017
1020,6,Random,4.783398952248017
1020,7,Random,4.783398952248017
1020,8,Random,4.783398952248017
1020,9,Random,4.783398952248017
1020,10,Random,4.783398952248017
1020,11,Random,4.783398952248017
1020,12,Random,4.783398952248017
1020,13,Random,4.783398952248017
1020,14,Random,4.781937731362073
1020,15,Random,4.781937731362073
1020,16,Random,4.781937731362073
1020,17,Random,4.781937731362073
1020,18,Random,4.781937731362073
1020,19,Random,4.781937731362073
1020,20,Random,4.781937731362073
1020,21,Random,4.781937731362073
1020,22,Random,4.781937731362073
1020,23,Random,4.781937731362073
1020,24,Random,4.781937731362073
1020,25,Random,4.781937731362073
1020,26,Random,4.781937731362073
1020,27,Random,4.781937731362073
1020,28,Random,4.781937731362073
1020,29,Random,4.781937731362073
1020,30,Random,4.781937731362073
1020,31,Random,4.781937731362073
1020,32,Random,4.781937731362073
1020,33,Random,4.781937731362073
1020,34,Random,4.781937731362073
1020,35,Random,4.781937731362073
1020,36,Random,4.781937731362073
1020,37,Random,4.781937731362073
1020,38,Random,4.781937731362073
1020,39,Random,4.781937731362073
1020,40,Random,4.781937731362073
1020,41,Random,4.781937731362073
1020,42,Random,4.781937731362073
1020,43,Random,4.781937731362073
1020,44,Random,4.781937731362073
1020,45,Random,4.781937731362073
1020,46,Random,4.781937731362073
1020,47,Random,4.781937731362073
1020,48,Random,4.781937731362073
1020,49,Random,4.781937731362073
1020,50,Random,4.781937731362073
1020,51,Random,4.781937731362073
1020,52,Random,4.781937731362073
1020,53,Random,4.781937731362073
1020,54,Random,4.781937731362073
1020,55,Random,4.781937731362073
1020,56,Random,4.781937731362073
1020,57,Random,4.781937731362073
1020,58,Random,4.781937731362073
1020,59,Random,4.781937731362073
1020,60,Random,4.781937731362073
1020,61,Random,4.781937731362073
1020,62,Random,4.781937731362073
1020,63,Random,4.781937731362073
1020,64,Random,4.781937731362073
1020,65,Random,4.781937731362073
1020,66,Random,4.781937731362073
1020,67,Random,4.781937731362073
1020,68,Random,4.781937731362073
1020,69,Random,4.781937731362073
1020,70,Random,4.781937731362073
1020,71,Random,4.781937731362073
1020,72,Random,4.781937731362073
1020,73,Random,4.781937731362073
1020,74,Random,4.781937731362073
1020,75,Random,4.781937731362073
1020,76,Random,4.781937731362073
1020,77,Random,4.781937731362073
1020,78,Random,4.781937731362073
1020,79,Random,4.781937731362073
1020,80,Random,4.781937731362073
1020,81,Random,4.781937731362073
1020,82,Random,4.781937731362073
1020,83,Random,4.781937731362073
1020,84,Random,4.781937731362073
1020,85,Random,4.781937731362073
1020,86,Random,4.781937731362073
1020,87,Random,4.781937731362073
1020,88,Random,4.781937731362073
1020,89,Random,4.781937731362073
1020,90,Random,4.781937731362073
1020,91,Random,4.781937731362073
1020,92,Random,4.781937731362073
1020,93,Random,4.781937731362073
1020,94,Random,4.781937731362073
1020,95,Random,4.781937731362073
1020,96,Random,4.781937731362073
1020,97,Random,4.781937731362073
1020,98,Random,4.781937731362073
1020,99,Random,4.781937731362073
1020,100,Random,4.781937731362073
1021,0,BASS-BO,4.9720345992269825
1021,1,BASS-BO,4.9720345992269825
1021,2,BASS-BO,4.9720345992269825
1021,3,BASS-BO,4.9720345992269825
1021,4,BASS-BO,4.9720345992269825
1021,5,BASS-BO,4.9720345992269825
1021,6,BASS-BO,4.9720345992269825
1021,7,BASS-BO,4.9720345992269825
1021,8,BASS-BO,4.9720345992269825
1021,9,BASS-BO,4.968551330371767
1021,10,BASS-BO,4.968484111075905
1021,11,BASS-BO,4.968484111075905
1021,12,BASS-BO,4.968484111075905
1021,13,BASS-BO,4.968484111075905
1021,14,BASS-BO,4.968484111075905
1021,15,BASS-BO,4.968484111075905
1021,16,BASS-BO,4.968483697468945
1021,17,BASS-BO,4.968483697468945
1021,18,BASS-BO,4.968483697468945
1021,19,BASS-BO,4.968483697468945
1021,20,BASS-BO,4.968483697468945
1021,21,BASS-BO,4.968483697468945
1021,22,BASS-BO,4.968483697468945
1021,23,BASS-BO,4.968483697468945
1021,24,BASS-BO,4.968483697468945
1021,25,BASS-BO,4.968483697468945
1021,26,BASS-BO,4.968483697468945
1021,27,BASS-BO,4.968483697468945
1021,28,BASS-BO,4.968483697468945
1021,29,BASS-BO,4.968483697468945
1021,30,BASS-BO,4.968483697468945
1021,31,BASS-BO,4.968483697468945
1021,32,BASS-BO,4.968483697468945
1021,33,BASS-BO,4.968483697468945
1021,34,BASS-BO,4.968483697468945
1021,35,BASS-BO,4.968324082871673
1021,36,BASS-BO,4.968324082871673
1021,37,BASS-BO,4.968324082871673
1021,38,BASS-BO,4.968324082871673
1021,39,BASS-BO,4.968324082871673
1021,40,BASS-BO,4.968324082871673
1021,41,BASS-BO,4.968324082871673
1021,42,BASS-BO,4.968324082871673
1021,43,BASS-BO,4.968324082871673
1021,44,BASS-BO,4.968324082871673
1021,45,BASS-BO,4.968324082871673
1021,46,BASS-BO,4.968324082871673
1021,47,BASS-BO,4.968324082871673
1021,48,BASS-BO,4.968324082871673
1021,49,BASS-BO,4.968324082871673
1021,50,BASS-BO,4.968324082871673
1021,51,BASS-BO,4.968324082871673
1021,52,BASS-BO,4.968324082871673
1021,53,BASS-BO,4.968324082871673
1021,54,BASS-BO,4.968324082871673
1021,55,BASS-BO,4.968324082871673
1021,56,BASS-BO,4.968324082871673
1021,57,BASS-BO,4.968324082871673
1021,58,BASS-BO,4.968324082871673
1021,59,BASS-BO,4.968324082871673
1021,60,BASS-BO,4.968319187871989
1021,61,BASS-BO,4.968319187871989
1021,62,BASS-BO,4.968319187871989
1021,63,BASS-BO,4.968319187871989
1021,64,BASS-BO,4.968319187871989
1021,65,BASS-BO,4.968319187871989
1021,66,BASS-BO,4.968319187871989
1021,67,BASS-BO,4.968319187871989
1021,68,BASS-BO,4.968319187871989
1021,69,BASS-BO,4.968319187871989
1021,70,BASS-BO,4.968319187871989
1021,71,BASS-BO,4.968319187871989
1021,72,BASS-BO,4.968319187871989
1021,73,BASS-BO,4.968319187871989
1021,74,BASS-BO,4.968319187871989
1021,75,BASS-BO,4.968319187871989
1021,76,BASS-BO,4.968319187871989
1021,77,BASS-BO,4.968319187871989
1021,78,BASS-BO,4.968319187871989
1021,79,BASS-BO,4.968319187871989
1021,80,BASS-BO,4.968319187871989
1021,81,BASS-BO,4.968319187871989
1021,82,BASS-BO,4.968319187871989
1021,83,BASS-BO,4.968319187871989
1021,84,BASS-BO,4.968319187871989
1021,85,BASS-BO,4.968319187871989
1021,86,BASS-BO,4.968319187871989
1021,87,BASS-BO,4.968319187871989
1021,88,BASS-BO,4.968319187871989
1021,89,BASS-BO,4.968319187871989
1021,90,BASS-BO,4.968319187871989
1021,91,BASS-BO,4.968319187871989
1021,92,BASS-BO,4.968319187871989
1021,93,BASS-BO,4.968319187871989
1021,94,BASS-BO,4.968319187871989
1021,95,BASS-BO,4.968319187871989
1021,96,BASS-BO,4.968319187871989
1021,97,BASS-BO,4.968319187871989
1021,98,BASS-BO,4.968319187871989
1021,99,BASS-BO,4.968319187871989
1021,100,BASS-BO,4.968319187871989
1021,0,GP-BO,4.9720345992269825
1021,1,GP-BO,4.9720345992269825
1021,2,GP-BO,4.969989243180824
1021,3,GP-BO,4.969989243180824
1021,4,GP-BO,4.969989243180824
1021,5,GP-BO,4.969989243180824
1021,6,GP-BO,4.969989243180824
1021,7,GP-BO,4.969989243180824
1021,8,GP-BO,4.969989243180824
1021,9,GP-BO,4.969989243180824
1021,10,GP-BO,4.969989243180824
1021,11,GP-BO,4.969989243180824
1021,12,GP-BO,4.969122716199265
1021,13,GP-BO,4.969122716199265
1021,14,GP-BO,4.969122716199265
1021,15,GP-BO,4.969122716199265
1021,16,GP-BO,4.969122716199265
1021,17,GP-BO,4.969122716199265
1021,18,GP-BO,4.969122716199265
1021,19,GP-BO,4.969122716199265
1021,20,GP-BO,4.969122716199265
1021,21,GP-BO,4.969122716199265
1021,22,GP-BO,4.969122716199265
1021,23,GP-BO,4.969122716199265
1021,24,GP-BO,4.969122716199265
1021,25,GP-BO,4.968850781385141
1021,26,GP-BO,4.968850781385141
1021,27,GP-BO,4.968850781385141
1021,28,GP-BO,4.968850781385141
1021,29,GP-BO,4.968850781385141
1021,30,GP-BO,4.968850781385141
1021,31,GP-BO,4.968711198654864
1021,32,GP-BO,4.968711198654864
1021,33,GP-BO,4.968711198654864
1021,34,GP-BO,4.968641440742302
1021,35,GP-BO,4.968641440742302
1021,36,GP-BO,4.968567366898144
1021,37,GP-BO,4.968567366898144
1021,38,GP-BO,4.968567366898144
1021,39,GP-BO,4.968529221095284
1021,40,GP-BO,4.968529221095284
1021,41,GP-BO,4.968368789609788
1021,42,GP-BO,4.968368789609788
1021,43,GP-BO,4.968351124615055
1021,44,GP-BO,4.968351124615055
1021,45,GP-BO,4.968337534974074
1021,46,GP-BO,4.968337534974074
1021,47,GP-BO,4.968328993211185
1021,48,GP-BO,4.968328993211185
1021,49,GP-BO,4.968328993211185
1021,50,GP-BO,4.968323393872349
1021,51,GP-BO,4.968323393872349
1021,52,GP-BO,4.968323393872349
1021,53,GP-BO,4.968323393872349
1021,54,GP-BO,4.9683202830312805
1021,55,GP-BO,4.9683202830312805
1021,56,GP-BO,4.9683202830312805
1021,57,GP-BO,4.968319198683191
1021,58,GP-BO,4.968319198683191
1021,59,GP-BO,4.968319198683191
1021,60,GP-BO,4.968319198683191
1021,61,GP-BO,4.968319198683191
1021,62,GP-BO,4.968319198683191
1021,63,GP-BO,4.968319198683191
1021,64,GP-BO,4.968319198683191
1021,65,GP-BO,4.968319198683191
1021,66,GP-BO,4.968319198683191
1021,67,GP-BO,4.968319198683191
1021,68,GP-BO,4.968319198683191
1021,69,GP-BO,4.968319198683191
1021,70,GP-BO,4.968319198683191
1021,71,GP-BO,4.968319198683191
1021,72,GP-BO,4.968319198683191
1021,73,GP-BO,4.968319198683191
1021,74,GP-BO,4.968319198683191
1021,75,GP-BO,4.968319198683191
1021,76,GP-BO,4.968319198683191
1021,77,GP-BO,4.968319198683191
1021,78,GP-BO,4.96831919799077
1021,79,GP-BO,4.96831919799077
1021,80,GP-BO,4.96831919799077
1021,81,GP-BO,4.96831919799077
1021,82,GP-BO,4.96831919799077
1021,83,GP-BO,4.96831919799077
1021,84,GP-BO,4.96831919799077
1021,85,GP-BO,4.96831919799077
1021,86,GP-BO,4.96831919799077
1021,87,GP-BO,4.96831919799077
1021,88,GP-BO,4.96831919799077
1021,89,GP-BO,4.96831919799077
1021,90,GP-BO,4.96831919799077
1021,91,GP-BO,4.96831919799077
1021,92,GP-BO,4.96831919799077
1021,93,GP-BO,4.96831919799077
1021,94,GP-BO,4.96831919799077
1021,95,GP-BO,4.96831919799077
1021,96,GP-BO,4.9683191915105445
1021,97,GP-BO,4.9683191915105445
1021,98,GP-BO,4.9683191915105445
1021,99,GP-BO,4.9683191915105445
1021,100,GP-BO,4.9683191915105445
1021,0,Random,4.9720345992269825
1021,1,Random,4.9720345992269825
1021,2,Random,4.9720345992269825
1021,3,Random,4.9720345992269825
1021,4,Random,4.9720345992269825
1021,5,Random,4.9720345992269825
1021,6,Random,4.9720345992269825
1021,7,Random,4.9720345992269825
1021,8,Random,4.9720345992269825
1021,9,Random,4.9720345992269825
1021,10,Random,4.9720345992269825
1021,11,Random,4.9720345992269825
1021,12,Random,4.9720345992269825
1021,13,Random,4.9720345992269825
1021,14,Random,4.9720345992269825
1021,15,Random,4.9720345992269825
1021,16,Random,4.9720345992269825
1021,17,Random,4.9720345992269825
1021,18,Random,4.9720345992269825
1021,19,Random,4.9720345992269825
1021,20,Random,4.9720345992269825
1021,21,Random,4.9720345992269825
1021,22,Random,4.9720345992269825
1021,23,Random,4.9720345992269825
1021,24,Random,4.9720345992269825
1021,25,Random,4.9720345992269825
1021,26,Random,4.9720345992269825
1021,27,Random,4.9720345992269825
1021,28,Random,4.9720345992269825
1021,29,Random,4.9720345992269825
1021,30,Random,4.9720345992269825
1021,31,Random,4.9699429202686645
1021,32,Random,4.9699429202686645
1021,33,Random,4.9699429202686645
1021,34,Random,4.9699429202686645
1021,35,Random,4.9699429202686645
1021,36,Random,4.9699429202686645
1021,37,Random,4.9699429202686645
1021,38,Random,4.9699429202686645
1021,39,Random,4.9699429202686645
1021,40,Random,4.9699429202686645
1021,41,Random,4.9699429202686645
1021,42,Random,4.9699429202686645
1021,43,Random,4.9699429202686645
1021,44,Random,4.9699429202686645
1021,45,Random,4.9699429202686645
1021,46,Random,4.9699429202686645
1021,47,Random,4.9699429202686645
1021,48,Random,4.9699429202686645
1021,49,Random,4.9699429202686645
1021,50,Random,4.9699429202686645
1021,51,Random,4.9699429202686645
1021,52,Random,4.9699429202686645
1021,53,Random,4.9699429202686645
1021,54,Random,4.9699429202686645
1021,55,Random,4.9699429202686645
1021,56,Random,4.9699429202686645
1021,57,Random,4.9699429202686645
1021,58,Random,4.9699429202686645
1021,59,Random,4.9699429202686645
1021,60,Random,4.9699429202686645
1021,61,Random,4.9699429202686645
1021,62,Random,4.9699429202686645
1021,63,Random,4.9699429202686645
1021,64,Random,4.9699429202686645
1021,65,Random,4.9699429202686645
1021,66,Random,4.9699429202686645
1021,67,Random,4.9699429202686645
1021,68,Random,4.9699429202686645
1021,69,Random,4.9699429202686645
1021,70,Random,4.9699429202686645
1021,71,Random,4.9699429202686645
1021,72,Random,4.9699429202686645
1021,73,Random,4.9699429202686645
1021,74,Random,4.9699429202686645
1021,75,Random,4.9699429202686645
1021,76,Random,4.9699429202686645
1021,77,Random,4.9699429202686645
1021,78,Random,4.9699429202686645
1021,79,Random,4.9699429202686645
1021,80,Random,4.9699429202686645
1021,81,Random,4.9699429202686645
1021,82,Random,4.9699429202686645
1021,83,Random,4.9699429202686645
1021,84,Random,4.9699429202686645
1021,85,Random,4.9699429202686645
1021,86,Random,4.9699429202686645
1021,87,Random,4.9699429202686645
1021,88,Random,4.9699429202686645
1021,89,Random,4.9699429202686645
1021,90,Random,4.9699429202686645
1021,91,Random,4.9699429202686645
1021,92,Random,4.9699429202686645
1021,93,Random,4.9699429202686645
1021,94,Random,4.9699429202686645
1021,95,Random,4.9699429202686645
1021,96,Random,4.9699429202686645
1021,97,Random,4.9699429202686645
1021,98,Random,4.9699429202686645
1021,99,Random,4.9699429202686645
1021,100,Random,4.9699429202686645
1022,0,BASS-BO,4.814442330129052
1022,1,BASS-BO,4.814442330129052
1022,2,BASS-BO,4.813952210521513
1022,3,BASS-BO,4.813952210521513
1022,4,BASS-BO,4.813952210521513
1022,5,BASS-BO,4.813952210521513
1022,6,BASS-BO,4.813952210521513
1022,7,BASS-BO,4.813952210521513
1022,8,BASS-BO,4.813952210521513
1022,9,BASS-BO,4.813952210521513
1022,10,BASS-BO,4.813952210521513
1022,11,BASS-BO,4.813952210521513
1022,12,BASS-BO,4.813952210521513
1022,13,BASS-BO,4.813952210521513
1022,14,BASS-BO,4.812876761554055
1022,15,BASS-BO,4.812876761554055
1022,16,BASS-BO,4.812876761554055
1022,17,BASS-BO,4.812876761554055
1022,18,BASS-BO,4.812876761554055
1022,19,BASS-BO,4.81287546308578
1022,20,BASS-BO,4.81287546308578
1022,21,BASS-BO,4.81287546308578
1022,22,BASS-BO,4.81287546308578
1022,23,BASS-BO,4.81287546308578
1022,24,BASS-BO,4.812739258397125
1022,25,BASS-BO,4.8114158182294275
1022,26,BASS-BO,4.8114158182294275
1022,27,BASS-BO,4.8114158182294275
1022,28,BASS-BO,4.8114158182294275
1022,29,BASS-BO,4.8114158182294275
1022,30,BASS-BO,4.8114158182294275
1022,31,BASS-BO,4.8114158182294275
1022,32,BASS-BO,4.8114158182294275
1022,33,BASS-BO,4.8114158182294275
1022,34,BASS-BO,4.8114158182294275
1022,35,BASS-BO,4.8114158182294275
1022,36,BASS-BO,4.8114158182294275
1022,37,BASS-BO,4.8114158182294275
1022,38,BASS-BO,4.8114158182294275
1022,39,BASS-BO,4.8114158182294275
1022,40,BASS-BO,4.8114158182294275
1022,41,BASS-BO,4.8114158182294275
1022,42,BASS-BO,4.8114158182294275
1022,43,BASS-BO,4.8114158182294275
1022,44,BASS-BO,4.8114158182294275
1022,45,BASS-BO,4.8114158182294275
1022,46,BASS-BO,4.8114158182294275
1022,47,BASS-BO,4.8114158182294275
1022,48,BASS-BO,4.8114158182294275
1022,49,BASS-BO,4.8114158182294275
1022,50,BASS-BO,4.8114158182294275
1022,51,BASS-BO,4.8114158182294275
1022,52,BASS-BO,4.8114158182294275
1022,53,BASS-BO,4.8114158182294275
1022,54,BASS-BO,4.8114158182294275
1022,55,BASS-BO,4.8114158182294275
1022,56,BASS-BO,4.8114158182294275
1022,57,BASS-BO,4.8114158182294275
1022,58,BASS-BO,4.8114158182294275
1022,59,BASS-BO,4.8114158182294275
1022,60,BASS-BO,4.8114158182294275
1022,61,BASS-BO,4.8114158182294275
1022,62,BASS-BO,4.8114158182294275
1022,63,BASS-BO,4.8114158182294275
1022,64,BASS-BO,4.8114158182294275
1022,65,BASS-BO,4.8114158182294275
1022,66,BASS-BO,4.8114158182294275
1022,67,BASS-BO,4.8114158182294275
1022,68,BASS-BO,4.8114158182294275
1022,69,BASS-BO,4.8114158182294275
1022,70,BASS-BO,4.8114158182294275
1022,71,BASS-BO,4.8114158182294275
1022,72,BASS-BO,4.8114158182294275
1022,73,BASS-BO,4.8114158182294275
1022,74,BASS-BO,4.8114158182294275
1022,75,BASS-BO,4.8114158182294275
1022,76,BASS-BO,4.8114158182294275
1022,77,BASS-BO,4.8114158182294275
1022,78,BASS-BO,4.8114158182294275
1022,79,BASS-BO,4.81137390412556
1022,80,BASS-BO,4.81137390412556
1022,81,BASS-BO,4.81137390412556
1022,82,BASS-BO,4.81137390412556
1022,83,BASS-BO,4.81137390412556
1022,84,BASS-BO,4.81137390412556
1022,85,BASS-BO,4.81137390412556
1022,86,BASS-BO,4.81137390412556
1022,87,BASS-BO,4.81137390412556
1022,88,BASS-BO,4.81137390412556
1022,89,BASS-BO,4.81137390412556
1022,90,BASS-BO,4.81137390412556
1022,91,BASS-BO,4.81137390412556
1022,92,BASS-BO,4.81137390412556
1022,93,BASS-BO,4.81137390412556
1022,94,BASS-BO,4.81137390412556
1022,95,BASS-BO,4.81137390412556
1022,96,BASS-BO,4.81137390412556
1022,97,BASS-BO,4.81137390412556
1022,98,BASS-BO,4.81137390412556
1022,99,BASS-BO,4.81137390412556
1022,100,BASS-BO,4.81137390412556
1022,0,GP-BO,4.814442330129052
1022,1,GP-BO,4.814442330129052
1022,2,GP-BO,4.814442330129052
1022,3,GP-BO,4.814442330129052
1022,4,GP-BO,4.814442330129052
1022,5,GP-BO,4.814442330129052
1022,6,GP-BO,4.8143532823308455
1022,7,GP-BO,4.8143532823308455
1022,8,GP-BO,4.8143532823308455
1022,9,GP-BO,4.8143532823308455
1022,10,GP-BO,4.8143532823308455
1022,11,GP-BO,4.8143532823308455
1022,12,GP-BO,4.813859053981694
1022,13,GP-BO,4.813859053981694
1022,14,GP-BO,4.813859053981694
1022,15,GP-BO,4.813859053981694
1022,16,GP-BO,4.813859053981694
1022,17,GP-BO,4.813859053981694
1022,18,GP-BO,4.813859053981694
1022,19,GP-BO,4.813859053981694
1022,20,GP-BO,4.813859053981694
1022,21,GP-BO,4.813859053981694
1022,22,GP-BO,4.813859053981694
1022,23,GP-BO,4.813859053981694
1022,24,GP-BO,4.813859053981694
1022,25,GP-BO,4.813859053981694
1022,26,GP-BO,4.813859053981694
1022,27,GP-BO,4.813859053981694
1022,28,GP-BO,4.813859053981694
1022,29,GP-BO,4.813859053981694
1022,30,GP-BO,4.813385719893094
1022,31,GP-BO,4.813385719893094
1022,32,GP-BO,4.813385719893094
1022,33,GP-BO,4.813385719893094
1022,34,GP-BO,4.813385719893094
1022,35,GP-BO,4.813385719893094
1022,36,GP-BO,4.813385719893094
1022,37,GP-BO,4.813385719893094
1022,38,GP-BO,4.813385719893094
1022,39,GP-BO,4.813385719893094
1022,40,GP-BO,4.813385719893094
1022,41,GP-BO,4.813385719893094
1022,42,GP-BO,4.813385719893094
1022,43,GP-BO,4.813385719893094
1022,44,GP-BO,4.813385719893094
1022,45,GP-BO,4.813385719893094
1022,46,GP-BO,4.813385719893094
1022,47,GP-BO,4.813385719893094
1022,48,GP-BO,4.813385719893094
1022,49,GP-BO,4.813385719893094
1022,50,GP-BO,4.813385719893094
1022,51,GP-BO,4.813385719893094
1022,52,GP-BO,4.813385719893094
1022,53,GP-BO,4.813385719893094
1022,54,GP-BO,4.813385719893094
1022,55,GP-BO,4.813385719893094
1022,56,GP-BO,4.813385719893094
1022,57,GP-BO,4.813385719893094
1022,58,GP-BO,4.813385719893094
1022,59,GP-BO,4.813385719893094
1022,60,GP-BO,4.813385719893094
1022,61,GP-BO,4.813385719893094
1022,62,GP-BO,4.813385719893094
1022,63,GP-BO,4.813385719893094
1022,64,GP-BO,4.813385719893094
1022,65,GP-BO,4.813385719893094
1022,66,GP-BO,4.813385719893094
1022,67,GP-BO,4.813385719893094
1022,68,GP-BO,4.813385719893094
1022,69,GP-BO,4.813385719893094
1022,70,GP-BO,4.813385719893094
1022,71,GP-BO,4.8132899668120865
1022,72,GP-BO,4.8132899668120865
1022,73,GP-BO,4.8132899668120865
1022,74,GP-BO,4.8132899668120865
1022,75,GP-BO,4.8132899668120865
1022,76,GP-BO,4.8132899668120865
1022,77,GP-BO,4.8132899668120865
1022,78,GP-BO,4.8132899668120865
1022,79,GP-BO,4.8132899668120865
1022,80,GP-BO,4.8132899668120865
1022,81,GP-BO,4.8132899668120865
1022,82,GP-BO,4.8132899668120865
1022,83,GP-BO,4.8132899668120865
1022,84,GP-BO,4.8132899668120865
1022,85,GP-BO,4.8132899668120865
1022,86,GP-BO,4.8132899668120865
1022,87,GP-BO,4.8132899668120865
1022,88,GP-BO,4.8132899668120865
1022,89,GP-BO,4.8132899668120865
1022,90,GP-BO,4.8132899668120865
1022,91,GP-BO,4.8132899668120865
1022,92,GP-BO,4.8132899668120865
1022,93,GP-BO,4.8132287230718935
1022,94,GP-BO,4.81314783919868
1022,95,GP-BO,4.81314783919868
1022,96,GP-BO,4.81314783919868
1022,97,GP-BO,4.81314783919868
1022,98,GP-BO,4.81314783919868
1022,99,GP-BO,4.81314783919868
1022,100,GP-BO,4.81314783919868
1022,0,Random,4.814442330129052
1022,1,Random,4.814442330129052
1022,2,Random,4.814442330129052
1022,3,Random,4.814442330129052
1022,4,Random,4.814442330129052
1022,5,Random,4.814442330129052
1022,6,Random,4.814442330129052
1022,7,Random,4.814442330129052
1022,8,Random,4.814442330129052
1022,9,Random,4.814442330129052
1022,10,Random,4.814442330129052
1022,11,Random,4.814442330129052
1022,12,Random,4.814442330129052
1022,13,Random,4.814442330129052
1022,14,Random,4.814442330129052
1022,15,Random,4.814442330129052
1022,16,Random,4.814442330129052
1022,17,Random,4.814442330129052
1022,18,Random,4.814442330129052
1022,19,Random,4.814442330129052
1022,20,Random,4.814442330129052
1022,21,Random,4.814442330129052
1022,22,Random,4.814442330129052
1022,23,Random,4.814442330129052
1022,24,Random,4.814442330129052
1022,25,Random,4.814442330129052
1022,26,Random,4.814442330129052
1022,27,Random,4.814442330129052
1022,28,Random,4.814442330129052
1022,29,Random,4.814442330129052
1022,30,Random,4.812971304843346
1022,31,Random,4.812971304843346
1022,32,Random,4.812971304843346
1022,33,Random,4.812971304843346
1022,34,Random,4.812971304843346
1022,35,Random,4.812971304843346
1022,36,Random,4.812971304843346
1022,37,Random,4.812971304843346
1022,38,Random,4.812971304843346
1022,39,Random,4.812971304843346
1022,40,Random,4.812971304843346
1022,41,Random,4.812971304843346
1022,42,Random,4.812971304843346
1022,43,Random,4.812971304843346
1022,44,Random,4.812971304843346
1022,45,Random,4.812971304843346
1022,46,Random,4.812971304843346
1022,47,Random,4.812971304843346
1022,48,Random,4.812971304843346
1022,49,Random,4.812971304843346
1022,50,Random,4.812971304843346
1022,51,Random,4.812971304843346
1022,52,Random,4.812971304843346
1022,53,Random,4.812971304843346
1022,54,Random,4.812971304843346
1022,55,Random,4.812971304843346
1022,56,Random,4.812971304843346
1022,57,Random,4.812971304843346
1022,58,Random,4.812971304843346
1022,59,Random,4.812971304843346
1022,60,Random,4.812971304843346
1022,61,Random,4.812971304843346
1022,62,Random,4.812971304843346
1022,63,Random,4.812971304843346
1022,64,Random,4.812971304843346
1022,65,Random,4.812971304843346
1022,66,Random,4.812971304843346
1022,67,Random,4.812971304843346
1022,68,Random,4.812971304843346
1022,69,Random,4.812971304843346
1022,70,Random,4.812971304843346
1022,71,Random,4.812971304843346
1022,72,Random,4.812971304843346
1022,73,Random,4.812971304843346
1022,74,Random,4.812971304843346
1022,75,Random,4.812971304843346
1022,76,Random,4.812971304843346
1022,77,Random,4.812971304843346
1022,78,Random,4.812971304843346
1022,79,Random,4.812971304843346
1022,80,Random,4.812971304843346
1022,81,Random,4.812971304843346
1022,82,Random,4.812971304843346
1022,83,Random,4.812971304843346
1022,84,Random,4.812971304843346
1022,85,Random,4.812971304843346
1022,86,Random,4.812971304843346
1022,87,Random,4.812971304843346
1022,88,Random,4.812971304843346
1022,89,Random,4.812971304843346
1022,90,Random,4.812971304843346
1022,91,Random,4.812971304843346
1022,92,Random,4.812971304843346
1022,93,Random,4.812971304843346
1022,94,Random,4.812971304843346
1022,95,Random,4.812971304843346
1022,96,Random,4.812971304843346
1022,97,Random,4.812971304843346
1022,98,Random,4.812971304843346
1022,99,Random,4.812971304843346
1022,100,Random,4.812971304843346
1023,0,BASS-BO,4.707753369430805
1023,1,BASS-BO,4.705291596303869
1023,2,BASS-BO,4.705291596303869
1023,3,BASS-BO,4.705291596303869
1023,4,BASS-BO,4.705291596303869
1023,5,BASS-BO,4.705291596303869
1023,6,BASS-BO,4.705291596303869
1023,7,BASS-BO,4.705291596303869
1023,8,BASS-BO,4.705291596303869
1023,9,BASS-BO,4.705291596303869
1023,10,BASS-BO,4.705291596303869
1023,11,BASS-BO,4.705291596303869
1023,12,BASS-BO,4.705291596303869
1023,13,BASS-BO,4.705291596303869
1023,14,BASS-BO,4.705291596303869
1023,15,BASS-BO,4.705291596303869
1023,16,BASS-BO,4.705291596303869
1023,17,BASS-BO,4.705291596303869
1023,18,BASS-BO,4.705291596303869
1023,19,BASS-BO,4.705291596303869
1023,20,BASS-BO,4.705291596303869
1023,21,BASS-BO,4.705291596303869
1023,22,BASS-BO,4.705291596303869
1023,23,BASS-BO,4.705291596303869
1023,24,BASS-BO,4.705291596303869
1023,25,BASS-BO,4.705291596303869
1023,26,BASS-BO,4.705291596303869
1023,27,BASS-BO,4.705291596303869
1023,28,BASS-BO,4.705291596303869
1023,29,BASS-BO,4.705291596303869
1023,30,BASS-BO,4.705283480549629
1023,31,BASS-BO,4.705283480549629
1023,32,BASS-BO,4.704391425304248
1023,33,BASS-BO,4.704391425304248
1023,34,BASS-BO,4.704391425304248
1023,35,BASS-BO,4.704391425304248
1023,36,BASS-BO,4.704391425304248
1023,37,BASS-BO,4.704391425304248
1023,38,BASS-BO,4.704391425304248
1023,39,BASS-BO,4.704391425304248
1023,40,BASS-BO,4.704391425304248
1023,41,BASS-BO,4.704391425304248
1023,42,BASS-BO,4.704391425304248
1023,43,BASS-BO,4.704391425304248
1023,44,BASS-BO,4.704391425304248
1023,45,BASS-BO,4.704391425304248
1023,46,BASS-BO,4.704391425304248
1023,47,BASS-BO,4.704391425304248
1023,48,BASS-BO,4.704391425304248
1023,49,BASS-BO,4.704391425304248
1023,50,BASS-BO,4.704391425304248
1023,51,BASS-BO,4.704391425304248
1023,52,BASS-BO,4.704391425304248
1023,53,BASS-BO,4.704391425304248
1023,54,BASS-BO,4.704391425304248
1023,55,BASS-BO,4.704391425304248
1023,56,BASS-BO,4.704391425304248
1023,57,BASS-BO,4.704391425304248
1023,58,BASS-BO,4.704391425304248
1023,59,BASS-BO,4.704391425304248
1023,60,BASS-BO,4.704391425304248
1023,61,BASS-BO,4.704391425304248
1023,62,BASS-BO,4.704391425304248
1023,63,BASS-BO,4.704320266970689
1023,64,BASS-BO,4.704320266970689
1023,65,BASS-BO,4.704320266970689
1023,66,BASS-BO,4.704320266970689
1023,67,BASS-BO,4.704320266970689
1023,68,BASS-BO,4.704320266970689
1023,69,BASS-BO,4.704320266970689
1023,70,BASS-BO,4.704320266970689
1023,71,BASS-BO,4.704320266970689
1023,72,BASS-BO,4.704320266970689
1023,73,BASS-BO,4.704320266970689
1023,74,BASS-BO,4.704320266970689
1023,75,BASS-BO,4.704320266970689
1023,76,BASS-BO,4.704320266970689
1023,77,BASS-BO,4.704320266970689
1023,78,BASS-BO,4.704320266970689
1023,79,BASS-BO,4.704320266970689
1023,80,BASS-BO,4.704320266970689
1023,81,BASS-BO,4.704320266970689
1023,82,BASS-BO,4.704320266970689
1023,83,BASS-BO,4.704320266970689
1023,84,BASS-BO,4.704320266970689
1023,85,BASS-BO,4.704320266970689
1023,86,BASS-BO,4.704320266970689
1023,87,BASS-BO,4.704320266970689
1023,88,BASS-BO,4.704320266970689
1023,89,BASS-BO,4.704320266970689
1023,90,BASS-BO,4.704320266970689
1023,91,BASS-BO,4.704320266970689
1023,92,BASS-BO,4.704320266970689
1023,93,BASS-BO,4.704320266970689
1023,94,BASS-BO,4.704320266970689
1023,95,BASS-BO,4.704320266970689
1023,96,BASS-BO,4.704320266970689
1023,97,BASS-BO,4.704320266970689
1023,98,BASS-BO,4.704320266970689
1023,99,BASS-BO,4.704320266970689
1023,100,BASS-BO,4.704320266970689
1023,0,GP-BO,4.707753369430805
1023,1,GP-BO,4.707753369430805
1023,2,GP-BO,4.704770182904225
1023,3,GP-BO,4.704770182904225
1023,4,GP-BO,4.704770182904225
1023,5,GP-BO,4.704770182904225
1023,6,GP-BO,4.704770182904225
1023,7,GP-BO,4.704770182904225
1023,8,GP-BO,4.704770182904225
1023,9,GP-BO,4.704770182904225
1023,10,GP-BO,4.704770182904225
1023,11,GP-BO,4.704770182904225
1023,12,GP-BO,4.704770182904225
1023,13,GP-BO,4.704770182904225
1023,14,GP-BO,4.704770182904225
1023,15,GP-BO,4.704770182904225
1023,16,GP-BO,4.704770182904225
1023,17,GP-BO,4.704770182904225
1023,18,GP-BO,4.704770182904225
1023,19,GP-BO,4.704770182904225
1023,20,GP-BO,4.704770182904225
1023,21,GP-BO,4.704770182904225
1023,22,GP-BO,4.704770182904225
1023,23,GP-BO,4.704770182904225
1023,24,GP-BO,4.704770182904225
1023,25,GP-BO,4.704770182904225
1023,26,GP-BO,4.704770182904225
1023,27,GP-BO,4.704770182904225
1023,28,GP-BO,4.704770182904225
1023,29,GP-BO,4.704770182904225
1023,30,GP-BO,4.704770182904225
1023,31,GP-BO,4.704770182904225
1023,32,GP-BO,4.704770182904225
1023,33,GP-BO,4.704770182904225
1023,34,GP-BO,4.704770182904225
1023,35,GP-BO,4.704770182904225
1023,36,GP-BO,4.704770182904225
1023,37,GP-BO,4.704770182904225
1023,38,GP-BO,4.704770182904225
1023,39,GP-BO,4.704770182904225
1023,40,GP-BO,4.704770182904225
1023,41,GP-BO,4.704770182904225
1023,42,GP-BO,4.704770182904225
1023,43,GP-BO,4.704770182904225
1023,44,GP-BO,4.704770182904225
1023,45,GP-BO,4.704770182904225
1023,46,GP-BO,4.704770182904225
1023,47,GP-BO,4.704770182904225
1023,48,GP-BO,4.704770182904225
1023,49,GP-BO,4.704770182904225
1023,50,GP-BO,4.704770182904225
1023,51,GP-BO,4.704770182904225
1023,52,GP-BO,4.704770182904225
1023,53,GP-BO,4.704770182904225
1023,54,GP-BO,4.704770182904225
1023,55,GP-BO,4.7046042014185065
1023,56,GP-BO,4.7046042014185065
1023,57,GP-BO,4.7046042014185065
1023,58,GP-BO,4.7046042014185065
1023,59,GP-BO,4.7046042014185065
1023,60,GP-BO,4.7044987272212175
1023,61,GP-BO,4.7044987272212175
1023,62,GP-BO,4.7044987272212175
1023,63,GP-BO,4.7044987272212175
1023,64,GP-BO,4.704421515602381
1023,65,GP-BO,4.704421515602381
1023,66,GP-BO,4.704421515602381
1023,67,GP-BO,4.704373646128701
1023,68,GP-BO,4.704373646128701
1023,69,GP-BO,4.704373646128701
1023,70,GP-BO,4.704373646128701
1023,71,GP-BO,4.70434350884434
1023,72,GP-BO,4.70434350884434
1023,73,GP-BO,4.70434350884434
1023,74,GP-BO,4.704326566960855
1023,75,GP-BO,4.704326566960855
1023,76,GP-BO,4.704320497927453
1023,77,GP-BO,4.704320497927453
1023,78,GP-BO,4.704320497927453
1023,79,GP-BO,4.704320497927453
1023,80,GP-BO,4.704320497927453
1023,81,GP-BO,4.704320497927453
1023,82,GP-BO,4.704320497927453
1023,83,GP-BO,4.704320497927453
1023,84,GP-BO,4.704320497927453
1023,85,GP-BO,4.704320497927453
1023,86,GP-BO,4.704320497927453
1023,87,GP-BO,4.70432020138307
1023,88,GP-BO,4.70432020138307
1023,89,GP-BO,4.70432020138307
1023,90,GP-BO,4.70432020138307
1023,91,GP-BO,4.70432020138307
1023,92,GP-BO,4.70432020138307
1023,93,GP-BO,4.70432020138307
1023,94,GP-BO,4.70432020138307
1023,95,GP-BO,4.70432020138307
1023,96,GP-BO,4.70432020138307
1023,97,GP-BO,4.70432020138307
1023,98,GP-BO,4.70432020138307
1023,99,GP-BO,4.70432020138307
1023,100,GP-BO,4.70432020138307
1023,0,Random,4.707753369430805
1023,1,Random,4.707753369430805
1023,2,Random,4.707753369430805
1023,3,Random,4.707753369430805
1023,4,Random,4.707753369430805
1023,5,Random,4.707753369430805
1023,6,Random,4.707753369430805
1023,7,Random,4.707753369430805
1023,8,Random,4.707753369430805
1023,9,Random,4.707753369430805
1023,10,Random,4.707753369430805
1023,11,Random,4.707753369430805
1023,12,Random,4.707753369430805
1023,13,Random,4.707753369430805
1023,14,Random,4.707753369430805
1023,15,Random,4.707753369430805
1023,16,Random,4.707753369430805
1023,17,Random,4.707753369430805
1023,18,Random,4.707753369430805
1023,19,Random,4.707753369430805
1023,20,Random,4.707753369430805
1023,21,Random,4.707753369430805
1023,22,Random,4.707753369430805
1023,23,Random,4.707753369430805
1023,24,Random,4.707753369430805
1023,25,Random,4.707753369430805
1023,26,Random,4.707191530712825
1023,27,Random,4.707191530712825
1023,28,Random,4.707191530712825
1023,29,Random,4.707191530712825
1023,30,Random,4.707191530712825
1023,31,Random,4.707191530712825
1023,32,Random,4.707191530712825
1023,33,Random,4.7065638541299055
1023,34,Random,4.7065638541299055
1023,35,Random,4.7065638541299055
1023,36,Random,4.7065638541299055
1023,37,Random,4.7065638541299055
1023,38,Random,4.7065638541299055
1023,39,Random,4.7065638541299055
1023,40,Random,4.7065638541299055
1023,41,Random,4.7065638541299055
1023,42,Random,4.7065638541299055
1023,43,Random,4.7065638541299055
1023,44,Random,4.7065638541299055
1023,45,Random,4.7065638541299055
1023,46,Random,4.706335437087197
1023,47,Random,4.706335437087197
1023,48,Random,4.706335437087197
1023,49,Random,4.706335437087197
1023,50,Random,4.706335437087197
1023,51,Random,4.706335437087197
1023,52,Random,4.706335437087197
1023,53,Random,4.706335437087197
1023,54,Random,4.706335437087197
1023,55,Random,4.706335437087197
1023,56,Random,4.706335437087197
1023,57,Random,4.706335437087197
1023,58,Random,4.706335437087197
1023,59,Random,4.706335437087197
1023,60,Random,4.706335437087197
1023,61,Random,4.706335437087197
1023,62,Random,4.706335437087197
1023,63,Random,4.706335437087197
1023,64,Random,4.706335437087197
1023,65,Random,4.706335437087197
1023,66,Random,4.706335437087197
1023,67,Random,4.706335437087197
1023,68,Random,4.706335437087197
1023,69,Random,4.706335437087197
1023,70,Random,4.706335437087197
1023,71,Random,4.706335437087197
1023,72,Random,4.706335437087197
1023,73,Random,4.706335437087197
1023,74,Random,4.706335437087197
1023,75,Random,4.706335437087197
1023,76,Random,4.706335437087197
1023,77,Random,4.706335437087197
1023,78,Random,4.706335437087197
1023,79,Random,4.706335437087197
1023,80,Random,4.706335437087197
1023,81,Random,4.706335437087197
1023,82,Random,4.706335437087197
1023,83,Random,4.706335437087197
1023,84,Random,4.706335437087197
1023,85,Random,4.706335437087197
1023,86,Random,4.706335437087197
1023,87,Random,4.706335437087197
1023,88,Random,4.706335437087197
1023,89,Random,4.706335437087197
1023,90,Random,4.706335437087197
1023,91,Random,4.706335437087197
1023,92,Random,4.706335437087197
1023,93,Random,4.706335437087197
1023,94,Random,4.706335437087197
1023,95,Random,4.706335437087197
1023,96,Random,4.706335437087197
1023,97,Random,4.706335437087197
1023,98,Random,4.706335437087197
1023,99,Random,4.706335437087197
1023,100,Random,4.706335437087197
1024,0,BASS-BO,4.878789279518599
1024,1,BASS-BO,4.878789279518599
1024,2,BASS-BO,4.878789279518599
1024,3,BASS-BO,4.878789279518599
1024,4,BASS-BO,4.878789279518599
1024,5,BASS-BO,4.878789279518599
1024,6,BASS-BO,4.878789279518599
1024,7,BASS-BO,4.878789279518599
1024,8,BASS-BO,4.878789279518599
1024,9,BASS-BO,4.878789279518599
1024,10,BASS-BO,4.877130743251598
1024,11,BASS-BO,4.877130743251598
1024,12,BASS-BO,4.877130743251598
1024,13,BASS-BO,4.877130743251598
1024,14,BASS-BO,4.877130743251598
1024,15,BASS-BO,4.877130743251598
1024,16,BASS-BO,4.877130743251598
1024,17,BASS-BO,4.877130743251598
1024,18,BASS-BO,4.877130743251598
1024,19,BASS-BO,4.877130743251598
1024,20,BASS-BO,4.877130743251598
1024,21,BASS-BO,4.877130743251598
1024,22,BASS-BO,4.877130743251598
1024,23,BASS-BO,4.877130743251598
1024,24,BASS-BO,4.877130743251598
1024,25,BASS-BO,4.877130743251598
1024,26,BASS-BO,4.877130743251598
1024,27,BASS-BO,4.876999295654721
1024,28,BASS-BO,4.876999295654721
1024,29,BASS-BO,4.876999295654721
1024,30,BASS-BO,4.876999295654721
1024,31,BASS-BO,4.876999295654721
1024,32,BASS-BO,4.876999295654721
1024,33,BASS-BO,4.876999295654721
1024,34,BASS-BO,4.876999295654721
1024,35,BASS-BO,4.876999295654721
1024,36,BASS-BO,4.876999295654721
1024,37,BASS-BO,4.876999295654721
1024,38,BASS-BO,4.876999295654721
1024,39,BASS-BO,4.876999295654721
1024,40,BASS-BO,4.876999295654721
1024,41,BASS-BO,4.876999295654721
1024,42,BASS-BO,4.876921029470532
1024,43,BASS-BO,4.876921029470532
1024,44,BASS-BO,4.876921029470532
1024,45,BASS-BO,4.876921029470532
1024,46,BASS-BO,4.876921029470532
1024,47,BASS-BO,4.876921029470532
1024,48,BASS-BO,4.876921029470532
1024,49,BASS-BO,4.876889626618637
1024,50,BASS-BO,4.876889626618637
1024,51,BASS-BO,4.876889626618637
1024,52,BASS-BO,4.876889626618637
1024,53,BASS-BO,4.876889626618637
1024,54,BASS-BO,4.876889626618637
1024,55,BASS-BO,4.876889626618637
1024,56,BASS-BO,4.876889626618637
1024,57,BASS-BO,4.876889626618637
1024,58,BASS-BO,4.876889626618637
1024,59,BASS-BO,4.876889626618637
1024,60,BASS-BO,4.876889626618637
1024,61,BASS-BO,4.876889626618637
1024,62,BASS-BO,4.876889626618637
1024,63,BASS-BO,4.876889626618637
1024,64,BASS-BO,4.876889626618637
1024,65,BASS-BO,4.876889626618637
1024,66,BASS-BO,4.876889626618637
1024,67,BASS-BO,4.876889626618637
1024,68,BASS-BO,4.876889626618637
1024,69,BASS-BO,4.876889626618637
1024,70,BASS-BO,4.876873996482023
1024,71,BASS-BO,4.876873996482023
1024,72,BASS-BO,4.876873996482023
1024,73,BASS-BO,4.876873996482023
1024,74,BASS-BO,4.876873996482023
1024,75,BASS-BO,4.876873996482023
1024,76,BASS-BO,4.876873996482023
1024,77,BASS-BO,4.876873996482023
1024,78,BASS-BO,4.876873996482023
1024,79,BASS-BO,4.876873996482023
1024,80,BASS-BO,4.876873996482023
1024,81,BASS-BO,4.876873996482023
1024,82,BASS-BO,4.876873996482023
1024,83,BASS-BO,4.876873996482023
1024,84,BASS-BO,4.876873996482023
1024,85,BASS-BO,4.876873996482023
1024,86,BASS-BO,4.876873996482023
1024,87,BASS-BO,4.876873996482023
1024,88,BASS-BO,4.876873996482023
1024,89,BASS-BO,4.876873996482023
1024,90,BASS-BO,4.876873996482023
1024,91,BASS-BO,4.876873996482023
1024,92,BASS-BO,4.876873996482023
1024,93,BASS-BO,4.876873996482023
1024,94,BASS-BO,4.876873996482023
1024,95,BASS-BO,4.876873996482023
1024,96,BASS-BO,4.876873996482023
1024,97,BASS-BO,4.876873996482023
1024,98,BASS-BO,4.876873996482023
1024,99,BASS-BO,4.876873996482023
1024,100,BASS-BO,4.876873996482023
1024,0,GP-BO,4.878789279518599
1024,1,GP-BO,4.8785586916601815
1024,2,GP-BO,4.8785586916601815
1024,3,GP-BO,4.8785586916601815
1024,4,GP-BO,4.8785586916601815
1024,5,GP-BO,4.877279691447989
1024,6,GP-BO,4.877279691447989
1024,7,GP-BO,4.877279691447989
1024,8,GP-BO,4.877279691447989
1024,9,GP-BO,4.877279691447989
1024,10,GP-BO,4.8771567293541205
1024,11,GP-BO,4.8771567293541205
1024,12,GP-BO,4.8771567293541205
1024,13,GP-BO,4.8771567293541205
1024,14,GP-BO,4.8771567293541205
1024,15,GP-BO,4.8771567293541205
1024,16,GP-BO,4.8771567293541205
1024,17,GP-BO,4.8771567293541205
1024,18,GP-BO,4.8771567293541205
1024,19,GP-BO,4.8771567293541205
1024,20,GP-BO,4.8771567293541205
1024,21,GP-BO,4.8771567293541205
1024,22,GP-BO,4.8771567293541205
1024,23,GP-BO,4.8771567293541205
1024,24,GP-BO,4.8771567293541205
1024,25,GP-BO,4.8771567293541205
1024,26,GP-BO,4.8771567293541205
1024,27,GP-BO,4.8771567293541205
1024,28,GP-BO,4.877135055956559
1024,29,GP-BO,4.877135055956559
1024,30,GP-BO,4.877135055956559
1024,31,GP-BO,4.877135055956559
1024,32,GP-BO,4.877135055956559
1024,33,GP-BO,4.877135055956559
1024,34,GP-BO,4.877135055956559
1024,35,GP-BO,4.877026873536842
1024,36,GP-BO,4.877026873536842
1024,37,GP-BO,4.877026873536842
1024,38,GP-BO,4.877026873536842
1024,39,GP-BO,4.877026873536842
1024,40,GP-BO,4.877026873536842
1024,41,GP-BO,4.877026873536842
1024,42,GP-BO,4.877026873536842
1024,43,GP-BO,4.877026873536842
1024,44,GP-BO,4.877026873536842
1024,45,GP-BO,4.877026873536842
1024,46,GP-BO,4.877026873536842
1024,47,GP-BO,4.877026873536842
1024,48,GP-BO,4.877026873536842
1024,49,GP-BO,4.877026873536842
1024,50,GP-BO,4.877026873536842
1024,51,GP-BO,4.876991152125795
1024,52,GP-BO,4.8769784149194795
1024,53,GP-BO,4.8769784149194795
1024,54,GP-BO,4.8769784149194795
1024,55,GP-BO,4.8769784149194795
1024,56,GP-BO,4.8769784149194795
1024,57,GP-BO,4.8769784149194795
1024,58,GP-BO,4.8769784149194795
1024,59,GP-BO,4.8769784149194795
1024,60,GP-BO,4.8769784149194795
1024,61,GP-BO,4.8769784149194795
1024,62,GP-BO,4.8769784149194795
1024,63,GP-BO,4.8769784149194795
1024,64,GP-BO,4.8769784149194795
1024,65,GP-BO,4.8769784149194795
1024,66,GP-BO,4.8769784149194795
1024,67,GP-BO,4.8769784149194795
1024,68,GP-BO,4.8769784149194795
1024,69,GP-BO,4.8769784149194795
1024,70,GP-BO,4.8769784149194795
1024,71,GP-BO,4.8769784149194795
1024,72,GP-BO,4.8769784149194795
1024,73,GP-BO,4.8769784149194795
1024,74,GP-BO,4.8769784149194795
1024,75,GP-BO,4.8769784149194795
1024,76,GP-BO,4.8769784149194795
1024,77,GP-BO,4.8769784149194795
1024,78,GP-BO,4.8769784149194795
1024,79,GP-BO,4.8769784149194795
1024,80,GP-BO,4.8769784149194795
1024,81,GP-BO,4.8769784149194795
1024,82,GP-BO,4.8769784149194795
1024,83,GP-BO,4.8769675841321884
1024,84,GP-BO,4.8769675841321884
1024,85,GP-BO,4.8769675841321884
1024,86,GP-BO,4.8769675841321884
1024,87,GP-BO,4.8769675841321884
1024,88,GP-BO,4.8769675841321884
1024,89,GP-BO,4.8769675841321884
1024,90,GP-BO,4.8769675841321884
1024,91,GP-BO,4.8769675841321884
1024,92,GP-BO,4.8769675841321884
1024,93,GP-BO,4.8769675841321884
1024,94,GP-BO,4.8769675841321884
1024,95,GP-BO,4.8769675841321884
1024,96,GP-BO,4.876965852072115
1024,97,GP-BO,4.876965852072115
1024,98,GP-BO,4.876965852072115
1024,99,GP-BO,4.876965852072115
1024,100,GP-BO,4.876965852072115
1024,0,Random,4.878789279518599
1024,1,Random,4.878789279518599
1024,2,Random,4.878789279518599
1024,3,Random,4.878789279518599
1024,4,Random,4.878789279518599
1024,5,Random,4.878789279518599
1024,6,Random,4.878789279518599
1024,7,Random,4.878789279518599
1024,8,Random,4.878789279518599
1024,9,Random,4.878789279518599
1024,10,Random,4.878789279518599
1024,11,Random,4.878789279518599
1024,12,Random,4.878789279518599
1024,13,Random,4.878789279518599
1024,14,Random,4.878789279518599
1024,15,Random,4.878789279518599
1024,16,Random,4.878789279518599
1024,17,Random,4.878789279518599
1024,18,Random,4.87835257886266
1024,19,Random,4.87804010519869
1024,20,Random,4.87804010519869
1024,21,Random,4.87804010519869
1024,22,Random,4.87804010519869
1024,23,Random,4.87804010519869
1024,24,Random,4.87804010519869
1024,25,Random,4.87804010519869
1024,26,Random,4.877212718480447
1024,27,Random,4.877212718480447
1024,28,Random,4.877212718480447
1024,29,Random,4.877212718480447
1024,30,Random,4.877212718480447
1024,31,Random,4.877212718480447
1024,32,Random,4.877212718480447
1024,33,Random,4.877212718480447
1024,34,Random,4.877212718480447
1024,35,Random,4.877212718480447
1024,36,Random,4.877212718480447
1024,37,Random,4.877212718480447
1024,38,Random,4.877212718480447
1024,39,Random,4.877212718480447
1024,40,Random,4.877212718480447
1024,41,Random,4.877212718480447
1024,42,Random,4.877212718480447
1024,43,Random,4.877212718480447
1024,44,Random,4.877212718480447
1024,45,Random,4.877212718480447
1024,46,Random,4.877212718480447
1024,47,Random,4.877212718480447
1024,48,Random,4.877212718480447
1024,49,Random,4.877212718480447
1024,50,Random,4.877212718480447
1024,51,Random,4.877212718480447
1024,52,Random,4.877212718480447
1024,53,Random,4.877212718480447
1024,54,Random,4.877212718480447
1024,55,Random,4.877212718480447
1024,56,Random,4.877212718480447
1024,57,Random,4.877212718480447
1024,58,Random,4.877212718480447
1024,59,Random,4.877212718480447
1024,60,Random,4.877212718480447
1024,61,Random,4.877212718480447
1024,62,Random,4.877212718480447
1024,63,Random,4.877212718480447
1024,64,Random,4.877212718480447
1024,65,Random,4.877212718480447
1024,66,Random,4.877212718480447
1024,67,Random,4.876820138454669
1024,68,Random,4.876820138454669
1024,69,Random,4.876820138454669
1024,70,Random,4.876820138454669
1024,71,Random,4.876820138454669
1024,72,Random,4.876820138454669
1024,73,Random,4.876820138454669
1024,74,Random,4.876820138454669
1024,75,Random,4.876820138454669
1024,76,Random,4.876820138454669
1024,77,Random,4.876820138454669
1024,78,Random,4.876820138454669
1024,79,Random,4.876820138454669
1024,80,Random,4.876820138454669
1024,81,Random,4.876820138454669
1024,82,Random,4.876820138454669
1024,83,Random,4.876820138454669
1024,84,Random,4.876820138454669
1024,85,Random,4.876820138454669
1024,86,Random,4.876820138454669
1024,87,Random,4.876820138454669
1024,88,Random,4.876820138454669
1024,89,Random,4.876820138454669
1024,90,Random,4.876820138454669
1024,91,Random,4.876820138454669
1024,92,Random,4.876820138454669
1024,93,Random,4.876820138454669
1024,94,Random,4.876820138454669
1024,95,Random,4.876820138454669
1024,96,Random,4.876820138454669
1024,97,Random,4.876820138454669
1024,98,Random,4.876820138454669
1024,99,Random,4.876820138454669
1024,100,Random,4.876820138454669
1025,0,BASS-BO,4.909515551248648
1025,1,BASS-BO,4.909515551248648
1025,2,BASS-BO,4.909515551248648
1025,3,BASS-BO,4.909515551248648
1025,4,BASS-BO,4.909515551248648
1025,5,BASS-BO,4.909515551248648
1025,6,BASS-BO,4.909515551248648
1025,7,BASS-BO,4.909515551248648
1025,8,BASS-BO,4.909515551248648
1025,9,BASS-BO,4.909515551248648
1025,10,BASS-BO,4.909515551248648
1025,11,BASS-BO,4.909515551248648
1025,12,BASS-BO,4.902867515049489
1025,13,BASS-BO,4.902867515049489
1025,14,BASS-BO,4.902867515049489
1025,15,BASS-BO,4.902867515049489
1025,16,BASS-BO,4.902867515049489
1025,17,BASS-BO,4.902867515049489
1025,18,BASS-BO,4.902867515049489
1025,19,BASS-BO,4.902867515049489
1025,20,BASS-BO,4.902867515049489
1025,21,BASS-BO,4.902867515049489
1025,22,BASS-BO,4.902867515049489
1025,23,BASS-BO,4.902867515049489
1025,24,BASS-BO,4.902867515049489
1025,25,BASS-BO,4.902867515049489
1025,26,BASS-BO,4.902867515049489
1025,27,BASS-BO,4.902867515049489
1025,28,BASS-BO,4.902867515049489
1025,29,BASS-BO,4.902867515049489
1025,30,BASS-BO,4.902867515049489
1025,31,BASS-BO,4.902867515049489
1025,32,BASS-BO,4.902867515049489
1025,33,BASS-BO,4.902867515049489
1025,34,BASS-BO,4.902867515049489
1025,35,BASS-BO,4.902867515049489
1025,36,BASS-BO,4.902867515049489
1025,37,BASS-BO,4.902867515049489
1025,38,BASS-BO,4.902867515049489
1025,39,BASS-BO,4.902867515049489
1025,40,BASS-BO,4.902867515049489
1025,41,BASS-BO,4.902867515049489
1025,42,BASS-BO,4.902867515049489
1025,43,BASS-BO,4.902867515049489
1025,44,BASS-BO,4.902867515049489
1025,45,BASS-BO,4.902867515049489
1025,46,BASS-BO,4.902867515049489
1025,47,BASS-BO,4.902867515049489
1025,48,BASS-BO,4.902867515049489
1025,49,BASS-BO,4.902867515049489
1025,50,BASS-BO,4.902867515049489
1025,51,BASS-BO,4.902867515049489
1025,52,BASS-BO,4.902867515049489
1025,53,BASS-BO,4.902867515049489
1025,54,BASS-BO,4.902867515049489
1025,55,BASS-BO,4.902867515049489
1025,56,BASS-BO,4.902867515049489
1025,57,BASS-BO,4.902867515049489
1025,58,BASS-BO,4.902867515049489
1025,59,BASS-BO,4.902867515049489
1025,60,BASS-BO,4.902867515049489
1025,61,BASS-BO,4.902867515049489
1025,62,BASS-BO,4.902867515049489
1025,63,BASS-BO,4.902867515049489
1025,64,BASS-BO,4.902867515049489
1025,65,BASS-BO,4.902867515049489
1025,66,BASS-BO,4.902867515049489
1025,67,BASS-BO,4.902867515049489
1025,68,BASS-BO,4.902867515049489
1025,69,BASS-BO,4.902867515049489
1025,70,BASS-BO,4.902867515049489
1025,71,BASS-BO,4.902867515049489
1025,72,BASS-BO,4.902867515049489
1025,73,BASS-BO,4.902867515049489
1025,74,BASS-BO,4.902867515049489
1025,75,BASS-BO,4.902867515049489
1025,76,BASS-BO,4.902867515049489
1025,77,BASS-BO,4.902867515049489
1025,78,BASS-BO,4.902867515049489
1025,79,BASS-BO,4.902867515049489
1025,80,BASS-BO,4.902867515049489
1025,81,BASS-BO,4.902867515049489
1025,82,BASS-BO,4.902867515049489
1025,83,BASS-BO,4.902867515049489
1025,84,BASS-BO,4.902867515049489
1025,85,BASS-BO,4.902867515049489
1025,86,BASS-BO,4.902867515049489
1025,87,BASS-BO,4.902867515049489
1025,88,BASS-BO,4.902867515049489
1025,89,BASS-BO,4.902866384080454
1025,90,BASS-BO,4.902866384080454
1025,91,BASS-BO,4.902866384080454
1025,92,BASS-BO,4.902866384080454
1025,93,BASS-BO,4.902866384080454
1025,94,BASS-BO,4.902866384080454
1025,95,BASS-BO,4.902866384080454
1025,96,BASS-BO,4.902866384080454
1025,97,BASS-BO,4.902866384080454
1025,98,BASS-BO,4.902866384080454
1025,99,BASS-BO,4.902866384080454
1025,100,BASS-BO,4.902866384080454
1025,0,GP-BO,4.909515551248648
1025,1,GP-BO,4.909515551248648
1025,2,GP-BO,4.909515551248648
1025,3,GP-BO,4.909515551248648
1025,4,GP-BO,4.909515551248648
1025,5,GP-BO,4.909515551248648
1025,6,GP-BO,4.909515551248648
1025,7,GP-BO,4.907806706633853
1025,8,GP-BO,4.907806706633853
1025,9,GP-BO,4.907806706633853
1025,10,GP-BO,4.907806706633853
1025,11,GP-BO,4.907806706633853
1025,12,GP-BO,4.907806706633853
1025,13,GP-BO,4.907806706633853
1025,14,GP-BO,4.907028926221594
1025,15,GP-BO,4.907028926221594
1025,16,GP-BO,4.907028926221594
1025,17,GP-BO,4.907028926221594
1025,18,GP-BO,4.907028926221594
1025,19,GP-BO,4.907028926221594
1025,20,GP-BO,4.907028926221594
1025,21,GP-BO,4.907028926221594
1025,22,GP-BO,4.906553547460773
1025,23,GP-BO,4.906553547460773
1025,24,GP-BO,4.906553547460773
1025,25,GP-BO,4.906553547460773
1025,26,GP-BO,4.906553547460773
1025,27,GP-BO,4.906553547460773
1025,28,GP-BO,4.906553547460773
1025,29,GP-BO,4.906553547460773
1025,30,GP-BO,4.906553547460773
1025,31,GP-BO,4.906267158777009
1025,32,GP-BO,4.906267158777009
1025,33,GP-BO,4.906267158777009
1025,34,GP-BO,4.906267158777009
1025,35,GP-BO,4.906267158777009
1025,36,GP-BO,4.906267158777009
1025,37,GP-BO,4.906267158777009
1025,38,GP-BO,4.906267158777009
1025,39,GP-BO,4.906260675801247
1025,40,GP-BO,4.906260675801247
1025,41,GP-BO,4.906260675801247
1025,42,GP-BO,4.906260675801247
1025,43,GP-BO,4.906260675801247
1025,44,GP-BO,4.906260675801247
1025,45,GP-BO,4.906260675801247
1025,46,GP-BO,4.906260675801247
1025,47,GP-BO,4.906260675801247
1025,48,GP-BO,4.90603241482492
1025,49,GP-BO,4.90603241482492
1025,50,GP-BO,4.90603241482492
1025,51,GP-BO,4.90603241482492
1025,52,GP-BO,4.904538973459937
1025,53,GP-BO,4.904236121945344
1025,54,GP-BO,4.904236121945344
1025,55,GP-BO,4.904079272471448
1025,56,GP-BO,4.904079272471448
1025,57,GP-BO,4.902862003199716
1025,58,GP-BO,4.902862003199716
1025,59,GP-BO,4.9028357557837445
1025,60,GP-BO,4.902831340382848
1025,61,GP-BO,4.902831340382848
1025,62,GP-BO,4.902831340382848
1025,63,GP-BO,4.902831340382848
1025,64,GP-BO,4.902809490655469
1025,65,GP-BO,4.902809490655469
1025,66,GP-BO,4.902809490655469
1025,67,GP-BO,4.902809490655469
1025,68,GP-BO,4.902809490655469
1025,69,GP-BO,4.902809490655469
1025,70,GP-BO,4.9028014927479395
1025,71,GP-BO,4.9028014927479395
1025,72,GP-BO,4.9028014927479395
1025,73,GP-BO,4.9028014927479395
1025,74,GP-BO,4.9028014927479395
1025,75,GP-BO,4.9028014927479395
1025,76,GP-BO,4.90279809966367
1025,77,GP-BO,4.90279809966367
1025,78,GP-BO,4.90279809966367
1025,79,GP-BO,4.90279809966367
1025,80,GP-BO,4.90279809966367
1025,81,GP-BO,4.90279809966367
1025,82,GP-BO,4.90279809966367
1025,83,GP-BO,4.90279809966367
1025,84,GP-BO,4.90279809966367
1025,85,GP-BO,4.90279809966367
1025,86,GP-BO,4.90279809966367
1025,87,GP-BO,4.902796715350443
1025,88,GP-BO,4.902796715350443
1025,89,GP-BO,4.902796715350443
1025,90,GP-BO,4.902796715350443
1025,91,GP-BO,4.902796715350443
1025,92,GP-BO,4.902796715350443
1025,93,GP-BO,4.902796715350443
1025,94,GP-BO,4.902796715350443
1025,95,GP-BO,4.902796715350443
1025,96,GP-BO,4.902796715350443
1025,97,GP-BO,4.902796536684398
1025,98,GP-BO,4.902796536684398
1025,99,GP-BO,4.902796536684398
1025,100,GP-BO,4.902796536684398
1025,0,Random,4.909515551248648
1025,1,Random,4.909515551248648
1025,2,Random,4.909515551248648
1025,3,Random,4.909515551248648
1025,4,Random,4.909515551248648
1025,5,Random,4.909515551248648
1025,6,Random,4.909515551248648
1025,7,Random,4.909515551248648
1025,8,Random,4.909515551248648
1025,9,Random,4.909515551248648
1025,10,Random,4.909500286561441
1025,11,Random,4.909500286561441
1025,12,Random,4.909500286561441
1025,13,Random,4.909500286561441
1025,14,Random,4.909500286561441
1025,15,Random,4.909500286561441
1025,16,Random,4.909500286561441
1025,17,Random,4.909500286561441
1025,18,Random,4.909500286561441
1025,19,Random,4.909500286561441
1025,20,Random,4.909500286561441
1025,21,Random,4.909500286561441
1025,22,Random,4.909500286561441
1025,23,Random,4.909500286561441
1025,24,Random,4.909500286561441
1025,25,Random,4.909500286561441
1025,26,Random,4.909500286561441
1025,27,Random,4.909500286561441
1025,28,Random,4.909500286561441
1025,29,Random,4.909500286561441
1025,30,Random,4.909500286561441
1025,31,Random,4.909500286561441
1025,32,Random,4.909500286561441
1025,33,Random,4.909500286561441
1025,34,Random,4.909500286561441
1025,35,Random,4.909500286561441
1025,36,Random,4.909500286561441
1025,37,Random,4.9084042311465055
1025,38,Random,4.9084042311465055
1025,39,Random,4.9084042311465055
1025,40,Random,4.9084042311465055
1025,41,Random,4.9084042311465055
1025,42,Random,4.9084042311465055
1025,43,Random,4.9084042311465055
1025,44,Random,4.9084042311465055
1025,45,Random,4.9084042311465055
1025,46,Random,4.9084042311465055
1025,47,Random,4.9084042311465055
1025,48,Random,4.9084042311465055
1025,49,Random,4.9084042311465055
1025,50,Random,4.9084042311465055
1025,51,Random,4.9084042311465055
1025,52,Random,4.9084042311465055
1025,53,Random,4.9084042311465055
1025,54,Random,4.9084042311465055
1025,55,Random,4.9084042311465055
1025,56,Random,4.9084042311465055
1025,57,Random,4.9084042311465055
1025,58,Random,4.9084042311465055
1025,59,Random,4.9084042311465055
1025,60,Random,4.9084042311465055
1025,61,Random,4.9084042311465055
1025,62,Random,4.9084042311465055
1025,63,Random,4.9084042311465055
1025,64,Random,4.9084042311465055
1025,65,Random,4.9084042311465055
1025,66,Random,4.9084042311465055
1025,67,Random,4.9084042311465055
1025,68,Random,4.9084042311465055
1025,69,Random,4.9084042311465055
1025,70,Random,4.9084042311465055
1025,71,Random,4.9084042311465055
1025,72,Random,4.9084042311465055
1025,73,Random,4.9084042311465055
1025,74,Random,4.9084042311465055
1025,75,Random,4.9084042311465055
1025,76,Random,4.9084042311465055
1025,77,Random,4.9084042311465055
1025,78,Random,4.9084042311465055
1025,79,Random,4.9084042311465055
1025,80,Random,4.9084042311465055
1025,81,Random,4.9084042311465055
1025,82,Random,4.9084042311465055
1025,83,Random,4.9084042311465055
1025,84,Random,4.9084042311465055
1025,85,Random,4.9084042311465055
1025,86,Random,4.9084042311465055
1025,87,Random,4.9084042311465055
1025,88,Random,4.9084042311465055
1025,89,Random,4.9084042311465055
1025,90,Random,4.9084042311465055
1025,91,Random,4.9084042311465055
1025,92,Random,4.9084042311465055
1025,93,Random,4.9084042311465055
1025,94,Random,4.9084042311465055
1025,95,Random,4.9084042311465055
1025,96,Random,4.9084042311465055
1025,97,Random,4.9084042311465055
1025,98,Random,4.9084042311465055
1025,99,Random,4.9084042311465055
1025,100,Random,4.9084042311465055
1026,0,BASS-BO,5.119216114823455
1026,1,BASS-BO,5.119216114823455
1026,2,BASS-BO,5.119216114823455
1026,3,BASS-BO,5.119216114823455
1026,4,BASS-BO,5.119216114823455
1026,5,BASS-BO,5.119216114823455
1026,6,BASS-BO,5.119216114823455
1026,7,BASS-BO,5.119216114823455
1026,8,BASS-BO,5.119116718547217
1026,9,BASS-BO,5.119116718547217
1026,10,BASS-BO,5.114621257969983
1026,11,BASS-BO,5.114621257969983
1026,12,BASS-BO,5.114621257969983
1026,13,BASS-BO,5.114621257969983
1026,14,BASS-BO,5.114621257969983
1026,15,BASS-BO,5.114621257969983
1026,16,BASS-BO,5.114621257969983
1026,17,BASS-BO,5.114621257969983
1026,18,BASS-BO,5.114621257969983
1026,19,BASS-BO,5.114595032340769
1026,20,BASS-BO,5.114567568716007
1026,21,BASS-BO,5.114502814685864
1026,22,BASS-BO,5.114502814685864
1026,23,BASS-BO,5.114502814685864
1026,24,BASS-BO,5.114502814685864
1026,25,BASS-BO,5.114502814685864
1026,26,BASS-BO,5.114502814685864
1026,27,BASS-BO,5.114502814685864
1026,28,BASS-BO,5.114502814685864
1026,29,BASS-BO,5.114502814685864
1026,30,BASS-BO,5.114502814685864
1026,31,BASS-BO,5.114502814685864
1026,32,BASS-BO,5.114502814685864
1026,33,BASS-BO,5.114502814685864
1026,34,BASS-BO,5.114502814685864
1026,35,BASS-BO,5.114502814685864
1026,36,BASS-BO,5.114502814685864
1026,37,BASS-BO,5.114502783290914
1026,38,BASS-BO,5.114502783290914
1026,39,BASS-BO,5.114502783290914
1026,40,BASS-BO,5.114502783290914
1026,41,BASS-BO,5.114502783290914
1026,42,BASS-BO,5.114502783290914
1026,43,BASS-BO,5.114502783290914
1026,44,BASS-BO,5.114502783290914
1026,45,BASS-BO,5.114502783290914
1026,46,BASS-BO,5.114502783290914
1026,47,BASS-BO,5.114502783290914
1026,48,BASS-BO,5.114502783290914
1026,49,BASS-BO,5.114502783290914
1026,50,BASS-BO,5.114502783290914
1026,51,BASS-BO,5.114502783290914
1026,52,BASS-BO,5.114502783290914
1026,53,BASS-BO,5.114502783290914
1026,54,BASS-BO,5.114502783290914
1026,55,BASS-BO,5.114502783290914
1026,56,BASS-BO,5.114502783290914
1026,57,BASS-BO,5.114502783290914
1026,58,BASS-BO,5.114502783290914
1026,59,BASS-BO,5.114502783290914
1026,60,BASS-BO,5.114502783290914
1026,61,BASS-BO,5.114502783290914
1026,62,BASS-BO,5.114502783290914
1026,63,BASS-BO,5.114502783290914
1026,64,BASS-BO,5.114502783290914
1026,65,BASS-BO,5.114502783290914
1026,66,BASS-BO,5.114502783290914
1026,67,BASS-BO,5.114502783290914
1026,68,BASS-BO,5.114502783290914
1026,69,BASS-BO,5.114502783290914
1026,70,BASS-BO,5.114502783290914
1026,71,BASS-BO,5.114502783290914
1026,72,BASS-BO,5.114502783290914
1026,73,BASS-BO,5.114502783290914
1026,74,BASS-BO,5.114502783290914
1026,75,BASS-BO,5.114502783290914
1026,76,BASS-BO,5.114502783290914
1026,77,BASS-BO,5.114502783290914
1026,78,BASS-BO,5.114502783290914
1026,79,BASS-BO,5.114502783290914
1026,80,BASS-BO,5.114502783290914
1026,81,BASS-BO,5.114502783290914
1026,82,BASS-BO,5.114502783290914
1026,83,BASS-BO,5.114502783290914
1026,84,BASS-BO,5.114502783290914
1026,85,BASS-BO,5.114502783290914
1026,86,BASS-BO,5.114502783290914
1026,87,BASS-BO,5.114502783290914
1026,88,BASS-BO,5.114502783290914
1026,89,BASS-BO,5.114502783290914
1026,90,BASS-BO,5.114502783290914
1026,91,BASS-BO,5.114502783290914
1026,92,BASS-BO,5.114502783290914
1026,93,BASS-BO,5.114502783290914
1026,94,BASS-BO,5.114502783290914
1026,95,BASS-BO,5.114502783290914
1026,96,BASS-BO,5.114502783290914
1026,97,BASS-BO,5.114502783290914
1026,98,BASS-BO,5.114502783290914
1026,99,BASS-BO,5.114502783290914
1026,100,BASS-BO,5.114502783290914
1026,0,GP-BO,5.119216114823455
1026,1,GP-BO,5.119216114823455
1026,2,GP-BO,5.119216114823455
1026,3,GP-BO,5.119216114823455
1026,4,GP-BO,5.1154634553718354
1026,5,GP-BO,5.1154634553718354
1026,6,GP-BO,5.1154634553718354
1026,7,GP-BO,5.1154634553718354
1026,8,GP-BO,5.1154634553718354
1026,9,GP-BO,5.1154634553718354
1026,10,GP-BO,5.1154634553718354
1026,11,GP-BO,5.1154634553718354
1026,12,GP-BO,5.1154634553718354
1026,13,GP-BO,5.1154634553718354
1026,14,GP-BO,5.1154634553718354
1026,15,GP-BO,5.1154634553718354
1026,16,GP-BO,5.1154634553718354
1026,17,GP-BO,5.1144934472431585
1026,18,GP-BO,5.1144934472431585
1026,19,GP-BO,5.1144934472431585
1026,20,GP-BO,5.1144934472431585
1026,21,GP-BO,5.1144934472431585
1026,22,GP-BO,5.1144934472431585
1026,23,GP-BO,5.1144934472431585
1026,24,GP-BO,5.1144934472431585
1026,25,GP-BO,5.1144934472431585
1026,26,GP-BO,5.1144934472431585
1026,27,GP-BO,5.1144934472431585
1026,28,GP-BO,5.1144934472431585
1026,29,GP-BO,5.1144934472431585
1026,30,GP-BO,5.1144934472431585
1026,31,GP-BO,5.1144934472431585
1026,32,GP-BO,5.114432150291277
1026,33,GP-BO,5.114432150291277
1026,34,GP-BO,5.114432150291277
1026,35,GP-BO,5.114432150291277
1026,36,GP-BO,5.114432150291277
1026,37,GP-BO,5.114432150291277
1026,38,GP-BO,5.114432150291277
1026,39,GP-BO,5.114432150291277
1026,40,GP-BO,5.114432150291277
1026,41,GP-BO,5.114432150291277
1026,42,GP-BO,5.114432150291277
1026,43,GP-BO,5.114432150291277
1026,44,GP-BO,5.114432150291277
1026,45,GP-BO,5.114392231148147
1026,46,GP-BO,5.114392231148147
1026,47,GP-BO,5.114392231148147
1026,48,GP-BO,5.114392231148147
1026,49,GP-BO,5.114392231148147
1026,50,GP-BO,5.114392231148147
1026,51,GP-BO,5.114392231148147
1026,52,GP-BO,5.114392231148147
1026,53,GP-BO,5.114392231148147
1026,54,GP-BO,5.114392231148147
1026,55,GP-BO,5.114392231148147
1026,56,GP-BO,5.114392231148147
1026,57,GP-BO,5.114392231148147
1026,58,GP-BO,5.114392231148147
1026,59,GP-BO,5.114392231148147
1026,60,GP-BO,5.114392231148147
1026,61,GP-BO,5.114392231148147
1026,62,GP-BO,5.114392231148147
1026,63,GP-BO,5.114392231148147
1026,64,GP-BO,5.114392231148147
1026,65,GP-BO,5.114392231148147
1026,66,GP-BO,5.114392231148147
1026,67,GP-BO,5.114392231148147
1026,68,GP-BO,5.114392231148147
1026,69,GP-BO,5.114392231148147
1026,70,GP-BO,5.114392231148147
1026,71,GP-BO,5.114392231148147
1026,72,GP-BO,5.114392231148147
1026,73,GP-BO,5.114392231148147
1026,74,GP-BO,5.114392231148147
1026,75,GP-BO,5.114392231148147
1026,76,GP-BO,5.114392231148147
1026,77,GP-BO,5.114392231148147
1026,78,GP-BO,5.114392231148147
1026,79,GP-BO,5.114392231148147
1026,80,GP-BO,5.114392231148147
1026,81,GP-BO,5.114392231148147
1026,82,GP-BO,5.114392231148147
1026,83,GP-BO,5.114392231148147
1026,84,GP-BO,5.114392231148147
1026,85,GP-BO,5.114392231148147
1026,86,GP-BO,5.114392231148147
1026,87,GP-BO,5.114392231148147
1026,88,GP-BO,5.114392231148147
1026,89,GP-BO,5.114392231148147
1026,90,GP-BO,5.114392231148147
1026,91,GP-BO,5.114392231148147
1026,92,GP-BO,5.114392231148147
1026,93,GP-BO,5.114392231148147
1026,94,GP-BO,5.114392231148147
1026,95,GP-BO,5.114392231148147
1026,96,GP-BO,5.114392231148147
1026,97,GP-BO,5.114392231148147
1026,98,GP-BO,5.114392231148147
1026,99,GP-BO,5.114392231148147
1026,100,GP-BO,5.114392231148147
1026,0,Random,5.119216114823455
1026,1,Random,5.119216114823455
1026,2,Random,5.119216114823455
1026,3,Random,5.119216114823455
1026,4,Random,5.119216114823455
1026,5,Random,5.119216114823455
1026,6,Random,5.119216114823455
1026,7,Random,5.116627329037726
1026,8,Random,5.116627329037726
1026,9,Random,5.116627329037726
1026,10,Random,5.116627329037726
1026,11,Random,5.116627329037726
1026,12,Random,5.116627329037726
1026,13,Random,5.116627329037726
1026,14,Random,5.116627329037726
1026,15,Random,5.116627329037726
1026,16,Random,5.116627329037726
1026,17,Random,5.116627329037726
1026,18,Random,5.116627329037726
1026,19,Random,5.116627329037726
1026,20,Random,5.116627329037726
1026,21,Random,5.116627329037726
1026,22,Random,5.116627329037726
1026,23,Random,5.116627329037726
1026,24,Random,5.116627329037726
1026,25,Random,5.116627329037726
1026,26,Random,5.116627329037726
1026,27,Random,5.116627329037726
1026,28,Random,5.116627329037726
1026,29,Random,5.116627329037726
1026,30,Random,5.116627329037726
1026,31,Random,5.116627329037726
1026,32,Random,5.116627329037726
1026,33,Random,5.116627329037726
1026,34,Random,5.116627329037726
1026,35,Random,5.116627329037726
1026,36,Random,5.116627329037726
1026,37,Random,5.116627329037726
1026,38,Random,5.116627329037726
1026,39,Random,5.116627329037726
1026,40,Random,5.116627329037726
1026,41,Random,5.116627329037726
1026,42,Random,5.116627329037726
1026,43,Random,5.116627329037726
1026,44,Random,5.116627329037726
1026,45,Random,5.116627329037726
1026,46,Random,5.116627329037726
1026,47,Random,5.116627329037726
1026,48,Random,5.116627329037726
1026,49,Random,5.116627329037726
1026,50,Random,5.116627329037726
1026,51,Random,5.116627329037726
1026,52,Random,5.116627329037726
1026,53,Random,5.116627329037726
1026,54,Random,5.116627329037726
1026,55,Random,5.116627329037726
1026,56,Random,5.116627329037726
1026,57,Random,5.116627329037726
1026,58,Random,5.116627329037726
1026,59,Random,5.116627329037726
1026,60,Random,5.116627329037726
1026,61,Random,5.116627329037726
1026,62,Random,5.116627329037726
1026,63,Random,5.116627329037726
1026,64,Random,5.116627329037726
1026,65,Random,5.116627329037726
1026,66,Random,5.116627329037726
1026,67,Random,5.116627329037726
1026,68,Random,5.116627329037726
1026,69,Random,5.116627329037726
1026,70,Random,5.116627329037726
1026,71,Random,5.116627329037726
1026,72,Random,5.116627329037726
1026,73,Random,5.116627329037726
1026,74,Random,5.116627329037726
1026,75,Random,5.116627329037726
1026,76,Random,5.116627329037726
1026,77,Random,5.116627329037726
1026,78,Random,5.116627329037726
1026,79,Random,5.116627329037726
1026,80,Random,5.116627329037726
1026,81,Random,5.116627329037726
1026,82,Random,5.116627329037726
1026,83,Random,5.116627329037726
1026,84,Random,5.116627329037726
1026,85,Random,5.116627329037726
1026,86,Random,5.116627329037726
1026,87,Random,5.116627329037726
1026,88,Random,5.116627329037726
1026,89,Random,5.116627329037726
1026,90,Random,5.116627329037726
1026,91,Random,5.116627329037726
1026,92,Random,5.116627329037726
1026,93,Random,5.116627329037726
1026,94,Random,5.116627329037726
1026,95,Random,5.116627329037726
1026,96,Random,5.116627329037726
1026,97,Random,5.116627329037726
1026,98,Random,5.116627329037726
1026,99,Random,5.116627329037726
1026,100,Random,5.116627329037726
1027,0,BASS-BO,4.909324536899015
1027,1,BASS-BO,4.904482512628622
1027,2,BASS-BO,4.904482512628622
1027,3,BASS-BO,4.904080925543732
1027,4,BASS-BO,4.904080925543732
1027,5,BASS-BO,4.904080925543732
1027,6,BASS-BO,4.904080925543732
1027,7,BASS-BO,4.904080925543732
1027,8,BASS-BO,4.904080925543732
1027,9,BASS-BO,4.904080925543732
1027,10,BASS-BO,4.904080925543732
1027,11,BASS-BO,4.904080925543732
1027,12,BASS-BO,4.904080925543732
1027,13,BASS-BO,4.904080925543732
1027,14,BASS-BO,4.904080925543732
1027,15,BASS-BO,4.904080925543732
1027,16,BASS-BO,4.904080925543732
1027,17,BASS-BO,4.904080925543732
1027,18,BASS-BO,4.904080925543732
1027,19,BASS-BO,4.904080925543732
1027,20,BASS-BO,4.904080925543732
1027,21,BASS-BO,4.904080925543732
1027,22,BASS-BO,4.904080925543732
1027,23,BASS-BO,4.904080925543732
1027,24,BASS-BO,4.904080925543732
1027,25,BASS-BO,4.904080925543732
1027,26,BASS-BO,4.904080925543732
1027,27,BASS-BO,4.904080925543732
1027,28,BASS-BO,4.904080925543732
1027,29,BASS-BO,4.904080925543732
1027,30,BASS-BO,4.904080925543732
1027,31,BASS-BO,4.904080925543732
1027,32,BASS-BO,4.904080925543732
1027,33,BASS-BO,4.904080925543732
1027,34,BASS-BO,4.904080925543732
1027,35,BASS-BO,4.904080925543732
1027,36,BASS-BO,4.904080925543732
1027,37,BASS-BO,4.904080925543732
1027,38,BASS-BO,4.904080925543732
1027,39,BASS-BO,4.904080925543732
1027,40,BASS-BO,4.904080925543732
1027,41,BASS-BO,4.904080925543732
1027,42,BASS-BO,4.904080925543732
1027,43,BASS-BO,4.904080925543732
1027,44,BASS-BO,4.904080925543732
1027,45,BASS-BO,4.904080925543732
1027,46,BASS-BO,4.904080925543732
1027,47,BASS-BO,4.904080925543732
1027,48,BASS-BO,4.904080925543732
1027,49,BASS-BO,4.904080925543732
1027,50,BASS-BO,4.904080925543732
1027,51,BASS-BO,4.904080925543732
1027,52,BASS-BO,4.902014542976265
1027,53,BASS-BO,4.902014542976265
1027,54,BASS-BO,4.902014542976265
1027,55,BASS-BO,4.902014542976265
1027,56,BASS-BO,4.902014542976265
1027,57,BASS-BO,4.902014542976265
1027,58,BASS-BO,4.902014542976265
1027,59,BASS-BO,4.902014542976265
1027,60,BASS-BO,4.901801002753212
1027,61,BASS-BO,4.901801002753212
1027,62,BASS-BO,4.901801002753212
1027,63,BASS-BO,4.901801002753212
1027,64,BASS-BO,4.901801002753212
1027,65,BASS-BO,4.901801002753212
1027,66,BASS-BO,4.901801002753212
1027,67,BASS-BO,4.901801002753212
1027,68,BASS-BO,4.901801002753212
1027,69,BASS-BO,4.901801002753212
1027,70,BASS-BO,4.901801002753212
1027,71,BASS-BO,4.901801002753212
1027,72,BASS-BO,4.901801002753212
1027,73,BASS-BO,4.901801002753212
1027,74,BASS-BO,4.901801002753212
1027,75,BASS-BO,4.901801002753212
1027,76,BASS-BO,4.901801002753212
1027,77,BASS-BO,4.901801002753212
1027,78,BASS-BO,4.901801002753212
1027,79,BASS-BO,4.901801002753212
1027,80,BASS-BO,4.901801002753212
1027,81,BASS-BO,4.901801002753212
1027,82,BASS-BO,4.901801002753212
1027,83,BASS-BO,4.901801002753212
1027,84,BASS-BO,4.901801002753212
1027,85,BASS-BO,4.901801002753212
1027,86,BASS-BO,4.901801002753212
1027,87,BASS-BO,4.901801002753212
1027,88,BASS-BO,4.901801002753212
1027,89,BASS-BO,4.901801002753212
1027,90,BASS-BO,4.901801002753212
1027,91,BASS-BO,4.901801002753212
1027,92,BASS-BO,4.901801002753212
1027,93,BASS-BO,4.901801002753212
1027,94,BASS-BO,4.901801002753212
1027,95,BASS-BO,4.901801002753212
1027,96,BASS-BO,4.901801002753212
1027,97,BASS-BO,4.901801002753212
1027,98,BASS-BO,4.901801002753212
1027,99,BASS-BO,4.901801002753212
1027,100,BASS-BO,4.901801002753212
1027,0,GP-BO,4.909324536899015
1027,1,GP-BO,4.9069594590597445
1027,2,GP-BO,4.9069594590597445
1027,3,GP-BO,4.9069594590597445
1027,4,GP-BO,4.905589900385999
1027,5,GP-BO,4.905589900385999
1027,6,GP-BO,4.905589900385999
1027,7,GP-BO,4.905589900385999
1027,8,GP-BO,4.905589900385999
1027,9,GP-BO,4.905589900385999
1027,10,GP-BO,4.905589900385999
1027,11,GP-BO,4.905589900385999
1027,12,GP-BO,4.904999711943147
1027,13,GP-BO,4.904999711943147
1027,14,GP-BO,4.904999711943147
1027,15,GP-BO,4.904765662018983
1027,16,GP-BO,4.904765662018983
1027,17,GP-BO,4.904765662018983
1027,18,GP-BO,4.904765662018983
1027,19,GP-BO,4.904765662018983
1027,20,GP-BO,4.904765662018983
1027,21,GP-BO,4.904610523212228
1027,22,GP-BO,4.904610523212228
1027,23,GP-BO,4.904610523212228
1027,24,GP-BO,4.904610523212228
1027,25,GP-BO,4.904533952964804
1027,26,GP-BO,4.904533952964804
1027,27,GP-BO,4.904449483676679
1027,28,GP-BO,4.904449483676679
1027,29,GP-BO,4.904449483676679
1027,30,GP-BO,4.9044295295857125
1027,31,GP-BO,4.9044295295857125
1027,32,GP-BO,4.9044295295857125
1027,33,GP-BO,4.904420349133118
1027,34,GP-BO,4.904420349133118
1027,35,GP-BO,4.904420349133118
1027,36,GP-BO,4.904420349133118
1027,37,GP-BO,4.904375574086672
1027,38,GP-BO,4.904375574086672
1027,39,GP-BO,4.904375574086672
1027,40,GP-BO,4.904375574086672
1027,41,GP-BO,4.904375574086672
1027,42,GP-BO,4.904375574086672
1027,43,GP-BO,4.904375574086672
1027,44,GP-BO,4.904375574086672
1027,45,GP-BO,4.904375574086672
1027,46,GP-BO,4.90401680968675
1027,47,GP-BO,4.90401680968675
1027,48,GP-BO,4.90401680968675
1027,49,GP-BO,4.90401680968675
1027,50,GP-BO,4.9037798574712035
1027,51,GP-BO,4.9037798574712035
1027,52,GP-BO,4.9037798574712035
1027,53,GP-BO,4.903545942008954
1027,54,GP-BO,4.903545942008954
1027,55,GP-BO,4.9033428496667035
1027,56,GP-BO,4.9033428496667035
1027,57,GP-BO,4.903156441190424
1027,58,GP-BO,4.903156441190424
1027,59,GP-BO,4.9029884744420436
1027,60,GP-BO,4.9029884744420436
1027,61,GP-BO,4.902885148948781
1027,62,GP-BO,4.902885148948781
1027,63,GP-BO,4.902715469510131
1027,64,GP-BO,4.9025942329532795
1027,65,GP-BO,4.9025942329532795
1027,66,GP-BO,4.90248649159576
1027,67,GP-BO,4.90248649159576
1027,68,GP-BO,4.90238256054124
1027,69,GP-BO,4.90238256054124
1027,70,GP-BO,4.902291174991559
1027,71,GP-BO,4.902291174991559
1027,72,GP-BO,4.902174931486655
1027,73,GP-BO,4.902136432451359
1027,74,GP-BO,4.902090594035434
1027,75,GP-BO,4.902090594035434
1027,76,GP-BO,4.902007420752145
1027,77,GP-BO,4.902007420752145
1027,78,GP-BO,4.9019542734311115
1027,79,GP-BO,4.9019542734311115
1027,80,GP-BO,4.901912705496744
1027,81,GP-BO,4.901912705496744
1027,82,GP-BO,4.901875005385745
1027,83,GP-BO,4.901875005385745
1027,84,GP-BO,4.901875005385745
1027,85,GP-BO,4.901845257056423
1027,86,GP-BO,4.901845257056423
1027,87,GP-BO,4.901822171937212
1027,88,GP-BO,4.901822171937212
1027,89,GP-BO,4.901806597814637
1027,90,GP-BO,4.901806597814637
1027,91,GP-BO,4.901797561038485
1027,92,GP-BO,4.901797561038485
1027,93,GP-BO,4.901794418893761
1027,94,GP-BO,4.901794418893761
1027,95,GP-BO,4.901794418893761
1027,96,GP-BO,4.901794418893761
1027,97,GP-BO,4.901794418893761
1027,98,GP-BO,4.901794418893761
1027,99,GP-BO,4.901794418893761
1027,100,GP-BO,4.901794418893761
1027,0,Random,4.909324536899015
1027,1,Random,4.909324536899015
1027,2,Random,4.909324536899015
1027,3,Random,4.909324536899015
1027,4,Random,4.909324536899015
1027,5,Random,4.909324536899015
1027,6,Random,4.909324536899015
1027,7,Random,4.909324536899015
1027,8,Random,4.909324536899015
1027,9,Random,4.909324536899015
1027,10,Random,4.909324536899015
1027,11,Random,4.909324536899015
1027,12,Random,4.909324536899015
1027,13,Random,4.909324536899015
1027,14,Random,4.908457407088108
1027,15,Random,4.908457407088108
1027,16,Random,4.908457407088108
1027,17,Random,4.908457407088108
1027,18,Random,4.908457407088108
1027,19,Random,4.908457407088108
1027,20,Random,4.908457407088108
1027,21,Random,4.908457407088108
1027,22,Random,4.908457407088108
1027,23,Random,4.908457407088108
1027,24,Random,4.908457407088108
1027,25,Random,4.908457407088108
1027,26,Random,4.908457407088108
1027,27,Random,4.908457407088108
1027,28,Random,4.908457407088108
1027,29,Random,4.908457407088108
1027,30,Random,4.908457407088108
1027,31,Random,4.908457407088108
1027,32,Random,4.908457407088108
1027,33,Random,4.908457407088108
1027,34,Random,4.908457407088108
1027,35,Random,4.908457407088108
1027,36,Random,4.908457407088108
1027,37,Random,4.908457407088108
1027,38,Random,4.908457407088108
1027,39,Random,4.908457407088108
1027,40,Random,4.908457407088108
1027,41,Random,4.908457407088108
1027,42,Random,4.908457407088108
1027,43,Random,4.908457407088108
1027,44,Random,4.908457407088108
1027,45,Random,4.908457407088108
1027,46,Random,4.908457407088108
1027,47,Random,4.908457407088108
1027,48,Random,4.908457407088108
1027,49,Random,4.908457407088108
1027,50,Random,4.908457407088108
1027,51,Random,4.908457407088108
1027,52,Random,4.908457407088108
1027,53,Random,4.908457407088108
1027,54,Random,4.908457407088108
1027,55,Random,4.908457407088108
1027,56,Random,4.908457407088108
1027,57,Random,4.908457407088108
1027,58,Random,4.908457407088108
1027,59,Random,4.908457407088108
1027,60,Random,4.908457407088108
1027,61,Random,4.908457407088108
1027,62,Random,4.908457407088108
1027,63,Random,4.908457407088108
1027,64,Random,4.908457407088108
1027,65,Random,4.908457407088108
1027,66,Random,4.908457407088108
1027,67,Random,4.908457407088108
1027,68,Random,4.908457407088108
1027,69,Random,4.908457407088108
1027,70,Random,4.908457407088108
1027,71,Random,4.908457407088108
1027,72,Random,4.908457407088108
1027,73,Random,4.908457407088108
1027,74,Random,4.908457407088108
1027,75,Random,4.908457407088108
1027,76,Random,4.908457407088108
1027,77,Random,4.908457407088108
1027,78,Random,4.908457407088108
1027,79,Random,4.908457407088108
1027,80,Random,4.908457407088108
1027,81,Random,4.908457407088108
1027,82,Random,4.908457407088108
1027,83,Random,4.908457407088108
1027,84,Random,4.908457407088108
1027,85,Random,4.908457407088108
1027,86,Random,4.908457407088108
1027,87,Random,4.908457407088108
1027,88,Random,4.908457407088108
1027,89,Random,4.908457407088108
1027,90,Random,4.908457407088108
1027,91,Random,4.908457407088108
1027,92,Random,4.908457407088108
1027,93,Random,4.908457407088108
1027,94,Random,4.908457407088108
1027,95,Random,4.908457407088108
1027,96,Random,4.908457407088108
1027,97,Random,4.908457407088108
1027,98,Random,4.908457407088108
1027,99,Random,4.908457407088108
1027,100,Random,4.908457407088108
1028,0,BASS-BO,5.025053794593218
1028,1,BASS-BO,5.025053794593218
1028,2,BASS-BO,5.025053794593218
1028,3,BASS-BO,5.025053794593218
1028,4,BASS-BO,5.025053794593218
1028,5,BASS-BO,5.025053794593218
1028,6,BASS-BO,5.025053794593218
1028,7,BASS-BO,5.025053794593218
1028,8,BASS-BO,5.025053794593218
1028,9,BASS-BO,5.025053794593218
1028,10,BASS-BO,5.025053794593218
1028,11,BASS-BO,5.025053794593218
1028,12,BASS-BO,5.025053794593218
1028,13,BASS-BO,5.025053794593218
1028,14,BASS-BO,5.025053794593218
1028,15,BASS-BO,5.025053794593218
1028,16,BASS-BO,5.025053794593218
1028,17,BASS-BO,5.025053794593218
1028,18,BASS-BO,5.025053794593218
1028,19,BASS-BO,5.025053794593218
1028,20,BASS-BO,5.025053794593218
1028,21,BASS-BO,5.025053794593218
1028,22,BASS-BO,5.025053794593218
1028,23,BASS-BO,5.025053794593218
1028,24,BASS-BO,5.025053794593218
1028,25,BASS-BO,5.025053794593218
1028,26,BASS-BO,5.025053794593218
1028,27,BASS-BO,5.025053794593218
1028,28,BASS-BO,5.025053794593218
1028,29,BASS-BO,5.025040603332431
1028,30,BASS-BO,5.025040603332431
1028,31,BASS-BO,5.025040603332431
1028,32,BASS-BO,5.025040603332431
1028,33,BASS-BO,5.025040603332431
1028,34,BASS-BO,5.025040603332431
1028,35,BASS-BO,5.025040603332431
1028,36,BASS-BO,5.025040603332431
1028,37,BASS-BO,5.025040603332431
1028,38,BASS-BO,5.025040603332431
1028,39,BASS-BO,5.025040603332431
1028,40,BASS-BO,5.025040603332431
1028,41,BASS-BO,5.025040603332431
1028,42,BASS-BO,5.025040603332431
1028,43,BASS-BO,5.025040603332431
1028,44,BASS-BO,5.024489097916001
1028,45,BASS-BO,5.024489097916001
1028,46,BASS-BO,5.024489097916001
1028,47,BASS-BO,5.024489097916001
1028,48,BASS-BO,5.024489097916001
1028,49,BASS-BO,5.024489097916001
1028,50,BASS-BO,5.024489097916001
1028,51,BASS-BO,5.024489097916001
1028,52,BASS-BO,5.024489097916001
1028,53,BASS-BO,5.024489097916001
1028,54,BASS-BO,5.024489097916001
1028,55,BASS-BO,5.024489097916001
1028,56,BASS-BO,5.024489097916001
1028,57,BASS-BO,5.024489097916001
1028,58,BASS-BO,5.024489097916001
1028,59,BASS-BO,5.024489097916001
1028,60,BASS-BO,5.024489097916001
1028,61,BASS-BO,5.024489097916001
1028,62,BASS-BO,5.024489097916001
1028,63,BASS-BO,5.024489097916001
1028,64,BASS-BO,5.024489097916001
1028,65,BASS-BO,5.024489097916001
1028,66,BASS-BO,5.024489097916001
1028,67,BASS-BO,5.024489097916001
1028,68,BASS-BO,5.024489097916001
1028,69,BASS-BO,5.024489097916001
1028,70,BASS-BO,5.024489097916001
1028,71,BASS-BO,5.024489097916001
1028,72,BASS-BO,5.024489097916001
1028,73,BASS-BO,5.024489097916001
1028,74,BASS-BO,5.024489097916001
1028,75,BASS-BO,5.024489097916001
1028,76,BASS-BO,5.024489097916001
1028,77,BASS-BO,5.024489097916001
1028,78,BASS-BO,5.024489097916001
1028,79,BASS-BO,5.024489097916001
1028,80,BASS-BO,5.024489097916001
1028,81,BASS-BO,5.024489097916001
1028,82,BASS-BO,5.024489097916001
1028,83,BASS-BO,5.024489097916001
1028,84,BASS-BO,5.024489097916001
1028,85,BASS-BO,5.024489097916001
1028,86,BASS-BO,5.024489097916001
1028,87,BASS-BO,5.024489097916001
1028,88,BASS-BO,5.024489097916001
1028,89,BASS-BO,5.024489097916001
1028,90,BASS-BO,5.024489097916001
1028,91,BASS-BO,5.024489097916001
1028,92,BASS-BO,5.024489097916001
1028,93,BASS-BO,5.024489097916001
1028,94,BASS-BO,5.024489097916001
1028,95,BASS-BO,5.024489097916001
1028,96,BASS-BO,5.024489097916001
1028,97,BASS-BO,5.024489097916001
1028,98,BASS-BO,5.024489097916001
1028,99,BASS-BO,5.024489097916001
1028,100,BASS-BO,5.024489097916001
1028,0,GP-BO,5.025053794593218
1028,1,GP-BO,5.025053794593218
1028,2,GP-BO,5.024815141249631
1028,3,GP-BO,5.024815141249631
1028,4,GP-BO,5.024815141249631
1028,5,GP-BO,5.024815141249631
1028,6,GP-BO,5.024815141249631
1028,7,GP-BO,5.024815141249631
1028,8,GP-BO,5.024815141249631
1028,9,GP-BO,5.024815141249631
1028,10,GP-BO,5.024815141249631
1028,11,GP-BO,5.024815141249631
1028,12,GP-BO,5.024815141249631
1028,13,GP-BO,5.024815141249631
1028,14,GP-BO,5.024815141249631
1028,15,GP-BO,5.024815141249631
1028,16,GP-BO,5.024815141249631
1028,17,GP-BO,5.024815141249631
1028,18,GP-BO,5.024815141249631
1028,19,GP-BO,5.024815141249631
1028,20,GP-BO,5.024815141249631
1028,21,GP-BO,5.024815141249631
1028,22,GP-BO,5.024815141249631
1028,23,GP-BO,5.024815141249631
1028,24,GP-BO,5.024815141249631
1028,25,GP-BO,5.024815141249631
1028,26,GP-BO,5.024815141249631
1028,27,GP-BO,5.024815141249631
1028,28,GP-BO,5.024815141249631
1028,29,GP-BO,5.024815141249631
1028,30,GP-BO,5.024815141249631
1028,31,GP-BO,5.024815141249631
1028,32,GP-BO,5.024815141249631
1028,33,GP-BO,5.024815141249631
1028,34,GP-BO,5.024815141249631
1028,35,GP-BO,5.024815141249631
1028,36,GP-BO,5.024815141249631
1028,37,GP-BO,5.024815141249631
1028,38,GP-BO,5.024815141249631
1028,39,GP-BO,5.024815141249631
1028,40,GP-BO,5.024815141249631
1028,41,GP-BO,5.024815141249631
1028,42,GP-BO,5.024815141249631
1028,43,GP-BO,5.024815141249631
1028,44,GP-BO,5.024815141249631
1028,45,GP-BO,5.024815141249631
1028,46,GP-BO,5.024815141249631
1028,47,GP-BO,5.024815141249631
1028,48,GP-BO,5.024815141249631
1028,49,GP-BO,5.024815141249631
1028,50,GP-BO,5.024815141249631
1028,51,GP-BO,5.024815141249631
1028,52,GP-BO,5.024815141249631
1028,53,GP-BO,5.024815141249631
1028,54,GP-BO,5.024815141249631
1028,55,GP-BO,5.024815141249631
1028,56,GP-BO,5.024815141249631
1028,57,GP-BO,5.024815141249631
1028,58,GP-BO,5.024815141249631
1028,59,GP-BO,5.024815141249631
1028,60,GP-BO,5.024815141249631
1028,61,GP-BO,5.024815141249631
1028,62,GP-BO,5.024815141249631
1028,63,GP-BO,5.024815141249631
1028,64,GP-BO,5.024815141249631
1028,65,GP-BO,5.024815141249631
1028,66,GP-BO,5.024815141249631
1028,67,GP-BO,5.024815141249631
1028,68,GP-BO,5.024815141249631
1028,69,GP-BO,5.024815141249631
1028,70,GP-BO,5.024815141249631
1028,71,GP-BO,5.024815141249631
1028,72,GP-BO,5.024815141249631
1028,73,GP-BO,5.024815141249631
1028,74,GP-BO,5.024815141249631
1028,75,GP-BO,5.024815141249631
1028,76,GP-BO,5.024815141249631
1028,77,GP-BO,5.024815141249631
1028,78,GP-BO,5.024815141249631
1028,79,GP-BO,5.024815141249631
1028,80,GP-BO,5.024815141249631
1028,81,GP-BO,5.024815141249631
1028,82,GP-BO,5.024815141249631
1028,83,GP-BO,5.024815141249631
1028,84,GP-BO,5.024815141249631
1028,85,GP-BO,5.024815141249631
1028,86,GP-BO,5.024815141249631
1028,87,GP-BO,5.024815141249631
1028,88,GP-BO,5.024815141249631
1028,89,GP-BO,5.024815141249631
1028,90,GP-BO,5.024815141249631
1028,91,GP-BO,5.024815141249631
1028,92,GP-BO,5.024815141249631
1028,93,GP-BO,5.024815141249631
1028,94,GP-BO,5.024815141249631
1028,95,GP-BO,5.024815141249631
1028,96,GP-BO,5.024815141249631
1028,97,GP-BO,5.024815141249631
1028,98,GP-BO,5.024815141249631
1028,99,GP-BO,5.024815141249631
1028,100,GP-BO,5.024815141249631
1028,0,Random,5.025053794593218
1028,1,Random,5.025053794593218
1028,2,Random,5.025053794593218
1028,3,Random,5.025053794593218
1028,4,Random,5.025053794593218
1028,5,Random,5.025053794593218
1028,6,Random,5.025053794593218
1028,7,Random,5.025053794593218
1028,8,Random,5.024928558702225
1028,9,Random,5.024928558702225
1028,10,Random,5.024928558702225
1028,11,Random,5.024928558702225
1028,12,Random,5.024928558702225
1028,13,Random,5.024928558702225
1028,14,Random,5.024928558702225
1028,15,Random,5.024928558702225
1028,16,Random,5.024928558702225
1028,17,Random,5.024928558702225
1028,18,Random,5.024928558702225
1028,19,Random,5.024928558702225
1028,20,Random,5.024928558702225
1028,21,Random,5.024928558702225
1028,22,Random,5.024928558702225
1028,23,Random,5.024928558702225
1028,24,Random,5.024928558702225
1028,25,Random,5.024928558702225
1028,26,Random,5.024928558702225
1028,27,Random,5.024928558702225
1028,28,Random,5.024928558702225
1028,29,Random,5.024928558702225
1028,30,Random,5.024928558702225
1028,31,Random,5.024928558702225
1028,32,Random,5.024928558702225
1028,33,Random,5.024928558702225
1028,34,Random,5.024928558702225
1028,35,Random,5.024928558702225
1028,36,Random,5.024928558702225
1028,37,Random,5.024928558702225
1028,38,Random,5.024928558702225
1028,39,Random,5.024928558702225
1028,40,Random,5.024928558702225
1028,41,Random,5.024928558702225
1028,42,Random,5.024928558702225
1028,43,Random,5.024928558702225
1028,44,Random,5.024928558702225
1028,45,Random,5.024928558702225
1028,46,Random,5.024928558702225
1028,47,Random,5.024928558702225
1028,48,Random,5.024928558702225
1028,49,Random,5.024928558702225
1028,50,Random,5.024928558702225
1028,51,Random,5.024928558702225
1028,52,Random,5.024928558702225
1028,53,Random,5.024928558702225
1028,54,Random,5.024928558702225
1028,55,Random,5.024928558702225
1028,56,Random,5.024928558702225
1028,57,Random,5.024928558702225
1028,58,Random,5.024928558702225
1028,59,Random,5.024928558702225
1028,60,Random,5.024928558702225
1028,61,Random,5.024928558702225
1028,62,Random,5.024928558702225
1028,63,Random,5.024928558702225
1028,64,Random,5.024928558702225
1028,65,Random,5.024928558702225
1028,66,Random,5.024928558702225
1028,67,Random,5.024928558702225
1028,68,Random,5.024928558702225
1028,69,Random,5.024928558702225
1028,70,Random,5.024928558702225
1028,71,Random,5.024928558702225
1028,72,Random,5.024928558702225
1028,73,Random,5.024928558702225
1028,74,Random,5.024928558702225
1028,75,Random,5.024928558702225
1028,76,Random,5.024928558702225
1028,77,Random,5.024928558702225
1028,78,Random,5.024928558702225
1028,79,Random,5.024928558702225
1028,80,Random,5.024928558702225
1028,81,Random,5.024928558702225
1028,82,Random,5.024928558702225
1028,83,Random,5.024928558702225
1028,84,Random,5.024928558702225
1028,85,Random,5.024928558702225
1028,86,Random,5.024928558702225
1028,87,Random,5.024928558702225
1028,88,Random,5.024928558702225
1028,89,Random,5.024928558702225
1028,90,Random,5.024928558702225
1028,91,Random,5.024928558702225
1028,92,Random,5.024928558702225
1028,93,Random,5.024928558702225
1028,94,Random,5.024928558702225
1028,95,Random,5.024928558702225
1028,96,Random,5.024928558702225
1028,97,Random,5.024928558702225
1028,98,Random,5.024928558702225
1028,99,Random,5.024928558702225
1028,100,Random,5.024928558702225
1029,0,BASS-BO,5.067347846994935
1029,1,BASS-BO,5.067347846994935
1029,2,BASS-BO,5.067347846994935
1029,3,BASS-BO,5.067347846994935
1029,4,BASS-BO,5.067347846994935
1029,5,BASS-BO,5.067347846994935
1029,6,BASS-BO,5.057208807900057
1029,7,BASS-BO,5.057208807900057
1029,8,BASS-BO,5.057208807900057
1029,9,BASS-BO,5.057208807900057
1029,10,BASS-BO,5.057208807900057
1029,11,BASS-BO,5.057208807900057
1029,12,BASS-BO,5.057208807900057
1029,13,BASS-BO,5.057208807900057
1029,14,BASS-BO,5.057208807900057
1029,15,BASS-BO,5.053201007910013
1029,16,BASS-BO,5.053201007910013
1029,17,BASS-BO,5.053201007910013
1029,18,BASS-BO,5.053201007910013
1029,19,BASS-BO,5.053201007910013
1029,20,BASS-BO,5.053201007910013
1029,21,BASS-BO,5.046790208583792
1029,22,BASS-BO,5.046790208583792
1029,23,BASS-BO,5.046790208583792
1029,24,BASS-BO,5.046790208583792
1029,25,BASS-BO,5.046790208583792
1029,26,BASS-BO,5.044601166844845
1029,27,BASS-BO,5.044601166844845
1029,28,BASS-BO,5.044601166844845
1029,29,BASS-BO,5.044601166844845
1029,30,BASS-BO,5.044601166844845
1029,31,BASS-BO,5.044601166844845
1029,32,BASS-BO,5.044601166844845
1029,33,BASS-BO,5.044601166844845
1029,34,BASS-BO,5.044601166844845
1029,35,BASS-BO,5.044601166844845
1029,36,BASS-BO,5.044601166844845
1029,37,BASS-BO,5.044601166844845
1029,38,BASS-BO,5.044601166844845
1029,39,BASS-BO,5.044601166844845
1029,40,BASS-BO,5.044601166844845
1029,41,BASS-BO,5.044601166844845
1029,42,BASS-BO,5.044601166844845
1029,43,BASS-BO,5.044601166844845
1029,44,BASS-BO,5.044601166844845
1029,45,BASS-BO,5.044601166844845
1029,46,BASS-BO,5.044601166844845
1029,47,BASS-BO,5.044601166844845
1029,48,BASS-BO,5.044601166844845
1029,49,BASS-BO,5.044601166844845
1029,50,BASS-BO,5.044601166844845
1029,51,BASS-BO,5.044601166844845
1029,52,BASS-BO,5.044601166844845
1029,53,BASS-BO,5.044601166844845
1029,54,BASS-BO,5.044601166844845
1029,55,BASS-BO,5.044601166844845
1029,56,BASS-BO,5.044601166844845
1029,57,BASS-BO,5.044601166844845
1029,58,BASS-BO,5.044601166844845
1029,59,BASS-BO,5.044601166844845
1029,60,BASS-BO,5.044601166844845
1029,61,BASS-BO,5.044601166844845
1029,62,BASS-BO,5.044601166844845
1029,63,BASS-BO,5.044601166844845
1029,64,BASS-BO,5.044601166844845
1029,65,BASS-BO,5.044601166844845
1029,66,BASS-BO,5.044601166844845
1029,67,BASS-BO,5.044601166844845
1029,68,BASS-BO,5.044601166844845
1029,69,BASS-BO,5.044601166844845
1029,70,BASS-BO,5.044601166844845
1029,71,BASS-BO,5.044601166844845
1029,72,BASS-BO,5.044601166844845
1029,73,BASS-BO,5.044601166844845
1029,74,BASS-BO,5.044601166844845
1029,75,BASS-BO,5.044601166844845
1029,76,BASS-BO,5.044601166844845
1029,77,BASS-BO,5.044601166844845
1029,78,BASS-BO,5.044601166844845
1029,79,BASS-BO,5.044601166844845
1029,80,BASS-BO,5.044601166844845
1029,81,BASS-BO,5.044601166844845
1029,82,BASS-BO,5.044601166844845
1029,83,BASS-BO,5.044601166844845
1029,84,BASS-BO,5.044601166844845
1029,85,BASS-BO,5.044601166844845
1029,86,BASS-BO,5.044601166844845
1029,87,BASS-BO,5.044601166844845
1029,88,BASS-BO,5.044601166844845
1029,89,BASS-BO,5.044601166844845
1029,90,BASS-BO,5.044601166844845
1029,91,BASS-BO,5.044601166844845
1029,92,BASS-BO,5.044601166844845
1029,93,BASS-BO,5.044601166844845
1029,94,BASS-BO,5.044601166844845
1029,95,BASS-BO,5.044601166844845
1029,96,BASS-BO,5.044601166844845
1029,97,BASS-BO,5.044601166844845
1029,98,BASS-BO,5.044601166844845
1029,99,BASS-BO,5.044601166844845
1029,100,BASS-BO,5.044601166844845
1029,0,GP-BO,5.067347846994935
1029,1,GP-BO,5.058061354037095
1029,2,GP-BO,5.046856237370623
1029,3,GP-BO,5.046856237370623
1029,4,GP-BO,5.046856237370623
1029,5,GP-BO,5.046856237370623
1029,6,GP-BO,5.046856237370623
1029,7,GP-BO,5.046856237370623
1029,8,GP-BO,5.046856237370623
1029,9,GP-BO,5.04461429513663
1029,10,GP-BO,5.04461429513663
1029,11,GP-BO,5.04461429513663
1029,12,GP-BO,5.04461429513663
1029,13,GP-BO,5.04461429513663
1029,14,GP-BO,5.04461429513663
1029,15,GP-BO,5.04461429513663
1029,16,GP-BO,5.04461429513663
1029,17,GP-BO,5.04461429513663
1029,18,GP-BO,5.04461429513663
1029,19,GP-BO,5.04461429513663
1029,20,GP-BO,5.04461429513663
1029,21,GP-BO,5.04461429513663
1029,22,GP-BO,5.04461429513663
1029,23,GP-BO,5.04461429513663
1029,24,GP-BO,5.04461429513663
1029,25,GP-BO,5.04461429513663
1029,26,GP-BO,5.04461429513663
1029,27,GP-BO,5.04461429513663
1029,28,GP-BO,5.04461429513663
1029,29,GP-BO,5.04461429513663
1029,30,GP-BO,5.04461429513663
1029,31,GP-BO,5.04461429513663
1029,32,GP-BO,5.04461429513663
1029,33,GP-BO,5.04461429513663
1029,34,GP-BO,5.04461429513663
1029,35,GP-BO,5.04461429513663
1029,36,GP-BO,5.04461429513663
1029,37,GP-BO,5.04461429513663
1029,38,GP-BO,5.04461429513663
1029,39,GP-BO,5.04461429513663
1029,40,GP-BO,5.044587710891492
1029,41,GP-BO,5.044587710891492
1029,42,GP-BO,5.044587710891492
1029,43,GP-BO,5.044587710891492
1029,44,GP-BO,5.044587710891492
1029,45,GP-BO,5.044587710891492
1029,46,GP-BO,5.044587710891492
1029,47,GP-BO,5.044587710891492
1029,48,GP-BO,5.044587710891492
1029,49,GP-BO,5.044587710891492
1029,50,GP-BO,5.044587710891492
1029,51,GP-BO,5.044587710891492
1029,52,GP-BO,5.044587710891492
1029,53,GP-BO,5.044587710891492
1029,54,GP-BO,5.044587710891492
1029,55,GP-BO,5.044587710891492
1029,56,GP-BO,5.044587710891492
1029,57,GP-BO,5.044587710891492
1029,58,GP-BO,5.044587710891492
1029,59,GP-BO,5.044587710891492
1029,60,GP-BO,5.044587710891492
1029,61,GP-BO,5.044587710891492
1029,62,GP-BO,5.044587710891492
1029,63,GP-BO,5.044587710891492
1029,64,GP-BO,5.044587710891492
1029,65,GP-BO,5.044584387887242
1029,66,GP-BO,5.044584387887242
1029,67,GP-BO,5.044584387887242
1029,68,GP-BO,5.044584387887242
1029,69,GP-BO,5.044584387887242
1029,70,GP-BO,5.044584387887242
1029,71,GP-BO,5.044584387887242
1029,72,GP-BO,5.044584387887242
1029,73,GP-BO,5.044584387887242
1029,74,GP-BO,5.044584387887242
1029,75,GP-BO,5.044584387887242
1029,76,GP-BO,5.044584387887242
1029,77,GP-BO,5.044584387887242
1029,78,GP-BO,5.044584387887242
1029,79,GP-BO,5.044584387887242
1029,80,GP-BO,5.044584387887242
1029,81,GP-BO,5.044584387887242
1029,82,GP-BO,5.044582889864256
1029,83,GP-BO,5.044582889864256
1029,84,GP-BO,5.044582889864256
1029,85,GP-BO,5.044582889864256
1029,86,GP-BO,5.044582889864256
1029,87,GP-BO,5.044582889864256
1029,88,GP-BO,5.044582889864256
1029,89,GP-BO,5.044582889864256
1029,90,GP-BO,5.044582889864256
1029,91,GP-BO,5.044582889864256
1029,92,GP-BO,5.044582889864256
1029,93,GP-BO,5.044582889864256
1029,94,GP-BO,5.044582889864256
1029,95,GP-BO,5.044582889864256
1029,96,GP-BO,5.044582889864256
1029,97,GP-BO,5.044582889864256
1029,98,GP-BO,5.044582889864256
1029,99,GP-BO,5.044582889864256
1029,100,GP-BO,5.044582889864256
1029,0,Random,5.067347846994935
1029,1,Random,5.067347846994935
1029,2,Random,5.057176385697966
1029,3,Random,5.057176385697966
1029,4,Random,5.057176385697966
1029,5,Random,5.057176385697966
1029,6,Random,5.057176385697966
1029,7,Random,5.057176385697966
1029,8,Random,5.057176385697966
1029,9,Random,5.057176385697966
1029,10,Random,5.057176385697966
1029,11,Random,5.046795949451119
1029,12,Random,5.046795949451119
1029,13,Random,5.046795949451119
1029,14,Random,5.046795949451119
1029,15,Random,5.046795949451119
1029,16,Random,5.046795949451119
1029,17,Random,5.046795949451119
1029,18,Random,5.046795949451119
1029,19,Random,5.046795949451119
1029,20,Random,5.046795949451119
1029,21,Random,5.046795949451119
1029,22,Random,5.046795949451119
1029,23,Random,5.046795949451119
1029,24,Random,5.046795949451119
1029,25,Random,5.046795949451119
1029,26,Random,5.046795949451119
1029,27,Random,5.046795949451119
1029,28,Random,5.046795949451119
1029,29,Random,5.046795949451119
1029,30,Random,5.046795949451119
1029,31,Random,5.046795949451119
1029,32,Random,5.046795949451119
1029,33,Random,5.046795949451119
1029,34,Random,5.046795949451119
1029,35,Random,5.046795949451119
1029,36,Random,5.046795949451119
1029,37,Random,5.046795949451119
1029,38,Random,5.046795949451119
1029,39,Random,5.046795949451119
1029,40,Random,5.046795949451119
1029,41,Random,5.046795949451119
1029,42,Random,5.046795949451119
1029,43,Random,5.046795949451119
1029,44,Random,5.046795949451119
1029,45,Random,5.046795949451119
1029,46,Random,5.046795949451119
1029,47,Random,5.046795949451119
1029,48,Random,5.046795949451119
1029,49,Random,5.046795949451119
1029,50,Random,5.046795949451119
1029,51,Random,5.046795949451119
1029,52,Random,5.046795949451119
1029,53,Random,5.046795949451119
1029,54,Random,5.046795949451119
1029,55,Random,5.046795949451119
1029,56,Random,5.046795949451119
1029,57,Random,5.046795949451119
1029,58,Random,5.046795949451119
1029,59,Random,5.046795949451119
1029,60,Random,5.046795949451119
1029,61,Random,5.046795949451119
1029,62,Random,5.046795949451119
1029,63,Random,5.046795949451119
1029,64,Random,5.046795949451119
1029,65,Random,5.046795949451119
1029,66,Random,5.046795949451119
1029,67,Random,5.046795949451119
1029,68,Random,5.046795949451119
1029,69,Random,5.046795949451119
1029,70,Random,5.046795949451119
1029,71,Random,5.046795949451119
1029,72,Random,5.046795949451119
1029,73,Random,5.046795949451119
1029,74,Random,5.046795949451119
1029,75,Random,5.046795949451119
1029,76,Random,5.046795949451119
1029,77,Random,5.046795949451119
1029,78,Random,5.046795949451119
1029,79,Random,5.046795949451119
1029,80,Random,5.046795949451119
1029,81,Random,5.046795949451119
1029,82,Random,5.046795949451119
1029,83,Random,5.046795949451119
1029,84,Random,5.046795949451119
1029,85,Random,5.046795949451119
1029,86,Random,5.046795949451119
1029,87,Random,5.046795949451119
1029,88,Random,5.046795949451119
1029,89,Random,5.046795949451119
1029,90,Random,5.046795949451119
1029,91,Random,5.046795949451119
1029,92,Random,5.046795949451119
1029,93,Random,5.046795949451119
1029,94,Random,5.046795949451119
1029,95,Random,5.046795949451119
1029,96,Random,5.046795949451119
1029,97,Random,5.046795949451119
1029,98,Random,5.046795949451119
1029,99,Random,5.046795949451119
1029,100,Random,5.046795949451119
1030,0,BASS-BO,4.906985679345837
1030,1,BASS-BO,4.904854574247121
1030,2,BASS-BO,4.904854574247121
1030,3,BASS-BO,4.904783441174043
1030,4,BASS-BO,4.904783441174043
1030,5,BASS-BO,4.904783441174043
1030,6,BASS-BO,4.904783441174043
1030,7,BASS-BO,4.904783441174043
1030,8,BASS-BO,4.904783441174043
1030,9,BASS-BO,4.904783441174043
1030,10,BASS-BO,4.904783441174043
1030,11,BASS-BO,4.904783441174043
1030,12,BASS-BO,4.904783441174043
1030,13,BASS-BO,4.904783441174043
1030,14,BASS-BO,4.904783441174043
1030,15,BASS-BO,4.904783441174043
1030,16,BASS-BO,4.904783441174043
1030,17,BASS-BO,4.904237570455403
1030,18,BASS-BO,4.904237570455403
1030,19,BASS-BO,4.904237570455403
1030,20,BASS-BO,4.904237570455403
1030,21,BASS-BO,4.904237570455403
1030,22,BASS-BO,4.904237570455403
1030,23,BASS-BO,4.904237570455403
1030,24,BASS-BO,4.904237570455403
1030,25,BASS-BO,4.904237570455403
1030,26,BASS-BO,4.904237570455403
1030,27,BASS-BO,4.904237570455403
1030,28,BASS-BO,4.904237570455403
1030,29,BASS-BO,4.904237570455403
1030,30,BASS-BO,4.904237570455403
1030,31,BASS-BO,4.904237570455403
1030,32,BASS-BO,4.904237570455403
1030,33,BASS-BO,4.904237570455403
1030,34,BASS-BO,4.904237570455403
1030,35,BASS-BO,4.904237570455403
1030,36,BASS-BO,4.90386432408794
1030,37,BASS-BO,4.90386432408794
1030,38,BASS-BO,4.90386432408794
1030,39,BASS-BO,4.903772871199452
1030,40,BASS-BO,4.903772871199452
1030,41,BASS-BO,4.903772871199452
1030,42,BASS-BO,4.903772871199452
1030,43,BASS-BO,4.903772871199452
1030,44,BASS-BO,4.903772871199452
1030,45,BASS-BO,4.903772871199452
1030,46,BASS-BO,4.903772871199452
1030,47,BASS-BO,4.903772871199452
1030,48,BASS-BO,4.903772871199452
1030,49,BASS-BO,4.903772871199452
1030,50,BASS-BO,4.903772871199452
1030,51,BASS-BO,4.903772871199452
1030,52,BASS-BO,4.903772871199452
1030,53,BASS-BO,4.903772871199452
1030,54,BASS-BO,4.903772871199452
1030,55,BASS-BO,4.903772871199452
1030,56,BASS-BO,4.903772871199452
1030,57,BASS-BO,4.903772871199452
1030,58,BASS-BO,4.903772871199452
1030,59,BASS-BO,4.903772871199452
1030,60,BASS-BO,4.903772871199452
1030,61,BASS-BO,4.903772871199452
1030,62,BASS-BO,4.903772871199452
1030,63,BASS-BO,4.903772871199452
1030,64,BASS-BO,4.903772871199452
1030,65,BASS-BO,4.903772871199452
1030,66,BASS-BO,4.903772871199452
1030,67,BASS-BO,4.903772871199452
1030,68,BASS-BO,4.903772871199452
1030,69,BASS-BO,4.903772871199452
1030,70,BASS-BO,4.903772871199452
1030,71,BASS-BO,4.903772871199452
1030,72,BASS-BO,4.903772871199452
1030,73,BASS-BO,4.903772871199452
1030,74,BASS-BO,4.903772871199452
1030,75,BASS-BO,4.903772871199452
1030,76,BASS-BO,4.903772871199452
1030,77,BASS-BO,4.903772871199452
1030,78,BASS-BO,4.903772871199452
1030,79,BASS-BO,4.903772871199452
1030,80,BASS-BO,4.903772871199452
1030,81,BASS-BO,4.903772871199452
1030,82,BASS-BO,4.903772871199452
1030,83,BASS-BO,4.903772871199452
1030,84,BASS-BO,4.903772871199452
1030,85,BASS-BO,4.903772871199452
1030,86,BASS-BO,4.903772871199452
1030,87,BASS-BO,4.903772871199452
1030,88,BASS-BO,4.903772871199452
1030,89,BASS-BO,4.903772871199452
1030,90,BASS-BO,4.903772871199452
1030,91,BASS-BO,4.903772871199452
1030,92,BASS-BO,4.903772871199452
1030,93,BASS-BO,4.903772871199452
1030,94,BASS-BO,4.903772871199452
1030,95,BASS-BO,4.903772871199452
1030,96,BASS-BO,4.903772871199452
1030,97,BASS-BO,4.903772871199452
1030,98,BASS-BO,4.903772871199452
1030,99,BASS-BO,4.903772871199452
1030,100,BASS-BO,4.903772871199452
1030,0,GP-BO,4.906985679345837
1030,1,GP-BO,4.906985679345837
1030,2,GP-BO,4.906985679345837
1030,3,GP-BO,4.906266171358044
1030,4,GP-BO,4.906266171358044
1030,5,GP-BO,4.906266171358044
1030,6,GP-BO,4.906266171358044
1030,7,GP-BO,4.906266171358044
1030,8,GP-BO,4.906266171358044
1030,9,GP-BO,4.906266171358044
1030,10,GP-BO,4.906266171358044
1030,11,GP-BO,4.906266171358044
1030,12,GP-BO,4.906266171358044
1030,13,GP-BO,4.906266171358044
1030,14,GP-BO,4.906266171358044
1030,15,GP-BO,4.906266171358044
1030,16,GP-BO,4.903820041641317
1030,17,GP-BO,4.903820041641317
1030,18,GP-BO,4.903820041641317
1030,19,GP-BO,4.903820041641317
1030,20,GP-BO,4.903820041641317
1030,21,GP-BO,4.903820041641317
1030,22,GP-BO,4.903820041641317
1030,23,GP-BO,4.903820041641317
1030,24,GP-BO,4.903820041641317
1030,25,GP-BO,4.903820041641317
1030,26,GP-BO,4.903820041641317
1030,27,GP-BO,4.903820041641317
1030,28,GP-BO,4.903820041641317
1030,29,GP-BO,4.903820041641317
1030,30,GP-BO,4.903820041641317
1030,31,GP-BO,4.903820041641317
1030,32,GP-BO,4.903820041641317
1030,33,GP-BO,4.903820041641317
1030,34,GP-BO,4.903820041641317
1030,35,GP-BO,4.903820041641317
1030,36,GP-BO,4.903820041641317
1030,37,GP-BO,4.903820041641317
1030,38,GP-BO,4.903820041641317
1030,39,GP-BO,4.903820041641317
1030,40,GP-BO,4.903820041641317
1030,41,GP-BO,4.903820041641317
1030,42,GP-BO,4.903767833063149
1030,43,GP-BO,4.903767833063149
1030,44,GP-BO,4.903767833063149
1030,45,GP-BO,4.903767833063149
1030,46,GP-BO,4.903767833063149
1030,47,GP-BO,4.903767833063149
1030,48,GP-BO,4.903767833063149
1030,49,GP-BO,4.903767833063149
1030,50,GP-BO,4.903767833063149
1030,51,GP-BO,4.903767833063149
1030,52,GP-BO,4.903767833063149
1030,53,GP-BO,4.903767833063149
1030,54,GP-BO,4.903767833063149
1030,55,GP-BO,4.903767833063149
1030,56,GP-BO,4.903767833063149
1030,57,GP-BO,4.903767833063149
1030,58,GP-BO,4.903767833063149
1030,59,GP-BO,4.903767833063149
1030,60,GP-BO,4.903767833063149
1030,61,GP-BO,4.903767833063149
1030,62,GP-BO,4.903767833063149
1030,63,GP-BO,4.903767833063149
1030,64,GP-BO,4.903767833063149
1030,65,GP-BO,4.903767833063149
1030,66,GP-BO,4.903767833063149
1030,67,GP-BO,4.903767833063149
1030,68,GP-BO,4.903760511029333
1030,69,GP-BO,4.903760511029333
1030,70,GP-BO,4.903760511029333
1030,71,GP-BO,4.903760511029333
1030,72,GP-BO,4.903760511029333
1030,73,GP-BO,4.903760511029333
1030,74,GP-BO,4.903760511029333
1030,75,GP-BO,4.903760511029333
1030,76,GP-BO,4.903760511029333
1030,77,GP-BO,4.903760511029333
1030,78,GP-BO,4.903760511029333
1030,79,GP-BO,4.903760511029333
1030,80,GP-BO,4.903760511029333
1030,81,GP-BO,4.903760511029333
1030,82,GP-BO,4.903760511029333
1030,83,GP-BO,4.903760511029333
1030,84,GP-BO,4.903760511029333
1030,85,GP-BO,4.903760511029333
1030,86,GP-BO,4.903760511029333
1030,87,GP-BO,4.903760511029333
1030,88,GP-BO,4.903760511029333
1030,89,GP-BO,4.903705322913473
1030,90,GP-BO,4.903705322913473
1030,91,GP-BO,4.903705322913473
1030,92,GP-BO,4.903705322913473
1030,93,GP-BO,4.903705322913473
1030,94,GP-BO,4.903705322913473
1030,95,GP-BO,4.903705322913473
1030,96,GP-BO,4.903705322913473
1030,97,GP-BO,4.903705322913473
1030,98,GP-BO,4.903705322913473
1030,99,GP-BO,4.903705322913473
1030,100,GP-BO,4.903705322913473
1030,0,Random,4.906985679345837
1030,1,Random,4.906985679345837
1030,2,Random,4.906985679345837
1030,3,Random,4.906985679345837
1030,4,Random,4.906985679345837
1030,5,Random,4.906985679345837
1030,6,Random,4.906985679345837
1030,7,Random,4.906985679345837
1030,8,Random,4.906985679345837
1030,9,Random,4.906985679345837
1030,10,Random,4.906985679345837
1030,11,Random,4.906985679345837
1030,12,Random,4.906985679345837
1030,13,Random,4.906985679345837
1030,14,Random,4.906985679345837
1030,15,Random,4.906985679345837
1030,16,Random,4.906985679345837
1030,17,Random,4.906985679345837
1030,18,Random,4.906985679345837
1030,19,Random,4.906985679345837
1030,20,Random,4.906985679345837
1030,21,Random,4.906985679345837
1030,22,Random,4.906985679345837
1030,23,Random,4.906985679345837
1030,24,Random,4.906985679345837
1030,25,Random,4.906985679345837
1030,26,Random,4.906985679345837
1030,27,Random,4.906985679345837
1030,28,Random,4.906985679345837
1030,29,Random,4.906985679345837
1030,30,Random,4.906985679345837
1030,31,Random,4.906985679345837
1030,32,Random,4.906985679345837
1030,33,Random,4.906985679345837
1030,34,Random,4.906985679345837
1030,35,Random,4.906985679345837
1030,36,Random,4.906985679345837
1030,37,Random,4.906985679345837
1030,38,Random,4.906985679345837
1030,39,Random,4.906985679345837
1030,40,Random,4.906985679345837
1030,41,Random,4.906985679345837
1030,42,Random,4.906985679345837
1030,43,Random,4.906985679345837
1030,44,Random,4.906985679345837
1030,45,Random,4.906985679345837
1030,46,Random,4.906985679345837
1030,47,Random,4.906985679345837
1030,48,Random,4.906985679345837
1030,49,Random,4.906985679345837
1030,50,Random,4.906985679345837
1030,51,Random,4.906985679345837
1030,52,Random,4.906985679345837
1030,53,Random,4.906985679345837
1030,54,Random,4.906985679345837
1030,55,Random,4.906985679345837
1030,56,Random,4.906985679345837
1030,57,Random,4.906985679345837
1030,58,Random,4.906985679345837
1030,59,Random,4.906985679345837
1030,60,Random,4.906985679345837
1030,61,Random,4.906985679345837
1030,62,Random,4.906985679345837
1030,63,Random,4.906985679345837
1030,64,Random,4.906985679345837
1030,65,Random,4.906985679345837
1030,66,Random,4.906985679345837
1030,67,Random,4.906985679345837
1030,68,Random,4.906985679345837
1030,69,Random,4.906985679345837
1030,70,Random,4.906985679345837
1030,71,Random,4.906985679345837
1030,72,Random,4.906985679345837
1030,73,Random,4.906985679345837
1030,74,Random,4.906985679345837
1030,75,Random,4.906985679345837
1030,76,Random,4.906985679345837
1030,77,Random,4.906985679345837
1030,78,Random,4.906985679345837
1030,79,Random,4.906985679345837
1030,80,Random,4.906985679345837
1030,81,Random,4.906985679345837
1030,82,Random,4.906985679345837
1030,83,Random,4.906985679345837
1030,84,Random,4.906985679345837
1030,85,Random,4.906985679345837
1030,86,Random,4.906985679345837
1030,87,Random,4.906985679345837
1030,88,Random,4.906985679345837
1030,89,Random,4.906985679345837
1030,90,Random,4.906985679345837
1030,91,Random,4.906985679345837
1030,92,Random,4.906985679345837
1030,93,Random,4.906985679345837
1030,94,Random,4.906985679345837
1030,95,Random,4.906985679345837
1030,96,Random,4.906985679345837
1030,97,Random,4.906985679345837
1030,98,Random,4.906985679345837
1030,99,Random,4.906985679345837
1030,100,Random,4.906985679345837
1031,0,BASS-BO,4.640571014670124
1031,1,BASS-BO,4.640571014670124
1031,2,BASS-BO,4.640571014670124
1031,3,BASS-BO,4.640571014670124
1031,4,BASS-BO,4.640571014670124
1031,5,BASS-BO,4.640571014670124
1031,6,BASS-BO,4.640571014670124
1031,7,BASS-BO,4.638355707030622
1031,8,BASS-BO,4.638355707030622
1031,9,BASS-BO,4.638355707030622
1031,10,BASS-BO,4.638355707030622
1031,11,BASS-BO,4.638355707030622
1031,12,BASS-BO,4.638355707030622
1031,13,BASS-BO,4.638355707030622
1031,14,BASS-BO,4.638355707030622
1031,15,BASS-BO,4.638355707030622
1031,16,BASS-BO,4.638349543564124
1031,17,BASS-BO,4.638349543564124
1031,18,BASS-BO,4.638349543564124
1031,19,BASS-BO,4.638349543564124
1031,20,BASS-BO,4.638349543564124
1031,21,BASS-BO,4.638349543564124
1031,22,BASS-BO,4.638349543564124
1031,23,BASS-BO,4.638349543564124
1031,24,BASS-BO,4.638349543564124
1031,25,BASS-BO,4.638349543564124
1031,26,BASS-BO,4.638349543564124
1031,27,BASS-BO,4.638349543564124
1031,28,BASS-BO,4.638349543564124
1031,29,BASS-BO,4.638349543564124
1031,30,BASS-BO,4.638349543564124
1031,31,BASS-BO,4.638349543564124
1031,32,BASS-BO,4.638349543564124
1031,33,BASS-BO,4.638349543564124
1031,34,BASS-BO,4.638349543564124
1031,35,BASS-BO,4.638349543564124
1031,36,BASS-BO,4.638349543564124
1031,37,BASS-BO,4.638349543564124
1031,38,BASS-BO,4.638349543564124
1031,39,BASS-BO,4.638349543564124
1031,40,BASS-BO,4.638349543564124
1031,41,BASS-BO,4.638349543564124
1031,42,BASS-BO,4.638349543564124
1031,43,BASS-BO,4.638349543564124
1031,44,BASS-BO,4.638349543564124
1031,45,BASS-BO,4.638349543564124
1031,46,BASS-BO,4.638349543564124
1031,47,BASS-BO,4.638349543564124
1031,48,BASS-BO,4.638349543564124
1031,49,BASS-BO,4.638349543564124
1031,50,BASS-BO,4.638349543564124
1031,51,BASS-BO,4.638349543564124
1031,52,BASS-BO,4.638349543564124
1031,53,BASS-BO,4.638349543564124
1031,54,BASS-BO,4.638349543564124
1031,55,BASS-BO,4.638349543564124
1031,56,BASS-BO,4.638349543564124
1031,57,BASS-BO,4.638349543564124
1031,58,BASS-BO,4.638349543564124
1031,59,BASS-BO,4.638349543564124
1031,60,BASS-BO,4.638349543564124
1031,61,BASS-BO,4.638349543564124
1031,62,BASS-BO,4.638349543564124
1031,63,BASS-BO,4.638349543564124
1031,64,BASS-BO,4.638349543564124
1031,65,BASS-BO,4.638349543564124
1031,66,BASS-BO,4.638349543564124
1031,67,BASS-BO,4.638349543564124
1031,68,BASS-BO,4.638349543564124
1031,69,BASS-BO,4.638349543564124
1031,70,BASS-BO,4.638349543564124
1031,71,BASS-BO,4.638349543564124
1031,72,BASS-BO,4.638349543564124
1031,73,BASS-BO,4.638349543564124
1031,74,BASS-BO,4.638349543564124
1031,75,BASS-BO,4.638349543564124
1031,76,BASS-BO,4.638349543564124
1031,77,BASS-BO,4.638349543564124
1031,78,BASS-BO,4.638349543564124
1031,79,BASS-BO,4.638349543564124
1031,80,BASS-BO,4.638349543564124
1031,81,BASS-BO,4.638349543564124
1031,82,BASS-BO,4.638349543564124
1031,83,BASS-BO,4.638349543564124
1031,84,BASS-BO,4.638349543564124
1031,85,BASS-BO,4.638349543564124
1031,86,BASS-BO,4.638349543564124
1031,87,BASS-BO,4.638349543564124
1031,88,BASS-BO,4.638349543564124
1031,89,BASS-BO,4.638349543564124
1031,90,BASS-BO,4.638349543564124
1031,91,BASS-BO,4.638346607807568
1031,92,BASS-BO,4.638346607807568
1031,93,BASS-BO,4.638346607807568
1031,94,BASS-BO,4.638346607807568
1031,95,BASS-BO,4.638346607807568
1031,96,BASS-BO,4.638346607807568
1031,97,BASS-BO,4.638346607807568
1031,98,BASS-BO,4.638346607807568
1031,99,BASS-BO,4.638346607807568
1031,100,BASS-BO,4.638346607807568
1031,0,GP-BO,4.640571014670124
1031,1,GP-BO,4.640571014670124
1031,2,GP-BO,4.640571014670124
1031,3,GP-BO,4.640571014670124
1031,4,GP-BO,4.640571014670124
1031,5,GP-BO,4.640571014670124
1031,6,GP-BO,4.640571014670124
1031,7,GP-BO,4.640571014670124
1031,8,GP-BO,4.6383799323372195
1031,9,GP-BO,4.6383799323372195
1031,10,GP-BO,4.6383799323372195
1031,11,GP-BO,4.6383799323372195
1031,12,GP-BO,4.6383799323372195
1031,13,GP-BO,4.6383799323372195
1031,14,GP-BO,4.6383799323372195
1031,15,GP-BO,4.6383799323372195
1031,16,GP-BO,4.6383799323372195
1031,17,GP-BO,4.6383799323372195
1031,18,GP-BO,4.6383799323372195
1031,19,GP-BO,4.6383799323372195
1031,20,GP-BO,4.6383799323372195
1031,21,GP-BO,4.6383799323372195
1031,22,GP-BO,4.6383799323372195
1031,23,GP-BO,4.6383799323372195
1031,24,GP-BO,4.6383799323372195
1031,25,GP-BO,4.6383799323372195
1031,26,GP-BO,4.6383799323372195
1031,27,GP-BO,4.6383799323372195
1031,28,GP-BO,4.6383799323372195
1031,29,GP-BO,4.6383799323372195
1031,30,GP-BO,4.6383799323372195
1031,31,GP-BO,4.6383799323372195
1031,32,GP-BO,4.6383799323372195
1031,33,GP-BO,4.6383799323372195
1031,34,GP-BO,4.6383799323372195
1031,35,GP-BO,4.6383799323372195
1031,36,GP-BO,4.6383799323372195
1031,37,GP-BO,4.6383799323372195
1031,38,GP-BO,4.6383799323372195
1031,39,GP-BO,4.6383799323372195
1031,40,GP-BO,4.6383799323372195
1031,41,GP-BO,4.6383799323372195
1031,42,GP-BO,4.6383799323372195
1031,43,GP-BO,4.6383799323372195
1031,44,GP-BO,4.6383799323372195
1031,45,GP-BO,4.6383799323372195
1031,46,GP-BO,4.6383799323372195
1031,47,GP-BO,4.6383799323372195
1031,48,GP-BO,4.6383799323372195
1031,49,GP-BO,4.6383799323372195
1031,50,GP-BO,4.6383799323372195
1031,51,GP-BO,4.6383799323372195
1031,52,GP-BO,4.6383799323372195
1031,53,GP-BO,4.6383799323372195
1031,54,GP-BO,4.6383799323372195
1031,55,GP-BO,4.6383799323372195
1031,56,GP-BO,4.6383799323372195
1031,57,GP-BO,4.6383799323372195
1031,58,GP-BO,4.6383799323372195
1031,59,GP-BO,4.6383799323372195
1031,60,GP-BO,4.6383799323372195
1031,61,GP-BO,4.6383799323372195
1031,62,GP-BO,4.6383799323372195
1031,63,GP-BO,4.6383799323372195
1031,64,GP-BO,4.6383799323372195
1031,65,GP-BO,4.6383799323372195
1031,66,GP-BO,4.6383799323372195
1031,67,GP-BO,4.6383799323372195
1031,68,GP-BO,4.6383799323372195
1031,69,GP-BO,4.6383799323372195
1031,70,GP-BO,4.6383799323372195
1031,71,GP-BO,4.6383799323372195
1031,72,GP-BO,4.6383799323372195
1031,73,GP-BO,4.6383799323372195
1031,74,GP-BO,4.6383799323372195
1031,75,GP-BO,4.6383799323372195
1031,76,GP-BO,4.6383799323372195
1031,77,GP-BO,4.6383799323372195
1031,78,GP-BO,4.6383799323372195
1031,79,GP-BO,4.6383799323372195
1031,80,GP-BO,4.6383799323372195
1031,81,GP-BO,4.6383799323372195
1031,82,GP-BO,4.6383799323372195
1031,83,GP-BO,4.6383799323372195
1031,84,GP-BO,4.638360727312463
1031,85,GP-BO,4.638360727312463
1031,86,GP-BO,4.638360727312463
1031,87,GP-BO,4.638360727312463
1031,88,GP-BO,4.638360727312463
1031,89,GP-BO,4.638360727312463
1031,90,GP-BO,4.638360727312463
1031,91,GP-BO,4.638360727312463
1031,92,GP-BO,4.638360727312463
1031,93,GP-BO,4.638360727312463
1031,94,GP-BO,4.638360727312463
1031,95,GP-BO,4.638360727312463
1031,96,GP-BO,4.638360727312463
1031,97,GP-BO,4.638360727312463
1031,98,GP-BO,4.638360727312463
1031,99,GP-BO,4.638360727312463
1031,100,GP-BO,4.638360727312463
1031,0,Random,4.640571014670124
1031,1,Random,4.640571014670124
1031,2,Random,4.640571014670124
1031,3,Random,4.640571014670124
1031,4,Random,4.640571014670124
1031,5,Random,4.639984645198118
1031,6,Random,4.639984645198118
1031,7,Random,4.639984645198118
1031,8,Random,4.639984645198118
1031,9,Random,4.639984645198118
1031,10,Random,4.639984645198118
1031,11,Random,4.639984645198118
1031,12,Random,4.639984645198118
1031,13,Random,4.639984645198118
1031,14,Random,4.639984645198118
1031,15,Random,4.639984645198118
1031,16,Random,4.639984645198118
1031,17,Random,4.639984645198118
1031,18,Random,4.639984645198118
1031,19,Random,4.639984645198118
1031,20,Random,4.639984645198118
1031,21,Random,4.639984645198118
1031,22,Random,4.639984645198118
1031,23,Random,4.639984645198118
1031,24,Random,4.639984645198118
1031,25,Random,4.639984645198118
1031,26,Random,4.639984645198118
1031,27,Random,4.639984645198118
1031,28,Random,4.639984645198118
1031,29,Random,4.639984645198118
1031,30,Random,4.639984645198118
1031,31,Random,4.639984645198118
1031,32,Random,4.639984645198118
1031,33,Random,4.639984645198118
1031,34,Random,4.639984645198118
1031,35,Random,4.639984645198118
1031,36,Random,4.639984645198118
1031,37,Random,4.639984645198118
1031,38,Random,4.639984645198118
1031,39,Random,4.639984645198118
1031,40,Random,4.639984645198118
1031,41,Random,4.639984645198118
1031,42,Random,4.639984645198118
1031,43,Random,4.639984645198118
1031,44,Random,4.639984645198118
1031,45,Random,4.639984645198118
1031,46,Random,4.639984645198118
1031,47,Random,4.639984645198118
1031,48,Random,4.639984645198118
1031,49,Random,4.639984645198118
1031,50,Random,4.639984645198118
1031,51,Random,4.639984645198118
1031,52,Random,4.639984645198118
1031,53,Random,4.639984645198118
1031,54,Random,4.639984645198118
1031,55,Random,4.639943319932664
1031,56,Random,4.639943319932664
1031,57,Random,4.639943319932664
1031,58,Random,4.639943319932664
1031,59,Random,4.639943319932664
1031,60,Random,4.639943319932664
1031,61,Random,4.639943319932664
1031,62,Random,4.639943319932664
1031,63,Random,4.639943319932664
1031,64,Random,4.639943319932664
1031,65,Random,4.639943319932664
1031,66,Random,4.639943319932664
1031,67,Random,4.639943319932664
1031,68,Random,4.639943319932664
1031,69,Random,4.639943319932664
1031,70,Random,4.639943319932664
1031,71,Random,4.639943319932664
1031,72,Random,4.639943319932664
1031,73,Random,4.639943319932664
1031,74,Random,4.639943319932664
1031,75,Random,4.639943319932664
1031,76,Random,4.639943319932664
1031,77,Random,4.639943319932664
1031,78,Random,4.639943319932664
1031,79,Random,4.639943319932664
1031,80,Random,4.639943319932664
1031,81,Random,4.639943319932664
1031,82,Random,4.639943319932664
1031,83,Random,4.639943319932664
1031,84,Random,4.639943319932664
1031,85,Random,4.639943319932664
1031,86,Random,4.639943319932664
1031,87,Random,4.639943319932664
1031,88,Random,4.639943319932664
1031,89,Random,4.639943319932664
1031,90,Random,4.639943319932664
1031,91,Random,4.639943319932664
1031,92,Random,4.639943319932664
1031,93,Random,4.639943319932664
1031,94,Random,4.639943319932664
1031,95,Random,4.639943319932664
1031,96,Random,4.639943319932664
1031,97,Random,4.639943319932664
1031,98,Random,4.639943319932664
1031,99,Random,4.639943319932664
1031,100,Random,4.639943319932664
1032,0,BASS-BO,4.77987358931627
1032,1,BASS-BO,4.77987358931627
1032,2,BASS-BO,4.77987358931627
1032,3,BASS-BO,4.77987358931627
1032,4,BASS-BO,4.77987358931627
1032,5,BASS-BO,4.77987358931627
1032,6,BASS-BO,4.779861433764815
1032,7,BASS-BO,4.779861433764815
1032,8,BASS-BO,4.779861433764815
1032,9,BASS-BO,4.779861433764815
1032,10,BASS-BO,4.779861433764815
1032,11,BASS-BO,4.779861433764815
1032,12,BASS-BO,4.779861433764815
1032,13,BASS-BO,4.779861433764815
1032,14,BASS-BO,4.779861433764815
1032,15,BASS-BO,4.779861433764815
1032,16,BASS-BO,4.779861433764815
1032,17,BASS-BO,4.779861433764815
1032,18,BASS-BO,4.779861433764815
1032,19,BASS-BO,4.779833610098944
1032,20,BASS-BO,4.779833610098944
1032,21,BASS-BO,4.779833610098944
1032,22,BASS-BO,4.779833610098944
1032,23,BASS-BO,4.779833610098944
1032,24,BASS-BO,4.779833610098944
1032,25,BASS-BO,4.779833610098944
1032,26,BASS-BO,4.779833610098944
1032,27,BASS-BO,4.779833610098944
1032,28,BASS-BO,4.779833610098944
1032,29,BASS-BO,4.779833610098944
1032,30,BASS-BO,4.779661083024042
1032,31,BASS-BO,4.779661083024042
1032,32,BASS-BO,4.779661083024042
1032,33,BASS-BO,4.779661083024042
1032,34,BASS-BO,4.779644767966375
1032,35,BASS-BO,4.779644767966375
1032,36,BASS-BO,4.779644767966375
1032,37,BASS-BO,4.779644767966375
1032,38,BASS-BO,4.779644767966375
1032,39,BASS-BO,4.779644767966375
1032,40,BASS-BO,4.779644767966375
1032,41,BASS-BO,4.779644767966375
1032,42,BASS-BO,4.779644767966375
1032,43,BASS-BO,4.779644767966375
1032,44,BASS-BO,4.779644767966375
1032,45,BASS-BO,4.779644767966375
1032,46,BASS-BO,4.779644767966375
1032,47,BASS-BO,4.779644767966375
1032,48,BASS-BO,4.779644767966375
1032,49,BASS-BO,4.779644767966375
1032,50,BASS-BO,4.779644767966375
1032,51,BASS-BO,4.779644767966375
1032,52,BASS-BO,4.779644767966375
1032,53,BASS-BO,4.779644767966375
1032,54,BASS-BO,4.779644767966375
1032,55,BASS-BO,4.779644767966375
1032,56,BASS-BO,4.779644767966375
1032,57,BASS-BO,4.779644767966375
1032,58,BASS-BO,4.779644767966375
1032,59,BASS-BO,4.779644767966375
1032,60,BASS-BO,4.779644767966375
1032,61,BASS-BO,4.779644767966375
1032,62,BASS-BO,4.779644767966375
1032,63,BASS-BO,4.779644767966375
1032,64,BASS-BO,4.779644767966375
1032,65,BASS-BO,4.779644767966375
1032,66,BASS-BO,4.779644767966375
1032,67,BASS-BO,4.779644767966375
1032,68,BASS-BO,4.779644767966375
1032,69,BASS-BO,4.779644767966375
1032,70,BASS-BO,4.779644767966375
1032,71,BASS-BO,4.779644767966375
1032,72,BASS-BO,4.779644767966375
1032,73,BASS-BO,4.779644767966375
1032,74,BASS-BO,4.779644767966375
1032,75,BASS-BO,4.779644767966375
1032,76,BASS-BO,4.779644767966375
1032,77,BASS-BO,4.779644767966375
1032,78,BASS-BO,4.779644767966375
1032,79,BASS-BO,4.779644767966375
1032,80,BASS-BO,4.779644767966375
1032,81,BASS-BO,4.779644767966375
1032,82,BASS-BO,4.779644767966375
1032,83,BASS-BO,4.779644767966375
1032,84,BASS-BO,4.779644767966375
1032,85,BASS-BO,4.779644767966375
1032,86,BASS-BO,4.779644767966375
1032,87,BASS-BO,4.779644767966375
1032,88,BASS-BO,4.779644767966375
1032,89,BASS-BO,4.779644767966375
1032,90,BASS-BO,4.779644767966375
1032,91,BASS-BO,4.779644767966375
1032,92,BASS-BO,4.779644767966375
1032,93,BASS-BO,4.779635841490551
1032,94,BASS-BO,4.779635841490551
1032,95,BASS-BO,4.779635841490551
1032,96,BASS-BO,4.779635841490551
1032,97,BASS-BO,4.779635841490551
1032,98,BASS-BO,4.779635841490551
1032,99,BASS-BO,4.779635841490551
1032,100,BASS-BO,4.779635841490551
1032,0,GP-BO,4.77987358931627
1032,1,GP-BO,4.77987358931627
1032,2,GP-BO,4.77987358931627
1032,3,GP-BO,4.77987358931627
1032,4,GP-BO,4.77987358931627
1032,5,GP-BO,4.779742337560438
1032,6,GP-BO,4.779742337560438
1032,7,GP-BO,4.779742337560438
1032,8,GP-BO,4.779742337560438
1032,9,GP-BO,4.779742337560438
1032,10,GP-BO,4.779742337560438
1032,11,GP-BO,4.779742337560438
1032,12,GP-BO,4.779742337560438
1032,13,GP-BO,4.779742337560438
1032,14,GP-BO,4.77967159390055
1032,15,GP-BO,4.77967159390055
1032,16,GP-BO,4.77967159390055
1032,17,GP-BO,4.77967159390055
1032,18,GP-BO,4.77967159390055
1032,19,GP-BO,4.77967159390055
1032,20,GP-BO,4.77967159390055
1032,21,GP-BO,4.77967159390055
1032,22,GP-BO,4.77967159390055
1032,23,GP-BO,4.77967159390055
1032,24,GP-BO,4.77967159390055
1032,25,GP-BO,4.77967159390055
1032,26,GP-BO,4.77967159390055
1032,27,GP-BO,4.77967159390055
1032,28,GP-BO,4.77967159390055
1032,29,GP-BO,4.77967159390055
1032,30,GP-BO,4.77967159390055
1032,31,GP-BO,4.77967159390055
1032,32,GP-BO,4.77967159390055
1032,33,GP-BO,4.77967159390055
1032,34,GP-BO,4.77967159390055
1032,35,GP-BO,4.77967159390055
1032,36,GP-BO,4.77967159390055
1032,37,GP-BO,4.77967159390055
1032,38,GP-BO,4.77967159390055
1032,39,GP-BO,4.77967159390055
1032,40,GP-BO,4.77967159390055
1032,41,GP-BO,4.77967159390055
1032,42,GP-BO,4.77967159390055
1032,43,GP-BO,4.77967159390055
1032,44,GP-BO,4.77967159390055
1032,45,GP-BO,4.77967159390055
1032,46,GP-BO,4.77967159390055
1032,47,GP-BO,4.77967159390055
1032,48,GP-BO,4.77967159390055
1032,49,GP-BO,4.77967159390055
1032,50,GP-BO,4.77967159390055
1032,51,GP-BO,4.77967159390055
1032,52,GP-BO,4.77967159390055
1032,53,GP-BO,4.77967159390055
1032,54,GP-BO,4.77967159390055
1032,55,GP-BO,4.77967159390055
1032,56,GP-BO,4.77967159390055
1032,57,GP-BO,4.77967159390055
1032,58,GP-BO,4.77967159390055
1032,59,GP-BO,4.77967159390055
1032,60,GP-BO,4.77967159390055
1032,61,GP-BO,4.77967159390055
1032,62,GP-BO,4.77967159390055
1032,63,GP-BO,4.77967159390055
1032,64,GP-BO,4.77967159390055
1032,65,GP-BO,4.77967159390055
1032,66,GP-BO,4.77967159390055
1032,67,GP-BO,4.77967159390055
1032,68,GP-BO,4.77967159390055
1032,69,GP-BO,4.77967159390055
1032,70,GP-BO,4.77967159390055
1032,71,GP-BO,4.77967159390055
1032,72,GP-BO,4.77967159390055
1032,73,GP-BO,4.77967159390055
1032,74,GP-BO,4.77967159390055
1032,75,GP-BO,4.77967159390055
1032,76,GP-BO,4.77967159390055
1032,77,GP-BO,4.77967159390055
1032,78,GP-BO,4.77967159390055
1032,79,GP-BO,4.77967159390055
1032,80,GP-BO,4.77967159390055
1032,81,GP-BO,4.77967159390055
1032,82,GP-BO,4.77967159390055
1032,83,GP-BO,4.77967159390055
1032,84,GP-BO,4.77967159390055
1032,85,GP-BO,4.77967159390055
1032,86,GP-BO,4.77967159390055
1032,87,GP-BO,4.77967159390055
1032,88,GP-BO,4.77967159390055
1032,89,GP-BO,4.77967159390055
1032,90,GP-BO,4.77967159390055
1032,91,GP-BO,4.77967159390055
1032,92,GP-BO,4.77967159390055
1032,93,GP-BO,4.77967159390055
1032,94,GP-BO,4.77967159390055
1032,95,GP-BO,4.77967159390055
1032,96,GP-BO,4.77967159390055
1032,97,GP-BO,4.77967159390055
1032,98,GP-BO,4.77967159390055
1032,99,GP-BO,4.77967159390055
1032,100,GP-BO,4.77967159390055
1032,0,Random,4.77987358931627
1032,1,Random,4.77987358931627
1032,2,Random,4.77987358931627
1032,3,Random,4.77987358931627
1032,4,Random,4.77987358931627
1032,5,Random,4.77987358931627
1032,6,Random,4.77987358931627
1032,7,Random,4.77987358931627
1032,8,Random,4.77987358931627
1032,9,Random,4.77987358931627
1032,10,Random,4.77987358931627
1032,11,Random,4.77987358931627
1032,12,Random,4.77987358931627
1032,13,Random,4.77987358931627
1032,14,Random,4.77987358931627
1032,15,Random,4.77987358931627
1032,16,Random,4.77987358931627
1032,17,Random,4.77987358931627
1032,18,Random,4.77987358931627
1032,19,Random,4.77987358931627
1032,20,Random,4.77979324640088
1032,21,Random,4.77979324640088
1032,22,Random,4.77979324640088
1032,23,Random,4.77979324640088
1032,24,Random,4.77979324640088
1032,25,Random,4.77979324640088
1032,26,Random,4.77979324640088
1032,27,Random,4.77979324640088
1032,28,Random,4.77979324640088
1032,29,Random,4.77979324640088
1032,30,Random,4.77979324640088
1032,31,Random,4.77979324640088
1032,32,Random,4.77979324640088
1032,33,Random,4.77979324640088
1032,34,Random,4.77979324640088
1032,35,Random,4.77979324640088
1032,36,Random,4.77979324640088
1032,37,Random,4.77979324640088
1032,38,Random,4.77979324640088
1032,39,Random,4.77979324640088
1032,40,Random,4.77979324640088
1032,41,Random,4.77979324640088
1032,42,Random,4.77979324640088
1032,43,Random,4.77979324640088
1032,44,Random,4.77979324640088
1032,45,Random,4.77979324640088
1032,46,Random,4.77979324640088
1032,47,Random,4.77979324640088
1032,48,Random,4.77979324640088
1032,49,Random,4.77979324640088
1032,50,Random,4.77979324640088
1032,51,Random,4.77979324640088
1032,52,Random,4.77979324640088
1032,53,Random,4.77979324640088
1032,54,Random,4.77979324640088
1032,55,Random,4.77979324640088
1032,56,Random,4.77979324640088
1032,57,Random,4.77979324640088
1032,58,Random,4.77979324640088
1032,59,Random,4.77979324640088
1032,60,Random,4.77979324640088
1032,61,Random,4.77979324640088
1032,62,Random,4.77979324640088
1032,63,Random,4.77979324640088
1032,64,Random,4.77979324640088
1032,65,Random,4.77979324640088
1032,66,Random,4.77979324640088
1032,67,Random,4.77979324640088
1032,68,Random,4.77979324640088
1032,69,Random,4.77979324640088
1032,70,Random,4.77979324640088
1032,71,Random,4.77979324640088
1032,72,Random,4.77979324640088
1032,73,Random,4.77979324640088
1032,74,Random,4.77979324640088
1032,75,Random,4.77979324640088
1032,76,Random,4.77979324640088
1032,77,Random,4.77979324640088
1032,78,Random,4.77979324640088
1032,79,Random,4.77979324640088
1032,80,Random,4.77979324640088
1032,81,Random,4.77979324640088
1032,82,Random,4.77979324640088
1032,83,Random,4.77979324640088
1032,84,Random,4.77979324640088
1032,85,Random,4.77979324640088
1032,86,Random,4.77979324640088
1032,87,Random,4.77979324640088
1032,88,Random,4.77979324640088
1032,89,Random,4.77979324640088
1032,90,Random,4.77979324640088
1032,91,Random,4.77979324640088
1032,92,Random,4.77979324640088
1032,93,Random,4.77979324640088
1032,94,Random,4.77979324640088
1032,95,Random,4.77979324640088
1032,96,Random,4.77979324640088
1032,97,Random,4.77979324640088
1032,98,Random,4.77979324640088
1032,99,Random,4.77979324640088
1032,100,Random,4.77979324640088
1033,0,BASS-BO,4.992330026143247
1033,1,BASS-BO,4.992330026143247
1033,2,BASS-BO,4.992330026143247
1033,3,BASS-BO,4.992330026143247
1033,4,BASS-BO,4.992330026143247
1033,5,BASS-BO,4.992330026143247
1033,6,BASS-BO,4.992330026143247
1033,7,BASS-BO,4.992330026143247
1033,8,BASS-BO,4.992330026143247
1033,9,BASS-BO,4.992330026143247
1033,10,BASS-BO,4.992330026143247
1033,11,BASS-BO,4.992330026143247
1033,12,BASS-BO,4.992330026143247
1033,13,BASS-BO,4.992315876923832
1033,14,BASS-BO,4.992315876923832
1033,15,BASS-BO,4.992315876923832
1033,16,BASS-BO,4.992315876923832
1033,17,BASS-BO,4.992315876923832
1033,18,BASS-BO,4.983998658057432
1033,19,BASS-BO,4.983998658057432
1033,20,BASS-BO,4.983998658057432
1033,21,BASS-BO,4.983998658057432
1033,22,BASS-BO,4.983998658057432
1033,23,BASS-BO,4.981745767940014
1033,24,BASS-BO,4.981745767940014
1033,25,BASS-BO,4.981745767940014
1033,26,BASS-BO,4.981745767940014
1033,27,BASS-BO,4.981745767940014
1033,28,BASS-BO,4.981745767940014
1033,29,BASS-BO,4.981745767940014
1033,30,BASS-BO,4.981745767940014
1033,31,BASS-BO,4.981745767940014
1033,32,BASS-BO,4.981745767940014
1033,33,BASS-BO,4.981745767940014
1033,34,BASS-BO,4.981745767940014
1033,35,BASS-BO,4.981745767940014
1033,36,BASS-BO,4.981745767940014
1033,37,BASS-BO,4.981745767940014
1033,38,BASS-BO,4.981745767940014
1033,39,BASS-BO,4.981745767940014
1033,40,BASS-BO,4.981745767940014
1033,41,BASS-BO,4.981745767940014
1033,42,BASS-BO,4.981745767940014
1033,43,BASS-BO,4.981745767940014
1033,44,BASS-BO,4.981745767940014
1033,45,BASS-BO,4.981745767940014
1033,46,BASS-BO,4.981745767940014
1033,47,BASS-BO,4.981745767940014
1033,48,BASS-BO,4.981745767940014
1033,49,BASS-BO,4.981745767940014
1033,50,BASS-BO,4.981667273813506
1033,51,BASS-BO,4.981667273813506
1033,52,BASS-BO,4.981667273813506
1033,53,BASS-BO,4.981629250904277
1033,54,BASS-BO,4.981629250904277
1033,55,BASS-BO,4.981629250904277
1033,56,BASS-BO,4.981629250904277
1033,57,BASS-BO,4.981629250904277
1033,58,BASS-BO,4.981629250904277
1033,59,BASS-BO,4.981629250904277
1033,60,BASS-BO,4.981629250904277
1033,61,BASS-BO,4.981629250904277
1033,62,BASS-BO,4.981629250904277
1033,63,BASS-BO,4.981629250904277
1033,64,BASS-BO,4.981629250904277
1033,65,BASS-BO,4.981629250904277
1033,66,BASS-BO,4.981629250904277
1033,67,BASS-BO,4.981629250904277
1033,68,BASS-BO,4.981629250904277
1033,69,BASS-BO,4.981629250904277
1033,70,BASS-BO,4.981629250904277
1033,71,BASS-BO,4.981629250904277
1033,72,BASS-BO,4.981629116265256
1033,73,BASS-BO,4.981629116265256
1033,74,BASS-BO,4.981629116265256
1033,75,BASS-BO,4.98162477594137
1033,76,BASS-BO,4.98162477594137
1033,77,BASS-BO,4.98162477594137
1033,78,BASS-BO,4.98162477594137
1033,79,BASS-BO,4.98162477594137
1033,80,BASS-BO,4.98162477594137
1033,81,BASS-BO,4.98162477594137
1033,82,BASS-BO,4.98162477594137
1033,83,BASS-BO,4.981624632321697
1033,84,BASS-BO,4.981624632321697
1033,85,BASS-BO,4.981624632321697
1033,86,BASS-BO,4.981624632321697
1033,87,BASS-BO,4.981624632321697
1033,88,BASS-BO,4.981624632321697
1033,89,BASS-BO,4.981624632321697
1033,90,BASS-BO,4.981624632321697
1033,91,BASS-BO,4.981624632321697
1033,92,BASS-BO,4.981624632321697
1033,93,BASS-BO,4.981624632321697
1033,94,BASS-BO,4.981624632321697
1033,95,BASS-BO,4.981624632321697
1033,96,BASS-BO,4.981624632321697
1033,97,BASS-BO,4.981624632321697
1033,98,BASS-BO,4.981624632321697
1033,99,BASS-BO,4.981624632321697
1033,100,BASS-BO,4.981624632321697
1033,0,GP-BO,4.992330026143247
1033,1,GP-BO,4.992330026143247
1033,2,GP-BO,4.992330026143247
1033,3,GP-BO,4.992330026143247
1033,4,GP-BO,4.992330026143247
1033,5,GP-BO,4.992330026143247
1033,6,GP-BO,4.992330026143247
1033,7,GP-BO,4.992330026143247
1033,8,GP-BO,4.992330026143247
1033,9,GP-BO,4.988005174061091
1033,10,GP-BO,4.988005174061091
1033,11,GP-BO,4.988005174061091
1033,12,GP-BO,4.988005174061091
1033,13,GP-BO,4.988005174061091
1033,14,GP-BO,4.988005174061091
1033,15,GP-BO,4.9854918895993325
1033,16,GP-BO,4.9854918895993325
1033,17,GP-BO,4.9854918895993325
1033,18,GP-BO,4.9854918895993325
1033,19,GP-BO,4.9854918895993325
1033,20,GP-BO,4.9854918895993325
1033,21,GP-BO,4.9854918895993325
1033,22,GP-BO,4.9854918895993325
1033,23,GP-BO,4.9854918895993325
1033,24,GP-BO,4.984018223603144
1033,25,GP-BO,4.984018223603144
1033,26,GP-BO,4.984018223603144
1033,27,GP-BO,4.984018223603144
1033,28,GP-BO,4.984018223603144
1033,29,GP-BO,4.984018223603144
1033,30,GP-BO,4.984018223603144
1033,31,GP-BO,4.984018223603144
1033,32,GP-BO,4.984018223603144
1033,33,GP-BO,4.982695079353897
1033,34,GP-BO,4.982695079353897
1033,35,GP-BO,4.982695079353897
1033,36,GP-BO,4.982695079353897
1033,37,GP-BO,4.982695079353897
1033,38,GP-BO,4.982695079353897
1033,39,GP-BO,4.982695079353897
1033,40,GP-BO,4.982695079353897
1033,41,GP-BO,4.982695079353897
1033,42,GP-BO,4.982695079353897
1033,43,GP-BO,4.982695079353897
1033,44,GP-BO,4.982695079353897
1033,45,GP-BO,4.98241321664876
1033,46,GP-BO,4.98241321664876
1033,47,GP-BO,4.98241321664876
1033,48,GP-BO,4.98241321664876
1033,49,GP-BO,4.98241321664876
1033,50,GP-BO,4.98241321664876
1033,51,GP-BO,4.98241321664876
1033,52,GP-BO,4.98241321664876
1033,53,GP-BO,4.98241321664876
1033,54,GP-BO,4.982226101547686
1033,55,GP-BO,4.982226101547686
1033,56,GP-BO,4.9820849987088085
1033,57,GP-BO,4.9820849987088085
1033,58,GP-BO,4.9820849987088085
1033,59,GP-BO,4.9820849987088085
1033,60,GP-BO,4.9820849987088085
1033,61,GP-BO,4.9820849987088085
1033,62,GP-BO,4.981987272342886
1033,63,GP-BO,4.981987272342886
1033,64,GP-BO,4.981987272342886
1033,65,GP-BO,4.981987272342886
1033,66,GP-BO,4.981987272342886
1033,67,GP-BO,4.981912397119035
1033,68,GP-BO,4.981912397119035
1033,69,GP-BO,4.981855741937463
1033,70,GP-BO,4.981855741937463
1033,71,GP-BO,4.981855741937463
1033,72,GP-BO,4.981855741937463
1033,73,GP-BO,4.981855741937463
1033,74,GP-BO,4.981855741937463
1033,75,GP-BO,4.981805849101041
1033,76,GP-BO,4.981805849101041
1033,77,GP-BO,4.981805849101041
1033,78,GP-BO,4.981805849101041
1033,79,GP-BO,4.981805849101041
1033,80,GP-BO,4.981805849101041
1033,81,GP-BO,4.981781637268846
1033,82,GP-BO,4.981781637268846
1033,83,GP-BO,4.981781637268846
1033,84,GP-BO,4.981781637268846
1033,85,GP-BO,4.981781637268846
1033,86,GP-BO,4.981781637268846
1033,87,GP-BO,4.981781637268846
1033,88,GP-BO,4.981686703690163
1033,89,GP-BO,4.981686703690163
1033,90,GP-BO,4.981686703690163
1033,91,GP-BO,4.981686703690163
1033,92,GP-BO,4.981686703690163
1033,93,GP-BO,4.981686703690163
1033,94,GP-BO,4.981686703690163
1033,95,GP-BO,4.981646317568675
1033,96,GP-BO,4.981646317568675
1033,97,GP-BO,4.981646317568675
1033,98,GP-BO,4.981646317568675
1033,99,GP-BO,4.981615066263607
1033,100,GP-BO,4.981615066263607
1033,0,Random,4.992330026143247
1033,1,Random,4.992330026143247
1033,2,Random,4.992330026143247
1033,3,Random,4.992330026143247
1033,4,Random,4.992330026143247
1033,5,Random,4.992330026143247
1033,6,Random,4.992330026143247
1033,7,Random,4.992330026143247
1033,8,Random,4.992330026143247
1033,9,Random,4.992330026143247
1033,10,Random,4.992330026143247
1033,11,Random,4.992330026143247
1033,12,Random,4.992330026143247
1033,13,Random,4.992330026143247
1033,14,Random,4.992330026143247
1033,15,Random,4.992330026143247
1033,16,Random,4.992330026143247
1033,17,Random,4.992330026143247
1033,18,Random,4.992330026143247
1033,19,Random,4.992330026143247
1033,20,Random,4.992330026143247
1033,21,Random,4.992330026143247
1033,22,Random,4.992330026143247
1033,23,Random,4.992330026143247
1033,24,Random,4.992330026143247
1033,25,Random,4.992330026143247
1033,26,Random,4.992330026143247
1033,27,Random,4.992330026143247
1033,28,Random,4.992330026143247
1033,29,Random,4.992330026143247
1033,30,Random,4.992330026143247
1033,31,Random,4.992330026143247
1033,32,Random,4.992330026143247
1033,33,Random,4.992330026143247
1033,34,Random,4.992330026143247
1033,35,Random,4.992330026143247
1033,36,Random,4.992330026143247
1033,37,Random,4.992330026143247
1033,38,Random,4.992330026143247
1033,39,Random,4.992330026143247
1033,40,Random,4.992330026143247
1033,41,Random,4.992330026143247
1033,42,Random,4.992330026143247
1033,43,Random,4.992330026143247
1033,44,Random,4.992330026143247
1033,45,Random,4.992330026143247
1033,46,Random,4.992330026143247
1033,47,Random,4.992330026143247
1033,48,Random,4.992330026143247
1033,49,Random,4.992330026143247
1033,50,Random,4.992330026143247
1033,51,Random,4.992330026143247
1033,52,Random,4.992330026143247
1033,53,Random,4.992330026143247
1033,54,Random,4.992330026143247
1033,55,Random,4.992330026143247
1033,56,Random,4.982535331471755
1033,57,Random,4.982535331471755
1033,58,Random,4.982535331471755
1033,59,Random,4.982535331471755
1033,60,Random,4.982535331471755
1033,61,Random,4.982535331471755
1033,62,Random,4.982535331471755
1033,63,Random,4.982535331471755
1033,64,Random,4.982535331471755
1033,65,Random,4.982535331471755
1033,66,Random,4.982535331471755
1033,67,Random,4.982535331471755
1033,68,Random,4.982535331471755
1033,69,Random,4.982535331471755
1033,70,Random,4.982535331471755
1033,71,Random,4.982535331471755
1033,72,Random,4.982535331471755
1033,73,Random,4.982535331471755
1033,74,Random,4.982535331471755
1033,75,Random,4.982535331471755
1033,76,Random,4.982535331471755
1033,77,Random,4.982535331471755
1033,78,Random,4.982535331471755
1033,79,Random,4.982535331471755
1033,80,Random,4.982535331471755
1033,81,Random,4.982535331471755
1033,82,Random,4.982535331471755
1033,83,Random,4.982535331471755
1033,84,Random,4.982535331471755
1033,85,Random,4.982535331471755
1033,86,Random,4.982535331471755
1033,87,Random,4.982535331471755
1033,88,Random,4.982535331471755
1033,89,Random,4.982535331471755
1033,90,Random,4.982535331471755
1033,91,Random,4.982535331471755
1033,92,Random,4.982535331471755
1033,93,Random,4.982535331471755
1033,94,Random,4.982535331471755
1033,95,Random,4.982535331471755
1033,96,Random,4.982535331471755
1033,97,Random,4.982535331471755
1033,98,Random,4.982535331471755
1033,99,Random,4.982535331471755
1033,100,Random,4.982535331471755
1034,0,BASS-BO,4.833210140916149
1034,1,BASS-BO,4.833210140916149
1034,2,BASS-BO,4.833210140916149
1034,3,BASS-BO,4.833210140916149
1034,4,BASS-BO,4.833210140916149
1034,5,BASS-BO,4.833210140916149
1034,6,BASS-BO,4.833210140916149
1034,7,BASS-BO,4.833210140916149
1034,8,BASS-BO,4.833210140916149
1034,9,BASS-BO,4.833210140916149
1034,10,BASS-BO,4.829133822997826
1034,11,BASS-BO,4.829133822997826
1034,12,BASS-BO,4.829133822997826
1034,13,BASS-BO,4.829133822997826
1034,14,BASS-BO,4.829133822997826
1034,15,BASS-BO,4.829133822997826
1034,16,BASS-BO,4.82757271300083
1034,17,BASS-BO,4.827554283188513
1034,18,BASS-BO,4.827554283188513
1034,19,BASS-BO,4.827554283188513
1034,20,BASS-BO,4.827554283188513
1034,21,BASS-BO,4.827554283188513
1034,22,BASS-BO,4.827554283188513
1034,23,BASS-BO,4.827554283188513
1034,24,BASS-BO,4.827554283188513
1034,25,BASS-BO,4.827554283188513
1034,26,BASS-BO,4.827554283188513
1034,27,BASS-BO,4.827554283188513
1034,28,BASS-BO,4.827554283188513
1034,29,BASS-BO,4.827554283188513
1034,30,BASS-BO,4.827554283188513
1034,31,BASS-BO,4.827554283188513
1034,32,BASS-BO,4.827554283188513
1034,33,BASS-BO,4.827554283188513
1034,34,BASS-BO,4.827554283188513
1034,35,BASS-BO,4.827554283188513
1034,36,BASS-BO,4.827459913951318
1034,37,BASS-BO,4.827459913951318
1034,38,BASS-BO,4.827459668572984
1034,39,BASS-BO,4.827459668572984
1034,40,BASS-BO,4.827459668572984
1034,41,BASS-BO,4.827459668572984
1034,42,BASS-BO,4.827459668572984
1034,43,BASS-BO,4.827459668572984
1034,44,BASS-BO,4.827459668572984
1034,45,BASS-BO,4.827459668572984
1034,46,BASS-BO,4.827459668572984
1034,47,BASS-BO,4.827459668572984
1034,48,BASS-BO,4.827459668572984
1034,49,BASS-BO,4.827459668572984
1034,50,BASS-BO,4.827459668572984
1034,51,BASS-BO,4.827459668572984
1034,52,BASS-BO,4.827459668572984
1034,53,BASS-BO,4.827459668572984
1034,54,BASS-BO,4.827459668572984
1034,55,BASS-BO,4.827459668572984
1034,56,BASS-BO,4.827459668572984
1034,57,BASS-BO,4.827459668572984
1034,58,BASS-BO,4.827448051428442
1034,59,BASS-BO,4.827448051428442
1034,60,BASS-BO,4.827448051428442
1034,61,BASS-BO,4.827448051428442
1034,62,BASS-BO,4.827448051428442
1034,63,BASS-BO,4.827448051428442
1034,64,BASS-BO,4.827448051428442
1034,65,BASS-BO,4.827448051428442
1034,66,BASS-BO,4.827448051428442
1034,67,BASS-BO,4.827448051428442
1034,68,BASS-BO,4.827448051428442
1034,69,BASS-BO,4.827448051428442
1034,70,BASS-BO,4.827448051428442
1034,71,BASS-BO,4.827448051428442
1034,72,BASS-BO,4.827448051428442
1034,73,BASS-BO,4.827448051428442
1034,74,BASS-BO,4.827448051428442
1034,75,BASS-BO,4.827448051428442
1034,76,BASS-BO,4.827448051428442
1034,77,BASS-BO,4.827448051428442
1034,78,BASS-BO,4.827448051428442
1034,79,BASS-BO,4.827448051428442
1034,80,BASS-BO,4.827448051428442
1034,81,BASS-BO,4.827448051428442
1034,82,BASS-BO,4.827448051428442
1034,83,BASS-BO,4.827448051428442
1034,84,BASS-BO,4.827448051428442
1034,85,BASS-BO,4.827448051428442
1034,86,BASS-BO,4.827448051428442
1034,87,BASS-BO,4.827448051428442
1034,88,BASS-BO,4.827448051428442
1034,89,BASS-BO,4.827448051428442
1034,90,BASS-BO,4.827448051428442
1034,91,BASS-BO,4.827448051428442
1034,92,BASS-BO,4.827448051428442
1034,93,BASS-BO,4.827448051428442
1034,94,BASS-BO,4.827448051428442
1034,95,BASS-BO,4.827448051428442
1034,96,BASS-BO,4.827448051428442
1034,97,BASS-BO,4.827448051428442
1034,98,BASS-BO,4.827448051428442
1034,99,BASS-BO,4.827448051428442
1034,100,BASS-BO,4.827448051428442
1034,0,GP-BO,4.833210140916149
1034,1,GP-BO,4.833210140916149
1034,2,GP-BO,4.833210140916149
1034,3,GP-BO,4.833210140916149
1034,4,GP-BO,4.833210140916149
1034,5,GP-BO,4.833210140916149
1034,6,GP-BO,4.831202664234278
1034,7,GP-BO,4.831202664234278
1034,8,GP-BO,4.831202664234278
1034,9,GP-BO,4.831202664234278
1034,10,GP-BO,4.831202664234278
1034,11,GP-BO,4.831202664234278
1034,12,GP-BO,4.831202664234278
1034,13,GP-BO,4.831202664234278
1034,14,GP-BO,4.830750236282441
1034,15,GP-BO,4.830750236282441
1034,16,GP-BO,4.830750236282441
1034,17,GP-BO,4.830750236282441
1034,18,GP-BO,4.830750236282441
1034,19,GP-BO,4.830750236282441
1034,20,GP-BO,4.830750236282441
1034,21,GP-BO,4.830750236282441
1034,22,GP-BO,4.830750236282441
1034,23,GP-BO,4.830750236282441
1034,24,GP-BO,4.830750236282441
1034,25,GP-BO,4.830750236282441
1034,26,GP-BO,4.830750236282441
1034,27,GP-BO,4.830750236282441
1034,28,GP-BO,4.830568012176485
1034,29,GP-BO,4.830568012176485
1034,30,GP-BO,4.830568012176485
1034,31,GP-BO,4.830568012176485
1034,32,GP-BO,4.830568012176485
1034,33,GP-BO,4.830568012176485
1034,34,GP-BO,4.830568012176485
1034,35,GP-BO,4.830568012176485
1034,36,GP-BO,4.830568012176485
1034,37,GP-BO,4.830568012176485
1034,38,GP-BO,4.830481464428902
1034,39,GP-BO,4.830481464428902
1034,40,GP-BO,4.830481464428902
1034,41,GP-BO,4.830481464428902
1034,42,GP-BO,4.830481464428902
1034,43,GP-BO,4.830481464428902
1034,44,GP-BO,4.830092592400291
1034,45,GP-BO,4.830092592400291
1034,46,GP-BO,4.830092592400291
1034,47,GP-BO,4.830092592400291
1034,48,GP-BO,4.830092592400291
1034,49,GP-BO,4.830092592400291
1034,50,GP-BO,4.830092592400291
1034,51,GP-BO,4.829745323788847
1034,52,GP-BO,4.829745323788847
1034,53,GP-BO,4.829527379334084
1034,54,GP-BO,4.829527379334084
1034,55,GP-BO,4.829358386698659
1034,56,GP-BO,4.829358386698659
1034,57,GP-BO,4.829358386698659
1034,58,GP-BO,4.829228146679874
1034,59,GP-BO,4.829228146679874
1034,60,GP-BO,4.829228146679874
1034,61,GP-BO,4.829118851408566
1034,62,GP-BO,4.829118851408566
1034,63,GP-BO,4.829118851408566
1034,64,GP-BO,4.829032018023535
1034,65,GP-BO,4.829032018023535
1034,66,GP-BO,4.829032018023535
1034,67,GP-BO,4.828959425303773
1034,68,GP-BO,4.828959425303773
1034,69,GP-BO,4.828892441055322
1034,70,GP-BO,4.828892441055322
1034,71,GP-BO,4.828892441055322
1034,72,GP-BO,4.8288326237199755
1034,73,GP-BO,4.8288326237199755
1034,74,GP-BO,4.828765927908143
1034,75,GP-BO,4.828765927908143
1034,76,GP-BO,4.828719067942485
1034,77,GP-BO,4.828719067942485
1034,78,GP-BO,4.828675675310986
1034,79,GP-BO,4.828675675310986
1034,80,GP-BO,4.828639066291755
1034,81,GP-BO,4.828639066291755
1034,82,GP-BO,4.828604944239254
1034,83,GP-BO,4.828604944239254
1034,84,GP-BO,4.828570055962283
1034,85,GP-BO,4.828570055962283
1034,86,GP-BO,4.828541799562887
1034,87,GP-BO,4.828541799562887
1034,88,GP-BO,4.828541799562887
1034,89,GP-BO,4.828511070071241
1034,90,GP-BO,4.828511070071241
1034,91,GP-BO,4.828485180226476
1034,92,GP-BO,4.828485180226476
1034,93,GP-BO,4.828459543848598
1034,94,GP-BO,4.828459543848598
1034,95,GP-BO,4.828459543848598
1034,96,GP-BO,4.8284328828753775
1034,97,GP-BO,4.8284328828753775
1034,98,GP-BO,4.8284328828753775
1034,99,GP-BO,4.8284064787621634
1034,100,GP-BO,4.8284064787621634
1034,0,Random,4.833210140916149
1034,1,Random,4.833210140916149
1034,2,Random,4.833210140916149
1034,3,Random,4.833210140916149
1034,4,Random,4.833210140916149
1034,5,Random,4.833210140916149
1034,6,Random,4.833210140916149
1034,7,Random,4.833210140916149
1034,8,Random,4.833210140916149
1034,9,Random,4.833210140916149
1034,10,Random,4.833210140916149
1034,11,Random,4.833210140916149
1034,12,Random,4.833210140916149
1034,13,Random,4.833210140916149
1034,14,Random,4.833210140916149
1034,15,Random,4.833210140916149
1034,16,Random,4.833210140916149
1034,17,Random,4.833210140916149
1034,18,Random,4.833210140916149
1034,19,Random,4.833210140916149
1034,20,Random,4.833210140916149
1034,21,Random,4.832138909064138
1034,22,Random,4.832138909064138
1034,23,Random,4.832138909064138
1034,24,Random,4.832138909064138
1034,25,Random,4.832138909064138
1034,26,Random,4.832138909064138
1034,27,Random,4.832138909064138
1034,28,Random,4.832138909064138
1034,29,Random,4.832138909064138
1034,30,Random,4.832138909064138
1034,31,Random,4.832138909064138
1034,32,Random,4.832138909064138
1034,33,Random,4.832138909064138
1034,34,Random,4.832138909064138
1034,35,Random,4.832138909064138
1034,36,Random,4.832138909064138
1034,37,Random,4.832138909064138
1034,38,Random,4.832138909064138
1034,39,Random,4.832138909064138
1034,40,Random,4.832138909064138
1034,41,Random,4.832138909064138
1034,42,Random,4.832138909064138
1034,43,Random,4.832138909064138
1034,44,Random,4.832138909064138
1034,45,Random,4.832138909064138
1034,46,Random,4.832138909064138
1034,47,Random,4.832138909064138
1034,48,Random,4.832138909064138
1034,49,Random,4.832138909064138
1034,50,Random,4.832138909064138
1034,51,Random,4.832138909064138
1034,52,Random,4.832138909064138
1034,53,Random,4.832138909064138
1034,54,Random,4.832138909064138
1034,55,Random,4.832138909064138
1034,56,Random,4.832138909064138
1034,57,Random,4.832138909064138
1034,58,Random,4.832138909064138
1034,59,Random,4.832138909064138
1034,60,Random,4.832138909064138
1034,61,Random,4.832138909064138
1034,62,Random,4.832138909064138
1034,63,Random,4.829855781762139
1034,64,Random,4.829855781762139
1034,65,Random,4.829855781762139
1034,66,Random,4.829855781762139
1034,67,Random,4.829855781762139
1034,68,Random,4.829855781762139
1034,69,Random,4.829855781762139
1034,70,Random,4.829855781762139
1034,71,Random,4.829855781762139
1034,72,Random,4.829855781762139
1034,73,Random,4.829855781762139
1034,74,Random,4.829855781762139
1034,75,Random,4.829855781762139
1034,76,Random,4.829855781762139
1034,77,Random,4.829855781762139
1034,78,Random,4.829855781762139
1034,79,Random,4.829855781762139
1034,80,Random,4.829855781762139
1034,81,Random,4.829855781762139
1034,82,Random,4.829855781762139
1034,83,Random,4.829855781762139
1034,84,Random,4.829855781762139
1034,85,Random,4.829855781762139
1034,86,Random,4.829855781762139
1034,87,Random,4.829855781762139
1034,88,Random,4.829855781762139
1034,89,Random,4.829855781762139
1034,90,Random,4.829855781762139
1034,91,Random,4.829855781762139
1034,92,Random,4.829855781762139
1034,93,Random,4.829855781762139
1034,94,Random,4.829855781762139
1034,95,Random,4.829855781762139
1034,96,Random,4.829855781762139
1034,97,Random,4.829855781762139
1034,98,Random,4.829855781762139
1034,99,Random,4.829855781762139
1034,100,Random,4.829855781762139
1035,0,BASS-BO,4.755715254503806
1035,1,BASS-BO,4.755715254503806
1035,2,BASS-BO,4.755715254503806
1035,3,BASS-BO,4.755715254503806
1035,4,BASS-BO,4.755715254503806
1035,5,BASS-BO,4.755715254503806
1035,6,BASS-BO,4.755715254503806
1035,7,BASS-BO,4.755715254503806
1035,8,BASS-BO,4.755715254503806
1035,9,BASS-BO,4.755621373827547
1035,10,BASS-BO,4.755621373827547
1035,11,BASS-BO,4.755621373827547
1035,12,BASS-BO,4.755621373827547
1035,13,BASS-BO,4.755621373827547
1035,14,BASS-BO,4.755621373827547
1035,15,BASS-BO,4.755621373827547
1035,16,BASS-BO,4.755621373827547
1035,17,BASS-BO,4.755621373827547
1035,18,BASS-BO,4.755621373827547
1035,19,BASS-BO,4.755621373827547
1035,20,BASS-BO,4.755621373827547
1035,21,BASS-BO,4.755621373827547
1035,22,BASS-BO,4.755621373827547
1035,23,BASS-BO,4.755621373827547
1035,24,BASS-BO,4.755621373827547
1035,25,BASS-BO,4.755621373827547
1035,26,BASS-BO,4.755621373827547
1035,27,BASS-BO,4.755621373827547
1035,28,BASS-BO,4.755621373827547
1035,29,BASS-BO,4.755621373827547
1035,30,BASS-BO,4.755621373827547
1035,31,BASS-BO,4.755621373827547
1035,32,BASS-BO,4.755621373827547
1035,33,BASS-BO,4.755621373827547
1035,34,BASS-BO,4.755621373827547
1035,35,BASS-BO,4.755621373827547
1035,36,BASS-BO,4.755621373827547
1035,37,BASS-BO,4.755621373827547
1035,38,BASS-BO,4.755621373827547
1035,39,BASS-BO,4.755621373827547
1035,40,BASS-BO,4.755621373827547
1035,41,BASS-BO,4.755621373827547
1035,42,BASS-BO,4.755621373827547
1035,43,BASS-BO,4.755621373827547
1035,44,BASS-BO,4.755621373827547
1035,45,BASS-BO,4.755621373827547
1035,46,BASS-BO,4.755621373827547
1035,47,BASS-BO,4.755621373827547
1035,48,BASS-BO,4.755621373827547
1035,49,BASS-BO,4.755621373827547
1035,50,BASS-BO,4.755621373827547
1035,51,BASS-BO,4.755621373827547
1035,52,BASS-BO,4.755621373827547
1035,53,BASS-BO,4.755145436650911
1035,54,BASS-BO,4.755145436650911
1035,55,BASS-BO,4.755145436650911
1035,56,BASS-BO,4.755145436650911
1035,57,BASS-BO,4.755145436650911
1035,58,BASS-BO,4.755145436650911
1035,59,BASS-BO,4.755145436650911
1035,60,BASS-BO,4.755145436650911
1035,61,BASS-BO,4.755145436650911
1035,62,BASS-BO,4.755145436650911
1035,63,BASS-BO,4.755145436650911
1035,64,BASS-BO,4.755145436650911
1035,65,BASS-BO,4.755145436650911
1035,66,BASS-BO,4.755145436650911
1035,67,BASS-BO,4.755145436650911
1035,68,BASS-BO,4.755145436650911
1035,69,BASS-BO,4.755145436650911
1035,70,BASS-BO,4.755145436650911
1035,71,BASS-BO,4.755145436650911
1035,72,BASS-BO,4.755145436650911
1035,73,BASS-BO,4.755145436650911
1035,74,BASS-BO,4.755145436650911
1035,75,BASS-BO,4.755145436650911
1035,76,BASS-BO,4.755145436650911
1035,77,BASS-BO,4.755145436650911
1035,78,BASS-BO,4.755145436650911
1035,79,BASS-BO,4.755145436650911
1035,80,BASS-BO,4.755145436650911
1035,81,BASS-BO,4.755145436650911
1035,82,BASS-BO,4.755145436650911
1035,83,BASS-BO,4.755145436650911
1035,84,BASS-BO,4.755145436650911
1035,85,BASS-BO,4.755145436650911
1035,86,BASS-BO,4.755145436650911
1035,87,BASS-BO,4.755145436650911
1035,88,BASS-BO,4.755145436650911
1035,89,BASS-BO,4.755145436650911
1035,90,BASS-BO,4.755145436650911
1035,91,BASS-BO,4.755145436650911
1035,92,BASS-BO,4.755145436650911
1035,93,BASS-BO,4.755145436650911
1035,94,BASS-BO,4.755145436650911
1035,95,BASS-BO,4.755145436650911
1035,96,BASS-BO,4.755145436650911
1035,97,BASS-BO,4.755145436650911
1035,98,BASS-BO,4.755145436650911
1035,99,BASS-BO,4.755145436650911
1035,100,BASS-BO,4.755145436650911
1035,0,GP-BO,4.755715254503806
1035,1,GP-BO,4.755715254503806
1035,2,GP-BO,4.755715254503806
1035,3,GP-BO,4.755715254503806
1035,4,GP-BO,4.755715254503806
1035,5,GP-BO,4.755394394619027
1035,6,GP-BO,4.755394394619027
1035,7,GP-BO,4.755394394619027
1035,8,GP-BO,4.755394394619027
1035,9,GP-BO,4.755394394619027
1035,10,GP-BO,4.755394394619027
1035,11,GP-BO,4.755394394619027
1035,12,GP-BO,4.755394394619027
1035,13,GP-BO,4.755394394619027
1035,14,GP-BO,4.755394394619027
1035,15,GP-BO,4.755394394619027
1035,16,GP-BO,4.755347407137934
1035,17,GP-BO,4.755347407137934
1035,18,GP-BO,4.755347407137934
1035,19,GP-BO,4.755347407137934
1035,20,GP-BO,4.755347407137934
1035,21,GP-BO,4.755347407137934
1035,22,GP-BO,4.755347407137934
1035,23,GP-BO,4.755347407137934
1035,24,GP-BO,4.755347407137934
1035,25,GP-BO,4.755347407137934
1035,26,GP-BO,4.755347407137934
1035,27,GP-BO,4.755255581974732
1035,28,GP-BO,4.755255581974732
1035,29,GP-BO,4.755255581974732
1035,30,GP-BO,4.755255581974732
1035,31,GP-BO,4.755255581974732
1035,32,GP-BO,4.755255581974732
1035,33,GP-BO,4.755255581974732
1035,34,GP-BO,4.755255581974732
1035,35,GP-BO,4.755255581974732
1035,36,GP-BO,4.755255581974732
1035,37,GP-BO,4.755255581974732
1035,38,GP-BO,4.755255581974732
1035,39,GP-BO,4.755244055930438
1035,40,GP-BO,4.755244055930438
1035,41,GP-BO,4.755244055930438
1035,42,GP-BO,4.755244055930438
1035,43,GP-BO,4.755244055930438
1035,44,GP-BO,4.755244055930438
1035,45,GP-BO,4.755244055930438
1035,46,GP-BO,4.755244055930438
1035,47,GP-BO,4.755244055930438
1035,48,GP-BO,4.755244055930438
1035,49,GP-BO,4.755244055930438
1035,50,GP-BO,4.755244055930438
1035,51,GP-BO,4.7552407093090565
1035,52,GP-BO,4.7552407093090565
1035,53,GP-BO,4.7552407093090565
1035,54,GP-BO,4.7552407093090565
1035,55,GP-BO,4.7552407093090565
1035,56,GP-BO,4.7552407093090565
1035,57,GP-BO,4.7552407093090565
1035,58,GP-BO,4.7552407093090565
1035,59,GP-BO,4.7552407093090565
1035,60,GP-BO,4.7552407093090565
1035,61,GP-BO,4.7552407093090565
1035,62,GP-BO,4.7552407093090565
1035,63,GP-BO,4.7552407093090565
1035,64,GP-BO,4.7552407093090565
1035,65,GP-BO,4.7552407093090565
1035,66,GP-BO,4.7552407093090565
1035,67,GP-BO,4.7552407093090565
1035,68,GP-BO,4.7552407093090565
1035,69,GP-BO,4.7552407093090565
1035,70,GP-BO,4.755240700668432
1035,71,GP-BO,4.755240700668432
1035,72,GP-BO,4.755240700668432
1035,73,GP-BO,4.755240700668432
1035,74,GP-BO,4.755240700668432
1035,75,GP-BO,4.755240700668432
1035,76,GP-BO,4.755240700668432
1035,77,GP-BO,4.755240700668432
1035,78,GP-BO,4.755240700668432
1035,79,GP-BO,4.755240700668432
1035,80,GP-BO,4.755240700668432
1035,81,GP-BO,4.755240700668432
1035,82,GP-BO,4.755240700668432
1035,83,GP-BO,4.755240700668432
1035,84,GP-BO,4.755240700668432
1035,85,GP-BO,4.755240700668432
1035,86,GP-BO,4.755240700668432
1035,87,GP-BO,4.755240700668432
1035,88,GP-BO,4.755240700668432
1035,89,GP-BO,4.755240700668432
1035,90,GP-BO,4.755240700668432
1035,91,GP-BO,4.755240700668432
1035,92,GP-BO,4.755240700668432
1035,93,GP-BO,4.755240700668432
1035,94,GP-BO,4.755240700668432
1035,95,GP-BO,4.755240700668432
1035,96,GP-BO,4.755240700668432
1035,97,GP-BO,4.755240700668432
1035,98,GP-BO,4.755240700668432
1035,99,GP-BO,4.755240700668432
1035,100,GP-BO,4.755240700668432
1035,0,Random,4.755715254503806
1035,1,Random,4.755715254503806
1035,2,Random,4.755715254503806
1035,3,Random,4.755715254503806
1035,4,Random,4.755715254503806
1035,5,Random,4.755715254503806
1035,6,Random,4.755715254503806
1035,7,Random,4.755715254503806
1035,8,Random,4.755715254503806
1035,9,Random,4.755715254503806
1035,10,Random,4.755715254503806
1035,11,Random,4.755715254503806
1035,12,Random,4.755715254503806
1035,13,Random,4.7555555426382
1035,14,Random,4.7555555426382
1035,15,Random,4.7555555426382
1035,16,Random,4.7555555426382
1035,17,Random,4.7555555426382
1035,18,Random,4.7555555426382
1035,19,Random,4.7555555426382
1035,20,Random,4.7555555426382
1035,21,Random,4.7555555426382
1035,22,Random,4.7555555426382
1035,23,Random,4.7555555426382
1035,24,Random,4.7555555426382
1035,25,Random,4.7555555426382
1035,26,Random,4.7555555426382
1035,27,Random,4.7555555426382
1035,28,Random,4.7555555426382
1035,29,Random,4.7555555426382
1035,30,Random,4.7555555426382
1035,31,Random,4.7555555426382
1035,32,Random,4.7555555426382
1035,33,Random,4.7555555426382
1035,34,Random,4.7555555426382
1035,35,Random,4.7555555426382
1035,36,Random,4.7555555426382
1035,37,Random,4.7555555426382
1035,38,Random,4.7555555426382
1035,39,Random,4.7555555426382
1035,40,Random,4.7555555426382
1035,41,Random,4.7555555426382
1035,42,Random,4.7555555426382
1035,43,Random,4.7555555426382
1035,44,Random,4.7555555426382
1035,45,Random,4.7555555426382
1035,46,Random,4.7555555426382
1035,47,Random,4.7555555426382
1035,48,Random,4.7555555426382
1035,49,Random,4.7555555426382
1035,50,Random,4.7555555426382
1035,51,Random,4.7555555426382
1035,52,Random,4.7555555426382
1035,53,Random,4.7555555426382
1035,54,Random,4.7555555426382
1035,55,Random,4.7555555426382
1035,56,Random,4.7555555426382
1035,57,Random,4.7555555426382
1035,58,Random,4.7555555426382
1035,59,Random,4.7555555426382
1035,60,Random,4.7555555426382
1035,61,Random,4.7555555426382
1035,62,Random,4.7555555426382
1035,63,Random,4.7555555426382
1035,64,Random,4.7555555426382
1035,65,Random,4.7555555426382
1035,66,Random,4.75536622024599
1035,67,Random,4.75536622024599
1035,68,Random,4.75536622024599
1035,69,Random,4.75536622024599
1035,70,Random,4.75536622024599
1035,71,Random,4.75536622024599
1035,72,Random,4.75536622024599
1035,73,Random,4.75536622024599
1035,74,Random,4.75536622024599
1035,75,Random,4.75536622024599
1035,76,Random,4.755227221602674
1035,77,Random,4.755227221602674
1035,78,Random,4.755227221602674
1035,79,Random,4.755227221602674
1035,80,Random,4.755227221602674
1035,81,Random,4.755227221602674
1035,82,Random,4.755227221602674
1035,83,Random,4.755227221602674
1035,84,Random,4.755227221602674
1035,85,Random,4.755227221602674
1035,86,Random,4.755227221602674
1035,87,Random,4.755227221602674
1035,88,Random,4.755227221602674
1035,89,Random,4.755227221602674
1035,90,Random,4.755227221602674
1035,91,Random,4.755227221602674
1035,92,Random,4.755227221602674
1035,93,Random,4.755227221602674
1035,94,Random,4.755227221602674
1035,95,Random,4.755227221602674
1035,96,Random,4.755227221602674
1035,97,Random,4.755227221602674
1035,98,Random,4.755227221602674
1035,99,Random,4.755227221602674
1035,100,Random,4.755227221602674
1036,0,BASS-BO,4.984299145462061
1036,1,BASS-BO,4.984299145462061
1036,2,BASS-BO,4.984299145462061
1036,3,BASS-BO,4.984299145462061
1036,4,BASS-BO,4.984299145462061
1036,5,BASS-BO,4.984299145462061
1036,6,BASS-BO,4.984299145462061
1036,7,BASS-BO,4.984299145462061
1036,8,BASS-BO,4.984299145462061
1036,9,BASS-BO,4.9771131621540485
1036,10,BASS-BO,4.976962426351594
1036,11,BASS-BO,4.976962426351594
1036,12,BASS-BO,4.976962426351594
1036,13,BASS-BO,4.976843282247257
1036,14,BASS-BO,4.976843282247257
1036,15,BASS-BO,4.976843282247257
1036,16,BASS-BO,4.974337316062154
1036,17,BASS-BO,4.974337316062154
1036,18,BASS-BO,4.974337316062154
1036,19,BASS-BO,4.974337316062154
1036,20,BASS-BO,4.974337316062154
1036,21,BASS-BO,4.974337316062154
1036,22,BASS-BO,4.974337316062154
1036,23,BASS-BO,4.974337316062154
1036,24,BASS-BO,4.974337316062154
1036,25,BASS-BO,4.974337316062154
1036,26,BASS-BO,4.974337316062154
1036,27,BASS-BO,4.974337316062154
1036,28,BASS-BO,4.974337316062154
1036,29,BASS-BO,4.974337316062154
1036,30,BASS-BO,4.974337316062154
1036,31,BASS-BO,4.974337316062154
1036,32,BASS-BO,4.974337316062154
1036,33,BASS-BO,4.974337316062154
1036,34,BASS-BO,4.974337316062154
1036,35,BASS-BO,4.974337316062154
1036,36,BASS-BO,4.974337316062154
1036,37,BASS-BO,4.974337316062154
1036,38,BASS-BO,4.974337316062154
1036,39,BASS-BO,4.974337316062154
1036,40,BASS-BO,4.974337316062154
1036,41,BASS-BO,4.974337316062154
1036,42,BASS-BO,4.974337316062154
1036,43,BASS-BO,4.974337316062154
1036,44,BASS-BO,4.974337316062154
1036,45,BASS-BO,4.974337316062154
1036,46,BASS-BO,4.973406528210687
1036,47,BASS-BO,4.973406528210687
1036,48,BASS-BO,4.973406528210687
1036,49,BASS-BO,4.973406528210687
1036,50,BASS-BO,4.973406528210687
1036,51,BASS-BO,4.973406528210687
1036,52,BASS-BO,4.973406528210687
1036,53,BASS-BO,4.973406528210687
1036,54,BASS-BO,4.973406528210687
1036,55,BASS-BO,4.973406528210687
1036,56,BASS-BO,4.973406528210687
1036,57,BASS-BO,4.973406528210687
1036,58,BASS-BO,4.973406528210687
1036,59,BASS-BO,4.973406528210687
1036,60,BASS-BO,4.973406528210687
1036,61,BASS-BO,4.973406528210687
1036,62,BASS-BO,4.973406528210687
1036,63,BASS-BO,4.973406528210687
1036,64,BASS-BO,4.973406528210687
1036,65,BASS-BO,4.973406528210687
1036,66,BASS-BO,4.973406528210687
1036,67,BASS-BO,4.973312649972675
1036,68,BASS-BO,4.973312649972675
1036,69,BASS-BO,4.973312649972675
1036,70,BASS-BO,4.973312649972675
1036,71,BASS-BO,4.973312649972675
1036,72,BASS-BO,4.973312649972675
1036,73,BASS-BO,4.973312649972675
1036,74,BASS-BO,4.973312649972675
1036,75,BASS-BO,4.973312649972675
1036,76,BASS-BO,4.973312649972675
1036,77,BASS-BO,4.973312649972675
1036,78,BASS-BO,4.973312649972675
1036,79,BASS-BO,4.973312649972675
1036,80,BASS-BO,4.973312649972675
1036,81,BASS-BO,4.973312649972675
1036,82,BASS-BO,4.973312649972675
1036,83,BASS-BO,4.973312649972675
1036,84,BASS-BO,4.973312649972675
1036,85,BASS-BO,4.973312649972675
1036,86,BASS-BO,4.973312649972675
1036,87,BASS-BO,4.973312649972675
1036,88,BASS-BO,4.973312649972675
1036,89,BASS-BO,4.973312649972675
1036,90,BASS-BO,4.973312649972675
1036,91,BASS-BO,4.973312649972675
1036,92,BASS-BO,4.973312649972675
1036,93,BASS-BO,4.973312649972675
1036,94,BASS-BO,4.973312649972675
1036,95,BASS-BO,4.973312649972675
1036,96,BASS-BO,4.973312649972675
1036,97,BASS-BO,4.973312649972675
1036,98,BASS-BO,4.973312649972675
1036,99,BASS-BO,4.973312649972675
1036,100,BASS-BO,4.973275167097023
1036,0,GP-BO,4.984299145462061
1036,1,GP-BO,4.984299145462061
1036,2,GP-BO,4.984299145462061
1036,3,GP-BO,4.984299145462061
1036,4,GP-BO,4.980559783220458
1036,5,GP-BO,4.980559783220458
1036,6,GP-BO,4.980559783220458
1036,7,GP-BO,4.977614095323359
1036,8,GP-BO,4.977614095323359
1036,9,GP-BO,4.977614095323359
1036,10,GP-BO,4.977614095323359
1036,11,GP-BO,4.977614095323359
1036,12,GP-BO,4.977614095323359
1036,13,GP-BO,4.977614095323359
1036,14,GP-BO,4.977614095323359
1036,15,GP-BO,4.977614095323359
1036,16,GP-BO,4.977614095323359
1036,17,GP-BO,4.977614095323359
1036,18,GP-BO,4.977614095323359
1036,19,GP-BO,4.977614095323359
1036,20,GP-BO,4.977614095323359
1036,21,GP-BO,4.977614095323359
1036,22,GP-BO,4.977614095323359
1036,23,GP-BO,4.977614095323359
1036,24,GP-BO,4.977614095323359
1036,25,GP-BO,4.977614095323359
1036,26,GP-BO,4.977614095323359
1036,27,GP-BO,4.977614095323359
1036,28,GP-BO,4.977614095323359
1036,29,GP-BO,4.977614095323359
1036,30,GP-BO,4.977614095323359
1036,31,GP-BO,4.977614095323359
1036,32,GP-BO,4.977614095323359
1036,33,GP-BO,4.977614095323359
1036,34,GP-BO,4.977614095323359
1036,35,GP-BO,4.977614095323359
1036,36,GP-BO,4.977614095323359
1036,37,GP-BO,4.977614095323359
1036,38,GP-BO,4.977614095323359
1036,39,GP-BO,4.977614095323359
1036,40,GP-BO,4.977614095323359
1036,41,GP-BO,4.977614095323359
1036,42,GP-BO,4.977614095323359
1036,43,GP-BO,4.977614095323359
1036,44,GP-BO,4.977614095323359
1036,45,GP-BO,4.977614095323359
1036,46,GP-BO,4.977614095323359
1036,47,GP-BO,4.977614095323359
1036,48,GP-BO,4.977614095323359
1036,49,GP-BO,4.977614095323359
1036,50,GP-BO,4.977614095323359
1036,51,GP-BO,4.977614095323359
1036,52,GP-BO,4.977614095323359
1036,53,GP-BO,4.977614095323359
1036,54,GP-BO,4.977614095323359
1036,55,GP-BO,4.977614095323359
1036,56,GP-BO,4.977614095323359
1036,57,GP-BO,4.977614095323359
1036,58,GP-BO,4.977614095323359
1036,59,GP-BO,4.977614095323359
1036,60,GP-BO,4.977614095323359
1036,61,GP-BO,4.977614095323359
1036,62,GP-BO,4.977614095323359
1036,63,GP-BO,4.977614095323359
1036,64,GP-BO,4.977614095323359
1036,65,GP-BO,4.977614095323359
1036,66,GP-BO,4.977614095323359
1036,67,GP-BO,4.977614095323359
1036,68,GP-BO,4.977614095323359
1036,69,GP-BO,4.977614095323359
1036,70,GP-BO,4.977614095323359
1036,71,GP-BO,4.977614095323359
1036,72,GP-BO,4.977614095323359
1036,73,GP-BO,4.977614095323359
1036,74,GP-BO,4.977614095323359
1036,75,GP-BO,4.977614095323359
1036,76,GP-BO,4.977614095323359
1036,77,GP-BO,4.977614095323359
1036,78,GP-BO,4.977614095323359
1036,79,GP-BO,4.977614095323359
1036,80,GP-BO,4.977614095323359
1036,81,GP-BO,4.977614095323359
1036,82,GP-BO,4.977614095323359
1036,83,GP-BO,4.977614095323359
1036,84,GP-BO,4.977614095323359
1036,85,GP-BO,4.977614095323359
1036,86,GP-BO,4.977614095323359
1036,87,GP-BO,4.977614095323359
1036,88,GP-BO,4.977614095323359
1036,89,GP-BO,4.977614095323359
1036,90,GP-BO,4.977614095323359
1036,91,GP-BO,4.977614095323359
1036,92,GP-BO,4.977614095323359
1036,93,GP-BO,4.977614095323359
1036,94,GP-BO,4.977614095323359
1036,95,GP-BO,4.977571944107494
1036,96,GP-BO,4.977571944107494
1036,97,GP-BO,4.977534697299241
1036,98,GP-BO,4.977534697299241
1036,99,GP-BO,4.977534697299241
1036,100,GP-BO,4.977534697299241
1036,0,Random,4.984299145462061
1036,1,Random,4.984299145462061
1036,2,Random,4.984299145462061
1036,3,Random,4.984299145462061
1036,4,Random,4.984299145462061
1036,5,Random,4.984299145462061
1036,6,Random,4.984299145462061
1036,7,Random,4.984299145462061
1036,8,Random,4.984299145462061
1036,9,Random,4.984299145462061
1036,10,Random,4.984299145462061
1036,11,Random,4.984299145462061
1036,12,Random,4.983519711542789
1036,13,Random,4.983519711542789
1036,14,Random,4.983519711542789
1036,15,Random,4.983519711542789
1036,16,Random,4.983519711542789
1036,17,Random,4.982881208724787
1036,18,Random,4.982881208724787
1036,19,Random,4.982881208724787
1036,20,Random,4.982881208724787
1036,21,Random,4.982881208724787
1036,22,Random,4.982881208724787
1036,23,Random,4.982881208724787
1036,24,Random,4.982881208724787
1036,25,Random,4.982881208724787
1036,26,Random,4.981879287303488
1036,27,Random,4.981879287303488
1036,28,Random,4.981879287303488
1036,29,Random,4.981879287303488
1036,30,Random,4.981879287303488
1036,31,Random,4.981879287303488
1036,32,Random,4.981879287303488
1036,33,Random,4.981879287303488
1036,34,Random,4.981879287303488
1036,35,Random,4.981879287303488
1036,36,Random,4.981879287303488
1036,37,Random,4.981879287303488
1036,38,Random,4.981879287303488
1036,39,Random,4.981879287303488
1036,40,Random,4.981879287303488
1036,41,Random,4.981879287303488
1036,42,Random,4.981879287303488
1036,43,Random,4.981879287303488
1036,44,Random,4.981879287303488
1036,45,Random,4.981879287303488
1036,46,Random,4.981879287303488
1036,47,Random,4.981879287303488
1036,48,Random,4.981879287303488
1036,49,Random,4.981879287303488
1036,50,Random,4.981879287303488
1036,51,Random,4.981879287303488
1036,52,Random,4.981879287303488
1036,53,Random,4.981879287303488
1036,54,Random,4.981879287303488
1036,55,Random,4.981879287303488
1036,56,Random,4.981879287303488
1036,57,Random,4.981879287303488
1036,58,Random,4.981879287303488
1036,59,Random,4.981879287303488
1036,60,Random,4.981879287303488
1036,61,Random,4.981879287303488
1036,62,Random,4.981879287303488
1036,63,Random,4.981879287303488
1036,64,Random,4.981879287303488
1036,65,Random,4.981879287303488
1036,66,Random,4.981879287303488
1036,67,Random,4.981879287303488
1036,68,Random,4.981879287303488
1036,69,Random,4.981879287303488
1036,70,Random,4.981879287303488
1036,71,Random,4.981879287303488
1036,72,Random,4.981879287303488
1036,73,Random,4.981879287303488
1036,74,Random,4.981879287303488
1036,75,Random,4.981879287303488
1036,76,Random,4.981879287303488
1036,77,Random,4.981879287303488
1036,78,Random,4.981879287303488
1036,79,Random,4.981879287303488
1036,80,Random,4.981879287303488
1036,81,Random,4.981879287303488
1036,82,Random,4.981879287303488
1036,83,Random,4.981879287303488
1036,84,Random,4.981879287303488
1036,85,Random,4.981879287303488
1036,86,Random,4.981879287303488
1036,87,Random,4.981879287303488
1036,88,Random,4.981879287303488
1036,89,Random,4.981879287303488
1036,90,Random,4.981879287303488
1036,91,Random,4.981879287303488
1036,92,Random,4.981879287303488
1036,93,Random,4.981879287303488
1036,94,Random,4.981879287303488
1036,95,Random,4.981879287303488
1036,96,Random,4.981879287303488
1036,97,Random,4.981879287303488
1036,98,Random,4.981879287303488
1036,99,Random,4.981879287303488
1036,100,Random,4.981879287303488
1037,0,BASS-BO,4.759734002697319
1037,1,BASS-BO,4.759734002697319
1037,2,BASS-BO,4.759734002697319
1037,3,BASS-BO,4.759734002697319
1037,4,BASS-BO,4.759734002697319
1037,5,BASS-BO,4.759734002697319
1037,6,BASS-BO,4.759734002697319
1037,7,BASS-BO,4.759734002697319
1037,8,BASS-BO,4.759734002697319
1037,9,BASS-BO,4.759734002697319
1037,10,BASS-BO,4.759734002697319
1037,11,BASS-BO,4.759734002697319
1037,12,BASS-BO,4.759734002697319
1037,13,BASS-BO,4.759734002697319
1037,14,BASS-BO,4.759734002697319
1037,15,BASS-BO,4.759734002697319
1037,16,BASS-BO,4.759734002697319
1037,17,BASS-BO,4.759734002697319
1037,18,BASS-BO,4.7532791914074775
1037,19,BASS-BO,4.7532791914074775
1037,20,BASS-BO,4.7532791914074775
1037,21,BASS-BO,4.7532791914074775
1037,22,BASS-BO,4.7532791914074775
1037,23,BASS-BO,4.7532791914074775
1037,24,BASS-BO,4.7532791914074775
1037,25,BASS-BO,4.7532791914074775
1037,26,BASS-BO,4.7532791914074775
1037,27,BASS-BO,4.7532791914074775
1037,28,BASS-BO,4.7532791914074775
1037,29,BASS-BO,4.7532791914074775
1037,30,BASS-BO,4.7532791914074775
1037,31,BASS-BO,4.7532791914074775
1037,32,BASS-BO,4.7532791914074775
1037,33,BASS-BO,4.7532791914074775
1037,34,BASS-BO,4.7532791914074775
1037,35,BASS-BO,4.7532791914074775
1037,36,BASS-BO,4.7532791914074775
1037,37,BASS-BO,4.7532791914074775
1037,38,BASS-BO,4.7532791914074775
1037,39,BASS-BO,4.7532791914074775
1037,40,BASS-BO,4.7532791914074775
1037,41,BASS-BO,4.7532791914074775
1037,42,BASS-BO,4.7532791914074775
1037,43,BASS-BO,4.7532791914074775
1037,44,BASS-BO,4.7532791914074775
1037,45,BASS-BO,4.7532791914074775
1037,46,BASS-BO,4.753278954227417
1037,47,BASS-BO,4.753278954227417
1037,48,BASS-BO,4.753278954227417
1037,49,BASS-BO,4.753278954227417
1037,50,BASS-BO,4.753277518901935
1037,51,BASS-BO,4.753277518901935
1037,52,BASS-BO,4.753277518901935
1037,53,BASS-BO,4.753277518901935
1037,54,BASS-BO,4.753277518901935
1037,55,BASS-BO,4.753277518901935
1037,56,BASS-BO,4.753277518901935
1037,57,BASS-BO,4.753277518901935
1037,58,BASS-BO,4.753277518901935
1037,59,BASS-BO,4.753277518901935
1037,60,BASS-BO,4.753277518901935
1037,61,BASS-BO,4.753277518901935
1037,62,BASS-BO,4.7532765009670825
1037,63,BASS-BO,4.7532765009670825
1037,64,BASS-BO,4.7532765009670825
1037,65,BASS-BO,4.7532765009670825
1037,66,BASS-BO,4.7532765009670825
1037,67,BASS-BO,4.7532765009670825
1037,68,BASS-BO,4.7532765009670825
1037,69,BASS-BO,4.7532765009670825
1037,70,BASS-BO,4.7532765009670825
1037,71,BASS-BO,4.7532765009670825
1037,72,BASS-BO,4.7532765009670825
1037,73,BASS-BO,4.7532765009670825
1037,74,BASS-BO,4.7532765009670825
1037,75,BASS-BO,4.7532765009670825
1037,76,BASS-BO,4.7532765009670825
1037,77,BASS-BO,4.7532765009670825
1037,78,BASS-BO,4.7532765009670825
1037,79,BASS-BO,4.7532765009670825
1037,80,BASS-BO,4.753164613619038
1037,81,BASS-BO,4.753164613619038
1037,82,BASS-BO,4.753164613619038
1037,83,BASS-BO,4.753164613619038
1037,84,BASS-BO,4.753164613619038
1037,85,BASS-BO,4.753164613619038
1037,86,BASS-BO,4.753164613619038
1037,87,BASS-BO,4.753158672581282
1037,88,BASS-BO,4.753158672581282
1037,89,BASS-BO,4.753158672581282
1037,90,BASS-BO,4.753158672581282
1037,91,BASS-BO,4.753158672581282
1037,92,BASS-BO,4.753158672581282
1037,93,BASS-BO,4.753158672581282
1037,94,BASS-BO,4.753158672581282
1037,95,BASS-BO,4.753158672581282
1037,96,BASS-BO,4.753158672581282
1037,97,BASS-BO,4.753158672581282
1037,98,BASS-BO,4.753158672581282
1037,99,BASS-BO,4.753158672581282
1037,100,BASS-BO,4.753158672581282
1037,0,GP-BO,4.759734002697319
1037,1,GP-BO,4.759734002697319
1037,2,GP-BO,4.759734002697319
1037,3,GP-BO,4.759734002697319
1037,4,GP-BO,4.759734002697319
1037,5,GP-BO,4.759734002697319
1037,6,GP-BO,4.759734002697319
1037,7,GP-BO,4.759734002697319
1037,8,GP-BO,4.759734002697319
1037,9,GP-BO,4.759734002697319
1037,10,GP-BO,4.759734002697319
1037,11,GP-BO,4.759734002697319
1037,12,GP-BO,4.759734002697319
1037,13,GP-BO,4.759734002697319
1037,14,GP-BO,4.759734002697319
1037,15,GP-BO,4.759734002697319
1037,16,GP-BO,4.759734002697319
1037,17,GP-BO,4.759734002697319
1037,18,GP-BO,4.759734002697319
1037,19,GP-BO,4.759734002697319
1037,20,GP-BO,4.759734002697319
1037,21,GP-BO,4.759734002697319
1037,22,GP-BO,4.759734002697319
1037,23,GP-BO,4.759734002697319
1037,24,GP-BO,4.759734002697319
1037,25,GP-BO,4.759734002697319
1037,26,GP-BO,4.759734002697319
1037,27,GP-BO,4.759734002697319
1037,28,GP-BO,4.759734002697319
1037,29,GP-BO,4.759734002697319
1037,30,GP-BO,4.75968696314441
1037,31,GP-BO,4.75968696314441
1037,32,GP-BO,4.75968696314441
1037,33,GP-BO,4.75968696314441
1037,34,GP-BO,4.75968696314441
1037,35,GP-BO,4.759584095388659
1037,36,GP-BO,4.759584095388659
1037,37,GP-BO,4.759584095388659
1037,38,GP-BO,4.759584095388659
1037,39,GP-BO,4.759584095388659
1037,40,GP-BO,4.759584095388659
1037,41,GP-BO,4.7593274284951
1037,42,GP-BO,4.758828439885162
1037,43,GP-BO,4.758828439885162
1037,44,GP-BO,4.758828439885162
1037,45,GP-BO,4.758828439885162
1037,46,GP-BO,4.758828439885162
1037,47,GP-BO,4.758828439885162
1037,48,GP-BO,4.758828439885162
1037,49,GP-BO,4.758828439885162
1037,50,GP-BO,4.758828439885162
1037,51,GP-BO,4.758828439885162
1037,52,GP-BO,4.758828439885162
1037,53,GP-BO,4.758828439885162
1037,54,GP-BO,4.758828439885162
1037,55,GP-BO,4.758828439885162
1037,56,GP-BO,4.758828439885162
1037,57,GP-BO,4.758828439885162
1037,58,GP-BO,4.758609666758211
1037,59,GP-BO,4.758609666758211
1037,60,GP-BO,4.758508011100909
1037,61,GP-BO,4.758508011100909
1037,62,GP-BO,4.7583277836570845
1037,63,GP-BO,4.7583277836570845
1037,64,GP-BO,4.758262905594278
1037,65,GP-BO,4.758262905594278
1037,66,GP-BO,4.758163489433166
1037,67,GP-BO,4.758163489433166
1037,68,GP-BO,4.758106661853334
1037,69,GP-BO,4.758106661853334
1037,70,GP-BO,4.758048120928265
1037,71,GP-BO,4.758048120928265
1037,72,GP-BO,4.757996369268707
1037,73,GP-BO,4.757995972340018
1037,74,GP-BO,4.757970082353506
1037,75,GP-BO,4.757910814686728
1037,76,GP-BO,4.757910814686728
1037,77,GP-BO,4.757910814686728
1037,78,GP-BO,4.757820425995437
1037,79,GP-BO,4.757820425995437
1037,80,GP-BO,4.757770482452022
1037,81,GP-BO,4.757770482452022
1037,82,GP-BO,4.757752719480003
1037,83,GP-BO,4.757752719480003
1037,84,GP-BO,4.757752719480003
1037,85,GP-BO,4.757738632802659
1037,86,GP-BO,4.757721595226473
1037,87,GP-BO,4.757721595226473
1037,88,GP-BO,4.757675050956779
1037,89,GP-BO,4.757675050956779
1037,90,GP-BO,4.757675050956779
1037,91,GP-BO,4.757652842855689
1037,92,GP-BO,4.757652842855689
1037,93,GP-BO,4.757652842855689
1037,94,GP-BO,4.757652842855689
1037,95,GP-BO,4.757652842855689
1037,96,GP-BO,4.757652842855689
1037,97,GP-BO,4.757652842855689
1037,98,GP-BO,4.757638528203315
1037,99,GP-BO,4.75760987870218
1037,100,GP-BO,4.75758349446191
1037,0,Random,4.759734002697319
1037,1,Random,4.759734002697319
1037,2,Random,4.759734002697319
1037,3,Random,4.759734002697319
1037,4,Random,4.759734002697319
1037,5,Random,4.759734002697319
1037,6,Random,4.759734002697319
1037,7,Random,4.759734002697319
1037,8,Random,4.759734002697319
1037,9,Random,4.759734002697319
1037,10,Random,4.759734002697319
1037,11,Random,4.759734002697319
1037,12,Random,4.759734002697319
1037,13,Random,4.759734002697319
1037,14,Random,4.759734002697319
1037,15,Random,4.759734002697319
1037,16,Random,4.759734002697319
1037,17,Random,4.759734002697319
1037,18,Random,4.759734002697319
1037,19,Random,4.759734002697319
1037,20,Random,4.759734002697319
1037,21,Random,4.759734002697319
1037,22,Random,4.759734002697319
1037,23,Random,4.759734002697319
1037,24,Random,4.759734002697319
1037,25,Random,4.759734002697319
1037,26,Random,4.759734002697319
1037,27,Random,4.759734002697319
1037,28,Random,4.759734002697319
1037,29,Random,4.759734002697319
1037,30,Random,4.759734002697319
1037,31,Random,4.759734002697319
1037,32,Random,4.759734002697319
1037,33,Random,4.759734002697319
1037,34,Random,4.759734002697319
1037,35,Random,4.759734002697319
1037,36,Random,4.759734002697319
1037,37,Random,4.759734002697319
1037,38,Random,4.759734002697319
1037,39,Random,4.759734002697319
1037,40,Random,4.759734002697319
1037,41,Random,4.759734002697319
1037,42,Random,4.759734002697319
1037,43,Random,4.759734002697319
1037,44,Random,4.759734002697319
1037,45,Random,4.759734002697319
1037,46,Random,4.759734002697319
1037,47,Random,4.759734002697319
1037,48,Random,4.759734002697319
1037,49,Random,4.759734002697319
1037,50,Random,4.759734002697319
1037,51,Random,4.759734002697319
1037,52,Random,4.759734002697319
1037,53,Random,4.759718914561459
1037,54,Random,4.759718914561459
1037,55,Random,4.759718914561459
1037,56,Random,4.759718914561459
1037,57,Random,4.759718914561459
1037,58,Random,4.759718914561459
1037,59,Random,4.759718914561459
1037,60,Random,4.759718914561459
1037,61,Random,4.759718914561459
1037,62,Random,4.759718914561459
1037,63,Random,4.759718914561459
1037,64,Random,4.759718914561459
1037,65,Random,4.759718914561459
1037,66,Random,4.759718914561459
1037,67,Random,4.759718914561459
1037,68,Random,4.759718914561459
1037,69,Random,4.759339570874036
1037,70,Random,4.759339570874036
1037,71,Random,4.759339570874036
1037,72,Random,4.759339570874036
1037,73,Random,4.759339570874036
1037,74,Random,4.759339570874036
1037,75,Random,4.759339570874036
1037,76,Random,4.759339570874036
1037,77,Random,4.759339570874036
1037,78,Random,4.759339570874036
1037,79,Random,4.759339570874036
1037,80,Random,4.759339570874036
1037,81,Random,4.759339570874036
1037,82,Random,4.759339570874036
1037,83,Random,4.759339570874036
1037,84,Random,4.759339570874036
1037,85,Random,4.759339570874036
1037,86,Random,4.759339570874036
1037,87,Random,4.759339570874036
1037,88,Random,4.759339570874036
1037,89,Random,4.759339570874036
1037,90,Random,4.759339570874036
1037,91,Random,4.759339570874036
1037,92,Random,4.759339570874036
1037,93,Random,4.759339570874036
1037,94,Random,4.759339570874036
1037,95,Random,4.759339570874036
1037,96,Random,4.759339570874036
1037,97,Random,4.759339570874036
1037,98,Random,4.759339570874036
1037,99,Random,4.759339570874036
1037,100,Random,4.759339570874036
1038,0,BASS-BO,4.77677624957087
1038,1,BASS-BO,4.77677624957087
1038,2,BASS-BO,4.77677624957087
1038,3,BASS-BO,4.775688099079771
1038,4,BASS-BO,4.775688099079771
1038,5,BASS-BO,4.775688099079771
1038,6,BASS-BO,4.775688099079771
1038,7,BASS-BO,4.775688099079771
1038,8,BASS-BO,4.775688099079771
1038,9,BASS-BO,4.775688099079771
1038,10,BASS-BO,4.775688099079771
1038,11,BASS-BO,4.775688099079771
1038,12,BASS-BO,4.775688099079771
1038,13,BASS-BO,4.775688099079771
1038,14,BASS-BO,4.775688099079771
1038,15,BASS-BO,4.775688099079771
1038,16,BASS-BO,4.775688099079771
1038,17,BASS-BO,4.775688099079771
1038,18,BASS-BO,4.775688099079771
1038,19,BASS-BO,4.775688099079771
1038,20,BASS-BO,4.775688099079771
1038,21,BASS-BO,4.775688099079771
1038,22,BASS-BO,4.775688099079771
1038,23,BASS-BO,4.775688099079771
1038,24,BASS-BO,4.775571515654949
1038,25,BASS-BO,4.775571515654949
1038,26,BASS-BO,4.775571515654949
1038,27,BASS-BO,4.775571515654949
1038,28,BASS-BO,4.775571515654949
1038,29,BASS-BO,4.775571515654949
1038,30,BASS-BO,4.775571515654949
1038,31,BASS-BO,4.775571515654949
1038,32,BASS-BO,4.775571515654949
1038,33,BASS-BO,4.775571515654949
1038,34,BASS-BO,4.775571515654949
1038,35,BASS-BO,4.775571515654949
1038,36,BASS-BO,4.775571515654949
1038,37,BASS-BO,4.775571515654949
1038,38,BASS-BO,4.775571515654949
1038,39,BASS-BO,4.775571515654949
1038,40,BASS-BO,4.775571515654949
1038,41,BASS-BO,4.775571515654949
1038,42,BASS-BO,4.775571515654949
1038,43,BASS-BO,4.775571515654949
1038,44,BASS-BO,4.775571515654949
1038,45,BASS-BO,4.775571515654949
1038,46,BASS-BO,4.775571515654949
1038,47,BASS-BO,4.775564995374478
1038,48,BASS-BO,4.775564995374478
1038,49,BASS-BO,4.775564995374478
1038,50,BASS-BO,4.775564995374478
1038,51,BASS-BO,4.775564995374478
1038,52,BASS-BO,4.775564995374478
1038,53,BASS-BO,4.775564995374478
1038,54,BASS-BO,4.775564995374478
1038,55,BASS-BO,4.775564995374478
1038,56,BASS-BO,4.775564995374478
1038,57,BASS-BO,4.775564995374478
1038,58,BASS-BO,4.775564995374478
1038,59,BASS-BO,4.775564995374478
1038,60,BASS-BO,4.775564995374478
1038,61,BASS-BO,4.775564995374478
1038,62,BASS-BO,4.775564995374478
1038,63,BASS-BO,4.775564995374478
1038,64,BASS-BO,4.775564995374478
1038,65,BASS-BO,4.775564995374478
1038,66,BASS-BO,4.775564995374478
1038,67,BASS-BO,4.775564995374478
1038,68,BASS-BO,4.775564995374478
1038,69,BASS-BO,4.775564995374478
1038,70,BASS-BO,4.775564995374478
1038,71,BASS-BO,4.775564995374478
1038,72,BASS-BO,4.775564995374478
1038,73,BASS-BO,4.775564995374478
1038,74,BASS-BO,4.775564995374478
1038,75,BASS-BO,4.775564995374478
1038,76,BASS-BO,4.775564995374478
1038,77,BASS-BO,4.775564995374478
1038,78,BASS-BO,4.775564995374478
1038,79,BASS-BO,4.775564995374478
1038,80,BASS-BO,4.775564995374478
1038,81,BASS-BO,4.775564995374478
1038,82,BASS-BO,4.775564995374478
1038,83,BASS-BO,4.775564995374478
1038,84,BASS-BO,4.775564995374478
1038,85,BASS-BO,4.775564995374478
1038,86,BASS-BO,4.775564995374478
1038,87,BASS-BO,4.775564995374478
1038,88,BASS-BO,4.775564995374478
1038,89,BASS-BO,4.775564995374478
1038,90,BASS-BO,4.775564995374478
1038,91,BASS-BO,4.775564995374478
1038,92,BASS-BO,4.775564995374478
1038,93,BASS-BO,4.775564995374478
1038,94,BASS-BO,4.775564995374478
1038,95,BASS-BO,4.775564995374478
1038,96,BASS-BO,4.775564995374478
1038,97,BASS-BO,4.775564995374478
1038,98,BASS-BO,4.775564995374478
1038,99,BASS-BO,4.775564995374478
1038,100,BASS-BO,4.775564995374478
1038,0,GP-BO,4.77677624957087
1038,1,GP-BO,4.77677624957087
1038,2,GP-BO,4.77677624957087
1038,3,GP-BO,4.77677624957087
1038,4,GP-BO,4.77677624957087
1038,5,GP-BO,4.77677624957087
1038,6,GP-BO,4.77677624957087
1038,7,GP-BO,4.77677624957087
1038,8,GP-BO,4.77677624957087
1038,9,GP-BO,4.77677624957087
1038,10,GP-BO,4.77677624957087
1038,11,GP-BO,4.77677624957087
1038,12,GP-BO,4.77677624957087
1038,13,GP-BO,4.775694705276894
1038,14,GP-BO,4.775694705276894
1038,15,GP-BO,4.775694705276894
1038,16,GP-BO,4.775694705276894
1038,17,GP-BO,4.775694705276894
1038,18,GP-BO,4.775694705276894
1038,19,GP-BO,4.775694705276894
1038,20,GP-BO,4.7755324905489465
1038,21,GP-BO,4.7755324905489465
1038,22,GP-BO,4.7755324905489465
1038,23,GP-BO,4.7755324905489465
1038,24,GP-BO,4.7755324905489465
1038,25,GP-BO,4.7755324905489465
1038,26,GP-BO,4.7755324905489465
1038,27,GP-BO,4.7755324905489465
1038,28,GP-BO,4.7755324905489465
1038,29,GP-BO,4.7755324905489465
1038,30,GP-BO,4.7755324905489465
1038,31,GP-BO,4.7755324905489465
1038,32,GP-BO,4.7755324905489465
1038,33,GP-BO,4.7755324905489465
1038,34,GP-BO,4.7755324905489465
1038,35,GP-BO,4.7755324905489465
1038,36,GP-BO,4.7755324905489465
1038,37,GP-BO,4.7755324905489465
1038,38,GP-BO,4.7755324905489465
1038,39,GP-BO,4.7755324905489465
1038,40,GP-BO,4.7755324905489465
1038,41,GP-BO,4.7755324905489465
1038,42,GP-BO,4.7755324905489465
1038,43,GP-BO,4.7755324905489465
1038,44,GP-BO,4.7755324905489465
1038,45,GP-BO,4.7755324905489465
1038,46,GP-BO,4.7755324905489465
1038,47,GP-BO,4.7755324905489465
1038,48,GP-BO,4.7755324905489465
1038,49,GP-BO,4.7755324905489465
1038,50,GP-BO,4.7755324905489465
1038,51,GP-BO,4.7755324905489465
1038,52,GP-BO,4.7755324905489465
1038,53,GP-BO,4.7755324905489465
1038,54,GP-BO,4.7755324905489465
1038,55,GP-BO,4.7755324905489465
1038,56,GP-BO,4.7755324905489465
1038,57,GP-BO,4.7755324905489465
1038,58,GP-BO,4.7755324905489465
1038,59,GP-BO,4.7755324905489465
1038,60,GP-BO,4.7755324905489465
1038,61,GP-BO,4.7755324905489465
1038,62,GP-BO,4.7755324905489465
1038,63,GP-BO,4.7755324905489465
1038,64,GP-BO,4.7755324905489465
1038,65,GP-BO,4.7755324905489465
1038,66,GP-BO,4.7755324905489465
1038,67,GP-BO,4.7755324905489465
1038,68,GP-BO,4.7755324905489465
1038,69,GP-BO,4.775527537421006
1038,70,GP-BO,4.775527537421006
1038,71,GP-BO,4.775527537421006
1038,72,GP-BO,4.775527537421006
1038,73,GP-BO,4.775513717991217
1038,74,GP-BO,4.775513717991217
1038,75,GP-BO,4.775513717991217
1038,76,GP-BO,4.775513717991217
1038,77,GP-BO,4.775513717991217
1038,78,GP-BO,4.775513717991217
1038,79,GP-BO,4.775513717991217
1038,80,GP-BO,4.775513717991217
1038,81,GP-BO,4.775513717991217
1038,82,GP-BO,4.775513717991217
1038,83,GP-BO,4.775513717991217
1038,84,GP-BO,4.775513717991217
1038,85,GP-BO,4.775513717991217
1038,86,GP-BO,4.775513717991217
1038,87,GP-BO,4.775513717991217
1038,88,GP-BO,4.775513717991217
1038,89,GP-BO,4.775513717991217
1038,90,GP-BO,4.775513717991217
1038,91,GP-BO,4.775513717991217
1038,92,GP-BO,4.775513717991217
1038,93,GP-BO,4.775513717991217
1038,94,GP-BO,4.775513717991217
1038,95,GP-BO,4.775513717991217
1038,96,GP-BO,4.775513717991217
1038,97,GP-BO,4.775513717991217
1038,98,GP-BO,4.775513717991217
1038,99,GP-BO,4.775513717991217
1038,100,GP-BO,4.775513717991217
1038,0,Random,4.77677624957087
1038,1,Random,4.77677624957087
1038,2,Random,4.77677624957087
1038,3,Random,4.77677624957087
1038,4,Random,4.77677624957087
1038,5,Random,4.77677624957087
1038,6,Random,4.77677624957087
1038,7,Random,4.77677624957087
1038,8,Random,4.77677624957087
1038,9,Random,4.77677624957087
1038,10,Random,4.77677624957087
1038,11,Random,4.77677624957087
1038,12,Random,4.77677624957087
1038,13,Random,4.77677624957087
1038,14,Random,4.77677624957087
1038,15,Random,4.77677624957087
1038,16,Random,4.77677624957087
1038,17,Random,4.776247812220869
1038,18,Random,4.776247812220869
1038,19,Random,4.776247812220869
1038,20,Random,4.776247812220869
1038,21,Random,4.776247812220869
1038,22,Random,4.776247812220869
1038,23,Random,4.776247812220869
1038,24,Random,4.776247812220869
1038,25,Random,4.776247812220869
1038,26,Random,4.776247812220869
1038,27,Random,4.776247812220869
1038,28,Random,4.776247812220869
1038,29,Random,4.776247812220869
1038,30,Random,4.776247812220869
1038,31,Random,4.776247812220869
1038,32,Random,4.776247812220869
1038,33,Random,4.776247812220869
1038,34,Random,4.776247812220869
1038,35,Random,4.776247812220869
1038,36,Random,4.776247812220869
1038,37,Random,4.776247812220869
1038,38,Random,4.776247812220869
1038,39,Random,4.776247812220869
1038,40,Random,4.776247812220869
1038,41,Random,4.776247812220869
1038,42,Random,4.776247812220869
1038,43,Random,4.776247812220869
1038,44,Random,4.776247812220869
1038,45,Random,4.776247812220869
1038,46,Random,4.776247812220869
1038,47,Random,4.776247812220869
1038,48,Random,4.776247812220869
1038,49,Random,4.776247812220869
1038,50,Random,4.776247812220869
1038,51,Random,4.776247812220869
1038,52,Random,4.776247812220869
1038,53,Random,4.776247812220869
1038,54,Random,4.776247812220869
1038,55,Random,4.776247812220869
1038,56,Random,4.776247812220869
1038,57,Random,4.776247812220869
1038,58,Random,4.776247812220869
1038,59,Random,4.776247812220869
1038,60,Random,4.776247812220869
1038,61,Random,4.776247812220869
1038,62,Random,4.776247812220869
1038,63,Random,4.776247812220869
1038,64,Random,4.776247812220869
1038,65,Random,4.776247812220869
1038,66,Random,4.776247812220869
1038,67,Random,4.776247812220869
1038,68,Random,4.776247812220869
1038,69,Random,4.776247812220869
1038,70,Random,4.776247812220869
1038,71,Random,4.776247812220869
1038,72,Random,4.776247812220869
1038,73,Random,4.776247812220869
1038,74,Random,4.776247812220869
1038,75,Random,4.776247812220869
1038,76,Random,4.776247812220869
1038,77,Random,4.776247812220869
1038,78,Random,4.776247812220869
1038,79,Random,4.776247812220869
1038,80,Random,4.776247812220869
1038,81,Random,4.776247812220869
1038,82,Random,4.776247812220869
1038,83,Random,4.776247812220869
1038,84,Random,4.776247812220869
1038,85,Random,4.776247812220869
1038,86,Random,4.776247812220869
1038,87,Random,4.776247812220869
1038,88,Random,4.776247812220869
1038,89,Random,4.776247812220869
1038,90,Random,4.776247812220869
1038,91,Random,4.776247812220869
1038,92,Random,4.776247812220869
1038,93,Random,4.776247812220869
1038,94,Random,4.776247812220869
1038,95,Random,4.776247812220869
1038,96,Random,4.776247812220869
1038,97,Random,4.776247812220869
1038,98,Random,4.776247812220869
1038,99,Random,4.776247812220869
1038,100,Random,4.776247812220869
1039,0,BASS-BO,5.048264205434747
1039,1,BASS-BO,5.048264205434747
1039,2,BASS-BO,5.048264205434747
1039,3,BASS-BO,5.048264205434747
1039,4,BASS-BO,5.048264205434747
1039,5,BASS-BO,5.048264205434747
1039,6,BASS-BO,5.048264205434747
1039,7,BASS-BO,5.045633877816037
1039,8,BASS-BO,5.045633877816037
1039,9,BASS-BO,5.045633877816037
1039,10,BASS-BO,5.045633877816037
1039,11,BASS-BO,5.044569811440031
1039,12,BASS-BO,5.044569811440031
1039,13,BASS-BO,5.044569811440031
1039,14,BASS-BO,5.044569811440031
1039,15,BASS-BO,5.044565603192579
1039,16,BASS-BO,5.044543744366602
1039,17,BASS-BO,5.044543744366602
1039,18,BASS-BO,5.044543744366602
1039,19,BASS-BO,5.044543744366602
1039,20,BASS-BO,5.044543744366602
1039,21,BASS-BO,5.044543744366602
1039,22,BASS-BO,5.044543557127788
1039,23,BASS-BO,5.044543557127788
1039,24,BASS-BO,5.044543557127788
1039,25,BASS-BO,5.044543557127788
1039,26,BASS-BO,5.044543557127788
1039,27,BASS-BO,5.044543557127788
1039,28,BASS-BO,5.044543557127788
1039,29,BASS-BO,5.044543557127788
1039,30,BASS-BO,5.044543557127788
1039,31,BASS-BO,5.044543557127788
1039,32,BASS-BO,5.044543557127788
1039,33,BASS-BO,5.044543557127788
1039,34,BASS-BO,5.044529925739537
1039,35,BASS-BO,5.044529925739537
1039,36,BASS-BO,5.044529925739537
1039,37,BASS-BO,5.044529925739537
1039,38,BASS-BO,5.044529925739537
1039,39,BASS-BO,5.044529925739537
1039,40,BASS-BO,5.044529925739537
1039,41,BASS-BO,5.044529925739537
1039,42,BASS-BO,5.044524889594909
1039,43,BASS-BO,5.044524889594909
1039,44,BASS-BO,5.044524889594909
1039,45,BASS-BO,5.0429882144511975
1039,46,BASS-BO,5.0429882144511975
1039,47,BASS-BO,5.0429882144511975
1039,48,BASS-BO,5.0429882144511975
1039,49,BASS-BO,5.042987314759834
1039,50,BASS-BO,5.042987314759834
1039,51,BASS-BO,5.042987314759834
1039,52,BASS-BO,5.042987314759834
1039,53,BASS-BO,5.042987314759834
1039,54,BASS-BO,5.042987314759834
1039,55,BASS-BO,5.042987314759834
1039,56,BASS-BO,5.042987314759834
1039,57,BASS-BO,5.042987314759834
1039,58,BASS-BO,5.042987314759834
1039,59,BASS-BO,5.042987314759834
1039,60,BASS-BO,5.042987314759834
1039,61,BASS-BO,5.042987314759834
1039,62,BASS-BO,5.042987314759834
1039,63,BASS-BO,5.042987314759834
1039,64,BASS-BO,5.042987314759834
1039,65,BASS-BO,5.042987314759834
1039,66,BASS-BO,5.042987314759834
1039,67,BASS-BO,5.042987314759834
1039,68,BASS-BO,5.042987314759834
1039,69,BASS-BO,5.042987314759834
1039,70,BASS-BO,5.042987314759834
1039,71,BASS-BO,5.042987314759834
1039,72,BASS-BO,5.042987314759834
1039,73,BASS-BO,5.042987314759834
1039,74,BASS-BO,5.042987314759834
1039,75,BASS-BO,5.042987314759834
1039,76,BASS-BO,5.042987314759834
1039,77,BASS-BO,5.042987314759834
1039,78,BASS-BO,5.042987314759834
1039,79,BASS-BO,5.042987314759834
1039,80,BASS-BO,5.042987314759834
1039,81,BASS-BO,5.042987314759834
1039,82,BASS-BO,5.042987314759834
1039,83,BASS-BO,5.042987314759834
1039,84,BASS-BO,5.042987314759834
1039,85,BASS-BO,5.042987314759834
1039,86,BASS-BO,5.042987314759834
1039,87,BASS-BO,5.042987314759834
1039,88,BASS-BO,5.042987314759834
1039,89,BASS-BO,5.042987314759834
1039,90,BASS-BO,5.042987314759834
1039,91,BASS-BO,5.042987314759834
1039,92,BASS-BO,5.042987314759834
1039,93,BASS-BO,5.042987314759834
1039,94,BASS-BO,5.042987314759834
1039,95,BASS-BO,5.042987314759834
1039,96,BASS-BO,5.042987314759834
1039,97,BASS-BO,5.042987314759834
1039,98,BASS-BO,5.042987314759834
1039,99,BASS-BO,5.042987314759834
1039,100,BASS-BO,5.042987314759834
1039,0,GP-BO,5.048264205434747
1039,1,GP-BO,5.048264205434747
1039,2,GP-BO,5.045700674384155
1039,3,GP-BO,5.045700674384155
1039,4,GP-BO,5.045700674384155
1039,5,GP-BO,5.045700674384155
1039,6,GP-BO,5.045700674384155
1039,7,GP-BO,5.045700674384155
1039,8,GP-BO,5.045700674384155
1039,9,GP-BO,5.045700674384155
1039,10,GP-BO,5.045700674384155
1039,11,GP-BO,5.045700674384155
1039,12,GP-BO,5.045700674384155
1039,13,GP-BO,5.045700674384155
1039,14,GP-BO,5.045700674384155
1039,15,GP-BO,5.045700674384155
1039,16,GP-BO,5.045700674384155
1039,17,GP-BO,5.045700674384155
1039,18,GP-BO,5.045700674384155
1039,19,GP-BO,5.045700674384155
1039,20,GP-BO,5.045700674384155
1039,21,GP-BO,5.045700674384155
1039,22,GP-BO,5.045700674384155
1039,23,GP-BO,5.045700674384155
1039,24,GP-BO,5.045700674384155
1039,25,GP-BO,5.045700674384155
1039,26,GP-BO,5.045700674384155
1039,27,GP-BO,5.045700674384155
1039,28,GP-BO,5.045700674384155
1039,29,GP-BO,5.045700674384155
1039,30,GP-BO,5.045700674384155
1039,31,GP-BO,5.045700674384155
1039,32,GP-BO,5.045700674384155
1039,33,GP-BO,5.045700674384155
1039,34,GP-BO,5.045505830252986
1039,35,GP-BO,5.045505830252986
1039,36,GP-BO,5.045505830252986
1039,37,GP-BO,5.045472638799967
1039,38,GP-BO,5.045472638799967
1039,39,GP-BO,5.045472638799967
1039,40,GP-BO,5.045472638799967
1039,41,GP-BO,5.045472638799967
1039,42,GP-BO,5.045472638799967
1039,43,GP-BO,5.045472638799967
1039,44,GP-BO,5.045472638799967
1039,45,GP-BO,5.045472638799967
1039,46,GP-BO,5.045472638799967
1039,47,GP-BO,5.045472638799967
1039,48,GP-BO,5.045472638799967
1039,49,GP-BO,5.045472638799967
1039,50,GP-BO,5.045472638799967
1039,51,GP-BO,5.045472638799967
1039,52,GP-BO,5.045472638799967
1039,53,GP-BO,5.045472638799967
1039,54,GP-BO,5.045472638799967
1039,55,GP-BO,5.045472638799967
1039,56,GP-BO,5.045472638799967
1039,57,GP-BO,5.045472638799967
1039,58,GP-BO,5.045324716959444
1039,59,GP-BO,5.045324716959444
1039,60,GP-BO,5.045221105502917
1039,61,GP-BO,5.045221105502917
1039,62,GP-BO,5.045136624412987
1039,63,GP-BO,5.045136624412987
1039,64,GP-BO,5.044621251197299
1039,65,GP-BO,5.044621251197299
1039,66,GP-BO,5.044621251197299
1039,67,GP-BO,5.044486552859103
1039,68,GP-BO,5.044486552859103
1039,69,GP-BO,5.0444231347377215
1039,70,GP-BO,5.0444231347377215
1039,71,GP-BO,5.044365122736342
1039,72,GP-BO,5.044359782371194
1039,73,GP-BO,5.044359782371194
1039,74,GP-BO,5.044296880226349
1039,75,GP-BO,5.044296880226349
1039,76,GP-BO,5.044183526984082
1039,77,GP-BO,5.044183526984082
1039,78,GP-BO,5.044169921599532
1039,79,GP-BO,5.044169921599532
1039,80,GP-BO,5.044169921599532
1039,81,GP-BO,5.044169921599532
1039,82,GP-BO,5.044169921599532
1039,83,GP-BO,5.044169921599532
1039,84,GP-BO,5.044169921599532
1039,85,GP-BO,5.044169921599532
1039,86,GP-BO,5.044169921599532
1039,87,GP-BO,5.044169921599532
1039,88,GP-BO,5.044169921599532
1039,89,GP-BO,5.044169921599532
1039,90,GP-BO,5.044169921599532
1039,91,GP-BO,5.044004172584536
1039,92,GP-BO,5.044004172584536
1039,93,GP-BO,5.043931325017055
1039,94,GP-BO,5.043931325017055
1039,95,GP-BO,5.043823989863844
1039,96,GP-BO,5.043823989863844
1039,97,GP-BO,5.043662653057998
1039,98,GP-BO,5.043662653057998
1039,99,GP-BO,5.043504463947793
1039,100,GP-BO,5.043504463947793
1039,0,Random,5.048264205434747
1039,1,Random,5.048264205434747
1039,2,Random,5.048264205434747
1039,3,Random,5.048264205434747
1039,4,Random,5.048264205434747
1039,5,Random,5.048264205434747
1039,6,Random,5.048264205434747
1039,7,Random,5.048264205434747
1039,8,Random,5.048264205434747
1039,9,Random,5.048264205434747
1039,10,Random,5.048264205434747
1039,11,Random,5.048264205434747
1039,12,Random,5.048264205434747
1039,13,Random,5.048264205434747
1039,14,Random,5.048264205434747
1039,15,Random,5.048264205434747
1039,16,Random,5.048264205434747
1039,17,Random,5.048264205434747
1039,18,Random,5.048264205434747
1039,19,Random,5.048264205434747
1039,20,Random,5.048264205434747
1039,21,Random,5.048264205434747
1039,22,Random,5.0459131242511726
1039,23,Random,5.0459131242511726
1039,24,Random,5.0459131242511726
1039,25,Random,5.0459131242511726
1039,26,Random,5.0459131242511726
1039,27,Random,5.0459131242511726
1039,28,Random,5.0459131242511726
1039,29,Random,5.0459131242511726
1039,30,Random,5.0459131242511726
1039,31,Random,5.0459131242511726
1039,32,Random,5.0459131242511726
1039,33,Random,5.0459131242511726
1039,34,Random,5.0459131242511726
1039,35,Random,5.0459131242511726
1039,36,Random,5.0459131242511726
1039,37,Random,5.0459131242511726
1039,38,Random,5.0459131242511726
1039,39,Random,5.0459131242511726
1039,40,Random,5.0459131242511726
1039,41,Random,5.0459131242511726
1039,42,Random,5.0459131242511726
1039,43,Random,5.0459131242511726
1039,44,Random,5.0459131242511726
1039,45,Random,5.0459131242511726
1039,46,Random,5.0459131242511726
1039,47,Random,5.0459131242511726
1039,48,Random,5.0459131242511726
1039,49,Random,5.0459131242511726
1039,50,Random,5.0459131242511726
1039,51,Random,5.0459131242511726
1039,52,Random,5.0459131242511726
1039,53,Random,5.0459131242511726
1039,54,Random,5.0459131242511726
1039,55,Random,5.0459131242511726
1039,56,Random,5.0459131242511726
1039,57,Random,5.0459131242511726
1039,58,Random,5.0459131242511726
1039,59,Random,5.0459131242511726
1039,60,Random,5.0459131242511726
1039,61,Random,5.0459131242511726
1039,62,Random,5.0459131242511726
1039,63,Random,5.0459131242511726
1039,64,Random,5.0459131242511726
1039,65,Random,5.0459131242511726
1039,66,Random,5.0459131242511726
1039,67,Random,5.0459131242511726
1039,68,Random,5.0459131242511726
1039,69,Random,5.0459131242511726
1039,70,Random,5.0459131242511726
1039,71,Random,5.0459131242511726
1039,72,Random,5.0459131242511726
1039,73,Random,5.0459131242511726
1039,74,Random,5.0459131242511726
1039,75,Random,5.0459131242511726
1039,76,Random,5.0459131242511726
1039,77,Random,5.0459131242511726
1039,78,Random,5.0459131242511726
1039,79,Random,5.0459131242511726
1039,80,Random,5.0459131242511726
1039,81,Random,5.0459131242511726
1039,82,Random,5.0459131242511726
1039,83,Random,5.0459131242511726
1039,84,Random,5.0459131242511726
1039,85,Random,5.0459131242511726
1039,86,Random,5.0459131242511726
1039,87,Random,5.0459131242511726
1039,88,Random,5.0459131242511726
1039,89,Random,5.0459131242511726
1039,90,Random,5.0459131242511726
1039,91,Random,5.0459131242511726
1039,92,Random,5.0459131242511726
1039,93,Random,5.0459131242511726
1039,94,Random,5.0459131242511726
1039,95,Random,5.0459131242511726
1039,96,Random,5.0459131242511726
1039,97,Random,5.0459131242511726
1039,98,Random,5.0459131242511726
1039,99,Random,5.0459131242511726
1039,100,Random,5.0459131242511726
1040,0,BASS-BO,4.9988979339767265
1040,1,BASS-BO,4.9988979339767265
1040,2,BASS-BO,4.9988979339767265
1040,3,BASS-BO,4.9988979339767265
1040,4,BASS-BO,4.9988979339767265
1040,5,BASS-BO,4.9988979339767265
1040,6,BASS-BO,4.9988979339767265
1040,7,BASS-BO,4.9988979339767265
1040,8,BASS-BO,4.998059176907644
1040,9,BASS-BO,4.998059176907644
1040,10,BASS-BO,4.998059176907644
1040,11,BASS-BO,4.998059176907644
1040,12,BASS-BO,4.998059176907644
1040,13,BASS-BO,4.998059176907644
1040,14,BASS-BO,4.998059176907644
1040,15,BASS-BO,4.998059176907644
1040,16,BASS-BO,4.997503002637543
1040,17,BASS-BO,4.997503002637543
1040,18,BASS-BO,4.997503002637543
1040,19,BASS-BO,4.997497929256041
1040,20,BASS-BO,4.997497929256041
1040,21,BASS-BO,4.997497929256041
1040,22,BASS-BO,4.997497929256041
1040,23,BASS-BO,4.997497929256041
1040,24,BASS-BO,4.997497929256041
1040,25,BASS-BO,4.997497929256041
1040,26,BASS-BO,4.997497929256041
1040,27,BASS-BO,4.997497929256041
1040,28,BASS-BO,4.997497929256041
1040,29,BASS-BO,4.997497929256041
1040,30,BASS-BO,4.997497929256041
1040,31,BASS-BO,4.997497929256041
1040,32,BASS-BO,4.997497929256041
1040,33,BASS-BO,4.997497929256041
1040,34,BASS-BO,4.997497929256041
1040,35,BASS-BO,4.997497929256041
1040,36,BASS-BO,4.997497929256041
1040,37,BASS-BO,4.997375384566393
1040,38,BASS-BO,4.997375384566393
1040,39,BASS-BO,4.997070958162579
1040,40,BASS-BO,4.997070958162579
1040,41,BASS-BO,4.997070958162579
1040,42,BASS-BO,4.997070958162579
1040,43,BASS-BO,4.997070958162579
1040,44,BASS-BO,4.997070958162579
1040,45,BASS-BO,4.997070958162579
1040,46,BASS-BO,4.997070958162579
1040,47,BASS-BO,4.997070958162579
1040,48,BASS-BO,4.997070944725882
1040,49,BASS-BO,4.997070944725882
1040,50,BASS-BO,4.997070944725882
1040,51,BASS-BO,4.997070944725882
1040,52,BASS-BO,4.997070944725882
1040,53,BASS-BO,4.997070944725882
1040,54,BASS-BO,4.997070944725882
1040,55,BASS-BO,4.997070944725882
1040,56,BASS-BO,4.997070944725882
1040,57,BASS-BO,4.997070944725882
1040,58,BASS-BO,4.997070944725882
1040,59,BASS-BO,4.997070944725882
1040,60,BASS-BO,4.997070944725882
1040,61,BASS-BO,4.997070944725882
1040,62,BASS-BO,4.997070944725882
1040,63,BASS-BO,4.997070944725882
1040,64,BASS-BO,4.997070944725882
1040,65,BASS-BO,4.997070944725882
1040,66,BASS-BO,4.997070944725882
1040,67,BASS-BO,4.997070944725882
1040,68,BASS-BO,4.997070944725882
1040,69,BASS-BO,4.997070944725882
1040,70,BASS-BO,4.997070944725882
1040,71,BASS-BO,4.997070944725882
1040,72,BASS-BO,4.997070944725882
1040,73,BASS-BO,4.997070944725882
1040,74,BASS-BO,4.997070943041849
1040,75,BASS-BO,4.997070943041849
1040,76,BASS-BO,4.997070943041849
1040,77,BASS-BO,4.997070943041849
1040,78,BASS-BO,4.997070943041849
1040,79,BASS-BO,4.997070943041849
1040,80,BASS-BO,4.997070943041849
1040,81,BASS-BO,4.997070943041849
1040,82,BASS-BO,4.997070943041849
1040,83,BASS-BO,4.997070943041849
1040,84,BASS-BO,4.997070943041849
1040,85,BASS-BO,4.997070943041849
1040,86,BASS-BO,4.997070943041849
1040,87,BASS-BO,4.997070943041849
1040,88,BASS-BO,4.997070943041849
1040,89,BASS-BO,4.997070943041849
1040,90,BASS-BO,4.997070943041849
1040,91,BASS-BO,4.997070943041849
1040,92,BASS-BO,4.997070943041849
1040,93,BASS-BO,4.997070943041849
1040,94,BASS-BO,4.997070943041849
1040,95,BASS-BO,4.997070943041849
1040,96,BASS-BO,4.997070943041849
1040,97,BASS-BO,4.997070943041849
1040,98,BASS-BO,4.997070943041849
1040,99,BASS-BO,4.997070943041849
1040,100,BASS-BO,4.997070943041849
1040,0,GP-BO,4.9988979339767265
1040,1,GP-BO,4.9988979339767265
1040,2,GP-BO,4.9988979339767265
1040,3,GP-BO,4.9988979339767265
1040,4,GP-BO,4.997231409496004
1040,5,GP-BO,4.997231409496004
1040,6,GP-BO,4.997231409496004
1040,7,GP-BO,4.997231409496004
1040,8,GP-BO,4.997231409496004
1040,9,GP-BO,4.997231409496004
1040,10,GP-BO,4.997231409496004
1040,11,GP-BO,4.997231409496004
1040,12,GP-BO,4.997231409496004
1040,13,GP-BO,4.997231409496004
1040,14,GP-BO,4.997231409496004
1040,15,GP-BO,4.997231409496004
1040,16,GP-BO,4.997075820931409
1040,17,GP-BO,4.997075820931409
1040,18,GP-BO,4.997075820931409
1040,19,GP-BO,4.997075820931409
1040,20,GP-BO,4.997075820931409
1040,21,GP-BO,4.997075820931409
1040,22,GP-BO,4.997075820931409
1040,23,GP-BO,4.997075820931409
1040,24,GP-BO,4.997075820931409
1040,25,GP-BO,4.997075820931409
1040,26,GP-BO,4.997075820931409
1040,27,GP-BO,4.997075820931409
1040,28,GP-BO,4.997075820931409
1040,29,GP-BO,4.997075820931409
1040,30,GP-BO,4.997075820931409
1040,31,GP-BO,4.997075820931409
1040,32,GP-BO,4.997075820931409
1040,33,GP-BO,4.997075820931409
1040,34,GP-BO,4.997075820931409
1040,35,GP-BO,4.997075820931409
1040,36,GP-BO,4.997075820931409
1040,37,GP-BO,4.997075820931409
1040,38,GP-BO,4.997075820931409
1040,39,GP-BO,4.997075820931409
1040,40,GP-BO,4.997075820931409
1040,41,GP-BO,4.997075820931409
1040,42,GP-BO,4.997075820931409
1040,43,GP-BO,4.997075820931409
1040,44,GP-BO,4.997075820931409
1040,45,GP-BO,4.997075820931409
1040,46,GP-BO,4.997075820931409
1040,47,GP-BO,4.997075820931409
1040,48,GP-BO,4.997075820931409
1040,49,GP-BO,4.997075820931409
1040,50,GP-BO,4.997075820931409
1040,51,GP-BO,4.997075820931409
1040,52,GP-BO,4.997075820931409
1040,53,GP-BO,4.997075820931409
1040,54,GP-BO,4.997075820931409
1040,55,GP-BO,4.997075820931409
1040,56,GP-BO,4.997075820931409
1040,57,GP-BO,4.997075820931409
1040,58,GP-BO,4.997075820931409
1040,59,GP-BO,4.997075820931409
1040,60,GP-BO,4.997075820931409
1040,61,GP-BO,4.997075820931409
1040,62,GP-BO,4.997075820931409
1040,63,GP-BO,4.997075820931409
1040,64,GP-BO,4.997075820931409
1040,65,GP-BO,4.997075820931409
1040,66,GP-BO,4.997075820931409
1040,67,GP-BO,4.997075820931409
1040,68,GP-BO,4.997075820931409
1040,69,GP-BO,4.997075820931409
1040,70,GP-BO,4.997075820931409
1040,71,GP-BO,4.997075820931409
1040,72,GP-BO,4.997075820931409
1040,73,GP-BO,4.997075820931409
1040,74,GP-BO,4.997075820931409
1040,75,GP-BO,4.997075820931409
1040,76,GP-BO,4.997075820931409
1040,77,GP-BO,4.997075820931409
1040,78,GP-BO,4.997075820931409
1040,79,GP-BO,4.997075820931409
1040,80,GP-BO,4.997075820931409
1040,81,GP-BO,4.997075820931409
1040,82,GP-BO,4.997075820931409
1040,83,GP-BO,4.997075820931409
1040,84,GP-BO,4.997075820931409
1040,85,GP-BO,4.997075820931409
1040,86,GP-BO,4.997075820931409
1040,87,GP-BO,4.997075820931409
1040,88,GP-BO,4.997075820931409
1040,89,GP-BO,4.997075820931409
1040,90,GP-BO,4.997075820931409
1040,91,GP-BO,4.997075820931409
1040,92,GP-BO,4.997075820931409
1040,93,GP-BO,4.997075820931409
1040,94,GP-BO,4.997075820931409
1040,95,GP-BO,4.997075820931409
1040,96,GP-BO,4.997075820931409
1040,97,GP-BO,4.997075820931409
1040,98,GP-BO,4.997075820931409
1040,99,GP-BO,4.997075820931409
1040,100,GP-BO,4.997075820931409
1040,0,Random,4.9988979339767265
1040,1,Random,4.9988979339767265
1040,2,Random,4.9988979339767265
1040,3,Random,4.9988979339767265
1040,4,Random,4.9988979339767265
1040,5,Random,4.9988979339767265
1040,6,Random,4.9988979339767265
1040,7,Random,4.9988979339767265
1040,8,Random,4.9988979339767265
1040,9,Random,4.9988979339767265
1040,10,Random,4.9988979339767265
1040,11,Random,4.9988979339767265
1040,12,Random,4.9988979339767265
1040,13,Random,4.9988979339767265
1040,14,Random,4.9988979339767265
1040,15,Random,4.9988979339767265
1040,16,Random,4.9988979339767265
1040,17,Random,4.9988979339767265
1040,18,Random,4.9988979339767265
1040,19,Random,4.9988979339767265
1040,20,Random,4.9988979339767265
1040,21,Random,4.998135624761763
1040,22,Random,4.998135624761763
1040,23,Random,4.998135624761763
1040,24,Random,4.998135624761763
1040,25,Random,4.998135624761763
1040,26,Random,4.998135624761763
1040,27,Random,4.998135624761763
1040,28,Random,4.998135624761763
1040,29,Random,4.998135624761763
1040,30,Random,4.998135624761763
1040,31,Random,4.998135624761763
1040,32,Random,4.998135624761763
1040,33,Random,4.998135624761763
1040,34,Random,4.998135624761763
1040,35,Random,4.998135624761763
1040,36,Random,4.998135624761763
1040,37,Random,4.998135624761763
1040,38,Random,4.998135624761763
1040,39,Random,4.998135624761763
1040,40,Random,4.998135624761763
1040,41,Random,4.998135624761763
1040,42,Random,4.998135624761763
1040,43,Random,4.998135624761763
1040,44,Random,4.998135624761763
1040,45,Random,4.998135624761763
1040,46,Random,4.998135624761763
1040,47,Random,4.998135624761763
1040,48,Random,4.998135624761763
1040,49,Random,4.998135624761763
1040,50,Random,4.998135624761763
1040,51,Random,4.998135624761763
1040,52,Random,4.998135624761763
1040,53,Random,4.998135624761763
1040,54,Random,4.998135624761763
1040,55,Random,4.998135624761763
1040,56,Random,4.998135624761763
1040,57,Random,4.998135624761763
1040,58,Random,4.998135624761763
1040,59,Random,4.998135624761763
1040,60,Random,4.998135624761763
1040,61,Random,4.998135624761763
1040,62,Random,4.998135624761763
1040,63,Random,4.998135624761763
1040,64,Random,4.998135624761763
1040,65,Random,4.998135624761763
1040,66,Random,4.998135624761763
1040,67,Random,4.998135624761763
1040,68,Random,4.998135624761763
1040,69,Random,4.998135624761763
1040,70,Random,4.998135624761763
1040,71,Random,4.998135624761763
1040,72,Random,4.998135624761763
1040,73,Random,4.998135624761763
1040,74,Random,4.998135624761763
1040,75,Random,4.998135624761763
1040,76,Random,4.998135624761763
1040,77,Random,4.998135624761763
1040,78,Random,4.998135624761763
1040,79,Random,4.998135624761763
1040,80,Random,4.998135624761763
1040,81,Random,4.998135624761763
1040,82,Random,4.998135624761763
1040,83,Random,4.998135624761763
1040,84,Random,4.998042377792508
1040,85,Random,4.998042377792508
1040,86,Random,4.998042377792508
1040,87,Random,4.998042377792508
1040,88,Random,4.998042377792508
1040,89,Random,4.998042377792508
1040,90,Random,4.998042377792508
1040,91,Random,4.998042377792508
1040,92,Random,4.998042377792508
1040,93,Random,4.998042377792508
1040,94,Random,4.998042377792508
1040,95,Random,4.998042377792508
1040,96,Random,4.998042377792508
1040,97,Random,4.998042377792508
1040,98,Random,4.998042377792508
1040,99,Random,4.998042377792508
1040,100,Random,4.998042377792508
1041,0,BASS-BO,4.948586701018657
1041,1,BASS-BO,4.948586701018657
1041,2,BASS-BO,4.948586701018657
1041,3,BASS-BO,4.948586701018657
1041,4,BASS-BO,4.948586701018657
1041,5,BASS-BO,4.948586701018657
1041,6,BASS-BO,4.948586701018657
1041,7,BASS-BO,4.948586701018657
1041,8,BASS-BO,4.948586701018657
1041,9,BASS-BO,4.948586701018657
1041,10,BASS-BO,4.948586701018657
1041,11,BASS-BO,4.948586701018657
1041,12,BASS-BO,4.948586701018657
1041,13,BASS-BO,4.948586701018657
1041,14,BASS-BO,4.948586701018657
1041,15,BASS-BO,4.948586701018657
1041,16,BASS-BO,4.9425066226990495
1041,17,BASS-BO,4.9425066226990495
1041,18,BASS-BO,4.9425066226990495
1041,19,BASS-BO,4.942400313154737
1041,20,BASS-BO,4.942400313154737
1041,21,BASS-BO,4.942400313154737
1041,22,BASS-BO,4.942400313154737
1041,23,BASS-BO,4.942400313154737
1041,24,BASS-BO,4.942041936389399
1041,25,BASS-BO,4.942041936389399
1041,26,BASS-BO,4.942041936389399
1041,27,BASS-BO,4.942041936389399
1041,28,BASS-BO,4.942041936389399
1041,29,BASS-BO,4.942041936389399
1041,30,BASS-BO,4.942041936389399
1041,31,BASS-BO,4.942041936389399
1041,32,BASS-BO,4.942041936389399
1041,33,BASS-BO,4.942041936389399
1041,34,BASS-BO,4.942041936389399
1041,35,BASS-BO,4.942041936389399
1041,36,BASS-BO,4.942041936389399
1041,37,BASS-BO,4.942041936389399
1041,38,BASS-BO,4.942041936389399
1041,39,BASS-BO,4.942041936389399
1041,40,BASS-BO,4.942041936389399
1041,41,BASS-BO,4.942041936389399
1041,42,BASS-BO,4.942041936389399
1041,43,BASS-BO,4.942041936389399
1041,44,BASS-BO,4.942041936389399
1041,45,BASS-BO,4.942041936389399
1041,46,BASS-BO,4.942041936389399
1041,47,BASS-BO,4.942041936389399
1041,48,BASS-BO,4.942041936389399
1041,49,BASS-BO,4.942041936389399
1041,50,BASS-BO,4.942041936389399
1041,51,BASS-BO,4.942041936389399
1041,52,BASS-BO,4.942041936389399
1041,53,BASS-BO,4.942041936389399
1041,54,BASS-BO,4.942041936389399
1041,55,BASS-BO,4.942041936389399
1041,56,BASS-BO,4.942041936389399
1041,57,BASS-BO,4.942041936389399
1041,58,BASS-BO,4.942041936389399
1041,59,BASS-BO,4.942041936389399
1041,60,BASS-BO,4.942041936389399
1041,61,BASS-BO,4.942041936389399
1041,62,BASS-BO,4.942041580718493
1041,63,BASS-BO,4.942041580718493
1041,64,BASS-BO,4.942041580718493
1041,65,BASS-BO,4.942041580718493
1041,66,BASS-BO,4.942041580718493
1041,67,BASS-BO,4.942041580718493
1041,68,BASS-BO,4.942041580718493
1041,69,BASS-BO,4.942041580718493
1041,70,BASS-BO,4.942041580718493
1041,71,BASS-BO,4.942041580718493
1041,72,BASS-BO,4.942041580718493
1041,73,BASS-BO,4.942041580718493
1041,74,BASS-BO,4.942041580718493
1041,75,BASS-BO,4.942041580718493
1041,76,BASS-BO,4.942041580718493
1041,77,BASS-BO,4.942041580718493
1041,78,BASS-BO,4.942041580718493
1041,79,BASS-BO,4.942041580718493
1041,80,BASS-BO,4.942041580718493
1041,81,BASS-BO,4.942040822412929
1041,82,BASS-BO,4.942040822412929
1041,83,BASS-BO,4.942040822412929
1041,84,BASS-BO,4.942040822412929
1041,85,BASS-BO,4.942040822412929
1041,86,BASS-BO,4.942040822412929
1041,87,BASS-BO,4.942040822412929
1041,88,BASS-BO,4.942040822412929
1041,89,BASS-BO,4.942040822412929
1041,90,BASS-BO,4.942040822412929
1041,91,BASS-BO,4.942040822412929
1041,92,BASS-BO,4.942040822412929
1041,93,BASS-BO,4.942040822412929
1041,94,BASS-BO,4.941991296937328
1041,95,BASS-BO,4.941991296937328
1041,96,BASS-BO,4.941991296937328
1041,97,BASS-BO,4.941991296937328
1041,98,BASS-BO,4.941991296937328
1041,99,BASS-BO,4.941991296937328
1041,100,BASS-BO,4.941991296937328
1041,0,GP-BO,4.948586701018657
1041,1,GP-BO,4.948586701018657
1041,2,GP-BO,4.942035021622732
1041,3,GP-BO,4.942035021622732
1041,4,GP-BO,4.942035021622732
1041,5,GP-BO,4.942035021622732
1041,6,GP-BO,4.942035021622732
1041,7,GP-BO,4.942035021622732
1041,8,GP-BO,4.942035021622732
1041,9,GP-BO,4.942035021622732
1041,10,GP-BO,4.942035021622732
1041,11,GP-BO,4.942035021622732
1041,12,GP-BO,4.942035021622732
1041,13,GP-BO,4.942035021622732
1041,14,GP-BO,4.942035021622732
1041,15,GP-BO,4.942035021622732
1041,16,GP-BO,4.942035021622732
1041,17,GP-BO,4.942035021622732
1041,18,GP-BO,4.942035021622732
1041,19,GP-BO,4.942035021622732
1041,20,GP-BO,4.942035021622732
1041,21,GP-BO,4.942035021622732
1041,22,GP-BO,4.942035021622732
1041,23,GP-BO,4.942035021622732
1041,24,GP-BO,4.942035021622732
1041,25,GP-BO,4.942035021622732
1041,26,GP-BO,4.942035021622732
1041,27,GP-BO,4.942035021622732
1041,28,GP-BO,4.942035021622732
1041,29,GP-BO,4.942035021622732
1041,30,GP-BO,4.942035021622732
1041,31,GP-BO,4.942035021622732
1041,32,GP-BO,4.942035021622732
1041,33,GP-BO,4.942035021622732
1041,34,GP-BO,4.942035021622732
1041,35,GP-BO,4.942035021622732
1041,36,GP-BO,4.942035021622732
1041,37,GP-BO,4.942035021622732
1041,38,GP-BO,4.942035021622732
1041,39,GP-BO,4.942035021622732
1041,40,GP-BO,4.942035021622732
1041,41,GP-BO,4.942035021622732
1041,42,GP-BO,4.942035021622732
1041,43,GP-BO,4.942035021622732
1041,44,GP-BO,4.942035021622732
1041,45,GP-BO,4.942035021622732
1041,46,GP-BO,4.942035021622732
1041,47,GP-BO,4.942035021622732
1041,48,GP-BO,4.942035021622732
1041,49,GP-BO,4.942035021622732
1041,50,GP-BO,4.942035021622732
1041,51,GP-BO,4.942035021622732
1041,52,GP-BO,4.941948055274098
1041,53,GP-BO,4.941948055274098
1041,54,GP-BO,4.941948055274098
1041,55,GP-BO,4.941948055274098
1041,56,GP-BO,4.941948055274098
1041,57,GP-BO,4.941948055274098
1041,58,GP-BO,4.941948055274098
1041,59,GP-BO,4.941948055274098
1041,60,GP-BO,4.941948055274098
1041,61,GP-BO,4.941948055274098
1041,62,GP-BO,4.941948055274098
1041,63,GP-BO,4.941948055274098
1041,64,GP-BO,4.941948055274098
1041,65,GP-BO,4.941948055274098
1041,66,GP-BO,4.941948055274098
1041,67,GP-BO,4.941948055274098
1041,68,GP-BO,4.941948055274098
1041,69,GP-BO,4.941948055274098
1041,70,GP-BO,4.941948055274098
1041,71,GP-BO,4.941948055274098
1041,72,GP-BO,4.941948055274098
1041,73,GP-BO,4.941948055274098
1041,74,GP-BO,4.941948055274098
1041,75,GP-BO,4.941948055274098
1041,76,GP-BO,4.941948055274098
1041,77,GP-BO,4.941948055274098
1041,78,GP-BO,4.941948055274098
1041,79,GP-BO,4.941948055274098
1041,80,GP-BO,4.941948055274098
1041,81,GP-BO,4.941948055274098
1041,82,GP-BO,4.941948055274098
1041,83,GP-BO,4.941948055274098
1041,84,GP-BO,4.941948055274098
1041,85,GP-BO,4.941948055274098
1041,86,GP-BO,4.941948055274098
1041,87,GP-BO,4.941948055274098
1041,88,GP-BO,4.941948055274098
1041,89,GP-BO,4.941948055274098
1041,90,GP-BO,4.941948055274098
1041,91,GP-BO,4.941948055274098
1041,92,GP-BO,4.941948055274098
1041,93,GP-BO,4.941948055274098
1041,94,GP-BO,4.941948055274098
1041,95,GP-BO,4.941948055274098
1041,96,GP-BO,4.941948055274098
1041,97,GP-BO,4.941948055274098
1041,98,GP-BO,4.941948055274098
1041,99,GP-BO,4.941948055274098
1041,100,GP-BO,4.941948055274098
1041,0,Random,4.948586701018657
1041,1,Random,4.948586701018657
1041,2,Random,4.948586701018657
1041,3,Random,4.948586701018657
1041,4,Random,4.948586701018657
1041,5,Random,4.948586701018657
1041,6,Random,4.948586701018657
1041,7,Random,4.948586701018657
1041,8,Random,4.948586701018657
1041,9,Random,4.948586701018657
1041,10,Random,4.948586701018657
1041,11,Random,4.948586701018657
1041,12,Random,4.948586701018657
1041,13,Random,4.948586701018657
1041,14,Random,4.948586701018657
1041,15,Random,4.948586701018657
1041,16,Random,4.948586701018657
1041,17,Random,4.948586701018657
1041,18,Random,4.948586701018657
1041,19,Random,4.948586701018657
1041,20,Random,4.94643942398083
1041,21,Random,4.94643942398083
1041,22,Random,4.94643942398083
1041,23,Random,4.94643942398083
1041,24,Random,4.94643942398083
1041,25,Random,4.94643942398083
1041,26,Random,4.94643942398083
1041,27,Random,4.94643942398083
1041,28,Random,4.94643942398083
1041,29,Random,4.94643942398083
1041,30,Random,4.94643942398083
1041,31,Random,4.94643942398083
1041,32,Random,4.94643942398083
1041,33,Random,4.94643942398083
1041,34,Random,4.94643942398083
1041,35,Random,4.94643942398083
1041,36,Random,4.94643942398083
1041,37,Random,4.94643942398083
1041,38,Random,4.94643942398083
1041,39,Random,4.94643942398083
1041,40,Random,4.94643942398083
1041,41,Random,4.94643942398083
1041,42,Random,4.94643942398083
1041,43,Random,4.94643942398083
1041,44,Random,4.94643942398083
1041,45,Random,4.94643942398083
1041,46,Random,4.94643942398083
1041,47,Random,4.94643942398083
1041,48,Random,4.94643942398083
1041,49,Random,4.94643942398083
1041,50,Random,4.94643942398083
1041,51,Random,4.94643942398083
1041,52,Random,4.9461709338745274
1041,53,Random,4.9461709338745274
1041,54,Random,4.9461709338745274
1041,55,Random,4.9461709338745274
1041,56,Random,4.9461709338745274
1041,57,Random,4.9461709338745274
1041,58,Random,4.9461709338745274
1041,59,Random,4.9461709338745274
1041,60,Random,4.9461709338745274
1041,61,Random,4.9461709338745274
1041,62,Random,4.9461709338745274
1041,63,Random,4.9461709338745274
1041,64,Random,4.9461709338745274
1041,65,Random,4.9461709338745274
1041,66,Random,4.9461709338745274
1041,67,Random,4.9461709338745274
1041,68,Random,4.9461709338745274
1041,69,Random,4.9461709338745274
1041,70,Random,4.9461709338745274
1041,71,Random,4.9461709338745274
1041,72,Random,4.9461709338745274
1041,73,Random,4.9461709338745274
1041,74,Random,4.9461709338745274
1041,75,Random,4.9461709338745274
1041,76,Random,4.9461709338745274
1041,77,Random,4.9461709338745274
1041,78,Random,4.9461709338745274
1041,79,Random,4.9461709338745274
1041,80,Random,4.9461709338745274
1041,81,Random,4.9461709338745274
1041,82,Random,4.9461709338745274
1041,83,Random,4.9461709338745274
1041,84,Random,4.9461709338745274
1041,85,Random,4.9461709338745274
1041,86,Random,4.9461709338745274
1041,87,Random,4.9461709338745274
1041,88,Random,4.9461709338745274
1041,89,Random,4.9461709338745274
1041,90,Random,4.9461709338745274
1041,91,Random,4.9461709338745274
1041,92,Random,4.9461709338745274
1041,93,Random,4.9461709338745274
1041,94,Random,4.9461709338745274
1041,95,Random,4.9461709338745274
1041,96,Random,4.9461709338745274
1041,97,Random,4.9461709338745274
1041,98,Random,4.9461709338745274
1041,99,Random,4.9461709338745274
1041,100,Random,4.9461709338745274
1042,0,BASS-BO,4.920035859167813
1042,1,BASS-BO,4.920035859167813
1042,2,BASS-BO,4.920035859167813
1042,3,BASS-BO,4.920035859167813
1042,4,BASS-BO,4.920035859167813
1042,5,BASS-BO,4.920035859167813
1042,6,BASS-BO,4.920035859167813
1042,7,BASS-BO,4.920035859167813
1042,8,BASS-BO,4.920035859167813
1042,9,BASS-BO,4.920035859167813
1042,10,BASS-BO,4.920035859167813
1042,11,BASS-BO,4.919947112417201
1042,12,BASS-BO,4.919947112417201
1042,13,BASS-BO,4.919947112417201
1042,14,BASS-BO,4.919947112417201
1042,15,BASS-BO,4.919947112417201
1042,16,BASS-BO,4.919578265424227
1042,17,BASS-BO,4.919578265424227
1042,18,BASS-BO,4.919578265424227
1042,19,BASS-BO,4.918763532535551
1042,20,BASS-BO,4.918763532535551
1042,21,BASS-BO,4.918763532535551
1042,22,BASS-BO,4.918763532535551
1042,23,BASS-BO,4.918763532535551
1042,24,BASS-BO,4.91756935524693
1042,25,BASS-BO,4.91756935524693
1042,26,BASS-BO,4.91756935524693
1042,27,BASS-BO,4.91756935524693
1042,28,BASS-BO,4.91756935524693
1042,29,BASS-BO,4.91756935524693
1042,30,BASS-BO,4.91756935524693
1042,31,BASS-BO,4.91756935524693
1042,32,BASS-BO,4.91756935524693
1042,33,BASS-BO,4.91756935524693
1042,34,BASS-BO,4.91756935524693
1042,35,BASS-BO,4.91756935524693
1042,36,BASS-BO,4.91756935524693
1042,37,BASS-BO,4.91756935524693
1042,38,BASS-BO,4.91756935524693
1042,39,BASS-BO,4.91756935524693
1042,40,BASS-BO,4.91756935524693
1042,41,BASS-BO,4.91756935524693
1042,42,BASS-BO,4.91756935524693
1042,43,BASS-BO,4.91756935524693
1042,44,BASS-BO,4.91756935524693
1042,45,BASS-BO,4.91756935524693
1042,46,BASS-BO,4.91756935524693
1042,47,BASS-BO,4.91756935524693
1042,48,BASS-BO,4.91756935524693
1042,49,BASS-BO,4.91756935524693
1042,50,BASS-BO,4.91756935524693
1042,51,BASS-BO,4.91756935524693
1042,52,BASS-BO,4.91756935524693
1042,53,BASS-BO,4.91756935524693
1042,54,BASS-BO,4.91756935524693
1042,55,BASS-BO,4.91756935524693
1042,56,BASS-BO,4.91756935524693
1042,57,BASS-BO,4.91756935524693
1042,58,BASS-BO,4.91756935524693
1042,59,BASS-BO,4.91756935524693
1042,60,BASS-BO,4.91756935524693
1042,61,BASS-BO,4.91756935524693
1042,62,BASS-BO,4.91756935524693
1042,63,BASS-BO,4.91756935524693
1042,64,BASS-BO,4.91756935524693
1042,65,BASS-BO,4.91756935524693
1042,66,BASS-BO,4.91756935524693
1042,67,BASS-BO,4.91756935524693
1042,68,BASS-BO,4.91756935524693
1042,69,BASS-BO,4.91756935524693
1042,70,BASS-BO,4.91756935524693
1042,71,BASS-BO,4.91756935524693
1042,72,BASS-BO,4.91756935524693
1042,73,BASS-BO,4.91756935524693
1042,74,BASS-BO,4.91756935524693
1042,75,BASS-BO,4.91756935524693
1042,76,BASS-BO,4.91756935524693
1042,77,BASS-BO,4.91756935524693
1042,78,BASS-BO,4.91756935524693
1042,79,BASS-BO,4.91756935524693
1042,80,BASS-BO,4.91756935524693
1042,81,BASS-BO,4.91756935524693
1042,82,BASS-BO,4.91756935524693
1042,83,BASS-BO,4.91756935524693
1042,84,BASS-BO,4.91756935524693
1042,85,BASS-BO,4.91756935524693
1042,86,BASS-BO,4.91756935524693
1042,87,BASS-BO,4.91756935524693
1042,88,BASS-BO,4.91756935524693
1042,89,BASS-BO,4.91756935524693
1042,90,BASS-BO,4.91756935524693
1042,91,BASS-BO,4.91756935524693
1042,92,BASS-BO,4.91756935524693
1042,93,BASS-BO,4.91756935524693
1042,94,BASS-BO,4.91756935524693
1042,95,BASS-BO,4.917567643949504
1042,96,BASS-BO,4.917567643949504
1042,97,BASS-BO,4.917567643949504
1042,98,BASS-BO,4.917567643949504
1042,99,BASS-BO,4.917567643949504
1042,100,BASS-BO,4.917567643949504
1042,0,GP-BO,4.920035859167813
1042,1,GP-BO,4.917842180430747
1042,2,GP-BO,4.917842180430747
1042,3,GP-BO,4.917842180430747
1042,4,GP-BO,4.917842180430747
1042,5,GP-BO,4.917842180430747
1042,6,GP-BO,4.917842180430747
1042,7,GP-BO,4.917842180430747
1042,8,GP-BO,4.917842180430747
1042,9,GP-BO,4.917842180430747
1042,10,GP-BO,4.917842180430747
1042,11,GP-BO,4.917842180430747
1042,12,GP-BO,4.917842180430747
1042,13,GP-BO,4.917821775610245
1042,14,GP-BO,4.917821775610245
1042,15,GP-BO,4.917821775610245
1042,16,GP-BO,4.917571485786178
1042,17,GP-BO,4.917571485786178
1042,18,GP-BO,4.917571485786178
1042,19,GP-BO,4.917571485786178
1042,20,GP-BO,4.917571485786178
1042,21,GP-BO,4.917571485786178
1042,22,GP-BO,4.917571485786178
1042,23,GP-BO,4.917571485786178
1042,24,GP-BO,4.917571485786178
1042,25,GP-BO,4.917571485786178
1042,26,GP-BO,4.917571485786178
1042,27,GP-BO,4.917571485786178
1042,28,GP-BO,4.917571485786178
1042,29,GP-BO,4.917571485786178
1042,30,GP-BO,4.917571485786178
1042,31,GP-BO,4.917571485786178
1042,32,GP-BO,4.917571485786178
1042,33,GP-BO,4.917571485786178
1042,34,GP-BO,4.917571485786178
1042,35,GP-BO,4.917571485786178
1042,36,GP-BO,4.917571485786178
1042,37,GP-BO,4.917571485786178
1042,38,GP-BO,4.917571485786178
1042,39,GP-BO,4.917571485786178
1042,40,GP-BO,4.917571485786178
1042,41,GP-BO,4.917571485786178
1042,42,GP-BO,4.917571485786178
1042,43,GP-BO,4.917571485786178
1042,44,GP-BO,4.917571485786178
1042,45,GP-BO,4.917571485786178
1042,46,GP-BO,4.917571485786178
1042,47,GP-BO,4.917571485786178
1042,48,GP-BO,4.917571485786178
1042,49,GP-BO,4.917571485786178
1042,50,GP-BO,4.917571485786178
1042,51,GP-BO,4.917571485786178
1042,52,GP-BO,4.917571485786178
1042,53,GP-BO,4.917571485786178
1042,54,GP-BO,4.917571485786178
1042,55,GP-BO,4.917571485786178
1042,56,GP-BO,4.917571485786178
1042,57,GP-BO,4.917571485786178
1042,58,GP-BO,4.917571485786178
1042,59,GP-BO,4.917571485786178
1042,60,GP-BO,4.917571485786178
1042,61,GP-BO,4.917571485786178
1042,62,GP-BO,4.917571485786178
1042,63,GP-BO,4.917571485786178
1042,64,GP-BO,4.917571485786178
1042,65,GP-BO,4.917571485786178
1042,66,GP-BO,4.917571485786178
1042,67,GP-BO,4.917571485786178
1042,68,GP-BO,4.917571485786178
1042,69,GP-BO,4.917571485786178
1042,70,GP-BO,4.917571485786178
1042,71,GP-BO,4.917571485786178
1042,72,GP-BO,4.917571485786178
1042,73,GP-BO,4.917571485786178
1042,74,GP-BO,4.917571485786178
1042,75,GP-BO,4.917567660483544
1042,76,GP-BO,4.917567660483544
1042,77,GP-BO,4.917567660483544
1042,78,GP-BO,4.917567660483544
1042,79,GP-BO,4.917567660483544
1042,80,GP-BO,4.917567660483544
1042,81,GP-BO,4.917567660483544
1042,82,GP-BO,4.917567660483544
1042,83,GP-BO,4.917567660483544
1042,84,GP-BO,4.917567660483544
1042,85,GP-BO,4.917567660483544
1042,86,GP-BO,4.917567660483544
1042,87,GP-BO,4.917567660483544
1042,88,GP-BO,4.917567660483544
1042,89,GP-BO,4.917567660483544
1042,90,GP-BO,4.917567660483544
1042,91,GP-BO,4.917567660483544
1042,92,GP-BO,4.917567660483544
1042,93,GP-BO,4.917567660483544
1042,94,GP-BO,4.917567660483544
1042,95,GP-BO,4.917567660483544
1042,96,GP-BO,4.917567660483544
1042,97,GP-BO,4.917567660483544
1042,98,GP-BO,4.917567660483544
1042,99,GP-BO,4.917567660483544
1042,100,GP-BO,4.917567660483544
1042,0,Random,4.920035859167813
1042,1,Random,4.920035859167813
1042,2,Random,4.920035859167813
1042,3,Random,4.920035859167813
1042,4,Random,4.920035859167813
1042,5,Random,4.920035859167813
1042,6,Random,4.920035859167813
1042,7,Random,4.920035859167813
1042,8,Random,4.920035859167813
1042,9,Random,4.920035859167813
1042,10,Random,4.920035859167813
1042,11,Random,4.920035859167813
1042,12,Random,4.920035859167813
1042,13,Random,4.920035859167813
1042,14,Random,4.920035859167813
1042,15,Random,4.920035859167813
1042,16,Random,4.920035859167813
1042,17,Random,4.920035859167813
1042,18,Random,4.920035859167813
1042,19,Random,4.920035859167813
1042,20,Random,4.920035859167813
1042,21,Random,4.920035859167813
1042,22,Random,4.920035859167813
1042,23,Random,4.920035859167813
1042,24,Random,4.920035859167813
1042,25,Random,4.920035859167813
1042,26,Random,4.920035859167813
1042,27,Random,4.920035859167813
1042,28,Random,4.920035859167813
1042,29,Random,4.920035859167813
1042,30,Random,4.920035859167813
1042,31,Random,4.920035859167813
1042,32,Random,4.919936664259771
1042,33,Random,4.919936664259771
1042,34,Random,4.919936664259771
1042,35,Random,4.919936664259771
1042,36,Random,4.919936664259771
1042,37,Random,4.919936664259771
1042,38,Random,4.919936664259771
1042,39,Random,4.919936664259771
1042,40,Random,4.919936664259771
1042,41,Random,4.919936664259771
1042,42,Random,4.919936664259771
1042,43,Random,4.919936664259771
1042,44,Random,4.919936664259771
1042,45,Random,4.919936664259771
1042,46,Random,4.919936664259771
1042,47,Random,4.919936664259771
1042,48,Random,4.919936664259771
1042,49,Random,4.919936664259771
1042,50,Random,4.919936664259771
1042,51,Random,4.919936664259771
1042,52,Random,4.919936664259771
1042,53,Random,4.919936664259771
1042,54,Random,4.919936664259771
1042,55,Random,4.919936664259771
1042,56,Random,4.919936664259771
1042,57,Random,4.919936664259771
1042,58,Random,4.919936664259771
1042,59,Random,4.919936664259771
1042,60,Random,4.919936664259771
1042,61,Random,4.919936664259771
1042,62,Random,4.919936664259771
1042,63,Random,4.919936664259771
1042,64,Random,4.919936664259771
1042,65,Random,4.919936664259771
1042,66,Random,4.919936664259771
1042,67,Random,4.919936664259771
1042,68,Random,4.919936664259771
1042,69,Random,4.919936664259771
1042,70,Random,4.919936664259771
1042,71,Random,4.919936664259771
1042,72,Random,4.919936664259771
1042,73,Random,4.919936664259771
1042,74,Random,4.919936664259771
1042,75,Random,4.919936664259771
1042,76,Random,4.919936664259771
1042,77,Random,4.919936664259771
1042,78,Random,4.919936664259771
1042,79,Random,4.919936664259771
1042,80,Random,4.919936664259771
1042,81,Random,4.919936664259771
1042,82,Random,4.919936664259771
1042,83,Random,4.919936664259771
1042,84,Random,4.919936664259771
1042,85,Random,4.919936664259771
1042,86,Random,4.919936664259771
1042,87,Random,4.919936664259771
1042,88,Random,4.919936664259771
1042,89,Random,4.919936664259771
1042,90,Random,4.919936664259771
1042,91,Random,4.919936664259771
1042,92,Random,4.919936664259771
1042,93,Random,4.919936664259771
1042,94,Random,4.919936664259771
1042,95,Random,4.919936664259771
1042,96,Random,4.919936664259771
1042,97,Random,4.919936664259771
1042,98,Random,4.919936664259771
1042,99,Random,4.919396465591774
1042,100,Random,4.919396465591774
1043,0,BASS-BO,4.899359520242868
1043,1,BASS-BO,4.899359520242868
1043,2,BASS-BO,4.899359520242868
1043,3,BASS-BO,4.899359520242868
1043,4,BASS-BO,4.899359520242868
1043,5,BASS-BO,4.899359520242868
1043,6,BASS-BO,4.899359520242868
1043,7,BASS-BO,4.898834823216875
1043,8,BASS-BO,4.898834823216875
1043,9,BASS-BO,4.898834823216875
1043,10,BASS-BO,4.898834823216875
1043,11,BASS-BO,4.898834823216875
1043,12,BASS-BO,4.895783675242166
1043,13,BASS-BO,4.895783675242166
1043,14,BASS-BO,4.895783675242166
1043,15,BASS-BO,4.895783675242166
1043,16,BASS-BO,4.895783675242166
1043,17,BASS-BO,4.895773036295404
1043,18,BASS-BO,4.895773036295404
1043,19,BASS-BO,4.895773036295404
1043,20,BASS-BO,4.895773036295404
1043,21,BASS-BO,4.895773036295404
1043,22,BASS-BO,4.895773036295404
1043,23,BASS-BO,4.895773036295404
1043,24,BASS-BO,4.895772341294262
1043,25,BASS-BO,4.895772341294262
1043,26,BASS-BO,4.895772341294262
1043,27,BASS-BO,4.895772341294262
1043,28,BASS-BO,4.895772341294262
1043,29,BASS-BO,4.895772341294262
1043,30,BASS-BO,4.895772341294262
1043,31,BASS-BO,4.895772341294262
1043,32,BASS-BO,4.895772341294262
1043,33,BASS-BO,4.895772341294262
1043,34,BASS-BO,4.895772341294262
1043,35,BASS-BO,4.895772341294262
1043,36,BASS-BO,4.895772341294262
1043,37,BASS-BO,4.895772231634372
1043,38,BASS-BO,4.895772231634372
1043,39,BASS-BO,4.895772231634372
1043,40,BASS-BO,4.895772231634372
1043,41,BASS-BO,4.895772231634372
1043,42,BASS-BO,4.895772231634372
1043,43,BASS-BO,4.895772231634372
1043,44,BASS-BO,4.895772231634372
1043,45,BASS-BO,4.895772231634372
1043,46,BASS-BO,4.895772231634372
1043,47,BASS-BO,4.895772231634372
1043,48,BASS-BO,4.895772231634372
1043,49,BASS-BO,4.895772231634372
1043,50,BASS-BO,4.895772231634372
1043,51,BASS-BO,4.895772231634372
1043,52,BASS-BO,4.895772231634372
1043,53,BASS-BO,4.895772231634372
1043,54,BASS-BO,4.895772231634372
1043,55,BASS-BO,4.895772231634372
1043,56,BASS-BO,4.895772115371203
1043,57,BASS-BO,4.895772115371203
1043,58,BASS-BO,4.895772115371203
1043,59,BASS-BO,4.895772115371203
1043,60,BASS-BO,4.895772002365011
1043,61,BASS-BO,4.895772002365011
1043,62,BASS-BO,4.895772002365011
1043,63,BASS-BO,4.895772002365011
1043,64,BASS-BO,4.895772002365011
1043,65,BASS-BO,4.895772002365011
1043,66,BASS-BO,4.895772002365011
1043,67,BASS-BO,4.895769827795058
1043,68,BASS-BO,4.895769827795058
1043,69,BASS-BO,4.895769827795058
1043,70,BASS-BO,4.895769827795058
1043,71,BASS-BO,4.895769827795058
1043,72,BASS-BO,4.895769827795058
1043,73,BASS-BO,4.895769827795058
1043,74,BASS-BO,4.895769827795058
1043,75,BASS-BO,4.895769827795058
1043,76,BASS-BO,4.895769827795058
1043,77,BASS-BO,4.895769827795058
1043,78,BASS-BO,4.895769827795058
1043,79,BASS-BO,4.895769827795058
1043,80,BASS-BO,4.895769827795058
1043,81,BASS-BO,4.895769827795058
1043,82,BASS-BO,4.895769827795058
1043,83,BASS-BO,4.895769827795058
1043,84,BASS-BO,4.895769827795058
1043,85,BASS-BO,4.895769827795058
1043,86,BASS-BO,4.895769827795058
1043,87,BASS-BO,4.895769827795058
1043,88,BASS-BO,4.895769827795058
1043,89,BASS-BO,4.895769827795058
1043,90,BASS-BO,4.895769827795058
1043,91,BASS-BO,4.895769827795058
1043,92,BASS-BO,4.895769827795058
1043,93,BASS-BO,4.895769827795058
1043,94,BASS-BO,4.895769827795058
1043,95,BASS-BO,4.895769827795058
1043,96,BASS-BO,4.895769827795058
1043,97,BASS-BO,4.895769827795058
1043,98,BASS-BO,4.895769827795058
1043,99,BASS-BO,4.895769827795058
1043,100,BASS-BO,4.895769827795058
1043,0,GP-BO,4.899359520242868
1043,1,GP-BO,4.899359520242868
1043,2,GP-BO,4.899359520242868
1043,3,GP-BO,4.899359520242868
1043,4,GP-BO,4.899359520242868
1043,5,GP-BO,4.899359520242868
1043,6,GP-BO,4.899359520242868
1043,7,GP-BO,4.898479716684501
1043,8,GP-BO,4.898479716684501
1043,9,GP-BO,4.898479716684501
1043,10,GP-BO,4.898479716684501
1043,11,GP-BO,4.898479716684501
1043,12,GP-BO,4.898479716684501
1043,13,GP-BO,4.898479716684501
1043,14,GP-BO,4.898479716684501
1043,15,GP-BO,4.898479716684501
1043,16,GP-BO,4.898479716684501
1043,17,GP-BO,4.898479716684501
1043,18,GP-BO,4.898435271269976
1043,19,GP-BO,4.898435271269976
1043,20,GP-BO,4.898435271269976
1043,21,GP-BO,4.898435271269976
1043,22,GP-BO,4.898435271269976
1043,23,GP-BO,4.898435271269976
1043,24,GP-BO,4.898435271269976
1043,25,GP-BO,4.898435271269976
1043,26,GP-BO,4.898435271269976
1043,27,GP-BO,4.898435271269976
1043,28,GP-BO,4.898435271269976
1043,29,GP-BO,4.898435271269976
1043,30,GP-BO,4.898435271269976
1043,31,GP-BO,4.898435271269976
1043,32,GP-BO,4.898435271269976
1043,33,GP-BO,4.898435271269976
1043,34,GP-BO,4.898435271269976
1043,35,GP-BO,4.898435271269976
1043,36,GP-BO,4.898435271269976
1043,37,GP-BO,4.898435271269976
1043,38,GP-BO,4.898435271269976
1043,39,GP-BO,4.898142473415053
1043,40,GP-BO,4.898142473415053
1043,41,GP-BO,4.898142473415053
1043,42,GP-BO,4.898142473415053
1043,43,GP-BO,4.898142473415053
1043,44,GP-BO,4.898142473415053
1043,45,GP-BO,4.898142473415053
1043,46,GP-BO,4.898142473415053
1043,47,GP-BO,4.898142473415053
1043,48,GP-BO,4.898142473415053
1043,49,GP-BO,4.898142473415053
1043,50,GP-BO,4.898142473415053
1043,51,GP-BO,4.898142473415053
1043,52,GP-BO,4.898142473415053
1043,53,GP-BO,4.898142473415053
1043,54,GP-BO,4.898142473415053
1043,55,GP-BO,4.898142473415053
1043,56,GP-BO,4.898142473415053
1043,57,GP-BO,4.898142473415053
1043,58,GP-BO,4.898142473415053
1043,59,GP-BO,4.898142473415053
1043,60,GP-BO,4.898142473415053
1043,61,GP-BO,4.898142473415053
1043,62,GP-BO,4.898142473415053
1043,63,GP-BO,4.898142473415053
1043,64,GP-BO,4.898142473415053
1043,65,GP-BO,4.898142473415053
1043,66,GP-BO,4.898142473415053
1043,67,GP-BO,4.898142473415053
1043,68,GP-BO,4.898142473415053
1043,69,GP-BO,4.898142473415053
1043,70,GP-BO,4.897484341160384
1043,71,GP-BO,4.897484341160384
1043,72,GP-BO,4.897484341160384
1043,73,GP-BO,4.897484341160384
1043,74,GP-BO,4.8959462862990195
1043,75,GP-BO,4.8959462862990195
1043,76,GP-BO,4.895915040265124
1043,77,GP-BO,4.895870778673047
1043,78,GP-BO,4.895870778673047
1043,79,GP-BO,4.895870778673047
1043,80,GP-BO,4.89580885235963
1043,81,GP-BO,4.89580885235963
1043,82,GP-BO,4.89580885235963
1043,83,GP-BO,4.89580885235963
1043,84,GP-BO,4.89580885235963
1043,85,GP-BO,4.89580885235963
1043,86,GP-BO,4.89580885235963
1043,87,GP-BO,4.89580885235963
1043,88,GP-BO,4.89580885235963
1043,89,GP-BO,4.89580885235963
1043,90,GP-BO,4.89580885235963
1043,91,GP-BO,4.89580885235963
1043,92,GP-BO,4.89580885235963
1043,93,GP-BO,4.89580885235963
1043,94,GP-BO,4.89578204383194
1043,95,GP-BO,4.89578204383194
1043,96,GP-BO,4.89578204383194
1043,97,GP-BO,4.89578204383194
1043,98,GP-BO,4.89578204383194
1043,99,GP-BO,4.89578204383194
1043,100,GP-BO,4.89578204383194
1043,0,Random,4.899359520242868
1043,1,Random,4.899359520242868
1043,2,Random,4.899359520242868
1043,3,Random,4.899359520242868
1043,4,Random,4.899359520242868
1043,5,Random,4.899359520242868
1043,6,Random,4.899359520242868
1043,7,Random,4.899359520242868
1043,8,Random,4.899359520242868
1043,9,Random,4.899359520242868
1043,10,Random,4.899359520242868
1043,11,Random,4.899359520242868
1043,12,Random,4.899359520242868
1043,13,Random,4.899359520242868
1043,14,Random,4.899359520242868
1043,15,Random,4.899359520242868
1043,16,Random,4.899359520242868
1043,17,Random,4.899359520242868
1043,18,Random,4.899359520242868
1043,19,Random,4.899359520242868
1043,20,Random,4.899359520242868
1043,21,Random,4.899359520242868
1043,22,Random,4.899359520242868
1043,23,Random,4.899359520242868
1043,24,Random,4.899359520242868
1043,25,Random,4.899359520242868
1043,26,Random,4.899359520242868
1043,27,Random,4.899111204274878
1043,28,Random,4.899111204274878
1043,29,Random,4.899111204274878
1043,30,Random,4.899111204274878
1043,31,Random,4.899111204274878
1043,32,Random,4.899111204274878
1043,33,Random,4.899111204274878
1043,34,Random,4.899111204274878
1043,35,Random,4.899111204274878
1043,36,Random,4.899111204274878
1043,37,Random,4.899111204274878
1043,38,Random,4.899111204274878
1043,39,Random,4.899111204274878
1043,40,Random,4.899111204274878
1043,41,Random,4.899111204274878
1043,42,Random,4.899111204274878
1043,43,Random,4.899111204274878
1043,44,Random,4.899111204274878
1043,45,Random,4.899111204274878
1043,46,Random,4.899111204274878
1043,47,Random,4.899111204274878
1043,48,Random,4.897545551585293
1043,49,Random,4.897545551585293
1043,50,Random,4.897545551585293
1043,51,Random,4.897545551585293
1043,52,Random,4.897545551585293
1043,53,Random,4.897545551585293
1043,54,Random,4.897545551585293
1043,55,Random,4.897545551585293
1043,56,Random,4.897545551585293
1043,57,Random,4.897545551585293
1043,58,Random,4.897545551585293
1043,59,Random,4.897545551585293
1043,60,Random,4.897545551585293
1043,61,Random,4.897545551585293
1043,62,Random,4.897545551585293
1043,63,Random,4.897545551585293
1043,64,Random,4.897545551585293
1043,65,Random,4.897545551585293
1043,66,Random,4.897545551585293
1043,67,Random,4.897545551585293
1043,68,Random,4.897545551585293
1043,69,Random,4.897545551585293
1043,70,Random,4.897545551585293
1043,71,Random,4.897545551585293
1043,72,Random,4.897545551585293
1043,73,Random,4.897545551585293
1043,74,Random,4.897545551585293
1043,75,Random,4.897545551585293
1043,76,Random,4.897545551585293
1043,77,Random,4.897545551585293
1043,78,Random,4.897545551585293
1043,79,Random,4.897545551585293
1043,80,Random,4.897545551585293
1043,81,Random,4.897545551585293
1043,82,Random,4.897545551585293
1043,83,Random,4.897545551585293
1043,84,Random,4.897545551585293
1043,85,Random,4.897545551585293
1043,86,Random,4.897545551585293
1043,87,Random,4.897545551585293
1043,88,Random,4.897545551585293
1043,89,Random,4.897545551585293
1043,90,Random,4.897545551585293
1043,91,Random,4.897545551585293
1043,92,Random,4.897545551585293
1043,93,Random,4.897545551585293
1043,94,Random,4.897545551585293
1043,95,Random,4.897545551585293
1043,96,Random,4.897545551585293
1043,97,Random,4.897545551585293
1043,98,Random,4.897545551585293
1043,99,Random,4.897545551585293
1043,100,Random,4.897545551585293
1044,0,BASS-BO,4.68621040111107
1044,1,BASS-BO,4.68621040111107
1044,2,BASS-BO,4.679007411559651
1044,3,BASS-BO,4.679007411559651
1044,4,BASS-BO,4.679007411559651
1044,5,BASS-BO,4.679007411559651
1044,6,BASS-BO,4.679007411559651
1044,7,BASS-BO,4.679007411559651
1044,8,BASS-BO,4.679007411559651
1044,9,BASS-BO,4.679007411559651
1044,10,BASS-BO,4.66091508343707
1044,11,BASS-BO,4.66091508343707
1044,12,BASS-BO,4.660249246750932
1044,13,BASS-BO,4.660249246750932
1044,14,BASS-BO,4.660249246750932
1044,15,BASS-BO,4.660249246750932
1044,16,BASS-BO,4.660249246750932
1044,17,BASS-BO,4.660249246750932
1044,18,BASS-BO,4.660249246750932
1044,19,BASS-BO,4.660243173602659
1044,20,BASS-BO,4.660243173602659
1044,21,BASS-BO,4.660243173602659
1044,22,BASS-BO,4.660238188132684
1044,23,BASS-BO,4.660238188132684
1044,24,BASS-BO,4.660238188132684
1044,25,BASS-BO,4.660238188132684
1044,26,BASS-BO,4.660218582687051
1044,27,BASS-BO,4.660218582687051
1044,28,BASS-BO,4.660218582687051
1044,29,BASS-BO,4.660218582687051
1044,30,BASS-BO,4.660218582687051
1044,31,BASS-BO,4.660218582687051
1044,32,BASS-BO,4.654250317129906
1044,33,BASS-BO,4.654250317129906
1044,34,BASS-BO,4.654250317129906
1044,35,BASS-BO,4.654250317129906
1044,36,BASS-BO,4.654250317129906
1044,37,BASS-BO,4.654250317129906
1044,38,BASS-BO,4.654250317129906
1044,39,BASS-BO,4.654250317129906
1044,40,BASS-BO,4.654250317129906
1044,41,BASS-BO,4.654250317129906
1044,42,BASS-BO,4.654250317129906
1044,43,BASS-BO,4.654250317129906
1044,44,BASS-BO,4.654250317129906
1044,45,BASS-BO,4.654250317129906
1044,46,BASS-BO,4.654250317129906
1044,47,BASS-BO,4.654250317129906
1044,48,BASS-BO,4.654250317129906
1044,49,BASS-BO,4.654250317129906
1044,50,BASS-BO,4.654250317129906
1044,51,BASS-BO,4.654250317129906
1044,52,BASS-BO,4.654250317129906
1044,53,BASS-BO,4.654250317129906
1044,54,BASS-BO,4.654250317129906
1044,55,BASS-BO,4.654250317129906
1044,56,BASS-BO,4.654250317129906
1044,57,BASS-BO,4.654250317129906
1044,58,BASS-BO,4.654250317129906
1044,59,BASS-BO,4.653963377556148
1044,60,BASS-BO,4.653963377556148
1044,61,BASS-BO,4.653963377556148
1044,62,BASS-BO,4.653963377556148
1044,63,BASS-BO,4.653963377556148
1044,64,BASS-BO,4.653963377556148
1044,65,BASS-BO,4.653963377556148
1044,66,BASS-BO,4.653963377556148
1044,67,BASS-BO,4.653963377556148
1044,68,BASS-BO,4.653963377556148
1044,69,BASS-BO,4.653134625060484
1044,70,BASS-BO,4.653134625060484
1044,71,BASS-BO,4.653134625060484
1044,72,BASS-BO,4.653134625060484
1044,73,BASS-BO,4.653134625060484
1044,74,BASS-BO,4.653134625060484
1044,75,BASS-BO,4.653134625060484
1044,76,BASS-BO,4.653134625060484
1044,77,BASS-BO,4.653134625060484
1044,78,BASS-BO,4.653134625060484
1044,79,BASS-BO,4.653134625060484
1044,80,BASS-BO,4.653134625060484
1044,81,BASS-BO,4.653134625060484
1044,82,BASS-BO,4.653134625060484
1044,83,BASS-BO,4.653134625060484
1044,84,BASS-BO,4.653134625060484
1044,85,BASS-BO,4.653134625060484
1044,86,BASS-BO,4.653134625060484
1044,87,BASS-BO,4.653134625060484
1044,88,BASS-BO,4.653134625060484
1044,89,BASS-BO,4.653134625060484
1044,90,BASS-BO,4.653134625060484
1044,91,BASS-BO,4.653134625060484
1044,92,BASS-BO,4.653134625060484
1044,93,BASS-BO,4.653134625060484
1044,94,BASS-BO,4.653134625060484
1044,95,BASS-BO,4.653134625060484
1044,96,BASS-BO,4.653134625060484
1044,97,BASS-BO,4.653134625060484
1044,98,BASS-BO,4.653134625060484
1044,99,BASS-BO,4.653134625060484
1044,100,BASS-BO,4.653134625060484
1044,0,GP-BO,4.68621040111107
1044,1,GP-BO,4.683741706929864
1044,2,GP-BO,4.683741706929864
1044,3,GP-BO,4.681328892790519
1044,4,GP-BO,4.681328892790519
1044,5,GP-BO,4.681328892790519
1044,6,GP-BO,4.681328892790519
1044,7,GP-BO,4.681328892790519
1044,8,GP-BO,4.679100034114042
1044,9,GP-BO,4.679100034114042
1044,10,GP-BO,4.679100034114042
1044,11,GP-BO,4.678111594289691
1044,12,GP-BO,4.677696130009792
1044,13,GP-BO,4.677696130009792
1044,14,GP-BO,4.677696130009792
1044,15,GP-BO,4.6763165173218235
1044,16,GP-BO,4.6750701199457705
1044,17,GP-BO,4.6750701199457705
1044,18,GP-BO,4.673910321363994
1044,19,GP-BO,4.673910321363994
1044,20,GP-BO,4.673910321363994
1044,21,GP-BO,4.673910321363994
1044,22,GP-BO,4.672895710484153
1044,23,GP-BO,4.672035281413003
1044,24,GP-BO,4.671364452746316
1044,25,GP-BO,4.670791852441451
1044,26,GP-BO,4.670299332791995
1044,27,GP-BO,4.669879204971563
1044,28,GP-BO,4.669497252782124
1044,29,GP-BO,4.669135785733775
1044,30,GP-BO,4.668894752993004
1044,31,GP-BO,4.668894752993004
1044,32,GP-BO,4.668449989019379
1044,33,GP-BO,4.668178271822428
1044,34,GP-BO,4.667918051914684
1044,35,GP-BO,4.667637346825343
1044,36,GP-BO,4.667637346825343
1044,37,GP-BO,4.667329192095692
1044,38,GP-BO,4.6670196507675294
1044,39,GP-BO,4.666637001399243
1044,40,GP-BO,4.666250672898422
1044,41,GP-BO,4.665838184220962
1044,42,GP-BO,4.665536064360606
1044,43,GP-BO,4.665064546886184
1044,44,GP-BO,4.664569230580596
1044,45,GP-BO,4.664036244048192
1044,46,GP-BO,4.663470253657046
1044,47,GP-BO,4.6626650436130985
1044,48,GP-BO,4.661989344465415
1044,49,GP-BO,4.661251633114557
1044,50,GP-BO,4.6603752065111665
1044,51,GP-BO,4.659497091078443
1044,52,GP-BO,4.658890854054092
1044,53,GP-BO,4.658030530672886
1044,54,GP-BO,4.658030530672886
1044,55,GP-BO,4.65744326786854
1044,56,GP-BO,4.656933915533086
1044,57,GP-BO,4.656933915533086
1044,58,GP-BO,4.656454861431724
1044,59,GP-BO,4.656069253724253
1044,60,GP-BO,4.655723248818928
1044,61,GP-BO,4.655723248818928
1044,62,GP-BO,4.655723248818928
1044,63,GP-BO,4.655418477202954
1044,64,GP-BO,4.65491504343706
1044,65,GP-BO,4.65491504343706
1044,66,GP-BO,4.65466880496109
1044,67,GP-BO,4.65466880496109
1044,68,GP-BO,4.654425320953407
1044,69,GP-BO,4.6542391542402415
1044,70,GP-BO,4.6542391542402415
1044,71,GP-BO,4.6542391542402415
1044,72,GP-BO,4.654100077330417
1044,73,GP-BO,4.653968460288272
1044,74,GP-BO,4.653968460288272
1044,75,GP-BO,4.653855256832993
1044,76,GP-BO,4.653855256832993
1044,77,GP-BO,4.653756310726553
1044,78,GP-BO,4.653756310726553
1044,79,GP-BO,4.653666982101467
1044,80,GP-BO,4.653666982101467
1044,81,GP-BO,4.653666982101467
1044,82,GP-BO,4.653666982101467
1044,83,GP-BO,4.653591467841034
1044,84,GP-BO,4.653591467841034
1044,85,GP-BO,4.653591467841034
1044,86,GP-BO,4.653591467841034
1044,87,GP-BO,4.653591467841034
1044,88,GP-BO,4.653591467841034
1044,89,GP-BO,4.653591467841034
1044,90,GP-BO,4.653591467841034
1044,91,GP-BO,4.653591467841034
1044,92,GP-BO,4.653591467841034
1044,93,GP-BO,4.653591467841034
1044,94,GP-BO,4.653591467841034
1044,95,GP-BO,4.6531688210675375
1044,96,GP-BO,4.6531688210675375
1044,97,GP-BO,4.653139815240971
1044,98,GP-BO,4.653128730807435
1044,99,GP-BO,4.653128730807435
1044,100,GP-BO,4.653128730807435
1044,0,Random,4.68621040111107
1044,1,Random,4.68621040111107
1044,2,Random,4.68621040111107
1044,3,Random,4.68621040111107
1044,4,Random,4.68621040111107
1044,5,Random,4.68621040111107
1044,6,Random,4.68621040111107
1044,7,Random,4.68621040111107
1044,8,Random,4.68621040111107
1044,9,Random,4.68621040111107
1044,10,Random,4.68621040111107
1044,11,Random,4.68621040111107
1044,12,Random,4.68621040111107
1044,13,Random,4.68621040111107
1044,14,Random,4.68621040111107
1044,15,Random,4.68621040111107
1044,16,Random,4.68621040111107
1044,17,Random,4.68621040111107
1044,18,Random,4.68621040111107
1044,19,Random,4.68621040111107
1044,20,Random,4.68621040111107
1044,21,Random,4.682165521706678
1044,22,Random,4.682165521706678
1044,23,Random,4.682165521706678
1044,24,Random,4.682165521706678
1044,25,Random,4.682165521706678
1044,26,Random,4.682165521706678
1044,27,Random,4.682165521706678
1044,28,Random,4.682165521706678
1044,29,Random,4.682165521706678
1044,30,Random,4.682165521706678
1044,31,Random,4.682165521706678
1044,32,Random,4.682165521706678
1044,33,Random,4.682165521706678
1044,34,Random,4.682165521706678
1044,35,Random,4.682165521706678
1044,36,Random,4.682165521706678
1044,37,Random,4.682165521706678
1044,38,Random,4.682165521706678
1044,39,Random,4.682165521706678
1044,40,Random,4.682165521706678
1044,41,Random,4.682165521706678
1044,42,Random,4.682165521706678
1044,43,Random,4.682165521706678
1044,44,Random,4.682165521706678
1044,45,Random,4.682165521706678
1044,46,Random,4.682165521706678
1044,47,Random,4.682165521706678
1044,48,Random,4.682165521706678
1044,49,Random,4.682165521706678
1044,50,Random,4.682165521706678
1044,51,Random,4.682165521706678
1044,52,Random,4.682165521706678
1044,53,Random,4.682165521706678
1044,54,Random,4.682165521706678
1044,55,Random,4.682165521706678
1044,56,Random,4.682165521706678
1044,57,Random,4.6793842496791385
1044,58,Random,4.6793842496791385
1044,59,Random,4.6793842496791385
1044,60,Random,4.6793842496791385
1044,61,Random,4.6793842496791385
1044,62,Random,4.6793842496791385
1044,63,Random,4.6793842496791385
1044,64,Random,4.6793842496791385
1044,65,Random,4.6793842496791385
1044,66,Random,4.6793842496791385
1044,67,Random,4.6793842496791385
1044,68,Random,4.6793842496791385
1044,69,Random,4.6793842496791385
1044,70,Random,4.6793842496791385
1044,71,Random,4.6793842496791385
1044,72,Random,4.6793842496791385
1044,73,Random,4.6793842496791385
1044,74,Random,4.6793842496791385
1044,75,Random,4.6793842496791385
1044,76,Random,4.6793842496791385
1044,77,Random,4.6793842496791385
1044,78,Random,4.678708164416553
1044,79,Random,4.678708164416553
1044,80,Random,4.678708164416553
1044,81,Random,4.678708164416553
1044,82,Random,4.678708164416553
1044,83,Random,4.678708164416553
1044,84,Random,4.678708164416553
1044,85,Random,4.678708164416553
1044,86,Random,4.678708164416553
1044,87,Random,4.6776560555981685
1044,88,Random,4.6776560555981685
1044,89,Random,4.6776560555981685
1044,90,Random,4.6776560555981685
1044,91,Random,4.6776560555981685
1044,92,Random,4.6776560555981685
1044,93,Random,4.6776560555981685
1044,94,Random,4.6776560555981685
1044,95,Random,4.6776560555981685
1044,96,Random,4.6776560555981685
1044,97,Random,4.6776560555981685
1044,98,Random,4.6776560555981685
1044,99,Random,4.6776560555981685
1044,100,Random,4.6776560555981685
1045,0,BASS-BO,4.715108126568301
1045,1,BASS-BO,4.71484043500873
1045,2,BASS-BO,4.71484043500873
1045,3,BASS-BO,4.71484043500873
1045,4,BASS-BO,4.71484043500873
1045,5,BASS-BO,4.71484043500873
1045,6,BASS-BO,4.70462000593677
1045,7,BASS-BO,4.702797035659693
1045,8,BASS-BO,4.7027349995095
1045,9,BASS-BO,4.7027349995095
1045,10,BASS-BO,4.7027349995095
1045,11,BASS-BO,4.7027349995095
1045,12,BASS-BO,4.7027349995095
1045,13,BASS-BO,4.7027349995095
1045,14,BASS-BO,4.7027349995095
1045,15,BASS-BO,4.7027349995095
1045,16,BASS-BO,4.7027349995095
1045,17,BASS-BO,4.7027349995095
1045,18,BASS-BO,4.7027349995095
1045,19,BASS-BO,4.7027349995095
1045,20,BASS-BO,4.701739771708046
1045,21,BASS-BO,4.701739771708046
1045,22,BASS-BO,4.701739771708046
1045,23,BASS-BO,4.701739771708046
1045,24,BASS-BO,4.701739771708046
1045,25,BASS-BO,4.701739771708046
1045,26,BASS-BO,4.701739771708046
1045,27,BASS-BO,4.701739771708046
1045,28,BASS-BO,4.701739771708046
1045,29,BASS-BO,4.701739771708046
1045,30,BASS-BO,4.701739771708046
1045,31,BASS-BO,4.701739771708046
1045,32,BASS-BO,4.701739771708046
1045,33,BASS-BO,4.701739771708046
1045,34,BASS-BO,4.701739771708046
1045,35,BASS-BO,4.701739771708046
1045,36,BASS-BO,4.701739771708046
1045,37,BASS-BO,4.701739771708046
1045,38,BASS-BO,4.701739771708046
1045,39,BASS-BO,4.701739771708046
1045,40,BASS-BO,4.701739771708046
1045,41,BASS-BO,4.701739771708046
1045,42,BASS-BO,4.701739771708046
1045,43,BASS-BO,4.701739771708046
1045,44,BASS-BO,4.701739771708046
1045,45,BASS-BO,4.701739771708046
1045,46,BASS-BO,4.701739771708046
1045,47,BASS-BO,4.701739771708046
1045,48,BASS-BO,4.701739771708046
1045,49,BASS-BO,4.701739771708046
1045,50,BASS-BO,4.701739771708046
1045,51,BASS-BO,4.701739771708046
1045,52,BASS-BO,4.701739771708046
1045,53,BASS-BO,4.701739771708046
1045,54,BASS-BO,4.701739771708046
1045,55,BASS-BO,4.701739771708046
1045,56,BASS-BO,4.701739771708046
1045,57,BASS-BO,4.701739771708046
1045,58,BASS-BO,4.701739771708046
1045,59,BASS-BO,4.701739771708046
1045,60,BASS-BO,4.701739771708046
1045,61,BASS-BO,4.701739771708046
1045,62,BASS-BO,4.701739771708046
1045,63,BASS-BO,4.701739771708046
1045,64,BASS-BO,4.701739771708046
1045,65,BASS-BO,4.701739771708046
1045,66,BASS-BO,4.701739771708046
1045,67,BASS-BO,4.701739771708046
1045,68,BASS-BO,4.701739771708046
1045,69,BASS-BO,4.701739771708046
1045,70,BASS-BO,4.701739771708046
1045,71,BASS-BO,4.701739771708046
1045,72,BASS-BO,4.701739771708046
1045,73,BASS-BO,4.701739771708046
1045,74,BASS-BO,4.701739771708046
1045,75,BASS-BO,4.701739771708046
1045,76,BASS-BO,4.701739771708046
1045,77,BASS-BO,4.701739771708046
1045,78,BASS-BO,4.701739771708046
1045,79,BASS-BO,4.701739771708046
1045,80,BASS-BO,4.701739771708046
1045,81,BASS-BO,4.701739771708046
1045,82,BASS-BO,4.701739771708046
1045,83,BASS-BO,4.701739771708046
1045,84,BASS-BO,4.701739771708046
1045,85,BASS-BO,4.701739771708046
1045,86,BASS-BO,4.701739771708046
1045,87,BASS-BO,4.701739771708046
1045,88,BASS-BO,4.701739771708046
1045,89,BASS-BO,4.701739771708046
1045,90,BASS-BO,4.701739771708046
1045,91,BASS-BO,4.701739771708046
1045,92,BASS-BO,4.701739771708046
1045,93,BASS-BO,4.701739771708046
1045,94,BASS-BO,4.701739771708046
1045,95,BASS-BO,4.701739771708046
1045,96,BASS-BO,4.701739771708046
1045,97,BASS-BO,4.701739771708046
1045,98,BASS-BO,4.7017378102456995
1045,99,BASS-BO,4.7017378102456995
1045,100,BASS-BO,4.7017378102456995
1045,0,GP-BO,4.715108126568301
1045,1,GP-BO,4.715108126568301
1045,2,GP-BO,4.715108126568301
1045,3,GP-BO,4.715108126568301
1045,4,GP-BO,4.715108126568301
1045,5,GP-BO,4.714348365656747
1045,6,GP-BO,4.714348365656747
1045,7,GP-BO,4.714348365656747
1045,8,GP-BO,4.714348365656747
1045,9,GP-BO,4.714348365656747
1045,10,GP-BO,4.714348365656747
1045,11,GP-BO,4.714348365656747
1045,12,GP-BO,4.713793429289678
1045,13,GP-BO,4.713793429289678
1045,14,GP-BO,4.713793429289678
1045,15,GP-BO,4.713793429289678
1045,16,GP-BO,4.713793429289678
1045,17,GP-BO,4.713793429289678
1045,18,GP-BO,4.713638883482487
1045,19,GP-BO,4.713638883482487
1045,20,GP-BO,4.713638883482487
1045,21,GP-BO,4.713638883482487
1045,22,GP-BO,4.713638883482487
1045,23,GP-BO,4.711216366863656
1045,24,GP-BO,4.710714112885357
1045,25,GP-BO,4.710412068593223
1045,26,GP-BO,4.710412068593223
1045,27,GP-BO,4.710329969238429
1045,28,GP-BO,4.710329969238429
1045,29,GP-BO,4.710269083817801
1045,30,GP-BO,4.710269083817801
1045,31,GP-BO,4.710269083817801
1045,32,GP-BO,4.710269083817801
1045,33,GP-BO,4.710269083817801
1045,34,GP-BO,4.710269083817801
1045,35,GP-BO,4.710269083817801
1045,36,GP-BO,4.71021170631326
1045,37,GP-BO,4.71021170631326
1045,38,GP-BO,4.71021170631326
1045,39,GP-BO,4.71021170631326
1045,40,GP-BO,4.71015475077004
1045,41,GP-BO,4.71012072311088
1045,42,GP-BO,4.71012072311088
1045,43,GP-BO,4.710086578888292
1045,44,GP-BO,4.710086578888292
1045,45,GP-BO,4.710086578888292
1045,46,GP-BO,4.710057580091585
1045,47,GP-BO,4.710057580091585
1045,48,GP-BO,4.710057580091585
1045,49,GP-BO,4.7100287160528564
1045,50,GP-BO,4.7100287160528564
1045,51,GP-BO,4.710005544895347
1045,52,GP-BO,4.7099813901821035
1045,53,GP-BO,4.7099813901821035
1045,54,GP-BO,4.7099813901821035
1045,55,GP-BO,4.7099813901821035
1045,56,GP-BO,4.7099813901821035
1045,57,GP-BO,4.7099813901821035
1045,58,GP-BO,4.7099813901821035
1045,59,GP-BO,4.7099813901821035
1045,60,GP-BO,4.7093729539864375
1045,61,GP-BO,4.709106784238303
1045,62,GP-BO,4.709106784238303
1045,63,GP-BO,4.708887793082001
1045,64,GP-BO,4.708677400372841
1045,65,GP-BO,4.708497434795653
1045,66,GP-BO,4.70832427345927
1045,67,GP-BO,4.708191321778731
1045,68,GP-BO,4.708048915894959
1045,69,GP-BO,4.70790478767903
1045,70,GP-BO,4.70774536854639
1045,71,GP-BO,4.707618705859888
1045,72,GP-BO,4.7075084774987355
1045,73,GP-BO,4.707399967946657
1045,74,GP-BO,4.707293252828917
1045,75,GP-BO,4.7071882227274475
1045,76,GP-BO,4.70708369260096
1045,77,GP-BO,4.707012846101746
1045,78,GP-BO,4.707012846101746
1045,79,GP-BO,4.70697386380581
1045,80,GP-BO,4.706959981213996
1045,81,GP-BO,4.706879628761306
1045,82,GP-BO,4.706787652438876
1045,83,GP-BO,4.706697371733333
1045,84,GP-BO,4.706608289109172
1045,85,GP-BO,4.706464594388309
1045,86,GP-BO,4.7063676362901425
1045,87,GP-BO,4.7062459866489466
1045,88,GP-BO,4.706115914848381
1045,89,GP-BO,4.705962069573443
1045,90,GP-BO,4.705793862938342
1045,91,GP-BO,4.705793862938342
1045,92,GP-BO,4.705618947227399
1045,93,GP-BO,4.705434331781268
1045,94,GP-BO,4.705206220637844
1045,95,GP-BO,4.705021303463619
1045,96,GP-BO,4.704792754471954
1045,97,GP-BO,4.704560200203339
1045,98,GP-BO,4.70432935497445
1045,99,GP-BO,4.704085065508904
1045,100,GP-BO,4.703845521540412
1045,0,Random,4.715108126568301
1045,1,Random,4.715108126568301
1045,2,Random,4.715108126568301
1045,3,Random,4.715108126568301
1045,4,Random,4.715108126568301
1045,5,Random,4.715108126568301
1045,6,Random,4.715108126568301
1045,7,Random,4.715108126568301
1045,8,Random,4.715108126568301
1045,9,Random,4.715108126568301
1045,10,Random,4.715108126568301
1045,11,Random,4.715108126568301
1045,12,Random,4.715108126568301
1045,13,Random,4.715108126568301
1045,14,Random,4.715108126568301
1045,15,Random,4.715108126568301
1045,16,Random,4.715108126568301
1045,17,Random,4.715108126568301
1045,18,Random,4.715108126568301
1045,19,Random,4.715108126568301
1045,20,Random,4.715108126568301
1045,21,Random,4.715108126568301
1045,22,Random,4.715108126568301
1045,23,Random,4.715108126568301
1045,24,Random,4.715108126568301
1045,25,Random,4.715108126568301
1045,26,Random,4.715108126568301
1045,27,Random,4.715108126568301
1045,28,Random,4.715108126568301
1045,29,Random,4.715108126568301
1045,30,Random,4.715108126568301
1045,31,Random,4.715108126568301
1045,32,Random,4.715108126568301
1045,33,Random,4.715108126568301
1045,34,Random,4.715108126568301
1045,35,Random,4.715108126568301
1045,36,Random,4.715108126568301
1045,37,Random,4.715108126568301
1045,38,Random,4.715108126568301
1045,39,Random,4.715108126568301
1045,40,Random,4.715108126568301
1045,41,Random,4.7143426541878695
1045,42,Random,4.7143426541878695
1045,43,Random,4.7143426541878695
1045,44,Random,4.7143426541878695
1045,45,Random,4.7143426541878695
1045,46,Random,4.7143426541878695
1045,47,Random,4.7143426541878695
1045,48,Random,4.7143426541878695
1045,49,Random,4.7143426541878695
1045,50,Random,4.7143426541878695
1045,51,Random,4.7143426541878695
1045,52,Random,4.7143426541878695
1045,53,Random,4.7143426541878695
1045,54,Random,4.7143426541878695
1045,55,Random,4.7143426541878695
1045,56,Random,4.7143426541878695
1045,57,Random,4.7143426541878695
1045,58,Random,4.71433091178524
1045,59,Random,4.71433091178524
1045,60,Random,4.71433091178524
1045,61,Random,4.71433091178524
1045,62,Random,4.71433091178524
1045,63,Random,4.71433091178524
1045,64,Random,4.714318614240247
1045,65,Random,4.714318614240247
1045,66,Random,4.714318614240247
1045,67,Random,4.714318614240247
1045,68,Random,4.714318614240247
1045,69,Random,4.714318614240247
1045,70,Random,4.714318614240247
1045,71,Random,4.714318614240247
1045,72,Random,4.711329709643577
1045,73,Random,4.711329709643577
1045,74,Random,4.711329709643577
1045,75,Random,4.711329709643577
1045,76,Random,4.711329709643577
1045,77,Random,4.711329709643577
1045,78,Random,4.711329709643577
1045,79,Random,4.711329709643577
1045,80,Random,4.711329709643577
1045,81,Random,4.711329709643577
1045,82,Random,4.711329709643577
1045,83,Random,4.711329709643577
1045,84,Random,4.711329709643577
1045,85,Random,4.711329709643577
1045,86,Random,4.711329709643577
1045,87,Random,4.711329709643577
1045,88,Random,4.711329709643577
1045,89,Random,4.711329709643577
1045,90,Random,4.711329709643577
1045,91,Random,4.711329709643577
1045,92,Random,4.711329709643577
1045,93,Random,4.711329709643577
1045,94,Random,4.711329709643577
1045,95,Random,4.711329709643577
1045,96,Random,4.711329709643577
1045,97,Random,4.706047988683236
1045,98,Random,4.706047988683236
1045,99,Random,4.706047988683236
1045,100,Random,4.706047988683236
1046,0,BASS-BO,4.778469165724299
1046,1,BASS-BO,4.778469165724299
1046,2,BASS-BO,4.778469165724299
1046,3,BASS-BO,4.778469165724299
1046,4,BASS-BO,4.7759281827849644
1046,5,BASS-BO,4.775724614139148
1046,6,BASS-BO,4.775724614139148
1046,7,BASS-BO,4.775724614139148
1046,8,BASS-BO,4.775724614139148
1046,9,BASS-BO,4.775724614139148
1046,10,BASS-BO,4.775724614139148
1046,11,BASS-BO,4.775724614139148
1046,12,BASS-BO,4.775724614139148
1046,13,BASS-BO,4.7751108059619325
1046,14,BASS-BO,4.7751108059619325
1046,15,BASS-BO,4.7751108059619325
1046,16,BASS-BO,4.7751108059619325
1046,17,BASS-BO,4.7751108059619325
1046,18,BASS-BO,4.7751108059619325
1046,19,BASS-BO,4.7751108059619325
1046,20,BASS-BO,4.7751108059619325
1046,21,BASS-BO,4.7751108059619325
1046,22,BASS-BO,4.7751108059619325
1046,23,BASS-BO,4.7751108059619325
1046,24,BASS-BO,4.7751108059619325
1046,25,BASS-BO,4.7751108059619325
1046,26,BASS-BO,4.7751108059619325
1046,27,BASS-BO,4.7751108059619325
1046,28,BASS-BO,4.7751108059619325
1046,29,BASS-BO,4.7751108059619325
1046,30,BASS-BO,4.7751108059619325
1046,31,BASS-BO,4.7751108059619325
1046,32,BASS-BO,4.7751108059619325
1046,33,BASS-BO,4.7751108059619325
1046,34,BASS-BO,4.7751108059619325
1046,35,BASS-BO,4.7751108059619325
1046,36,BASS-BO,4.7751108059619325
1046,37,BASS-BO,4.7751108059619325
1046,38,BASS-BO,4.7751108059619325
1046,39,BASS-BO,4.7751108059619325
1046,40,BASS-BO,4.7751108059619325
1046,41,BASS-BO,4.7751108059619325
1046,42,BASS-BO,4.7751108059619325
1046,43,BASS-BO,4.7751108059619325
1046,44,BASS-BO,4.7751108059619325
1046,45,BASS-BO,4.7751108059619325
1046,46,BASS-BO,4.7751108059619325
1046,47,BASS-BO,4.7751108059619325
1046,48,BASS-BO,4.7751108059619325
1046,49,BASS-BO,4.7751108059619325
1046,50,BASS-BO,4.7751108059619325
1046,51,BASS-BO,4.7751108059619325
1046,52,BASS-BO,4.7751108059619325
1046,53,BASS-BO,4.7751108059619325
1046,54,BASS-BO,4.7751108059619325
1046,55,BASS-BO,4.7751108059619325
1046,56,BASS-BO,4.7751108059619325
1046,57,BASS-BO,4.7751108059619325
1046,58,BASS-BO,4.7751059788815535
1046,59,BASS-BO,4.7751059788815535
1046,60,BASS-BO,4.7751059788815535
1046,61,BASS-BO,4.7751059788815535
1046,62,BASS-BO,4.7751059788815535
1046,63,BASS-BO,4.7751059788815535
1046,64,BASS-BO,4.7751059788815535
1046,65,BASS-BO,4.7751059788815535
1046,66,BASS-BO,4.7751059788815535
1046,67,BASS-BO,4.7751059788815535
1046,68,BASS-BO,4.7751059788815535
1046,69,BASS-BO,4.7751059788815535
1046,70,BASS-BO,4.7751059788815535
1046,71,BASS-BO,4.7751059788815535
1046,72,BASS-BO,4.7751059788815535
1046,73,BASS-BO,4.7751059788815535
1046,74,BASS-BO,4.7751059788815535
1046,75,BASS-BO,4.7751059788815535
1046,76,BASS-BO,4.7751059788815535
1046,77,BASS-BO,4.775104898636716
1046,78,BASS-BO,4.775104898636716
1046,79,BASS-BO,4.775104898636716
1046,80,BASS-BO,4.775104898636716
1046,81,BASS-BO,4.775104898636716
1046,82,BASS-BO,4.775104898636716
1046,83,BASS-BO,4.775104898636716
1046,84,BASS-BO,4.775104898636716
1046,85,BASS-BO,4.775104898636716
1046,86,BASS-BO,4.775104898636716
1046,87,BASS-BO,4.775104898636716
1046,88,BASS-BO,4.775104898636716
1046,89,BASS-BO,4.775104898636716
1046,90,BASS-BO,4.775104898636716
1046,91,BASS-BO,4.775104898636716
1046,92,BASS-BO,4.775104898636716
1046,93,BASS-BO,4.775104898636716
1046,94,BASS-BO,4.775104898636716
1046,95,BASS-BO,4.775104898636716
1046,96,BASS-BO,4.775104898636716
1046,97,BASS-BO,4.775104898636716
1046,98,BASS-BO,4.775104898636716
1046,99,BASS-BO,4.775104898636716
1046,100,BASS-BO,4.775104898636716
1046,0,GP-BO,4.778469165724299
1046,1,GP-BO,4.778469165724299
1046,2,GP-BO,4.778469165724299
1046,3,GP-BO,4.778469165724299
1046,4,GP-BO,4.778469165724299
1046,5,GP-BO,4.778469165724299
1046,6,GP-BO,4.777331885756046
1046,7,GP-BO,4.777331885756046
1046,8,GP-BO,4.777331885756046
1046,9,GP-BO,4.777331885756046
1046,10,GP-BO,4.777331885756046
1046,11,GP-BO,4.777331885756046
1046,12,GP-BO,4.777331885756046
1046,13,GP-BO,4.7753473930955
1046,14,GP-BO,4.7753473930955
1046,15,GP-BO,4.775210991617148
1046,16,GP-BO,4.775210991617148
1046,17,GP-BO,4.775088784173356
1046,18,GP-BO,4.774894730846096
1046,19,GP-BO,4.774894730846096
1046,20,GP-BO,4.774894730846096
1046,21,GP-BO,4.774894730846096
1046,22,GP-BO,4.774894730846096
1046,23,GP-BO,4.774894730846096
1046,24,GP-BO,4.774894730846096
1046,25,GP-BO,4.774894730846096
1046,26,GP-BO,4.774894730846096
1046,27,GP-BO,4.774894730846096
1046,28,GP-BO,4.774759887473926
1046,29,GP-BO,4.774759887473926
1046,30,GP-BO,4.774759887473926
1046,31,GP-BO,4.774759887473926
1046,32,GP-BO,4.774759887473926
1046,33,GP-BO,4.774759887473926
1046,34,GP-BO,4.774759887473926
1046,35,GP-BO,4.7747038457475615
1046,36,GP-BO,4.7747038457475615
1046,37,GP-BO,4.7747038457475615
1046,38,GP-BO,4.7747038457475615
1046,39,GP-BO,4.774702661830469
1046,40,GP-BO,4.774702661830469
1046,41,GP-BO,4.774702661830469
1046,42,GP-BO,4.774702661830469
1046,43,GP-BO,4.774702661830469
1046,44,GP-BO,4.774702661830469
1046,45,GP-BO,4.774702661830469
1046,46,GP-BO,4.774702661830469
1046,47,GP-BO,4.774702661830469
1046,48,GP-BO,4.774702661830469
1046,49,GP-BO,4.774702661830469
1046,50,GP-BO,4.774702661830469
1046,51,GP-BO,4.774702661830469
1046,52,GP-BO,4.774702661830469
1046,53,GP-BO,4.774702661830469
1046,54,GP-BO,4.774702661830469
1046,55,GP-BO,4.774702661830469
1046,56,GP-BO,4.774702661830469
1046,57,GP-BO,4.774702661830469
1046,58,GP-BO,4.774702661830469
1046,59,GP-BO,4.774702661830469
1046,60,GP-BO,4.774702661830469
1046,61,GP-BO,4.774702661830469
1046,62,GP-BO,4.774702661830469
1046,63,GP-BO,4.774702661830469
1046,64,GP-BO,4.774702661830469
1046,65,GP-BO,4.774702661830469
1046,66,GP-BO,4.774702661830469
1046,67,GP-BO,4.774702661830469
1046,68,GP-BO,4.774702661830469
1046,69,GP-BO,4.774702661830469
1046,70,GP-BO,4.774702661830469
1046,71,GP-BO,4.774702661830469
1046,72,GP-BO,4.774702661830469
1046,73,GP-BO,4.774702661830469
1046,74,GP-BO,4.774702661830469
1046,75,GP-BO,4.774702661830469
1046,76,GP-BO,4.774702661830469
1046,77,GP-BO,4.774702661830469
1046,78,GP-BO,4.774702661830469
1046,79,GP-BO,4.774702661830469
1046,80,GP-BO,4.774702661830469
1046,81,GP-BO,4.774702661830469
1046,82,GP-BO,4.774702661830469
1046,83,GP-BO,4.774702661830469
1046,84,GP-BO,4.774702661830469
1046,85,GP-BO,4.774702661830469
1046,86,GP-BO,4.774700471885936
1046,87,GP-BO,4.774700471885936
1046,88,GP-BO,4.774700471885936
1046,89,GP-BO,4.774700471885936
1046,90,GP-BO,4.774700471885936
1046,91,GP-BO,4.774700471885936
1046,92,GP-BO,4.774700471885936
1046,93,GP-BO,4.774700471885936
1046,94,GP-BO,4.774700471885936
1046,95,GP-BO,4.774700471885936
1046,96,GP-BO,4.774700471885936
1046,97,GP-BO,4.774700471885936
1046,98,GP-BO,4.774700471885936
1046,99,GP-BO,4.774700471885936
1046,100,GP-BO,4.774700471885936
1046,0,Random,4.778469165724299
1046,1,Random,4.778469165724299
1046,2,Random,4.778469165724299
1046,3,Random,4.778469165724299
1046,4,Random,4.778469165724299
1046,5,Random,4.778469165724299
1046,6,Random,4.778469165724299
1046,7,Random,4.778469165724299
1046,8,Random,4.778469165724299
1046,9,Random,4.778469165724299
1046,10,Random,4.778469165724299
1046,11,Random,4.778469165724299
1046,12,Random,4.778469165724299
1046,13,Random,4.778469165724299
1046,14,Random,4.778469165724299
1046,15,Random,4.778469165724299
1046,16,Random,4.778469165724299
1046,17,Random,4.778469165724299
1046,18,Random,4.778469165724299
1046,19,Random,4.778469165724299
1046,20,Random,4.778469165724299
1046,21,Random,4.778469165724299
1046,22,Random,4.778469165724299
1046,23,Random,4.778469165724299
1046,24,Random,4.778469165724299
1046,25,Random,4.778469165724299
1046,26,Random,4.778469165724299
1046,27,Random,4.778469165724299
1046,28,Random,4.778469165724299
1046,29,Random,4.778469165724299
1046,30,Random,4.778469165724299
1046,31,Random,4.778469165724299
1046,32,Random,4.778469165724299
1046,33,Random,4.778469165724299
1046,34,Random,4.778469165724299
1046,35,Random,4.778469165724299
1046,36,Random,4.778469165724299
1046,37,Random,4.778469165724299
1046,38,Random,4.778469165724299
1046,39,Random,4.778469165724299
1046,40,Random,4.778469165724299
1046,41,Random,4.778469165724299
1046,42,Random,4.778469165724299
1046,43,Random,4.778469165724299
1046,44,Random,4.778469165724299
1046,45,Random,4.778469165724299
1046,46,Random,4.778469165724299
1046,47,Random,4.778469165724299
1046,48,Random,4.778469165724299
1046,49,Random,4.778469165724299
1046,50,Random,4.778469165724299
1046,51,Random,4.778469165724299
1046,52,Random,4.778469165724299
1046,53,Random,4.778469165724299
1046,54,Random,4.778469165724299
1046,55,Random,4.778469165724299
1046,56,Random,4.778469165724299
1046,57,Random,4.778469165724299
1046,58,Random,4.778427205351006
1046,59,Random,4.778427205351006
1046,60,Random,4.778427205351006
1046,61,Random,4.778427205351006
1046,62,Random,4.778427205351006
1046,63,Random,4.778427205351006
1046,64,Random,4.778427205351006
1046,65,Random,4.778427205351006
1046,66,Random,4.778427205351006
1046,67,Random,4.778427205351006
1046,68,Random,4.778427205351006
1046,69,Random,4.778427205351006
1046,70,Random,4.778427205351006
1046,71,Random,4.778427205351006
1046,72,Random,4.778427205351006
1046,73,Random,4.778427205351006
1046,74,Random,4.778427205351006
1046,75,Random,4.778427205351006
1046,76,Random,4.778427205351006
1046,77,Random,4.778427205351006
1046,78,Random,4.778427205351006
1046,79,Random,4.778427205351006
1046,80,Random,4.778427205351006
1046,81,Random,4.778427205351006
1046,82,Random,4.778427205351006
1046,83,Random,4.778427205351006
1046,84,Random,4.778427205351006
1046,85,Random,4.778427205351006
1046,86,Random,4.778427205351006
1046,87,Random,4.778427205351006
1046,88,Random,4.778427205351006
1046,89,Random,4.778427205351006
1046,90,Random,4.778427205351006
1046,91,Random,4.778427205351006
1046,92,Random,4.778427205351006
1046,93,Random,4.778427205351006
1046,94,Random,4.778427205351006
1046,95,Random,4.778427205351006
1046,96,Random,4.778427205351006
1046,97,Random,4.778427205351006
1046,98,Random,4.778427205351006
1046,99,Random,4.778427205351006
1046,100,Random,4.778427205351006
1047,0,BASS-BO,4.6875944632288995
1047,1,BASS-BO,4.6875944632288995
1047,2,BASS-BO,4.6875944632288995
1047,3,BASS-BO,4.6875944632288995
1047,4,BASS-BO,4.6875944632288995
1047,5,BASS-BO,4.6875944632288995
1047,6,BASS-BO,4.6875944632288995
1047,7,BASS-BO,4.6875944632288995
1047,8,BASS-BO,4.6875944632288995
1047,9,BASS-BO,4.681863175498629
1047,10,BASS-BO,4.681863175498629
1047,11,BASS-BO,4.679931420293012
1047,12,BASS-BO,4.679931420293012
1047,13,BASS-BO,4.679931420293012
1047,14,BASS-BO,4.679931420293012
1047,15,BASS-BO,4.679931420293012
1047,16,BASS-BO,4.679931420293012
1047,17,BASS-BO,4.679931420293012
1047,18,BASS-BO,4.679931420293012
1047,19,BASS-BO,4.679753649561947
1047,20,BASS-BO,4.679753649561947
1047,21,BASS-BO,4.679753649561947
1047,22,BASS-BO,4.679753649561947
1047,23,BASS-BO,4.679753649561947
1047,24,BASS-BO,4.679753649561947
1047,25,BASS-BO,4.679753649561947
1047,26,BASS-BO,4.679753649561947
1047,27,BASS-BO,4.679596440864423
1047,28,BASS-BO,4.679596440864423
1047,29,BASS-BO,4.679596440864423
1047,30,BASS-BO,4.679596440864423
1047,31,BASS-BO,4.679572996714834
1047,32,BASS-BO,4.679572996714834
1047,33,BASS-BO,4.679572996714834
1047,34,BASS-BO,4.679572996714834
1047,35,BASS-BO,4.679572996714834
1047,36,BASS-BO,4.679572996714834
1047,37,BASS-BO,4.679572996714834
1047,38,BASS-BO,4.679572996714834
1047,39,BASS-BO,4.679572996714834
1047,40,BASS-BO,4.679572996714834
1047,41,BASS-BO,4.679572996714834
1047,42,BASS-BO,4.679572996714834
1047,43,BASS-BO,4.679572996714834
1047,44,BASS-BO,4.679572996714834
1047,45,BASS-BO,4.679572996714834
1047,46,BASS-BO,4.679572996714834
1047,47,BASS-BO,4.679572996714834
1047,48,BASS-BO,4.679572996714834
1047,49,BASS-BO,4.679572996714834
1047,50,BASS-BO,4.679572996714834
1047,51,BASS-BO,4.679572996714834
1047,52,BASS-BO,4.679572996714834
1047,53,BASS-BO,4.679572996714834
1047,54,BASS-BO,4.679572996714834
1047,55,BASS-BO,4.679572996714834
1047,56,BASS-BO,4.679572996714834
1047,57,BASS-BO,4.679572996714834
1047,58,BASS-BO,4.679572996714834
1047,59,BASS-BO,4.679572996714834
1047,60,BASS-BO,4.679572996714834
1047,61,BASS-BO,4.679572996714834
1047,62,BASS-BO,4.679572996714834
1047,63,BASS-BO,4.679572996714834
1047,64,BASS-BO,4.679572996714834
1047,65,BASS-BO,4.679572996714834
1047,66,BASS-BO,4.679572996714834
1047,67,BASS-BO,4.679572996714834
1047,68,BASS-BO,4.679572996714834
1047,69,BASS-BO,4.679572996714834
1047,70,BASS-BO,4.679572996714834
1047,71,BASS-BO,4.679572996714834
1047,72,BASS-BO,4.679572996714834
1047,73,BASS-BO,4.679572996714834
1047,74,BASS-BO,4.679572996714834
1047,75,BASS-BO,4.679572996714834
1047,76,BASS-BO,4.679572996714834
1047,77,BASS-BO,4.679572996714834
1047,78,BASS-BO,4.679572996714834
1047,79,BASS-BO,4.679572996714834
1047,80,BASS-BO,4.679572996714834
1047,81,BASS-BO,4.679572996714834
1047,82,BASS-BO,4.679572996714834
1047,83,BASS-BO,4.679572996714834
1047,84,BASS-BO,4.679572996714834
1047,85,BASS-BO,4.679572996714834
1047,86,BASS-BO,4.679572996714834
1047,87,BASS-BO,4.679572996714834
1047,88,BASS-BO,4.679572996714834
1047,89,BASS-BO,4.679572996714834
1047,90,BASS-BO,4.679572996714834
1047,91,BASS-BO,4.679572996714834
1047,92,BASS-BO,4.679572996714834
1047,93,BASS-BO,4.679572996714834
1047,94,BASS-BO,4.679572996714834
1047,95,BASS-BO,4.679572996714834
1047,96,BASS-BO,4.679572996714834
1047,97,BASS-BO,4.679572996714834
1047,98,BASS-BO,4.679572996714834
1047,99,BASS-BO,4.679572996714834
1047,100,BASS-BO,4.679572996714834
1047,0,GP-BO,4.6875944632288995
1047,1,GP-BO,4.6875944632288995
1047,2,GP-BO,4.6875944632288995
1047,3,GP-BO,4.6875944632288995
1047,4,GP-BO,4.6875944632288995
1047,5,GP-BO,4.6875944632288995
1047,6,GP-BO,4.6875944632288995
1047,7,GP-BO,4.6875944632288995
1047,8,GP-BO,4.6875944632288995
1047,9,GP-BO,4.6875944632288995
1047,10,GP-BO,4.6875944632288995
1047,11,GP-BO,4.6875944632288995
1047,12,GP-BO,4.6875944632288995
1047,13,GP-BO,4.6875944632288995
1047,14,GP-BO,4.6875944632288995
1047,15,GP-BO,4.6875944632288995
1047,16,GP-BO,4.6875944632288995
1047,17,GP-BO,4.6875944632288995
1047,18,GP-BO,4.6875944632288995
1047,19,GP-BO,4.6875944632288995
1047,20,GP-BO,4.6875944632288995
1047,21,GP-BO,4.6875944632288995
1047,22,GP-BO,4.6875944632288995
1047,23,GP-BO,4.6875944632288995
1047,24,GP-BO,4.6875944632288995
1047,25,GP-BO,4.68757378545914
1047,26,GP-BO,4.68757378545914
1047,27,GP-BO,4.68757378545914
1047,28,GP-BO,4.68757378545914
1047,29,GP-BO,4.68757378545914
1047,30,GP-BO,4.68757378545914
1047,31,GP-BO,4.68757378545914
1047,32,GP-BO,4.68757378545914
1047,33,GP-BO,4.68757378545914
1047,34,GP-BO,4.68757378545914
1047,35,GP-BO,4.68757378545914
1047,36,GP-BO,4.68757378545914
1047,37,GP-BO,4.68757378545914
1047,38,GP-BO,4.68757378545914
1047,39,GP-BO,4.68757378545914
1047,40,GP-BO,4.68757378545914
1047,41,GP-BO,4.68757378545914
1047,42,GP-BO,4.68757378545914
1047,43,GP-BO,4.68163197078614
1047,44,GP-BO,4.68163197078614
1047,45,GP-BO,4.679575523815457
1047,46,GP-BO,4.679575523815457
1047,47,GP-BO,4.679575523815457
1047,48,GP-BO,4.679575523815457
1047,49,GP-BO,4.679575523815457
1047,50,GP-BO,4.679575523815457
1047,51,GP-BO,4.679575523815457
1047,52,GP-BO,4.679575523815457
1047,53,GP-BO,4.679575523815457
1047,54,GP-BO,4.679575523815457
1047,55,GP-BO,4.679575523815457
1047,56,GP-BO,4.679575523815457
1047,57,GP-BO,4.679575523815457
1047,58,GP-BO,4.679575523815457
1047,59,GP-BO,4.679575523815457
1047,60,GP-BO,4.679575523815457
1047,61,GP-BO,4.679575523815457
1047,62,GP-BO,4.679575523815457
1047,63,GP-BO,4.679575523815457
1047,64,GP-BO,4.679575523815457
1047,65,GP-BO,4.679575523815457
1047,66,GP-BO,4.679575523815457
1047,67,GP-BO,4.679575523815457
1047,68,GP-BO,4.679575523815457
1047,69,GP-BO,4.679575523815457
1047,70,GP-BO,4.679575523815457
1047,71,GP-BO,4.679575523815457
1047,72,GP-BO,4.679575523815457
1047,73,GP-BO,4.679575523815457
1047,74,GP-BO,4.679575523815457
1047,75,GP-BO,4.679575523815457
1047,76,GP-BO,4.679575523815457
1047,77,GP-BO,4.679575523815457
1047,78,GP-BO,4.679575523815457
1047,79,GP-BO,4.679575523815457
1047,80,GP-BO,4.679575523815457
1047,81,GP-BO,4.679575523815457
1047,82,GP-BO,4.679575523815457
1047,83,GP-BO,4.679575523815457
1047,84,GP-BO,4.679575523815457
1047,85,GP-BO,4.679575523815457
1047,86,GP-BO,4.679575523815457
1047,87,GP-BO,4.679575523815457
1047,88,GP-BO,4.679575523815457
1047,89,GP-BO,4.679575523815457
1047,90,GP-BO,4.679575523815457
1047,91,GP-BO,4.679575523815457
1047,92,GP-BO,4.679575523815457
1047,93,GP-BO,4.679575523815457
1047,94,GP-BO,4.679575523815457
1047,95,GP-BO,4.679575419150023
1047,96,GP-BO,4.679575419150023
1047,97,GP-BO,4.679575419150023
1047,98,GP-BO,4.679575419150023
1047,99,GP-BO,4.679575419150023
1047,100,GP-BO,4.679575419150023
1047,0,Random,4.6875944632288995
1047,1,Random,4.6875944632288995
1047,2,Random,4.6875944632288995
1047,3,Random,4.6875944632288995
1047,4,Random,4.6875944632288995
1047,5,Random,4.6875944632288995
1047,6,Random,4.6875944632288995
1047,7,Random,4.6875944632288995
1047,8,Random,4.6875944632288995
1047,9,Random,4.6875944632288995
1047,10,Random,4.6875944632288995
1047,11,Random,4.686762092305736
1047,12,Random,4.686762092305736
1047,13,Random,4.686762092305736
1047,14,Random,4.686762092305736
1047,15,Random,4.686762092305736
1047,16,Random,4.686762092305736
1047,17,Random,4.686762092305736
1047,18,Random,4.686762092305736
1047,19,Random,4.686762092305736
1047,20,Random,4.686762092305736
1047,21,Random,4.686762092305736
1047,22,Random,4.686762092305736
1047,23,Random,4.686762092305736
1047,24,Random,4.683324190979374
1047,25,Random,4.683324190979374
1047,26,Random,4.683324190979374
1047,27,Random,4.683324190979374
1047,28,Random,4.683324190979374
1047,29,Random,4.683324190979374
1047,30,Random,4.683324190979374
1047,31,Random,4.683324190979374
1047,32,Random,4.683324190979374
1047,33,Random,4.683324190979374
1047,34,Random,4.683324190979374
1047,35,Random,4.683324190979374
1047,36,Random,4.683324190979374
1047,37,Random,4.683324190979374
1047,38,Random,4.683324190979374
1047,39,Random,4.683324190979374
1047,40,Random,4.683324190979374
1047,41,Random,4.683324190979374
1047,42,Random,4.683324190979374
1047,43,Random,4.683324190979374
1047,44,Random,4.683324190979374
1047,45,Random,4.683324190979374
1047,46,Random,4.683324190979374
1047,47,Random,4.683324190979374
1047,48,Random,4.683324190979374
1047,49,Random,4.683324190979374
1047,50,Random,4.683324190979374
1047,51,Random,4.683324190979374
1047,52,Random,4.683324190979374
1047,53,Random,4.683324190979374
1047,54,Random,4.683324190979374
1047,55,Random,4.683324190979374
1047,56,Random,4.683324190979374
1047,57,Random,4.683324190979374
1047,58,Random,4.683324190979374
1047,59,Random,4.683324190979374
1047,60,Random,4.683324190979374
1047,61,Random,4.683324190979374
1047,62,Random,4.683324190979374
1047,63,Random,4.683324190979374
1047,64,Random,4.683324190979374
1047,65,Random,4.683324190979374
1047,66,Random,4.683324190979374
1047,67,Random,4.683324190979374
1047,68,Random,4.683324190979374
1047,69,Random,4.683324190979374
1047,70,Random,4.683324190979374
1047,71,Random,4.683324190979374
1047,72,Random,4.683324190979374
1047,73,Random,4.683324190979374
1047,74,Random,4.683324190979374
1047,75,Random,4.683324190979374
1047,76,Random,4.683324190979374
1047,77,Random,4.683324190979374
1047,78,Random,4.683324190979374
1047,79,Random,4.683324190979374
1047,80,Random,4.683324190979374
1047,81,Random,4.683324190979374
1047,82,Random,4.683324190979374
1047,83,Random,4.683324190979374
1047,84,Random,4.681433816703868
1047,85,Random,4.681433816703868
1047,86,Random,4.681433816703868
1047,87,Random,4.681433816703868
1047,88,Random,4.681433816703868
1047,89,Random,4.681433816703868
1047,90,Random,4.681433816703868
1047,91,Random,4.681433816703868
1047,92,Random,4.681433816703868
1047,93,Random,4.681433816703868
1047,94,Random,4.681433816703868
1047,95,Random,4.681433816703868
1047,96,Random,4.681433816703868
1047,97,Random,4.681433816703868
1047,98,Random,4.681433816703868
1047,99,Random,4.681433816703868
1047,100,Random,4.681433816703868
1048,0,BASS-BO,4.93101063696152
1048,1,BASS-BO,4.93101063696152
1048,2,BASS-BO,4.93101063696152
1048,3,BASS-BO,4.93101063696152
1048,4,BASS-BO,4.93101063696152
1048,5,BASS-BO,4.93101063696152
1048,6,BASS-BO,4.93101063696152
1048,7,BASS-BO,4.93101063696152
1048,8,BASS-BO,4.93101063696152
1048,9,BASS-BO,4.93101063696152
1048,10,BASS-BO,4.93101063696152
1048,11,BASS-BO,4.93101063696152
1048,12,BASS-BO,4.9279988319360974
1048,13,BASS-BO,4.9279988319360974
1048,14,BASS-BO,4.9279988319360974
1048,15,BASS-BO,4.9279988319360974
1048,16,BASS-BO,4.9279988319360974
1048,17,BASS-BO,4.9279988319360974
1048,18,BASS-BO,4.926781845234419
1048,19,BASS-BO,4.926781845234419
1048,20,BASS-BO,4.926781845234419
1048,21,BASS-BO,4.926781845234419
1048,22,BASS-BO,4.926749990765466
1048,23,BASS-BO,4.926749990765466
1048,24,BASS-BO,4.926749990765466
1048,25,BASS-BO,4.926749990765466
1048,26,BASS-BO,4.926749990765466
1048,27,BASS-BO,4.926749990765466
1048,28,BASS-BO,4.926749990765466
1048,29,BASS-BO,4.926749990765466
1048,30,BASS-BO,4.926749990765466
1048,31,BASS-BO,4.926749990765466
1048,32,BASS-BO,4.926749990765466
1048,33,BASS-BO,4.926749990765466
1048,34,BASS-BO,4.926749990765466
1048,35,BASS-BO,4.926749990765466
1048,36,BASS-BO,4.926749990765466
1048,37,BASS-BO,4.926749990765466
1048,38,BASS-BO,4.926749990765466
1048,39,BASS-BO,4.926749990765466
1048,40,BASS-BO,4.926749990765466
1048,41,BASS-BO,4.926749990765466
1048,42,BASS-BO,4.926749990765466
1048,43,BASS-BO,4.926749990765466
1048,44,BASS-BO,4.926749990765466
1048,45,BASS-BO,4.926749990765466
1048,46,BASS-BO,4.926749990765466
1048,47,BASS-BO,4.926749990765466
1048,48,BASS-BO,4.926749990765466
1048,49,BASS-BO,4.926749990765466
1048,50,BASS-BO,4.926749990765466
1048,51,BASS-BO,4.926749990765466
1048,52,BASS-BO,4.926749990765466
1048,53,BASS-BO,4.926749990765466
1048,54,BASS-BO,4.926749990765466
1048,55,BASS-BO,4.926749990765466
1048,56,BASS-BO,4.926749990765466
1048,57,BASS-BO,4.926749990765466
1048,58,BASS-BO,4.926749990765466
1048,59,BASS-BO,4.926749990765466
1048,60,BASS-BO,4.926749990765466
1048,61,BASS-BO,4.926749990765466
1048,62,BASS-BO,4.926749990765466
1048,63,BASS-BO,4.926749990765466
1048,64,BASS-BO,4.926749990765466
1048,65,BASS-BO,4.926749990765466
1048,66,BASS-BO,4.926749990765466
1048,67,BASS-BO,4.926749990765466
1048,68,BASS-BO,4.926749990765466
1048,69,BASS-BO,4.926749990765466
1048,70,BASS-BO,4.926749990765466
1048,71,BASS-BO,4.926749990765466
1048,72,BASS-BO,4.926749990765466
1048,73,BASS-BO,4.926749990765466
1048,74,BASS-BO,4.926749990765466
1048,75,BASS-BO,4.926749990765466
1048,76,BASS-BO,4.926749990765466
1048,77,BASS-BO,4.926749990765466
1048,78,BASS-BO,4.926749990765466
1048,79,BASS-BO,4.926749990765466
1048,80,BASS-BO,4.926749990765466
1048,81,BASS-BO,4.926749990765466
1048,82,BASS-BO,4.926749990765466
1048,83,BASS-BO,4.926749990765466
1048,84,BASS-BO,4.926749990765466
1048,85,BASS-BO,4.926749990765466
1048,86,BASS-BO,4.926749990765466
1048,87,BASS-BO,4.926749990765466
1048,88,BASS-BO,4.926749990765466
1048,89,BASS-BO,4.926749990765466
1048,90,BASS-BO,4.926749990765466
1048,91,BASS-BO,4.926749990765466
1048,92,BASS-BO,4.926749990765466
1048,93,BASS-BO,4.926749990765466
1048,94,BASS-BO,4.926749990765466
1048,95,BASS-BO,4.926749990765466
1048,96,BASS-BO,4.926749990765466
1048,97,BASS-BO,4.926749990765466
1048,98,BASS-BO,4.926749990765466
1048,99,BASS-BO,4.926749990765466
1048,100,BASS-BO,4.926749990765466
1048,0,GP-BO,4.93101063696152
1048,1,GP-BO,4.93101063696152
1048,2,GP-BO,4.93101063696152
1048,3,GP-BO,4.9299606089349925
1048,4,GP-BO,4.9299606089349925
1048,5,GP-BO,4.9299606089349925
1048,6,GP-BO,4.9299606089349925
1048,7,GP-BO,4.9299606089349925
1048,8,GP-BO,4.9299606089349925
1048,9,GP-BO,4.9299606089349925
1048,10,GP-BO,4.9299606089349925
1048,11,GP-BO,4.9299606089349925
1048,12,GP-BO,4.9299606089349925
1048,13,GP-BO,4.9299606089349925
1048,14,GP-BO,4.9299606089349925
1048,15,GP-BO,4.9299606089349925
1048,16,GP-BO,4.9299606089349925
1048,17,GP-BO,4.9299606089349925
1048,18,GP-BO,4.9299606089349925
1048,19,GP-BO,4.9299606089349925
1048,20,GP-BO,4.9299606089349925
1048,21,GP-BO,4.9299606089349925
1048,22,GP-BO,4.9299606089349925
1048,23,GP-BO,4.9299606089349925
1048,24,GP-BO,4.9299606089349925
1048,25,GP-BO,4.9299606089349925
1048,26,GP-BO,4.929947781265396
1048,27,GP-BO,4.929947781265396
1048,28,GP-BO,4.929947781265396
1048,29,GP-BO,4.929947781265396
1048,30,GP-BO,4.929947781265396
1048,31,GP-BO,4.929947781265396
1048,32,GP-BO,4.929947781265396
1048,33,GP-BO,4.929947781265396
1048,34,GP-BO,4.929947781265396
1048,35,GP-BO,4.929920033972817
1048,36,GP-BO,4.929920033972817
1048,37,GP-BO,4.929920033972817
1048,38,GP-BO,4.929920033972817
1048,39,GP-BO,4.929920033972817
1048,40,GP-BO,4.929915470675024
1048,41,GP-BO,4.929915470675024
1048,42,GP-BO,4.929915470675024
1048,43,GP-BO,4.929915470675024
1048,44,GP-BO,4.929915470675024
1048,45,GP-BO,4.929915470675024
1048,46,GP-BO,4.929915470675024
1048,47,GP-BO,4.929884430775105
1048,48,GP-BO,4.929884430775105
1048,49,GP-BO,4.929884430775105
1048,50,GP-BO,4.929884430775105
1048,51,GP-BO,4.929884430775105
1048,52,GP-BO,4.929884430775105
1048,53,GP-BO,4.929884430775105
1048,54,GP-BO,4.929884430775105
1048,55,GP-BO,4.929884430775105
1048,56,GP-BO,4.929884430775105
1048,57,GP-BO,4.929884430775105
1048,58,GP-BO,4.929884430775105
1048,59,GP-BO,4.92983914231007
1048,60,GP-BO,4.92983914231007
1048,61,GP-BO,4.92983914231007
1048,62,GP-BO,4.92983914231007
1048,63,GP-BO,4.92983914231007
1048,64,GP-BO,4.928872877917866
1048,65,GP-BO,4.928872877917866
1048,66,GP-BO,4.928779690426631
1048,67,GP-BO,4.928779690426631
1048,68,GP-BO,4.928779690426631
1048,69,GP-BO,4.928732017140618
1048,70,GP-BO,4.928732017140618
1048,71,GP-BO,4.928732017140618
1048,72,GP-BO,4.928659669090006
1048,73,GP-BO,4.928659669090006
1048,74,GP-BO,4.928605953113589
1048,75,GP-BO,4.928605953113589
1048,76,GP-BO,4.928605953113589
1048,77,GP-BO,4.928559331821423
1048,78,GP-BO,4.928559331821423
1048,79,GP-BO,4.928522135203036
1048,80,GP-BO,4.928522135203036
1048,81,GP-BO,4.928490507154591
1048,82,GP-BO,4.928490507154591
1048,83,GP-BO,4.928457360384538
1048,84,GP-BO,4.928457360384538
1048,85,GP-BO,4.928433103624933
1048,86,GP-BO,4.928433103624933
1048,87,GP-BO,4.928412405339164
1048,88,GP-BO,4.928412405339164
1048,89,GP-BO,4.928395760828668
1048,90,GP-BO,4.928395760828668
1048,91,GP-BO,4.928377642490542
1048,92,GP-BO,4.928377642490542
1048,93,GP-BO,4.92835731123339
1048,94,GP-BO,4.92835731123339
1048,95,GP-BO,4.928343221837559
1048,96,GP-BO,4.928343221837559
1048,97,GP-BO,4.928328290759104
1048,98,GP-BO,4.928328290759104
1048,99,GP-BO,4.928315652268965
1048,100,GP-BO,4.928315652268965
1048,0,Random,4.93101063696152
1048,1,Random,4.93101063696152
1048,2,Random,4.93101063696152
1048,3,Random,4.93101063696152
1048,4,Random,4.93101063696152
1048,5,Random,4.93101063696152
1048,6,Random,4.93101063696152
1048,7,Random,4.93101063696152
1048,8,Random,4.93101063696152
1048,9,Random,4.93101063696152
1048,10,Random,4.93101063696152
1048,11,Random,4.93101063696152
1048,12,Random,4.93101063696152
1048,13,Random,4.9288258945311645
1048,14,Random,4.9288258945311645
1048,15,Random,4.9288258945311645
1048,16,Random,4.9288258945311645
1048,17,Random,4.9288258945311645
1048,18,Random,4.9288258945311645
1048,19,Random,4.9288258945311645
1048,20,Random,4.9288258945311645
1048,21,Random,4.9288258945311645
1048,22,Random,4.9288258945311645
1048,23,Random,4.9288258945311645
1048,24,Random,4.9288258945311645
1048,25,Random,4.9288258945311645
1048,26,Random,4.9288258945311645
1048,27,Random,4.9288258945311645
1048,28,Random,4.9288258945311645
1048,29,Random,4.9288258945311645
1048,30,Random,4.9288258945311645
1048,31,Random,4.9288258945311645
1048,32,Random,4.9288258945311645
1048,33,Random,4.9288258945311645
1048,34,Random,4.9288258945311645
1048,35,Random,4.9288258945311645
1048,36,Random,4.9288258945311645
1048,37,Random,4.9288258945311645
1048,38,Random,4.9288258945311645
1048,39,Random,4.9288258945311645
1048,40,Random,4.9288258945311645
1048,41,Random,4.9288258945311645
1048,42,Random,4.9288258945311645
1048,43,Random,4.9288258945311645
1048,44,Random,4.9288258945311645
1048,45,Random,4.9288258945311645
1048,46,Random,4.9288258945311645
1048,47,Random,4.9288258945311645
1048,48,Random,4.9288258945311645
1048,49,Random,4.9288258945311645
1048,50,Random,4.9288258945311645
1048,51,Random,4.9288258945311645
1048,52,Random,4.9288258945311645
1048,53,Random,4.9288258945311645
1048,54,Random,4.9288258945311645
1048,55,Random,4.9288258945311645
1048,56,Random,4.9288258945311645
1048,57,Random,4.9288258945311645
1048,58,Random,4.9288258945311645
1048,59,Random,4.9288258945311645
1048,60,Random,4.9288258945311645
1048,61,Random,4.9288258945311645
1048,62,Random,4.9288258945311645
1048,63,Random,4.9288258945311645
1048,64,Random,4.9288258945311645
1048,65,Random,4.9288258945311645
1048,66,Random,4.9288258945311645
1048,67,Random,4.9288258945311645
1048,68,Random,4.9288258945311645
1048,69,Random,4.9288258945311645
1048,70,Random,4.9288258945311645
1048,71,Random,4.9288258945311645
1048,72,Random,4.9288258945311645
1048,73,Random,4.9288258945311645
1048,74,Random,4.9288258945311645
1048,75,Random,4.9288258945311645
1048,76,Random,4.9288258945311645
1048,77,Random,4.9288258945311645
1048,78,Random,4.9288258945311645
1048,79,Random,4.9283521331666735
1048,80,Random,4.9283521331666735
1048,81,Random,4.9283521331666735
1048,82,Random,4.9283521331666735
1048,83,Random,4.9283521331666735
1048,84,Random,4.9283521331666735
1048,85,Random,4.9283521331666735
1048,86,Random,4.9283521331666735
1048,87,Random,4.9283521331666735
1048,88,Random,4.9283521331666735
1048,89,Random,4.9283521331666735
1048,90,Random,4.9283521331666735
1048,91,Random,4.9283521331666735
1048,92,Random,4.9283521331666735
1048,93,Random,4.9283521331666735
1048,94,Random,4.9283521331666735
1048,95,Random,4.9283521331666735
1048,96,Random,4.9283521331666735
1048,97,Random,4.9283521331666735
1048,98,Random,4.9283521331666735
1048,99,Random,4.9283521331666735
1048,100,Random,4.9283521331666735
1049,0,BASS-BO,4.861953186891362
1049,1,BASS-BO,4.861953186891362
1049,2,BASS-BO,4.861953186891362
1049,3,BASS-BO,4.8594898944786875
1049,4,BASS-BO,4.8594898944786875
1049,5,BASS-BO,4.8594898944786875
1049,6,BASS-BO,4.8594898944786875
1049,7,BASS-BO,4.8594898944786875
1049,8,BASS-BO,4.8594898944786875
1049,9,BASS-BO,4.8594898944786875
1049,10,BASS-BO,4.8594898944786875
1049,11,BASS-BO,4.8594898944786875
1049,12,BASS-BO,4.8594898944786875
1049,13,BASS-BO,4.8594898944786875
1049,14,BASS-BO,4.8594898944786875
1049,15,BASS-BO,4.8594898944786875
1049,16,BASS-BO,4.8594898944786875
1049,17,BASS-BO,4.8594898944786875
1049,18,BASS-BO,4.8594898944786875
1049,19,BASS-BO,4.8594898944786875
1049,20,BASS-BO,4.8594898944786875
1049,21,BASS-BO,4.8594898944786875
1049,22,BASS-BO,4.8594898944786875
1049,23,BASS-BO,4.8594898944786875
1049,24,BASS-BO,4.8594898944786875
1049,25,BASS-BO,4.8594898944786875
1049,26,BASS-BO,4.8594898944786875
1049,27,BASS-BO,4.8594898944786875
1049,28,BASS-BO,4.8594898944786875
1049,29,BASS-BO,4.8594898944786875
1049,30,BASS-BO,4.8594898944786875
1049,31,BASS-BO,4.8594898944786875
1049,32,BASS-BO,4.859455195790543
1049,33,BASS-BO,4.859455195790543
1049,34,BASS-BO,4.859455195790543
1049,35,BASS-BO,4.859455195790543
1049,36,BASS-BO,4.859455195790543
1049,37,BASS-BO,4.859455195790543
1049,38,BASS-BO,4.859455195790543
1049,39,BASS-BO,4.859455195790543
1049,40,BASS-BO,4.859455195790543
1049,41,BASS-BO,4.859455195790543
1049,42,BASS-BO,4.859455195790543
1049,43,BASS-BO,4.859455195790543
1049,44,BASS-BO,4.859455195790543
1049,45,BASS-BO,4.859455195790543
1049,46,BASS-BO,4.859455195790543
1049,47,BASS-BO,4.859455195790543
1049,48,BASS-BO,4.859455195790543
1049,49,BASS-BO,4.859455195790543
1049,50,BASS-BO,4.859455195790543
1049,51,BASS-BO,4.859455195790543
1049,52,BASS-BO,4.859455195790543
1049,53,BASS-BO,4.859455195790543
1049,54,BASS-BO,4.859455195790543
1049,55,BASS-BO,4.859455195790543
1049,56,BASS-BO,4.859455195790543
1049,57,BASS-BO,4.859455195790543
1049,58,BASS-BO,4.859455195790543
1049,59,BASS-BO,4.859455195790543
1049,60,BASS-BO,4.859455195790543
1049,61,BASS-BO,4.859455195790543
1049,62,BASS-BO,4.859455195790543
1049,63,BASS-BO,4.859455195790543
1049,64,BASS-BO,4.859455195790543
1049,65,BASS-BO,4.859455195790543
1049,66,BASS-BO,4.859455195790543
1049,67,BASS-BO,4.859033573730265
1049,68,BASS-BO,4.859033573730265
1049,69,BASS-BO,4.859033573730265
1049,70,BASS-BO,4.859033573730265
1049,71,BASS-BO,4.859033573730265
1049,72,BASS-BO,4.8589063289641015
1049,73,BASS-BO,4.8589063289641015
1049,74,BASS-BO,4.8588725143120675
1049,75,BASS-BO,4.8588725143120675
1049,76,BASS-BO,4.8588725143120675
1049,77,BASS-BO,4.8588725143120675
1049,78,BASS-BO,4.8588725143120675
1049,79,BASS-BO,4.8588725143120675
1049,80,BASS-BO,4.8588725143120675
1049,81,BASS-BO,4.8588725143120675
1049,82,BASS-BO,4.8588725143120675
1049,83,BASS-BO,4.8588725143120675
1049,84,BASS-BO,4.8588725143120675
1049,85,BASS-BO,4.8588725143120675
1049,86,BASS-BO,4.8588725143120675
1049,87,BASS-BO,4.8588725143120675
1049,88,BASS-BO,4.8588725143120675
1049,89,BASS-BO,4.858869244141309
1049,90,BASS-BO,4.858869244141309
1049,91,BASS-BO,4.858869244141309
1049,92,BASS-BO,4.858869244141309
1049,93,BASS-BO,4.858869244141309
1049,94,BASS-BO,4.858869244141309
1049,95,BASS-BO,4.858869244141309
1049,96,BASS-BO,4.858869244141309
1049,97,BASS-BO,4.858869244141309
1049,98,BASS-BO,4.858869244141309
1049,99,BASS-BO,4.858869244141309
1049,100,BASS-BO,4.858869244141309
1049,0,GP-BO,4.861953186891362
1049,1,GP-BO,4.861536702399529
1049,2,GP-BO,4.860170190419264
1049,3,GP-BO,4.860170190419264
1049,4,GP-BO,4.860170190419264
1049,5,GP-BO,4.860170190419264
1049,6,GP-BO,4.860170190419264
1049,7,GP-BO,4.860170190419264
1049,8,GP-BO,4.860170190419264
1049,9,GP-BO,4.860170190419264
1049,10,GP-BO,4.860170190419264
1049,11,GP-BO,4.860170190419264
1049,12,GP-BO,4.860170190419264
1049,13,GP-BO,4.860170190419264
1049,14,GP-BO,4.859505468218431
1049,15,GP-BO,4.859505468218431
1049,16,GP-BO,4.859505468218431
1049,17,GP-BO,4.859505468218431
1049,18,GP-BO,4.859505468218431
1049,19,GP-BO,4.859505468218431
1049,20,GP-BO,4.859505468218431
1049,21,GP-BO,4.859505468218431
1049,22,GP-BO,4.859505468218431
1049,23,GP-BO,4.859505468218431
1049,24,GP-BO,4.859505468218431
1049,25,GP-BO,4.859505468218431
1049,26,GP-BO,4.859505468218431
1049,27,GP-BO,4.859399390837397
1049,28,GP-BO,4.859399390837397
1049,29,GP-BO,4.859399390837397
1049,30,GP-BO,4.858949545600266
1049,31,GP-BO,4.858949545600266
1049,32,GP-BO,4.858949545600266
1049,33,GP-BO,4.858949545600266
1049,34,GP-BO,4.858949545600266
1049,35,GP-BO,4.858949545600266
1049,36,GP-BO,4.858949545600266
1049,37,GP-BO,4.858949545600266
1049,38,GP-BO,4.858949545600266
1049,39,GP-BO,4.858949545600266
1049,40,GP-BO,4.858949545600266
1049,41,GP-BO,4.858949545600266
1049,42,GP-BO,4.858949545600266
1049,43,GP-BO,4.858949545600266
1049,44,GP-BO,4.858949545600266
1049,45,GP-BO,4.858949545600266
1049,46,GP-BO,4.858949545600266
1049,47,GP-BO,4.858949545600266
1049,48,GP-BO,4.858949545600266
1049,49,GP-BO,4.858949545600266
1049,50,GP-BO,4.858949545600266
1049,51,GP-BO,4.85888360383395
1049,52,GP-BO,4.85888360383395
1049,53,GP-BO,4.85888360383395
1049,54,GP-BO,4.85888360383395
1049,55,GP-BO,4.85888360383395
1049,56,GP-BO,4.85888360383395
1049,57,GP-BO,4.85888360383395
1049,58,GP-BO,4.85888360383395
1049,59,GP-BO,4.85888360383395
1049,60,GP-BO,4.85888360383395
1049,61,GP-BO,4.85888360383395
1049,62,GP-BO,4.85888360383395
1049,63,GP-BO,4.85888360383395
1049,64,GP-BO,4.85888360383395
1049,65,GP-BO,4.85888360383395
1049,66,GP-BO,4.85888360383395
1049,67,GP-BO,4.85888360383395
1049,68,GP-BO,4.85888360383395
1049,69,GP-BO,4.85888360383395
1049,70,GP-BO,4.85888360383395
1049,71,GP-BO,4.85888360383395
1049,72,GP-BO,4.85888360383395
1049,73,GP-BO,4.85888360383395
1049,74,GP-BO,4.85888360383395
1049,75,GP-BO,4.85888360383395
1049,76,GP-BO,4.85888360383395
1049,77,GP-BO,4.85888360383395
1049,78,GP-BO,4.85888360383395
1049,79,GP-BO,4.85888360383395
1049,80,GP-BO,4.85888360383395
1049,81,GP-BO,4.85888360383395
1049,82,GP-BO,4.85888360383395
1049,83,GP-BO,4.85888360383395
1049,84,GP-BO,4.85887185195742
1049,85,GP-BO,4.85887185195742
1049,86,GP-BO,4.85887185195742
1049,87,GP-BO,4.85887185195742
1049,88,GP-BO,4.85887185195742
1049,89,GP-BO,4.85887185195742
1049,90,GP-BO,4.85887185195742
1049,91,GP-BO,4.8588717861054835
1049,92,GP-BO,4.8588717861054835
1049,93,GP-BO,4.8588717861054835
1049,94,GP-BO,4.8588717861054835
1049,95,GP-BO,4.8588717861054835
1049,96,GP-BO,4.8588717861054835
1049,97,GP-BO,4.8588717861054835
1049,98,GP-BO,4.8588717861054835
1049,99,GP-BO,4.8588717861054835
1049,100,GP-BO,4.8588717861054835
1049,0,Random,4.861953186891362
1049,1,Random,4.861953186891362
1049,2,Random,4.861953186891362
1049,3,Random,4.861953186891362
1049,4,Random,4.861953186891362
1049,5,Random,4.861953186891362
1049,6,Random,4.861953186891362
1049,7,Random,4.861953186891362
1049,8,Random,4.861953186891362
1049,9,Random,4.861953186891362
1049,10,Random,4.861953186891362
1049,11,Random,4.861953186891362
1049,12,Random,4.861953186891362
1049,13,Random,4.861953186891362
1049,14,Random,4.861953186891362
1049,15,Random,4.861953186891362
1049,16,Random,4.861953186891362
1049,17,Random,4.861953186891362
1049,18,Random,4.861953186891362
1049,19,Random,4.861953186891362
1049,20,Random,4.861953186891362
1049,21,Random,4.861953186891362
1049,22,Random,4.861953186891362
1049,23,Random,4.861953186891362
1049,24,Random,4.861953186891362
1049,25,Random,4.861953186891362
1049,26,Random,4.861953186891362
1049,27,Random,4.861953186891362
1049,28,Random,4.861953186891362
1049,29,Random,4.861953186891362
1049,30,Random,4.861953186891362
1049,31,Random,4.861953186891362
1049,32,Random,4.861953186891362
1049,33,Random,4.861953186891362
1049,34,Random,4.861953186891362
1049,35,Random,4.861953186891362
1049,36,Random,4.861953186891362
1049,37,Random,4.861953186891362
1049,38,Random,4.861953186891362
1049,39,Random,4.861953186891362
1049,40,Random,4.861953186891362
1049,41,Random,4.861953186891362
1049,42,Random,4.861953186891362
1049,43,Random,4.860943290704223
1049,44,Random,4.860943290704223
1049,45,Random,4.860943290704223
1049,46,Random,4.860943290704223
1049,47,Random,4.860943290704223
1049,48,Random,4.860943290704223
1049,49,Random,4.859723918521388
1049,50,Random,4.859723918521388
1049,51,Random,4.859723918521388
1049,52,Random,4.859723918521388
1049,53,Random,4.859723918521388
1049,54,Random,4.859723918521388
1049,55,Random,4.859377331429062
1049,56,Random,4.859377331429062
1049,57,Random,4.859377331429062
1049,58,Random,4.859377331429062
1049,59,Random,4.859377331429062
1049,60,Random,4.859377331429062
1049,61,Random,4.859377331429062
1049,62,Random,4.859377331429062
1049,63,Random,4.859377331429062
1049,64,Random,4.859377331429062
1049,65,Random,4.859377331429062
1049,66,Random,4.859377331429062
1049,67,Random,4.859377331429062
1049,68,Random,4.859377331429062
1049,69,Random,4.859377331429062
1049,70,Random,4.859377331429062
1049,71,Random,4.859377331429062
1049,72,Random,4.859377331429062
1049,73,Random,4.859377331429062
1049,74,Random,4.859377331429062
1049,75,Random,4.859377331429062
1049,76,Random,4.859377331429062
1049,77,Random,4.859377331429062
1049,78,Random,4.859377331429062
1049,79,Random,4.859377331429062
1049,80,Random,4.859377331429062
1049,81,Random,4.859377331429062
1049,82,Random,4.859377331429062
1049,83,Random,4.859377331429062
1049,84,Random,4.859377331429062
1049,85,Random,4.859377331429062
1049,86,Random,4.859377331429062
1049,87,Random,4.859377331429062
1049,88,Random,4.859377331429062
1049,89,Random,4.859377331429062
1049,90,Random,4.859377331429062
1049,91,Random,4.859377331429062
1049,92,Random,4.859377331429062
1049,93,Random,4.859377331429062
1049,94,Random,4.859377331429062
1049,95,Random,4.859377331429062
1049,96,Random,4.859377331429062
1049,97,Random,4.859377331429062
1049,98,Random,4.859377331429062
1049,99,Random,4.859377331429062
1049,100,Random,4.859377331429062
1050,0,BASS-BO,4.730844768654903
1050,1,BASS-BO,4.730844768654903
1050,2,BASS-BO,4.730844768654903
1050,3,BASS-BO,4.729811240074245
1050,4,BASS-BO,4.729811240074245
1050,5,BASS-BO,4.729811240074245
1050,6,BASS-BO,4.729811240074245
1050,7,BASS-BO,4.729811240074245
1050,8,BASS-BO,4.729811240074245
1050,9,BASS-BO,4.729811240074245
1050,10,BASS-BO,4.7297986311133835
1050,11,BASS-BO,4.7297986311133835
1050,12,BASS-BO,4.7297986311133835
1050,13,BASS-BO,4.7297986311133835
1050,14,BASS-BO,4.7297986311133835
1050,15,BASS-BO,4.7297986311133835
1050,16,BASS-BO,4.729798218477802
1050,17,BASS-BO,4.729798218477802
1050,18,BASS-BO,4.729798218477802
1050,19,BASS-BO,4.729798218477802
1050,20,BASS-BO,4.729798218477802
1050,21,BASS-BO,4.729798218477802
1050,22,BASS-BO,4.729798218477802
1050,23,BASS-BO,4.729798218477802
1050,24,BASS-BO,4.729798218477802
1050,25,BASS-BO,4.729798218477802
1050,26,BASS-BO,4.729798218477802
1050,27,BASS-BO,4.729798218477802
1050,28,BASS-BO,4.729798218477802
1050,29,BASS-BO,4.729798218477802
1050,30,BASS-BO,4.729798218477802
1050,31,BASS-BO,4.729798218477802
1050,32,BASS-BO,4.729798218477802
1050,33,BASS-BO,4.729798218477802
1050,34,BASS-BO,4.729798218477802
1050,35,BASS-BO,4.729798218477802
1050,36,BASS-BO,4.729798218477802
1050,37,BASS-BO,4.729798218477802
1050,38,BASS-BO,4.729798218477802
1050,39,BASS-BO,4.729798218477802
1050,40,BASS-BO,4.729798218477802
1050,41,BASS-BO,4.729798218477802
1050,42,BASS-BO,4.729798218477802
1050,43,BASS-BO,4.729798218477802
1050,44,BASS-BO,4.729798218477802
1050,45,BASS-BO,4.729798218477802
1050,46,BASS-BO,4.729798218477802
1050,47,BASS-BO,4.729798218477802
1050,48,BASS-BO,4.729798218477802
1050,49,BASS-BO,4.729798218477802
1050,50,BASS-BO,4.729798218477802
1050,51,BASS-BO,4.729798218477802
1050,52,BASS-BO,4.729798218477802
1050,53,BASS-BO,4.729798218477802
1050,54,BASS-BO,4.729798218477802
1050,55,BASS-BO,4.729798218477802
1050,56,BASS-BO,4.729798218477802
1050,57,BASS-BO,4.729798218477802
1050,58,BASS-BO,4.729798218477802
1050,59,BASS-BO,4.729798218477802
1050,60,BASS-BO,4.729798218477802
1050,61,BASS-BO,4.729798218477802
1050,62,BASS-BO,4.729798218477802
1050,63,BASS-BO,4.729798218477802
1050,64,BASS-BO,4.729798218477802
1050,65,BASS-BO,4.729798218477802
1050,66,BASS-BO,4.729798218477802
1050,67,BASS-BO,4.729798218477802
1050,68,BASS-BO,4.729798218477802
1050,69,BASS-BO,4.729798218477802
1050,70,BASS-BO,4.729798218477802
1050,71,BASS-BO,4.729798218477802
1050,72,BASS-BO,4.729798218477802
1050,73,BASS-BO,4.729798218477802
1050,74,BASS-BO,4.729798218477802
1050,75,BASS-BO,4.729798218477802
1050,76,BASS-BO,4.729798218477802
1050,77,BASS-BO,4.729798218477802
1050,78,BASS-BO,4.729798218477802
1050,79,BASS-BO,4.729798218477802
1050,80,BASS-BO,4.729798218477802
1050,81,BASS-BO,4.729798218477802
1050,82,BASS-BO,4.729798218477802
1050,83,BASS-BO,4.729798218477802
1050,84,BASS-BO,4.729798218477802
1050,85,BASS-BO,4.729798218477802
1050,86,BASS-BO,4.729798218477802
1050,87,BASS-BO,4.729798218477802
1050,88,BASS-BO,4.729798218477802
1050,89,BASS-BO,4.729798218477802
1050,90,BASS-BO,4.729798218477802
1050,91,BASS-BO,4.729798218477802
1050,92,BASS-BO,4.729798218477802
1050,93,BASS-BO,4.729798218477802
1050,94,BASS-BO,4.729798218477802
1050,95,BASS-BO,4.729798218477802
1050,96,BASS-BO,4.729798218477802
1050,97,BASS-BO,4.729798218477802
1050,98,BASS-BO,4.729798218477802
1050,99,BASS-BO,4.729798218477802
1050,100,BASS-BO,4.729798218477802
1050,0,GP-BO,4.730844768654903
1050,1,GP-BO,4.730844768654903
1050,2,GP-BO,4.730844768654903
1050,3,GP-BO,4.730844768654903
1050,4,GP-BO,4.730844768654903
1050,5,GP-BO,4.730844768654903
1050,6,GP-BO,4.730844768654903
1050,7,GP-BO,4.730844768654903
1050,8,GP-BO,4.730305702386965
1050,9,GP-BO,4.730305702386965
1050,10,GP-BO,4.730305702386965
1050,11,GP-BO,4.730305702386965
1050,12,GP-BO,4.730305702386965
1050,13,GP-BO,4.730305702386965
1050,14,GP-BO,4.730305702386965
1050,15,GP-BO,4.730305702386965
1050,16,GP-BO,4.729816187652187
1050,17,GP-BO,4.729816187652187
1050,18,GP-BO,4.729816187652187
1050,19,GP-BO,4.729816187652187
1050,20,GP-BO,4.729816187652187
1050,21,GP-BO,4.729816187652187
1050,22,GP-BO,4.729816187652187
1050,23,GP-BO,4.729816187652187
1050,24,GP-BO,4.729816187652187
1050,25,GP-BO,4.729816187652187
1050,26,GP-BO,4.729816187652187
1050,27,GP-BO,4.729816187652187
1050,28,GP-BO,4.729816187652187
1050,29,GP-BO,4.729816187652187
1050,30,GP-BO,4.729816187652187
1050,31,GP-BO,4.729816187652187
1050,32,GP-BO,4.729816187652187
1050,33,GP-BO,4.729816187652187
1050,34,GP-BO,4.729816187652187
1050,35,GP-BO,4.729816187652187
1050,36,GP-BO,4.729816187652187
1050,37,GP-BO,4.729816187652187
1050,38,GP-BO,4.729816187652187
1050,39,GP-BO,4.729816187652187
1050,40,GP-BO,4.729816187652187
1050,41,GP-BO,4.729816187652187
1050,42,GP-BO,4.729816187652187
1050,43,GP-BO,4.729816187652187
1050,44,GP-BO,4.729816187652187
1050,45,GP-BO,4.729816187652187
1050,46,GP-BO,4.729816187652187
1050,47,GP-BO,4.729816187652187
1050,48,GP-BO,4.729816187652187
1050,49,GP-BO,4.729816187652187
1050,50,GP-BO,4.729816187652187
1050,51,GP-BO,4.729816187652187
1050,52,GP-BO,4.729816187652187
1050,53,GP-BO,4.729816187652187
1050,54,GP-BO,4.729816187652187
1050,55,GP-BO,4.729816187652187
1050,56,GP-BO,4.729816187652187
1050,57,GP-BO,4.729816187652187
1050,58,GP-BO,4.729816187652187
1050,59,GP-BO,4.729816187652187
1050,60,GP-BO,4.729816187652187
1050,61,GP-BO,4.729816187652187
1050,62,GP-BO,4.729816187652187
1050,63,GP-BO,4.729816187652187
1050,64,GP-BO,4.729816187652187
1050,65,GP-BO,4.729816187652187
1050,66,GP-BO,4.729816187652187
1050,67,GP-BO,4.729816187652187
1050,68,GP-BO,4.729816187652187
1050,69,GP-BO,4.729816187652187
1050,70,GP-BO,4.729816187652187
1050,71,GP-BO,4.729816187652187
1050,72,GP-BO,4.729816187652187
1050,73,GP-BO,4.729816187652187
1050,74,GP-BO,4.729816187652187
1050,75,GP-BO,4.729816187652187
1050,76,GP-BO,4.729816187652187
1050,77,GP-BO,4.729816187652187
1050,78,GP-BO,4.729816187652187
1050,79,GP-BO,4.729816187652187
1050,80,GP-BO,4.729816187652187
1050,81,GP-BO,4.729816187652187
1050,82,GP-BO,4.729816187652187
1050,83,GP-BO,4.729816187652187
1050,84,GP-BO,4.729816187652187
1050,85,GP-BO,4.729816187652187
1050,86,GP-BO,4.729816187652187
1050,87,GP-BO,4.729816187652187
1050,88,GP-BO,4.729816187652187
1050,89,GP-BO,4.729816187652187
1050,90,GP-BO,4.729816187652187
1050,91,GP-BO,4.729816187652187
1050,92,GP-BO,4.729816187652187
1050,93,GP-BO,4.729816187652187
1050,94,GP-BO,4.729816187652187
1050,95,GP-BO,4.729816187652187
1050,96,GP-BO,4.729816187652187
1050,97,GP-BO,4.729816187652187
1050,98,GP-BO,4.729816187652187
1050,99,GP-BO,4.729816187652187
1050,100,GP-BO,4.729816187652187
1050,0,Random,4.730844768654903
1050,1,Random,4.730844768654903
1050,2,Random,4.730844768654903
1050,3,Random,4.730844768654903
1050,4,Random,4.730844768654903
1050,5,Random,4.730844768654903
1050,6,Random,4.730844768654903
1050,7,Random,4.730844768654903
1050,8,Random,4.730844768654903
1050,9,Random,4.730844768654903
1050,10,Random,4.730844768654903
1050,11,Random,4.730844768654903
1050,12,Random,4.730844768654903
1050,13,Random,4.730844768654903
1050,14,Random,4.730814796855313
1050,15,Random,4.730814796855313
1050,16,Random,4.730814796855313
1050,17,Random,4.730814796855313
1050,18,Random,4.730814796855313
1050,19,Random,4.730814796855313
1050,20,Random,4.730814796855313
1050,21,Random,4.730814796855313
1050,22,Random,4.730814796855313
1050,23,Random,4.730814796855313
1050,24,Random,4.730814796855313
1050,25,Random,4.730814796855313
1050,26,Random,4.730814796855313
1050,27,Random,4.730814796855313
1050,28,Random,4.730814796855313
1050,29,Random,4.730814796855313
1050,30,Random,4.730814796855313
1050,31,Random,4.730814796855313
1050,32,Random,4.730814796855313
1050,33,Random,4.730814796855313
1050,34,Random,4.730814796855313
1050,35,Random,4.730814796855313
1050,36,Random,4.730814796855313
1050,37,Random,4.730814796855313
1050,38,Random,4.730814796855313
1050,39,Random,4.730814796855313
1050,40,Random,4.730814796855313
1050,41,Random,4.730814796855313
1050,42,Random,4.730814796855313
1050,43,Random,4.730814796855313
1050,44,Random,4.730814796855313
1050,45,Random,4.730814796855313
1050,46,Random,4.730814796855313
1050,47,Random,4.730814796855313
1050,48,Random,4.730814796855313
1050,49,Random,4.730814796855313
1050,50,Random,4.730814796855313
1050,51,Random,4.730814796855313
1050,52,Random,4.730814796855313
1050,53,Random,4.730814796855313
1050,54,Random,4.730814796855313
1050,55,Random,4.730814796855313
1050,56,Random,4.730814796855313
1050,57,Random,4.730814796855313
1050,58,Random,4.730814796855313
1050,59,Random,4.730814796855313
1050,60,Random,4.730814796855313
1050,61,Random,4.730814796855313
1050,62,Random,4.730814796855313
1050,63,Random,4.730814796855313
1050,64,Random,4.730814796855313
1050,65,Random,4.730814796855313
1050,66,Random,4.730814796855313
1050,67,Random,4.730814796855313
1050,68,Random,4.730814796855313
1050,69,Random,4.730814796855313
1050,70,Random,4.730814796855313
1050,71,Random,4.730814796855313
1050,72,Random,4.730814796855313
1050,73,Random,4.730814796855313
1050,74,Random,4.730814796855313
1050,75,Random,4.730814796855313
1050,76,Random,4.730814796855313
1050,77,Random,4.730814796855313
1050,78,Random,4.730814796855313
1050,79,Random,4.730814796855313
1050,80,Random,4.730814796855313
1050,81,Random,4.730814796855313
1050,82,Random,4.730814796855313
1050,83,Random,4.730814796855313
1050,84,Random,4.730814796855313
1050,85,Random,4.730814796855313
1050,86,Random,4.730814796855313
1050,87,Random,4.730814796855313
1050,88,Random,4.730814796855313
1050,89,Random,4.730814796855313
1050,90,Random,4.730814796855313
1050,91,Random,4.730814796855313
1050,92,Random,4.730814796855313
1050,93,Random,4.730814796855313
1050,94,Random,4.730814796855313
1050,95,Random,4.730814796855313
1050,96,Random,4.730814796855313
1050,97,Random,4.730814796855313
1050,98,Random,4.730814796855313
1050,99,Random,4.730814796855313
1050,100,Random,4.730814796855313
