seed,iter,method,best
1001,0,BASS-BO,0.14800000190734863
1001,1,BASS-BO,0.14800000190734863
1001,2,BASS-BO,0.14800000190734863
1001,3,BASS-BO,0.14800000190734863
1001,4,BASS-BO,0.14800000190734863
1001,5,BASS-BO,0.14800000190734863
1001,6,BASS-BO,0.14800000190734863
1001,7,BASS-BO,0.14800000190734863
1001,8,BASS-BO,0.14800000190734863
1001,9,BASS-BO,0.14800000190734863
1001,10,BASS-BO,0.14800000190734863
1001,11,BASS-BO,0.14800000190734863
1001,12,BASS-BO,0.14800000190734863
1001,13,BASS-BO,0.14800000190734863
1001,14,BASS-BO,0.14800000190734863
1001,15,BASS-BO,0.14800000190734863
1001,16,BASS-BO,0.14800000190734863
1001,17,BASS-BO,0.14800000190734863
1001,18,BASS-BO,0.14800000190734863
1001,19,BASS-BO,0.14800000190734863
1001,20,BASS-BO,0.14800000190734863
1001,21,BASS-BO,0.14800000190734863
1001,22,BASS-BO,0.14800000190734863
1001,23,BASS-BO,0.14800000190734863
1001,24,BASS-BO,0.14800000190734863
1001,25,BASS-BO,0.14800000190734863
1001,26,BASS-BO,0.14800000190734863
1001,27,BASS-BO,0.14800000190734863
1001,28,BASS-BO,0.14800000190734863
1001,29,BASS-BO,0.14800000190734863
1001,30,BASS-BO,0.14800000190734863
1001,31,BASS-BO,0.14800000190734863
1001,32,BASS-BO,0.14800000190734863
1001,33,BASS-BO,0.14800000190734863
1001,34,BASS-BO,0.14800000190734863
1001,35,BASS-BO,0.14800000190734863
1001,36,BASS-BO,0.14800000190734863
1001,37,BASS-BO,0.14800000190734863
1001,38,BASS-BO,0.14800000190734863
1001,39,BASS-BO,0.14800000190734863
1001,40,BASS-BO,0.14800000190734863
1001,41,BASS-BO,0.14800000190734863
1001,42,BASS-BO,0.14800000190734863
1001,43,BASS-BO,0.14800000190734863
1001,44,BASS-BO,0.14800000190734863
1001,45,BASS-BO,0.14800000190734863
1001,46,BASS-BO,0.14800000190734863
1001,47,BASS-BO,0.14800000190734863
1001,48,BASS-BO,0.14800000190734863
1001,49,BASS-BO,0.14800000190734863
1001,50,BASS-BO,0.14800000190734863
1001,51,BASS-BO,0.14800000190734863
1001,52,BASS-BO,0.14800000190734863
1001,53,BASS-BO,0.14800000190734863
1001,54,BASS-BO,0.14800000190734863
1001,55,BASS-BO,0.14800000190734863
1001,56,BASS-BO,0.14800000190734863
1001,57,BASS-BO,0.14800000190734863
1001,58,BASS-BO,0.14800000190734863
1001,59,BASS-BO,0.14800000190734863
1001,60,BASS-BO,0.14800000190734863
1001,0,GP-BO,0.14800000190734863
1001,1,GP-BO,0.14800000190734863
1001,2,GP-BO,0.14800000190734863
1001,3,GP-BO,0.14800000190734863
1001,4,GP-BO,0.14800000190734863
1001,5,GP-BO,0.14800000190734863
1001,6,GP-BO,0.14800000190734863
1001,7,GP-BO,0.14800000190734863
1001,8,GP-BO,0.14800000190734863
1001,9,GP-BO,0.14800000190734863
1001,10,GP-BO,0.14800000190734863
1001,11,GP-BO,0.14800000190734863
1001,12,GP-BO,0.14800000190734863
1001,13,GP-BO,0.14800000190734863
1001,14,GP-BO,0.14800000190734863
1001,15,GP-BO,0.14800000190734863
1001,16,GP-BO,0.14800000190734863
1001,17,GP-BO,0.14800000190734863
1001,18,GP-BO,0.14800000190734863
1001,19,GP-BO,0.14800000190734863
1001,20,GP-BO,0.14800000190734863
1001,21,GP-BO,0.14800000190734863
1001,22,GP-BO,0.14800000190734863
1001,23,GP-BO,0.14800000190734863
1001,24,GP-BO,0.14800000190734863
1001,25,GP-BO,0.14800000190734863
1001,26,GP-BO,0.14800000190734863
1001,27,GP-BO,0.14800000190734863
1001,28,GP-BO,0.14800000190734863
1001,29,GP-BO,0.14800000190734863
1001,30,GP-BO,0.14800000190734863
1001,31,GP-BO,0.14800000190734863
1001,32,GP-BO,0.14800000190734863
1001,33,GP-BO,0.14800000190734863
1001,34,GP-BO,0.14800000190734863
1001,35,GP-BO,0.14800000190734863
1001,36,GP-BO,0.14800000190734863
1001,37,GP-BO,0.14800000190734863
1001,38,GP-BO,0.14800000190734863
1001,39,GP-BO,0.14800000190734863
1001,40,GP-BO,0.14800000190734863
1001,41,GP-BO,0.14800000190734863
1001,42,GP-BO,0.14800000190734863
1001,43,GP-BO,0.14800000190734863
1001,44,GP-BO,0.14800000190734863
1001,45,GP-BO,0.14800000190734863
1001,46,GP-BO,0.14800000190734863
1001,47,GP-BO,0.14800000190734863
1001,48,GP-BO,0.14800000190734863
1001,49,GP-BO,0.14800000190734863
1001,50,GP-BO,0.14800000190734863
1001,51,GP-BO,0.14025002717971802
1001,52,GP-BO,0.14025002717971802
1001,53,GP-BO,0.14025002717971802
1001,54,GP-BO,0.14025002717971802
1001,55,GP-BO,0.14025002717971802
1001,56,GP-BO,0.14025002717971802
1001,57,GP-BO,0.14025002717971802
1001,58,GP-BO,0.14025002717971802
1001,59,GP-BO,0.14025002717971802
1001,60,GP-BO,0.14025002717971802
1001,0,Random,0.14800000190734863
1001,1,Random,0.14800000190734863
1001,2,Random,0.14800000190734863
1001,3,Random,0.14800000190734863
1001,4,Random,0.14800000190734863
1001,5,Random,0.14800000190734863
1001,6,Random,0.14800000190734863
1001,7,Random,0.14800000190734863
1001,8,Random,0.14800000190734863
1001,9,Random,0.14800000190734863
1001,10,Random,0.14800000190734863
1001,11,Random,0.14800000190734863
1001,12,Random,0.14800000190734863
1001,13,Random,0.14800000190734863
1001,14,Random,0.14800000190734863
1001,15,Random,0.14800000190734863
1001,16,Random,0.14800000190734863
1001,17,Random,0.14800000190734863
1001,18,Random,0.14800000190734863
1001,19,Random,0.14800000190734863
1001,20,Random,0.14800000190734863
1001,21,Random,0.14800000190734863
1001,22,Random,0.14800000190734863
1001,23,Random,0.14800000190734863
1001,24,Random,0.14800000190734863
1001,25,Random,0.14800000190734863
1001,26,Random,0.14800000190734863
1001,27,Random,0.14800000190734863
1001,28,Random,0.14800000190734863
1001,29,Random,0.14800000190734863
1001,30,Random,0.14800000190734863
1001,31,Random,0.14800000190734863
1001,32,Random,0.14800000190734863
1001,33,Random,0.14800000190734863
1001,34,Random,0.14800000190734863
1001,35,Random,0.14800000190734863
1001,36,Random,0.14800000190734863
1001,37,Random,0.14800000190734863
1001,38,Random,0.14800000190734863
1001,39,Random,0.14800000190734863
1001,40,Random,0.14800000190734863
1001,41,Random,0.14800000190734863
1001,42,Random,0.14800000190734863
1001,43,Random,0.14800000190734863
1001,44,Random,0.14800000190734863
1001,45,Random,0.14800000190734863
1001,46,Random,0.14800000190734863
1001,47,Random,0.14800000190734863
1001,48,Random,0.14800000190734863
1001,49,Random,0.14800000190734863
1001,50,Random,0.14800000190734863
1001,51,Random,0.14800000190734863
1001,52,Random,0.14800000190734863
1001,53,Random,0.14800000190734863
1001,54,Random,0.14800000190734863
1001,55,Random,0.14800000190734863
1001,56,Random,0.14800000190734863
1001,57,Random,0.14800000190734863
1001,58,Random,0.14800000190734863
1001,59,Random,0.14800000190734863
1001,60,Random,0.14800000190734863
1002,0,BASS-BO,0.1847500205039978
1002,1,BASS-BO,0.1847500205039978
1002,2,BASS-BO,0.1847500205039978
1002,3,BASS-BO,0.1847500205039978
1002,4,BASS-BO,0.17299997806549072
1002,5,BASS-BO,0.17299997806549072
1002,6,BASS-BO,0.17299997806549072
1002,7,BASS-BO,0.17299997806549072
1002,8,BASS-BO,0.17299997806549072
1002,9,BASS-BO,0.17299997806549072
1002,10,BASS-BO,0.17299997806549072
1002,11,BASS-BO,0.17299997806549072
1002,12,BASS-BO,0.17299997806549072
1002,13,BASS-BO,0.15950000286102295
1002,14,BASS-BO,0.15950000286102295
1002,15,BASS-BO,0.15950000286102295
1002,16,BASS-BO,0.15950000286102295
1002,17,BASS-BO,0.15950000286102295
1002,18,BASS-BO,0.15950000286102295
1002,19,BASS-BO,0.15950000286102295
1002,20,BASS-BO,0.15950000286102295
1002,21,BASS-BO,0.15950000286102295
1002,22,BASS-BO,0.15950000286102295
1002,23,BASS-BO,0.15950000286102295
1002,24,BASS-BO,0.15950000286102295
1002,25,BASS-BO,0.15950000286102295
1002,26,BASS-BO,0.15950000286102295
1002,27,BASS-BO,0.15950000286102295
1002,28,BASS-BO,0.15950000286102295
1002,29,BASS-BO,0.15950000286102295
1002,30,BASS-BO,0.15950000286102295
1002,31,BASS-BO,0.15950000286102295
1002,32,BASS-BO,0.15950000286102295
1002,33,BASS-BO,0.15950000286102295
1002,34,BASS-BO,0.15950000286102295
1002,35,BASS-BO,0.15950000286102295
1002,36,BASS-BO,0.15724998712539673
1002,37,BASS-BO,0.15724998712539673
1002,38,BASS-BO,0.15724998712539673
1002,39,BASS-BO,0.15724998712539673
1002,40,BASS-BO,0.15724998712539673
1002,41,BASS-BO,0.15675002336502075
1002,42,BASS-BO,0.15675002336502075
1002,43,BASS-BO,0.15675002336502075
1002,44,BASS-BO,0.15675002336502075
1002,45,BASS-BO,0.15675002336502075
1002,46,BASS-BO,0.15675002336502075
1002,47,BASS-BO,0.15675002336502075
1002,48,BASS-BO,0.15675002336502075
1002,49,BASS-BO,0.1535000205039978
1002,50,BASS-BO,0.1535000205039978
1002,51,BASS-BO,0.1535000205039978
1002,52,BASS-BO,0.1535000205039978
1002,53,BASS-BO,0.1535000205039978
1002,54,BASS-BO,0.1535000205039978
1002,55,BASS-BO,0.1535000205039978
1002,56,BASS-BO,0.1535000205039978
1002,57,BASS-BO,0.1535000205039978
1002,58,BASS-BO,0.1535000205039978
1002,59,BASS-BO,0.1535000205039978
1002,60,BASS-BO,0.1535000205039978
1002,0,GP-BO,0.1847500205039978
1002,1,GP-BO,0.1847500205039978
1002,2,GP-BO,0.1847500205039978
1002,3,GP-BO,0.1847500205039978
1002,4,GP-BO,0.1847500205039978
1002,5,GP-BO,0.1847500205039978
1002,6,GP-BO,0.1812499761581421
1002,7,GP-BO,0.1812499761581421
1002,8,GP-BO,0.1812499761581421
1002,9,GP-BO,0.1812499761581421
1002,10,GP-BO,0.1812499761581421
1002,11,GP-BO,0.1812499761581421
1002,12,GP-BO,0.1812499761581421
1002,13,GP-BO,0.1812499761581421
1002,14,GP-BO,0.1812499761581421
1002,15,GP-BO,0.1812499761581421
1002,16,GP-BO,0.1812499761581421
1002,17,GP-BO,0.1812499761581421
1002,18,GP-BO,0.17774999141693115
1002,19,GP-BO,0.17774999141693115
1002,20,GP-BO,0.17774999141693115
1002,21,GP-BO,0.17774999141693115
1002,22,GP-BO,0.17774999141693115
1002,23,GP-BO,0.17774999141693115
1002,24,GP-BO,0.17774999141693115
1002,25,GP-BO,0.17774999141693115
1002,26,GP-BO,0.17774999141693115
1002,27,GP-BO,0.17774999141693115
1002,28,GP-BO,0.17774999141693115
1002,29,GP-BO,0.1679999828338623
1002,30,GP-BO,0.1679999828338623
1002,31,GP-BO,0.1679999828338623
1002,32,GP-BO,0.15824997425079346
1002,33,GP-BO,0.15824997425079346
1002,34,GP-BO,0.15824997425079346
1002,35,GP-BO,0.15824997425079346
1002,36,GP-BO,0.15824997425079346
1002,37,GP-BO,0.15824997425079346
1002,38,GP-BO,0.15824997425079346
1002,39,GP-BO,0.15824997425079346
1002,40,GP-BO,0.15824997425079346
1002,41,GP-BO,0.15824997425079346
1002,42,GP-BO,0.15824997425079346
1002,43,GP-BO,0.15824997425079346
1002,44,GP-BO,0.15824997425079346
1002,45,GP-BO,0.15824997425079346
1002,46,GP-BO,0.15824997425079346
1002,47,GP-BO,0.15824997425079346
1002,48,GP-BO,0.15824997425079346
1002,49,GP-BO,0.15824997425079346
1002,50,GP-BO,0.15824997425079346
1002,51,GP-BO,0.15824997425079346
1002,52,GP-BO,0.15824997425079346
1002,53,GP-BO,0.15824997425079346
1002,54,GP-BO,0.15824997425079346
1002,55,GP-BO,0.15824997425079346
1002,56,GP-BO,0.15824997425079346
1002,57,GP-BO,0.15824997425079346
1002,58,GP-BO,0.15824997425079346
1002,59,GP-BO,0.15824997425079346
1002,60,GP-BO,0.15824997425079346
1002,0,Random,0.1847500205039978
1002,1,Random,0.1847500205039978
1002,2,Random,0.1847500205039978
1002,3,Random,0.1847500205039978
1002,4,Random,0.1847500205039978
1002,5,Random,0.1847500205039978
1002,6,Random,0.1847500205039978
1002,7,Random,0.1847500205039978
1002,8,Random,0.1847500205039978
1002,9,Random,0.1847500205039978
1002,10,Random,0.1847500205039978
1002,11,Random,0.1847500205039978
1002,12,Random,0.1847500205039978
1002,13,Random,0.1847500205039978
1002,14,Random,0.1847500205039978
1002,15,Random,0.1847500205039978
1002,16,Random,0.1847500205039978
1002,17,Random,0.1847500205039978
1002,18,Random,0.1847500205039978
1002,19,Random,0.1847500205039978
1002,20,Random,0.1847500205039978
1002,21,Random,0.1847500205039978
1002,22,Random,0.1847500205039978
1002,23,Random,0.1847500205039978
1002,24,Random,0.1847500205039978
1002,25,Random,0.18449997901916504
1002,26,Random,0.18449997901916504
1002,27,Random,0.18449997901916504
1002,28,Random,0.18449997901916504
1002,29,Random,0.18449997901916504
1002,30,Random,0.18449997901916504
1002,31,Random,0.18449997901916504
1002,32,Random,0.18449997901916504
1002,33,Random,0.18449997901916504
1002,34,Random,0.18449997901916504
1002,35,Random,0.18449997901916504
1002,36,Random,0.18449997901916504
1002,37,Random,0.18449997901916504
1002,38,Random,0.18449997901916504
1002,39,Random,0.18449997901916504
1002,40,Random,0.18449997901916504
1002,41,Random,0.18449997901916504
1002,42,Random,0.18449997901916504
1002,43,Random,0.18449997901916504
1002,44,Random,0.18449997901916504
1002,45,Random,0.18449997901916504
1002,46,Random,0.18449997901916504
1002,47,Random,0.18449997901916504
1002,48,Random,0.18449997901916504
1002,49,Random,0.18449997901916504
1002,50,Random,0.18449997901916504
1002,51,Random,0.18449997901916504
1002,52,Random,0.18449997901916504
1002,53,Random,0.18449997901916504
1002,54,Random,0.18449997901916504
1002,55,Random,0.18449997901916504
1002,56,Random,0.18449997901916504
1002,57,Random,0.1627500057220459
1002,58,Random,0.1627500057220459
1002,59,Random,0.1627500057220459
1002,60,Random,0.1627500057220459
1003,0,BASS-BO,0.17949998378753662
1003,1,BASS-BO,0.17949998378753662
1003,2,BASS-BO,0.17949998378753662
1003,3,BASS-BO,0.17949998378753662
1003,4,BASS-BO,0.17524999380111694
1003,5,BASS-BO,0.17524999380111694
1003,6,BASS-BO,0.17524999380111694
1003,7,BASS-BO,0.17524999380111694
1003,8,BASS-BO,0.1625000238418579
1003,9,BASS-BO,0.1625000238418579
1003,10,BASS-BO,0.1625000238418579
1003,11,BASS-BO,0.1625000238418579
1003,12,BASS-BO,0.1625000238418579
1003,13,BASS-BO,0.1587499976158142
1003,14,BASS-BO,0.1587499976158142
1003,15,BASS-BO,0.1587499976158142
1003,16,BASS-BO,0.14875000715255737
1003,17,BASS-BO,0.14875000715255737
1003,18,BASS-BO,0.14875000715255737
1003,19,BASS-BO,0.14875000715255737
1003,20,BASS-BO,0.14875000715255737
1003,21,BASS-BO,0.14875000715255737
1003,22,BASS-BO,0.14875000715255737
1003,23,BASS-BO,0.14875000715255737
1003,24,BASS-BO,0.14875000715255737
1003,25,BASS-BO,0.14875000715255737
1003,26,BASS-BO,0.14875000715255737
1003,27,BASS-BO,0.14875000715255737
1003,28,BASS-BO,0.14875000715255737
1003,29,BASS-BO,0.14875000715255737
1003,30,BASS-BO,0.14875000715255737
1003,31,BASS-BO,0.14875000715255737
1003,32,BASS-BO,0.14875000715255737
1003,33,BASS-BO,0.14875000715255737
1003,34,BASS-BO,0.14875000715255737
1003,35,BASS-BO,0.14875000715255737
1003,36,BASS-BO,0.14875000715255737
1003,37,BASS-BO,0.14875000715255737
1003,38,BASS-BO,0.14875000715255737
1003,39,BASS-BO,0.14824998378753662
1003,40,BASS-BO,0.14824998378753662
1003,41,BASS-BO,0.14824998378753662
1003,42,BASS-BO,0.14824998378753662
1003,43,BASS-BO,0.14824998378753662
1003,44,BASS-BO,0.14824998378753662
1003,45,BASS-BO,0.14824998378753662
1003,46,BASS-BO,0.14824998378753662
1003,47,BASS-BO,0.14824998378753662
1003,48,BASS-BO,0.14824998378753662
1003,49,BASS-BO,0.14824998378753662
1003,50,BASS-BO,0.14824998378753662
1003,51,BASS-BO,0.14824998378753662
1003,52,BASS-BO,0.14824998378753662
1003,53,BASS-BO,0.14824998378753662
1003,54,BASS-BO,0.14824998378753662
1003,55,BASS-BO,0.14824998378753662
1003,56,BASS-BO,0.14824998378753662
1003,57,BASS-BO,0.14824998378753662
1003,58,BASS-BO,0.14824998378753662
1003,59,BASS-BO,0.14824998378753662
1003,60,BASS-BO,0.14824998378753662
1003,0,GP-BO,0.17949998378753662
1003,1,GP-BO,0.16750001907348633
1003,2,GP-BO,0.16750001907348633
1003,3,GP-BO,0.16750001907348633
1003,4,GP-BO,0.16750001907348633
1003,5,GP-BO,0.16750001907348633
1003,6,GP-BO,0.16750001907348633
1003,7,GP-BO,0.16750001907348633
1003,8,GP-BO,0.16750001907348633
1003,9,GP-BO,0.16750001907348633
1003,10,GP-BO,0.16750001907348633
1003,11,GP-BO,0.16750001907348633
1003,12,GP-BO,0.16750001907348633
1003,13,GP-BO,0.16750001907348633
1003,14,GP-BO,0.16750001907348633
1003,15,GP-BO,0.16750001907348633
1003,16,GP-BO,0.16750001907348633
1003,17,GP-BO,0.16750001907348633
1003,18,GP-BO,0.16750001907348633
1003,19,GP-BO,0.16750001907348633
1003,20,GP-BO,0.16750001907348633
1003,21,GP-BO,0.16750001907348633
1003,22,GP-BO,0.16750001907348633
1003,23,GP-BO,0.16750001907348633
1003,24,GP-BO,0.16750001907348633
1003,25,GP-BO,0.16750001907348633
1003,26,GP-BO,0.16750001907348633
1003,27,GP-BO,0.16750001907348633
1003,28,GP-BO,0.16750001907348633
1003,29,GP-BO,0.16750001907348633
1003,30,GP-BO,0.16750001907348633
1003,31,GP-BO,0.16750001907348633
1003,32,GP-BO,0.16750001907348633
1003,33,GP-BO,0.16750001907348633
1003,34,GP-BO,0.16750001907348633
1003,35,GP-BO,0.16750001907348633
1003,36,GP-BO,0.1587499976158142
1003,37,GP-BO,0.1587499976158142
1003,38,GP-BO,0.1587499976158142
1003,39,GP-BO,0.1587499976158142
1003,40,GP-BO,0.1587499976158142
1003,41,GP-BO,0.1587499976158142
1003,42,GP-BO,0.1587499976158142
1003,43,GP-BO,0.1587499976158142
1003,44,GP-BO,0.1587499976158142
1003,45,GP-BO,0.1587499976158142
1003,46,GP-BO,0.1587499976158142
1003,47,GP-BO,0.1587499976158142
1003,48,GP-BO,0.1587499976158142
1003,49,GP-BO,0.1587499976158142
1003,50,GP-BO,0.1587499976158142
1003,51,GP-BO,0.1587499976158142
1003,52,GP-BO,0.1587499976158142
1003,53,GP-BO,0.1587499976158142
1003,54,GP-BO,0.1587499976158142
1003,55,GP-BO,0.1587499976158142
1003,56,GP-BO,0.1587499976158142
1003,57,GP-BO,0.1587499976158142
1003,58,GP-BO,0.14924997091293335
1003,59,GP-BO,0.14924997091293335
1003,60,GP-BO,0.14924997091293335
1003,0,Random,0.17949998378753662
1003,1,Random,0.17949998378753662
1003,2,Random,0.17949998378753662
1003,3,Random,0.17949998378753662
1003,4,Random,0.17949998378753662
1003,5,Random,0.17949998378753662
1003,6,Random,0.17949998378753662
1003,7,Random,0.17949998378753662
1003,8,Random,0.17949998378753662
1003,9,Random,0.17949998378753662
1003,10,Random,0.17949998378753662
1003,11,Random,0.17949998378753662
1003,12,Random,0.17949998378753662
1003,13,Random,0.17949998378753662
1003,14,Random,0.17949998378753662
1003,15,Random,0.17949998378753662
1003,16,Random,0.17949998378753662
1003,17,Random,0.17949998378753662
1003,18,Random,0.17949998378753662
1003,19,Random,0.17949998378753662
1003,20,Random,0.17949998378753662
1003,21,Random,0.17949998378753662
1003,22,Random,0.17949998378753662
1003,23,Random,0.17949998378753662
1003,24,Random,0.17949998378753662
1003,25,Random,0.17949998378753662
1003,26,Random,0.17949998378753662
1003,27,Random,0.17949998378753662
1003,28,Random,0.17949998378753662
1003,29,Random,0.17949998378753662
1003,30,Random,0.17949998378753662
1003,31,Random,0.17949998378753662
1003,32,Random,0.17949998378753662
1003,33,Random,0.17949998378753662
1003,34,Random,0.17949998378753662
1003,35,Random,0.17949998378753662
1003,36,Random,0.17949998378753662
1003,37,Random,0.17949998378753662
1003,38,Random,0.17949998378753662
1003,39,Random,0.17949998378753662
1003,40,Random,0.17949998378753662
1003,41,Random,0.17949998378753662
1003,42,Random,0.17949998378753662
1003,43,Random,0.17949998378753662
1003,44,Random,0.17949998378753662
1003,45,Random,0.17949998378753662
1003,46,Random,0.17949998378753662
1003,47,Random,0.17949998378753662
1003,48,Random,0.17949998378753662
1003,49,Random,0.17150002717971802
1003,50,Random,0.17150002717971802
1003,51,Random,0.17150002717971802
1003,52,Random,0.17150002717971802
1003,53,Random,0.17150002717971802
1003,54,Random,0.17150002717971802
1003,55,Random,0.17150002717971802
1003,56,Random,0.17150002717971802
1003,57,Random,0.17150002717971802
1003,58,Random,0.17150002717971802
1003,59,Random,0.17150002717971802
1003,60,Random,0.17150002717971802
1004,0,BASS-BO,0.18049997091293335
1004,1,BASS-BO,0.1732500195503235
1004,2,BASS-BO,0.1732500195503235
1004,3,BASS-BO,0.16825002431869507
1004,4,BASS-BO,0.16825002431869507
1004,5,BASS-BO,0.16825002431869507
1004,6,BASS-BO,0.16825002431869507
1004,7,BASS-BO,0.16825002431869507
1004,8,BASS-BO,0.16750001907348633
1004,9,BASS-BO,0.16750001907348633
1004,10,BASS-BO,0.16750001907348633
1004,11,BASS-BO,0.16750001907348633
1004,12,BASS-BO,0.16750001907348633
1004,13,BASS-BO,0.16750001907348633
1004,14,BASS-BO,0.16750001907348633
1004,15,BASS-BO,0.16750001907348633
1004,16,BASS-BO,0.16750001907348633
1004,17,BASS-BO,0.16750001907348633
1004,18,BASS-BO,0.16750001907348633
1004,19,BASS-BO,0.16750001907348633
1004,20,BASS-BO,0.16750001907348633
1004,21,BASS-BO,0.16750001907348633
1004,22,BASS-BO,0.16750001907348633
1004,23,BASS-BO,0.16750001907348633
1004,24,BASS-BO,0.16750001907348633
1004,25,BASS-BO,0.16750001907348633
1004,26,BASS-BO,0.16750001907348633
1004,27,BASS-BO,0.16750001907348633
1004,28,BASS-BO,0.16750001907348633
1004,29,BASS-BO,0.16750001907348633
1004,30,BASS-BO,0.16750001907348633
1004,31,BASS-BO,0.16750001907348633
1004,32,BASS-BO,0.16750001907348633
1004,33,BASS-BO,0.16750001907348633
1004,34,BASS-BO,0.16750001907348633
1004,35,BASS-BO,0.16750001907348633
1004,36,BASS-BO,0.16750001907348633
1004,37,BASS-BO,0.16750001907348633
1004,38,BASS-BO,0.16750001907348633
1004,39,BASS-BO,0.16750001907348633
1004,40,BASS-BO,0.16750001907348633
1004,41,BASS-BO,0.16750001907348633
1004,42,BASS-BO,0.16750001907348633
1004,43,BASS-BO,0.16750001907348633
1004,44,BASS-BO,0.1600000262260437
1004,45,BASS-BO,0.1600000262260437
1004,46,BASS-BO,0.1600000262260437
1004,47,BASS-BO,0.1600000262260437
1004,48,BASS-BO,0.1600000262260437
1004,49,BASS-BO,0.1600000262260437
1004,50,BASS-BO,0.15525001287460327
1004,51,BASS-BO,0.15525001287460327
1004,52,BASS-BO,0.15525001287460327
1004,53,BASS-BO,0.15525001287460327
1004,54,BASS-BO,0.15525001287460327
1004,55,BASS-BO,0.15525001287460327
1004,56,BASS-BO,0.15525001287460327
1004,57,BASS-BO,0.15525001287460327
1004,58,BASS-BO,0.15525001287460327
1004,59,BASS-BO,0.15525001287460327
1004,60,BASS-BO,0.15525001287460327
1004,0,GP-BO,0.18049997091293335
1004,1,GP-BO,0.18049997091293335
1004,2,GP-BO,0.18049997091293335
1004,3,GP-BO,0.18049997091293335
1004,4,GP-BO,0.18049997091293335
1004,5,GP-BO,0.18049997091293335
1004,6,GP-BO,0.18049997091293335
1004,7,GP-BO,0.18049997091293335
1004,8,GP-BO,0.18049997091293335
1004,9,GP-BO,0.1732500195503235
1004,10,GP-BO,0.1732500195503235
1004,11,GP-BO,0.1732500195503235
1004,12,GP-BO,0.16775000095367432
1004,13,GP-BO,0.16775000095367432
1004,14,GP-BO,0.16775000095367432
1004,15,GP-BO,0.16775000095367432
1004,16,GP-BO,0.16775000095367432
1004,17,GP-BO,0.16775000095367432
1004,18,GP-BO,0.16775000095367432
1004,19,GP-BO,0.16775000095367432
1004,20,GP-BO,0.16775000095367432
1004,21,GP-BO,0.16775000095367432
1004,22,GP-BO,0.16775000095367432
1004,23,GP-BO,0.16775000095367432
1004,24,GP-BO,0.16775000095367432
1004,25,GP-BO,0.16775000095367432
1004,26,GP-BO,0.16775000095367432
1004,27,GP-BO,0.16775000095367432
1004,28,GP-BO,0.16775000095367432
1004,29,GP-BO,0.16775000095367432
1004,30,GP-BO,0.16775000095367432
1004,31,GP-BO,0.16775000095367432
1004,32,GP-BO,0.16775000095367432
1004,33,GP-BO,0.16775000095367432
1004,34,GP-BO,0.16775000095367432
1004,35,GP-BO,0.16775000095367432
1004,36,GP-BO,0.16775000095367432
1004,37,GP-BO,0.16775000095367432
1004,38,GP-BO,0.16775000095367432
1004,39,GP-BO,0.16775000095367432
1004,40,GP-BO,0.16775000095367432
1004,41,GP-BO,0.16775000095367432
1004,42,GP-BO,0.16775000095367432
1004,43,GP-BO,0.16775000095367432
1004,44,GP-BO,0.16775000095367432
1004,45,GP-BO,0.16775000095367432
1004,46,GP-BO,0.16775000095367432
1004,47,GP-BO,0.16200000047683716
1004,48,GP-BO,0.16200000047683716
1004,49,GP-BO,0.16200000047683716
1004,50,GP-BO,0.16200000047683716
1004,51,GP-BO,0.14924997091293335
1004,52,GP-BO,0.14924997091293335
1004,53,GP-BO,0.14924997091293335
1004,54,GP-BO,0.14924997091293335
1004,55,GP-BO,0.14924997091293335
1004,56,GP-BO,0.14924997091293335
1004,57,GP-BO,0.14924997091293335
1004,58,GP-BO,0.14924997091293335
1004,59,GP-BO,0.14924997091293335
1004,60,GP-BO,0.14924997091293335
1004,0,Random,0.18049997091293335
1004,1,Random,0.18049997091293335
1004,2,Random,0.18049997091293335
1004,3,Random,0.18049997091293335
1004,4,Random,0.18049997091293335
1004,5,Random,0.18049997091293335
1004,6,Random,0.18049997091293335
1004,7,Random,0.18049997091293335
1004,8,Random,0.18049997091293335
1004,9,Random,0.18049997091293335
1004,10,Random,0.1769999861717224
1004,11,Random,0.1769999861717224
1004,12,Random,0.1769999861717224
1004,13,Random,0.15724998712539673
1004,14,Random,0.15724998712539673
1004,15,Random,0.15724998712539673
1004,16,Random,0.15724998712539673
1004,17,Random,0.15724998712539673
1004,18,Random,0.15724998712539673
1004,19,Random,0.15724998712539673
1004,20,Random,0.15724998712539673
1004,21,Random,0.15724998712539673
1004,22,Random,0.15724998712539673
1004,23,Random,0.15724998712539673
1004,24,Random,0.15724998712539673
1004,25,Random,0.15724998712539673
1004,26,Random,0.15724998712539673
1004,27,Random,0.15724998712539673
1004,28,Random,0.15724998712539673
1004,29,Random,0.15724998712539673
1004,30,Random,0.15724998712539673
1004,31,Random,0.15724998712539673
1004,32,Random,0.15724998712539673
1004,33,Random,0.15724998712539673
1004,34,Random,0.15724998712539673
1004,35,Random,0.15724998712539673
1004,36,Random,0.15724998712539673
1004,37,Random,0.15724998712539673
1004,38,Random,0.15724998712539673
1004,39,Random,0.15724998712539673
1004,40,Random,0.15724998712539673
1004,41,Random,0.15724998712539673
1004,42,Random,0.15724998712539673
1004,43,Random,0.15724998712539673
1004,44,Random,0.15724998712539673
1004,45,Random,0.15724998712539673
1004,46,Random,0.15724998712539673
1004,47,Random,0.15549999475479126
1004,48,Random,0.15549999475479126
1004,49,Random,0.15549999475479126
1004,50,Random,0.15549999475479126
1004,51,Random,0.15549999475479126
1004,52,Random,0.15549999475479126
1004,53,Random,0.15549999475479126
1004,54,Random,0.15549999475479126
1004,55,Random,0.15549999475479126
1004,56,Random,0.15549999475479126
1004,57,Random,0.15549999475479126
1004,58,Random,0.15549999475479126
1004,59,Random,0.15549999475479126
1004,60,Random,0.15549999475479126
1005,0,BASS-BO,0.16600000858306885
1005,1,BASS-BO,0.16600000858306885
1005,2,BASS-BO,0.16600000858306885
1005,3,BASS-BO,0.16600000858306885
1005,4,BASS-BO,0.16600000858306885
1005,5,BASS-BO,0.16600000858306885
1005,6,BASS-BO,0.16600000858306885
1005,7,BASS-BO,0.16600000858306885
1005,8,BASS-BO,0.16600000858306885
1005,9,BASS-BO,0.15450000762939453
1005,10,BASS-BO,0.15450000762939453
1005,11,BASS-BO,0.15450000762939453
1005,12,BASS-BO,0.15450000762939453
1005,13,BASS-BO,0.14674997329711914
1005,14,BASS-BO,0.14674997329711914
1005,15,BASS-BO,0.14674997329711914
1005,16,BASS-BO,0.14674997329711914
1005,17,BASS-BO,0.14674997329711914
1005,18,BASS-BO,0.14674997329711914
1005,19,BASS-BO,0.14674997329711914
1005,20,BASS-BO,0.14674997329711914
1005,21,BASS-BO,0.14674997329711914
1005,22,BASS-BO,0.14674997329711914
1005,23,BASS-BO,0.14674997329711914
1005,24,BASS-BO,0.14674997329711914
1005,25,BASS-BO,0.14674997329711914
1005,26,BASS-BO,0.14674997329711914
1005,27,BASS-BO,0.14674997329711914
1005,28,BASS-BO,0.14674997329711914
1005,29,BASS-BO,0.14674997329711914
1005,30,BASS-BO,0.14674997329711914
1005,31,BASS-BO,0.14674997329711914
1005,32,BASS-BO,0.14674997329711914
1005,33,BASS-BO,0.14674997329711914
1005,34,BASS-BO,0.14674997329711914
1005,35,BASS-BO,0.14674997329711914
1005,36,BASS-BO,0.14674997329711914
1005,37,BASS-BO,0.14674997329711914
1005,38,BASS-BO,0.14674997329711914
1005,39,BASS-BO,0.14674997329711914
1005,40,BASS-BO,0.14674997329711914
1005,41,BASS-BO,0.14674997329711914
1005,42,BASS-BO,0.14674997329711914
1005,43,BASS-BO,0.14674997329711914
1005,44,BASS-BO,0.14674997329711914
1005,45,BASS-BO,0.14674997329711914
1005,46,BASS-BO,0.14674997329711914
1005,47,BASS-BO,0.14674997329711914
1005,48,BASS-BO,0.14674997329711914
1005,49,BASS-BO,0.14674997329711914
1005,50,BASS-BO,0.14674997329711914
1005,51,BASS-BO,0.14674997329711914
1005,52,BASS-BO,0.14674997329711914
1005,53,BASS-BO,0.14674997329711914
1005,54,BASS-BO,0.14674997329711914
1005,55,BASS-BO,0.14674997329711914
1005,56,BASS-BO,0.14674997329711914
1005,57,BASS-BO,0.14674997329711914
1005,58,BASS-BO,0.14674997329711914
1005,59,BASS-BO,0.14674997329711914
1005,60,BASS-BO,0.14674997329711914
1005,0,GP-BO,0.16600000858306885
1005,1,GP-BO,0.16600000858306885
1005,2,GP-BO,0.16600000858306885
1005,3,GP-BO,0.16600000858306885
1005,4,GP-BO,0.16474997997283936
1005,5,GP-BO,0.16474997997283936
1005,6,GP-BO,0.16474997997283936
1005,7,GP-BO,0.16474997997283936
1005,8,GP-BO,0.16474997997283936
1005,9,GP-BO,0.16474997997283936
1005,10,GP-BO,0.16474997997283936
1005,11,GP-BO,0.16474997997283936
1005,12,GP-BO,0.16474997997283936
1005,13,GP-BO,0.16474997997283936
1005,14,GP-BO,0.16474997997283936
1005,15,GP-BO,0.16474997997283936
1005,16,GP-BO,0.16474997997283936
1005,17,GP-BO,0.16474997997283936
1005,18,GP-BO,0.16474997997283936
1005,19,GP-BO,0.16474997997283936
1005,20,GP-BO,0.16474997997283936
1005,21,GP-BO,0.16474997997283936
1005,22,GP-BO,0.16474997997283936
1005,23,GP-BO,0.16474997997283936
1005,24,GP-BO,0.15775001049041748
1005,25,GP-BO,0.15775001049041748
1005,26,GP-BO,0.15775001049041748
1005,27,GP-BO,0.15775001049041748
1005,28,GP-BO,0.15775001049041748
1005,29,GP-BO,0.15775001049041748
1005,30,GP-BO,0.15775001049041748
1005,31,GP-BO,0.15775001049041748
1005,32,GP-BO,0.15775001049041748
1005,33,GP-BO,0.15775001049041748
1005,34,GP-BO,0.15775001049041748
1005,35,GP-BO,0.15775001049041748
1005,36,GP-BO,0.15775001049041748
1005,37,GP-BO,0.15775001049041748
1005,38,GP-BO,0.15775001049041748
1005,39,GP-BO,0.15775001049041748
1005,40,GP-BO,0.15775001049041748
1005,41,GP-BO,0.15775001049041748
1005,42,GP-BO,0.15775001049041748
1005,43,GP-BO,0.15775001049041748
1005,44,GP-BO,0.15775001049041748
1005,45,GP-BO,0.15775001049041748
1005,46,GP-BO,0.15775001049041748
1005,47,GP-BO,0.15775001049041748
1005,48,GP-BO,0.15775001049041748
1005,49,GP-BO,0.15775001049041748
1005,50,GP-BO,0.15775001049041748
1005,51,GP-BO,0.15775001049041748
1005,52,GP-BO,0.15775001049041748
1005,53,GP-BO,0.15775001049041748
1005,54,GP-BO,0.15775001049041748
1005,55,GP-BO,0.15775001049041748
1005,56,GP-BO,0.15775001049041748
1005,57,GP-BO,0.15775001049041748
1005,58,GP-BO,0.15775001049041748
1005,59,GP-BO,0.15775001049041748
1005,60,GP-BO,0.15775001049041748
1005,0,Random,0.16600000858306885
1005,1,Random,0.16600000858306885
1005,2,Random,0.16600000858306885
1005,3,Random,0.16600000858306885
1005,4,Random,0.16600000858306885
1005,5,Random,0.16600000858306885
1005,6,Random,0.16600000858306885
1005,7,Random,0.16600000858306885
1005,8,Random,0.16600000858306885
1005,9,Random,0.16600000858306885
1005,10,Random,0.16600000858306885
1005,11,Random,0.16600000858306885
1005,12,Random,0.16600000858306885
1005,13,Random,0.16600000858306885
1005,14,Random,0.16600000858306885
1005,15,Random,0.15700000524520874
1005,16,Random,0.15700000524520874
1005,17,Random,0.15700000524520874
1005,18,Random,0.15700000524520874
1005,19,Random,0.15700000524520874
1005,20,Random,0.15700000524520874
1005,21,Random,0.15700000524520874
1005,22,Random,0.15700000524520874
1005,23,Random,0.15700000524520874
1005,24,Random,0.15700000524520874
1005,25,Random,0.15700000524520874
1005,26,Random,0.15700000524520874
1005,27,Random,0.15700000524520874
1005,28,Random,0.15700000524520874
1005,29,Random,0.15700000524520874
1005,30,Random,0.15700000524520874
1005,31,Random,0.15700000524520874
1005,32,Random,0.15700000524520874
1005,33,Random,0.15700000524520874
1005,34,Random,0.15700000524520874
1005,35,Random,0.15700000524520874
1005,36,Random,0.15700000524520874
1005,37,Random,0.15700000524520874
1005,38,Random,0.15700000524520874
1005,39,Random,0.15700000524520874
1005,40,Random,0.15700000524520874
1005,41,Random,0.15700000524520874
1005,42,Random,0.15700000524520874
1005,43,Random,0.15700000524520874
1005,44,Random,0.15700000524520874
1005,45,Random,0.15700000524520874
1005,46,Random,0.15700000524520874
1005,47,Random,0.1535000205039978
1005,48,Random,0.1535000205039978
1005,49,Random,0.1535000205039978
1005,50,Random,0.1535000205039978
1005,51,Random,0.1535000205039978
1005,52,Random,0.1535000205039978
1005,53,Random,0.1535000205039978
1005,54,Random,0.1535000205039978
1005,55,Random,0.1535000205039978
1005,56,Random,0.1535000205039978
1005,57,Random,0.1535000205039978
1005,58,Random,0.1535000205039978
1005,59,Random,0.1535000205039978
1005,60,Random,0.1535000205039978
1006,0,BASS-BO,0.18274998664855957
1006,1,BASS-BO,0.18274998664855957
1006,2,BASS-BO,0.18274998664855957
1006,3,BASS-BO,0.18274998664855957
1006,4,BASS-BO,0.18274998664855957
1006,5,BASS-BO,0.18174999952316284
1006,6,BASS-BO,0.18174999952316284
1006,7,BASS-BO,0.18174999952316284
1006,8,BASS-BO,0.18174999952316284
1006,9,BASS-BO,0.18174999952316284
1006,10,BASS-BO,0.18174999952316284
1006,11,BASS-BO,0.17299997806549072
1006,12,BASS-BO,0.17299997806549072
1006,13,BASS-BO,0.17299997806549072
1006,14,BASS-BO,0.17299997806549072
1006,15,BASS-BO,0.17075002193450928
1006,16,BASS-BO,0.17075002193450928
1006,17,BASS-BO,0.17075002193450928
1006,18,BASS-BO,0.17075002193450928
1006,19,BASS-BO,0.1497499942779541
1006,20,BASS-BO,0.1497499942779541
1006,21,BASS-BO,0.1497499942779541
1006,22,BASS-BO,0.1497499942779541
1006,23,BASS-BO,0.1497499942779541
1006,24,BASS-BO,0.1497499942779541
1006,25,BASS-BO,0.1497499942779541
1006,26,BASS-BO,0.1497499942779541
1006,27,BASS-BO,0.1497499942779541
1006,28,BASS-BO,0.1497499942779541
1006,29,BASS-BO,0.1497499942779541
1006,30,BASS-BO,0.1497499942779541
1006,31,BASS-BO,0.1497499942779541
1006,32,BASS-BO,0.1497499942779541
1006,33,BASS-BO,0.1497499942779541
1006,34,BASS-BO,0.1497499942779541
1006,35,BASS-BO,0.1497499942779541
1006,36,BASS-BO,0.1497499942779541
1006,37,BASS-BO,0.1497499942779541
1006,38,BASS-BO,0.1497499942779541
1006,39,BASS-BO,0.1497499942779541
1006,40,BASS-BO,0.1497499942779541
1006,41,BASS-BO,0.1497499942779541
1006,42,BASS-BO,0.1497499942779541
1006,43,BASS-BO,0.1497499942779541
1006,44,BASS-BO,0.1497499942779541
1006,45,BASS-BO,0.1497499942779541
1006,46,BASS-BO,0.1497499942779541
1006,47,BASS-BO,0.1497499942779541
1006,48,BASS-BO,0.14924997091293335
1006,49,BASS-BO,0.14924997091293335
1006,50,BASS-BO,0.14924997091293335
1006,51,BASS-BO,0.14924997091293335
1006,52,BASS-BO,0.14924997091293335
1006,53,BASS-BO,0.14924997091293335
1006,54,BASS-BO,0.14924997091293335
1006,55,BASS-BO,0.14924997091293335
1006,56,BASS-BO,0.14924997091293335
1006,57,BASS-BO,0.14924997091293335
1006,58,BASS-BO,0.14924997091293335
1006,59,BASS-BO,0.14924997091293335
1006,60,BASS-BO,0.14924997091293335
1006,0,GP-BO,0.18274998664855957
1006,1,GP-BO,0.18274998664855957
1006,2,GP-BO,0.18274998664855957
1006,3,GP-BO,0.18274998664855957
1006,4,GP-BO,0.18274998664855957
1006,5,GP-BO,0.18274998664855957
1006,6,GP-BO,0.18274998664855957
1006,7,GP-BO,0.18274998664855957
1006,8,GP-BO,0.18274998664855957
1006,9,GP-BO,0.18274998664855957
1006,10,GP-BO,0.18274998664855957
1006,11,GP-BO,0.18274998664855957
1006,12,GP-BO,0.17524999380111694
1006,13,GP-BO,0.17524999380111694
1006,14,GP-BO,0.17524999380111694
1006,15,GP-BO,0.17524999380111694
1006,16,GP-BO,0.15850001573562622
1006,17,GP-BO,0.15850001573562622
1006,18,GP-BO,0.15850001573562622
1006,19,GP-BO,0.15850001573562622
1006,20,GP-BO,0.15850001573562622
1006,21,GP-BO,0.15850001573562622
1006,22,GP-BO,0.15850001573562622
1006,23,GP-BO,0.15850001573562622
1006,24,GP-BO,0.15850001573562622
1006,25,GP-BO,0.15850001573562622
1006,26,GP-BO,0.15850001573562622
1006,27,GP-BO,0.15850001573562622
1006,28,GP-BO,0.15850001573562622
1006,29,GP-BO,0.15850001573562622
1006,30,GP-BO,0.15850001573562622
1006,31,GP-BO,0.15850001573562622
1006,32,GP-BO,0.15850001573562622
1006,33,GP-BO,0.15850001573562622
1006,34,GP-BO,0.15850001573562622
1006,35,GP-BO,0.15850001573562622
1006,36,GP-BO,0.15850001573562622
1006,37,GP-BO,0.15850001573562622
1006,38,GP-BO,0.15850001573562622
1006,39,GP-BO,0.15850001573562622
1006,40,GP-BO,0.15850001573562622
1006,41,GP-BO,0.15850001573562622
1006,42,GP-BO,0.15850001573562622
1006,43,GP-BO,0.15850001573562622
1006,44,GP-BO,0.15850001573562622
1006,45,GP-BO,0.15850001573562622
1006,46,GP-BO,0.15474998950958252
1006,47,GP-BO,0.15474998950958252
1006,48,GP-BO,0.15474998950958252
1006,49,GP-BO,0.15474998950958252
1006,50,GP-BO,0.15474998950958252
1006,51,GP-BO,0.15474998950958252
1006,52,GP-BO,0.15474998950958252
1006,53,GP-BO,0.15474998950958252
1006,54,GP-BO,0.15474998950958252
1006,55,GP-BO,0.15474998950958252
1006,56,GP-BO,0.15474998950958252
1006,57,GP-BO,0.15474998950958252
1006,58,GP-BO,0.15474998950958252
1006,59,GP-BO,0.15474998950958252
1006,60,GP-BO,0.15474998950958252
1006,0,Random,0.18274998664855957
1006,1,Random,0.15474998950958252
1006,2,Random,0.15474998950958252
1006,3,Random,0.15474998950958252
1006,4,Random,0.15474998950958252
1006,5,Random,0.15474998950958252
1006,6,Random,0.15474998950958252
1006,7,Random,0.15474998950958252
1006,8,Random,0.15474998950958252
1006,9,Random,0.15474998950958252
1006,10,Random,0.15474998950958252
1006,11,Random,0.15474998950958252
1006,12,Random,0.15474998950958252
1006,13,Random,0.15474998950958252
1006,14,Random,0.15474998950958252
1006,15,Random,0.15474998950958252
1006,16,Random,0.15474998950958252
1006,17,Random,0.15474998950958252
1006,18,Random,0.15474998950958252
1006,19,Random,0.15474998950958252
1006,20,Random,0.15474998950958252
1006,21,Random,0.15474998950958252
1006,22,Random,0.15474998950958252
1006,23,Random,0.15474998950958252
1006,24,Random,0.15474998950958252
1006,25,Random,0.15474998950958252
1006,26,Random,0.15474998950958252
1006,27,Random,0.15474998950958252
1006,28,Random,0.15474998950958252
1006,29,Random,0.15474998950958252
1006,30,Random,0.15474998950958252
1006,31,Random,0.15474998950958252
1006,32,Random,0.15474998950958252
1006,33,Random,0.15474998950958252
1006,34,Random,0.15474998950958252
1006,35,Random,0.15474998950958252
1006,36,Random,0.15474998950958252
1006,37,Random,0.15474998950958252
1006,38,Random,0.15474998950958252
1006,39,Random,0.15474998950958252
1006,40,Random,0.15474998950958252
1006,41,Random,0.15474998950958252
1006,42,Random,0.15474998950958252
1006,43,Random,0.15474998950958252
1006,44,Random,0.15474998950958252
1006,45,Random,0.15474998950958252
1006,46,Random,0.15474998950958252
1006,47,Random,0.15474998950958252
1006,48,Random,0.15474998950958252
1006,49,Random,0.15474998950958252
1006,50,Random,0.15474998950958252
1006,51,Random,0.15474998950958252
1006,52,Random,0.15474998950958252
1006,53,Random,0.15474998950958252
1006,54,Random,0.15474998950958252
1006,55,Random,0.15474998950958252
1006,56,Random,0.15474998950958252
1006,57,Random,0.15474998950958252
1006,58,Random,0.15474998950958252
1006,59,Random,0.15474998950958252
1006,60,Random,0.15474998950958252
1007,0,BASS-BO,0.16624999046325684
1007,1,BASS-BO,0.16624999046325684
1007,2,BASS-BO,0.16624999046325684
1007,3,BASS-BO,0.16624999046325684
1007,4,BASS-BO,0.16624999046325684
1007,5,BASS-BO,0.16624999046325684
1007,6,BASS-BO,0.16624999046325684
1007,7,BASS-BO,0.16624999046325684
1007,8,BASS-BO,0.16624999046325684
1007,9,BASS-BO,0.16624999046325684
1007,10,BASS-BO,0.16374999284744263
1007,11,BASS-BO,0.16374999284744263
1007,12,BASS-BO,0.16374999284744263
1007,13,BASS-BO,0.16374999284744263
1007,14,BASS-BO,0.16374999284744263
1007,15,BASS-BO,0.16374999284744263
1007,16,BASS-BO,0.15950000286102295
1007,17,BASS-BO,0.15950000286102295
1007,18,BASS-BO,0.15950000286102295
1007,19,BASS-BO,0.15950000286102295
1007,20,BASS-BO,0.15950000286102295
1007,21,BASS-BO,0.15950000286102295
1007,22,BASS-BO,0.15950000286102295
1007,23,BASS-BO,0.15950000286102295
1007,24,BASS-BO,0.15950000286102295
1007,25,BASS-BO,0.15950000286102295
1007,26,BASS-BO,0.15950000286102295
1007,27,BASS-BO,0.1549999713897705
1007,28,BASS-BO,0.1549999713897705
1007,29,BASS-BO,0.1549999713897705
1007,30,BASS-BO,0.1549999713897705
1007,31,BASS-BO,0.1549999713897705
1007,32,BASS-BO,0.1549999713897705
1007,33,BASS-BO,0.1549999713897705
1007,34,BASS-BO,0.1549999713897705
1007,35,BASS-BO,0.1549999713897705
1007,36,BASS-BO,0.1549999713897705
1007,37,BASS-BO,0.1549999713897705
1007,38,BASS-BO,0.1549999713897705
1007,39,BASS-BO,0.1549999713897705
1007,40,BASS-BO,0.1549999713897705
1007,41,BASS-BO,0.15074998140335083
1007,42,BASS-BO,0.15074998140335083
1007,43,BASS-BO,0.15074998140335083
1007,44,BASS-BO,0.15074998140335083
1007,45,BASS-BO,0.15074998140335083
1007,46,BASS-BO,0.15074998140335083
1007,47,BASS-BO,0.15074998140335083
1007,48,BASS-BO,0.15074998140335083
1007,49,BASS-BO,0.15074998140335083
1007,50,BASS-BO,0.15074998140335083
1007,51,BASS-BO,0.15074998140335083
1007,52,BASS-BO,0.15074998140335083
1007,53,BASS-BO,0.15074998140335083
1007,54,BASS-BO,0.15074998140335083
1007,55,BASS-BO,0.15074998140335083
1007,56,BASS-BO,0.15074998140335083
1007,57,BASS-BO,0.15074998140335083
1007,58,BASS-BO,0.15074998140335083
1007,59,BASS-BO,0.15074998140335083
1007,60,BASS-BO,0.15074998140335083
1007,0,GP-BO,0.16624999046325684
1007,1,GP-BO,0.16624999046325684
1007,2,GP-BO,0.16624999046325684
1007,3,GP-BO,0.16624999046325684
1007,4,GP-BO,0.16624999046325684
1007,5,GP-BO,0.16624999046325684
1007,6,GP-BO,0.16624999046325684
1007,7,GP-BO,0.16624999046325684
1007,8,GP-BO,0.16624999046325684
1007,9,GP-BO,0.16624999046325684
1007,10,GP-BO,0.16624999046325684
1007,11,GP-BO,0.16624999046325684
1007,12,GP-BO,0.16624999046325684
1007,13,GP-BO,0.16624999046325684
1007,14,GP-BO,0.16624999046325684
1007,15,GP-BO,0.16624999046325684
1007,16,GP-BO,0.16624999046325684
1007,17,GP-BO,0.16624999046325684
1007,18,GP-BO,0.1652500033378601
1007,19,GP-BO,0.1652500033378601
1007,20,GP-BO,0.1652500033378601
1007,21,GP-BO,0.1652500033378601
1007,22,GP-BO,0.1652500033378601
1007,23,GP-BO,0.1652500033378601
1007,24,GP-BO,0.1652500033378601
1007,25,GP-BO,0.1652500033378601
1007,26,GP-BO,0.1652500033378601
1007,27,GP-BO,0.1652500033378601
1007,28,GP-BO,0.1652500033378601
1007,29,GP-BO,0.1652500033378601
1007,30,GP-BO,0.1652500033378601
1007,31,GP-BO,0.1652500033378601
1007,32,GP-BO,0.1652500033378601
1007,33,GP-BO,0.1652500033378601
1007,34,GP-BO,0.1652500033378601
1007,35,GP-BO,0.1652500033378601
1007,36,GP-BO,0.1652500033378601
1007,37,GP-BO,0.1652500033378601
1007,38,GP-BO,0.1652500033378601
1007,39,GP-BO,0.1652500033378601
1007,40,GP-BO,0.1652500033378601
1007,41,GP-BO,0.15125000476837158
1007,42,GP-BO,0.15125000476837158
1007,43,GP-BO,0.15125000476837158
1007,44,GP-BO,0.15125000476837158
1007,45,GP-BO,0.15125000476837158
1007,46,GP-BO,0.15125000476837158
1007,47,GP-BO,0.15125000476837158
1007,48,GP-BO,0.15125000476837158
1007,49,GP-BO,0.15125000476837158
1007,50,GP-BO,0.15125000476837158
1007,51,GP-BO,0.15125000476837158
1007,52,GP-BO,0.15125000476837158
1007,53,GP-BO,0.15125000476837158
1007,54,GP-BO,0.15125000476837158
1007,55,GP-BO,0.15125000476837158
1007,56,GP-BO,0.15125000476837158
1007,57,GP-BO,0.15125000476837158
1007,58,GP-BO,0.15125000476837158
1007,59,GP-BO,0.15125000476837158
1007,60,GP-BO,0.15125000476837158
1007,0,Random,0.16624999046325684
1007,1,Random,0.16624999046325684
1007,2,Random,0.16624999046325684
1007,3,Random,0.16624999046325684
1007,4,Random,0.16624999046325684
1007,5,Random,0.16624999046325684
1007,6,Random,0.16624999046325684
1007,7,Random,0.16624999046325684
1007,8,Random,0.15299999713897705
1007,9,Random,0.15299999713897705
1007,10,Random,0.15299999713897705
1007,11,Random,0.15299999713897705
1007,12,Random,0.15299999713897705
1007,13,Random,0.15299999713897705
1007,14,Random,0.15299999713897705
1007,15,Random,0.15299999713897705
1007,16,Random,0.15299999713897705
1007,17,Random,0.15299999713897705
1007,18,Random,0.15299999713897705
1007,19,Random,0.15299999713897705
1007,20,Random,0.15299999713897705
1007,21,Random,0.15299999713897705
1007,22,Random,0.15299999713897705
1007,23,Random,0.15299999713897705
1007,24,Random,0.15299999713897705
1007,25,Random,0.15299999713897705
1007,26,Random,0.15299999713897705
1007,27,Random,0.15299999713897705
1007,28,Random,0.15299999713897705
1007,29,Random,0.15299999713897705
1007,30,Random,0.15299999713897705
1007,31,Random,0.15299999713897705
1007,32,Random,0.15299999713897705
1007,33,Random,0.15299999713897705
1007,34,Random,0.15299999713897705
1007,35,Random,0.15299999713897705
1007,36,Random,0.15299999713897705
1007,37,Random,0.15299999713897705
1007,38,Random,0.15299999713897705
1007,39,Random,0.15299999713897705
1007,40,Random,0.15299999713897705
1007,41,Random,0.15299999713897705
1007,42,Random,0.15299999713897705
1007,43,Random,0.15299999713897705
1007,44,Random,0.15299999713897705
1007,45,Random,0.15299999713897705
1007,46,Random,0.15299999713897705
1007,47,Random,0.15299999713897705
1007,48,Random,0.15299999713897705
1007,49,Random,0.15299999713897705
1007,50,Random,0.15299999713897705
1007,51,Random,0.15299999713897705
1007,52,Random,0.15299999713897705
1007,53,Random,0.15299999713897705
1007,54,Random,0.15299999713897705
1007,55,Random,0.15299999713897705
1007,56,Random,0.15299999713897705
1007,57,Random,0.15299999713897705
1007,58,Random,0.15299999713897705
1007,59,Random,0.15299999713897705
1007,60,Random,0.15299999713897705
1008,0,BASS-BO,0.17650002241134644
1008,1,BASS-BO,0.14924997091293335
1008,2,BASS-BO,0.14924997091293335
1008,3,BASS-BO,0.14924997091293335
1008,4,BASS-BO,0.14924997091293335
1008,5,BASS-BO,0.14924997091293335
1008,6,BASS-BO,0.14924997091293335
1008,7,BASS-BO,0.14924997091293335
1008,8,BASS-BO,0.14924997091293335
1008,9,BASS-BO,0.14924997091293335
1008,10,BASS-BO,0.14924997091293335
1008,11,BASS-BO,0.14924997091293335
1008,12,BASS-BO,0.14924997091293335
1008,13,BASS-BO,0.14924997091293335
1008,14,BASS-BO,0.14924997091293335
1008,15,BASS-BO,0.14924997091293335
1008,16,BASS-BO,0.14924997091293335
1008,17,BASS-BO,0.14924997091293335
1008,18,BASS-BO,0.14924997091293335
1008,19,BASS-BO,0.14924997091293335
1008,20,BASS-BO,0.14924997091293335
1008,21,BASS-BO,0.14924997091293335
1008,22,BASS-BO,0.14924997091293335
1008,23,BASS-BO,0.14924997091293335
1008,24,BASS-BO,0.14924997091293335
1008,25,BASS-BO,0.14924997091293335
1008,26,BASS-BO,0.14924997091293335
1008,27,BASS-BO,0.14924997091293335
1008,28,BASS-BO,0.14924997091293335
1008,29,BASS-BO,0.14924997091293335
1008,30,BASS-BO,0.14924997091293335
1008,31,BASS-BO,0.14924997091293335
1008,32,BASS-BO,0.14924997091293335
1008,33,BASS-BO,0.14924997091293335
1008,34,BASS-BO,0.14924997091293335
1008,35,BASS-BO,0.14924997091293335
1008,36,BASS-BO,0.14924997091293335
1008,37,BASS-BO,0.14924997091293335
1008,38,BASS-BO,0.14924997091293335
1008,39,BASS-BO,0.14924997091293335
1008,40,BASS-BO,0.14924997091293335
1008,41,BASS-BO,0.14924997091293335
1008,42,BASS-BO,0.14924997091293335
1008,43,BASS-BO,0.14924997091293335
1008,44,BASS-BO,0.14924997091293335
1008,45,BASS-BO,0.14924997091293335
1008,46,BASS-BO,0.14924997091293335
1008,47,BASS-BO,0.14924997091293335
1008,48,BASS-BO,0.14924997091293335
1008,49,BASS-BO,0.14924997091293335
1008,50,BASS-BO,0.14924997091293335
1008,51,BASS-BO,0.14924997091293335
1008,52,BASS-BO,0.14924997091293335
1008,53,BASS-BO,0.14924997091293335
1008,54,BASS-BO,0.14924997091293335
1008,55,BASS-BO,0.14924997091293335
1008,56,BASS-BO,0.14924997091293335
1008,57,BASS-BO,0.14924997091293335
1008,58,BASS-BO,0.14924997091293335
1008,59,BASS-BO,0.14924997091293335
1008,60,BASS-BO,0.14924997091293335
1008,0,GP-BO,0.17650002241134644
1008,1,GP-BO,0.17650002241134644
1008,2,GP-BO,0.1575000286102295
1008,3,GP-BO,0.1575000286102295
1008,4,GP-BO,0.1575000286102295
1008,5,GP-BO,0.1575000286102295
1008,6,GP-BO,0.1575000286102295
1008,7,GP-BO,0.1575000286102295
1008,8,GP-BO,0.1575000286102295
1008,9,GP-BO,0.1575000286102295
1008,10,GP-BO,0.1575000286102295
1008,11,GP-BO,0.1575000286102295
1008,12,GP-BO,0.15625
1008,13,GP-BO,0.15625
1008,14,GP-BO,0.15625
1008,15,GP-BO,0.15625
1008,16,GP-BO,0.15625
1008,17,GP-BO,0.15625
1008,18,GP-BO,0.15625
1008,19,GP-BO,0.15625
1008,20,GP-BO,0.15625
1008,21,GP-BO,0.15625
1008,22,GP-BO,0.15625
1008,23,GP-BO,0.15625
1008,24,GP-BO,0.15625
1008,25,GP-BO,0.15625
1008,26,GP-BO,0.15625
1008,27,GP-BO,0.15625
1008,28,GP-BO,0.15625
1008,29,GP-BO,0.15625
1008,30,GP-BO,0.15625
1008,31,GP-BO,0.15625
1008,32,GP-BO,0.15625
1008,33,GP-BO,0.15625
1008,34,GP-BO,0.15625
1008,35,GP-BO,0.15625
1008,36,GP-BO,0.15625
1008,37,GP-BO,0.15625
1008,38,GP-BO,0.15625
1008,39,GP-BO,0.15625
1008,40,GP-BO,0.15625
1008,41,GP-BO,0.15625
1008,42,GP-BO,0.15625
1008,43,GP-BO,0.15625
1008,44,GP-BO,0.15625
1008,45,GP-BO,0.14674997329711914
1008,46,GP-BO,0.14674997329711914
1008,47,GP-BO,0.14674997329711914
1008,48,GP-BO,0.14674997329711914
1008,49,GP-BO,0.14674997329711914
1008,50,GP-BO,0.14674997329711914
1008,51,GP-BO,0.14674997329711914
1008,52,GP-BO,0.14674997329711914
1008,53,GP-BO,0.14674997329711914
1008,54,GP-BO,0.14674997329711914
1008,55,GP-BO,0.14674997329711914
1008,56,GP-BO,0.14674997329711914
1008,57,GP-BO,0.14674997329711914
1008,58,GP-BO,0.14674997329711914
1008,59,GP-BO,0.14674997329711914
1008,60,GP-BO,0.14674997329711914
1008,0,Random,0.17650002241134644
1008,1,Random,0.17650002241134644
1008,2,Random,0.17650002241134644
1008,3,Random,0.17650002241134644
1008,4,Random,0.17250001430511477
1008,5,Random,0.17250001430511477
1008,6,Random,0.17250001430511477
1008,7,Random,0.17250001430511477
1008,8,Random,0.17250001430511477
1008,9,Random,0.17250001430511477
1008,10,Random,0.17250001430511477
1008,11,Random,0.17250001430511477
1008,12,Random,0.16724997758865356
1008,13,Random,0.16724997758865356
1008,14,Random,0.16724997758865356
1008,15,Random,0.16724997758865356
1008,16,Random,0.16724997758865356
1008,17,Random,0.16724997758865356
1008,18,Random,0.16724997758865356
1008,19,Random,0.16724997758865356
1008,20,Random,0.16724997758865356
1008,21,Random,0.16724997758865356
1008,22,Random,0.16724997758865356
1008,23,Random,0.16724997758865356
1008,24,Random,0.16724997758865356
1008,25,Random,0.16724997758865356
1008,26,Random,0.16724997758865356
1008,27,Random,0.16724997758865356
1008,28,Random,0.16724997758865356
1008,29,Random,0.16724997758865356
1008,30,Random,0.16724997758865356
1008,31,Random,0.16724997758865356
1008,32,Random,0.16724997758865356
1008,33,Random,0.16724997758865356
1008,34,Random,0.16724997758865356
1008,35,Random,0.16724997758865356
1008,36,Random,0.16724997758865356
1008,37,Random,0.16724997758865356
1008,38,Random,0.16724997758865356
1008,39,Random,0.16724997758865356
1008,40,Random,0.16724997758865356
1008,41,Random,0.16724997758865356
1008,42,Random,0.15700000524520874
1008,43,Random,0.15700000524520874
1008,44,Random,0.15700000524520874
1008,45,Random,0.15700000524520874
1008,46,Random,0.15700000524520874
1008,47,Random,0.15700000524520874
1008,48,Random,0.15700000524520874
1008,49,Random,0.15700000524520874
1008,50,Random,0.15700000524520874
1008,51,Random,0.15700000524520874
1008,52,Random,0.15700000524520874
1008,53,Random,0.15525001287460327
1008,54,Random,0.15525001287460327
1008,55,Random,0.15525001287460327
1008,56,Random,0.15525001287460327
1008,57,Random,0.15525001287460327
1008,58,Random,0.15525001287460327
1008,59,Random,0.15525001287460327
1008,60,Random,0.15525001287460327
1009,0,BASS-BO,0.15549999475479126
1009,1,BASS-BO,0.15549999475479126
1009,2,BASS-BO,0.15549999475479126
1009,3,BASS-BO,0.15549999475479126
1009,4,BASS-BO,0.15549999475479126
1009,5,BASS-BO,0.15549999475479126
1009,6,BASS-BO,0.15525001287460327
1009,7,BASS-BO,0.15525001287460327
1009,8,BASS-BO,0.15525001287460327
1009,9,BASS-BO,0.15525001287460327
1009,10,BASS-BO,0.15525001287460327
1009,11,BASS-BO,0.15525001287460327
1009,12,BASS-BO,0.15525001287460327
1009,13,BASS-BO,0.15525001287460327
1009,14,BASS-BO,0.15525001287460327
1009,15,BASS-BO,0.15525001287460327
1009,16,BASS-BO,0.15525001287460327
1009,17,BASS-BO,0.15525001287460327
1009,18,BASS-BO,0.15525001287460327
1009,19,BASS-BO,0.15525001287460327
1009,20,BASS-BO,0.15525001287460327
1009,21,BASS-BO,0.15525001287460327
1009,22,BASS-BO,0.15525001287460327
1009,23,BASS-BO,0.15525001287460327
1009,24,BASS-BO,0.15525001287460327
1009,25,BASS-BO,0.15525001287460327
1009,26,BASS-BO,0.15525001287460327
1009,27,BASS-BO,0.15525001287460327
1009,28,BASS-BO,0.15525001287460327
1009,29,BASS-BO,0.15525001287460327
1009,30,BASS-BO,0.15525001287460327
1009,31,BASS-BO,0.15525001287460327
1009,32,BASS-BO,0.15525001287460327
1009,33,BASS-BO,0.15525001287460327
1009,34,BASS-BO,0.15525001287460327
1009,35,BASS-BO,0.15525001287460327
1009,36,BASS-BO,0.15525001287460327
1009,37,BASS-BO,0.15525001287460327
1009,38,BASS-BO,0.15525001287460327
1009,39,BASS-BO,0.14525002241134644
1009,40,BASS-BO,0.14525002241134644
1009,41,BASS-BO,0.14525002241134644
1009,42,BASS-BO,0.14525002241134644
1009,43,BASS-BO,0.14525002241134644
1009,44,BASS-BO,0.14525002241134644
1009,45,BASS-BO,0.14525002241134644
1009,46,BASS-BO,0.14525002241134644
1009,47,BASS-BO,0.14525002241134644
1009,48,BASS-BO,0.14525002241134644
1009,49,BASS-BO,0.14525002241134644
1009,50,BASS-BO,0.14525002241134644
1009,51,BASS-BO,0.14525002241134644
1009,52,BASS-BO,0.14525002241134644
1009,53,BASS-BO,0.14525002241134644
1009,54,BASS-BO,0.14525002241134644
1009,55,BASS-BO,0.14525002241134644
1009,56,BASS-BO,0.14525002241134644
1009,57,BASS-BO,0.14525002241134644
1009,58,BASS-BO,0.14525002241134644
1009,59,BASS-BO,0.14525002241134644
1009,60,BASS-BO,0.14525002241134644
1009,0,GP-BO,0.15549999475479126
1009,1,GP-BO,0.15549999475479126
1009,2,GP-BO,0.15549999475479126
1009,3,GP-BO,0.15549999475479126
1009,4,GP-BO,0.15549999475479126
1009,5,GP-BO,0.15549999475479126
1009,6,GP-BO,0.15549999475479126
1009,7,GP-BO,0.15549999475479126
1009,8,GP-BO,0.15549999475479126
1009,9,GP-BO,0.15549999475479126
1009,10,GP-BO,0.15549999475479126
1009,11,GP-BO,0.15549999475479126
1009,12,GP-BO,0.14749997854232788
1009,13,GP-BO,0.14749997854232788
1009,14,GP-BO,0.14749997854232788
1009,15,GP-BO,0.14749997854232788
1009,16,GP-BO,0.14749997854232788
1009,17,GP-BO,0.14749997854232788
1009,18,GP-BO,0.14749997854232788
1009,19,GP-BO,0.14749997854232788
1009,20,GP-BO,0.14749997854232788
1009,21,GP-BO,0.14749997854232788
1009,22,GP-BO,0.14749997854232788
1009,23,GP-BO,0.14749997854232788
1009,24,GP-BO,0.14749997854232788
1009,25,GP-BO,0.14749997854232788
1009,26,GP-BO,0.14749997854232788
1009,27,GP-BO,0.14749997854232788
1009,28,GP-BO,0.14749997854232788
1009,29,GP-BO,0.14749997854232788
1009,30,GP-BO,0.14749997854232788
1009,31,GP-BO,0.14749997854232788
1009,32,GP-BO,0.14749997854232788
1009,33,GP-BO,0.14749997854232788
1009,34,GP-BO,0.14749997854232788
1009,35,GP-BO,0.14749997854232788
1009,36,GP-BO,0.14749997854232788
1009,37,GP-BO,0.14749997854232788
1009,38,GP-BO,0.14749997854232788
1009,39,GP-BO,0.14749997854232788
1009,40,GP-BO,0.14749997854232788
1009,41,GP-BO,0.14749997854232788
1009,42,GP-BO,0.14749997854232788
1009,43,GP-BO,0.14749997854232788
1009,44,GP-BO,0.14749997854232788
1009,45,GP-BO,0.14749997854232788
1009,46,GP-BO,0.14749997854232788
1009,47,GP-BO,0.14749997854232788
1009,48,GP-BO,0.14749997854232788
1009,49,GP-BO,0.14749997854232788
1009,50,GP-BO,0.14749997854232788
1009,51,GP-BO,0.14749997854232788
1009,52,GP-BO,0.14749997854232788
1009,53,GP-BO,0.14749997854232788
1009,54,GP-BO,0.14749997854232788
1009,55,GP-BO,0.14749997854232788
1009,56,GP-BO,0.14749997854232788
1009,57,GP-BO,0.14749997854232788
1009,58,GP-BO,0.14749997854232788
1009,59,GP-BO,0.14749997854232788
1009,60,GP-BO,0.14749997854232788
1009,0,Random,0.15549999475479126
1009,1,Random,0.15549999475479126
1009,2,Random,0.15549999475479126
1009,3,Random,0.15549999475479126
1009,4,Random,0.15549999475479126
1009,5,Random,0.15549999475479126
1009,6,Random,0.15549999475479126
1009,7,Random,0.15549999475479126
1009,8,Random,0.15549999475479126
1009,9,Random,0.15549999475479126
1009,10,Random,0.15549999475479126
1009,11,Random,0.15549999475479126
1009,12,Random,0.15549999475479126
1009,13,Random,0.15549999475479126
1009,14,Random,0.15549999475479126
1009,15,Random,0.15549999475479126
1009,16,Random,0.15549999475479126
1009,17,Random,0.15549999475479126
1009,18,Random,0.15549999475479126
1009,19,Random,0.15549999475479126
1009,20,Random,0.15549999475479126
1009,21,Random,0.15549999475479126
1009,22,Random,0.15549999475479126
1009,23,Random,0.15549999475479126
1009,24,Random,0.15549999475479126
1009,25,Random,0.15549999475479126
1009,26,Random,0.15549999475479126
1009,27,Random,0.15549999475479126
1009,28,Random,0.15549999475479126
1009,29,Random,0.15549999475479126
1009,30,Random,0.15549999475479126
1009,31,Random,0.15549999475479126
1009,32,Random,0.15549999475479126
1009,33,Random,0.15549999475479126
1009,34,Random,0.15549999475479126
1009,35,Random,0.15549999475479126
1009,36,Random,0.15549999475479126
1009,37,Random,0.15549999475479126
1009,38,Random,0.15549999475479126
1009,39,Random,0.15549999475479126
1009,40,Random,0.15549999475479126
1009,41,Random,0.15549999475479126
1009,42,Random,0.15549999475479126
1009,43,Random,0.15549999475479126
1009,44,Random,0.15549999475479126
1009,45,Random,0.15549999475479126
1009,46,Random,0.15549999475479126
1009,47,Random,0.15549999475479126
1009,48,Random,0.15549999475479126
1009,49,Random,0.15549999475479126
1009,50,Random,0.15549999475479126
1009,51,Random,0.15549999475479126
1009,52,Random,0.15549999475479126
1009,53,Random,0.15549999475479126
1009,54,Random,0.15549999475479126
1009,55,Random,0.15549999475479126
1009,56,Random,0.15549999475479126
1009,57,Random,0.15549999475479126
1009,58,Random,0.15549999475479126
1009,59,Random,0.15549999475479126
1009,60,Random,0.15549999475479126
1010,0,BASS-BO,0.18000000715255737
1010,1,BASS-BO,0.18000000715255737
1010,2,BASS-BO,0.18000000715255737
1010,3,BASS-BO,0.18000000715255737
1010,4,BASS-BO,0.18000000715255737
1010,5,BASS-BO,0.18000000715255737
1010,6,BASS-BO,0.18000000715255737
1010,7,BASS-BO,0.18000000715255737
1010,8,BASS-BO,0.18000000715255737
1010,9,BASS-BO,0.18000000715255737
1010,10,BASS-BO,0.18000000715255737
1010,11,BASS-BO,0.18000000715255737
1010,12,BASS-BO,0.18000000715255737
1010,13,BASS-BO,0.18000000715255737
1010,14,BASS-BO,0.17500001192092896
1010,15,BASS-BO,0.17500001192092896
1010,16,BASS-BO,0.17500001192092896
1010,17,BASS-BO,0.17500001192092896
1010,18,BASS-BO,0.17500001192092896
1010,19,BASS-BO,0.17500001192092896
1010,20,BASS-BO,0.17500001192092896
1010,21,BASS-BO,0.1747499704360962
1010,22,BASS-BO,0.1747499704360962
1010,23,BASS-BO,0.1747499704360962
1010,24,BASS-BO,0.17150002717971802
1010,25,BASS-BO,0.17150002717971802
1010,26,BASS-BO,0.17150002717971802
1010,27,BASS-BO,0.17150002717971802
1010,28,BASS-BO,0.15824997425079346
1010,29,BASS-BO,0.15824997425079346
1010,30,BASS-BO,0.15824997425079346
1010,31,BASS-BO,0.15824997425079346
1010,32,BASS-BO,0.15824997425079346
1010,33,BASS-BO,0.15824997425079346
1010,34,BASS-BO,0.15824997425079346
1010,35,BASS-BO,0.15824997425079346
1010,36,BASS-BO,0.15824997425079346
1010,37,BASS-BO,0.15824997425079346
1010,38,BASS-BO,0.15824997425079346
1010,39,BASS-BO,0.15724998712539673
1010,40,BASS-BO,0.15724998712539673
1010,41,BASS-BO,0.15724998712539673
1010,42,BASS-BO,0.15549999475479126
1010,43,BASS-BO,0.15549999475479126
1010,44,BASS-BO,0.15549999475479126
1010,45,BASS-BO,0.15549999475479126
1010,46,BASS-BO,0.15549999475479126
1010,47,BASS-BO,0.15549999475479126
1010,48,BASS-BO,0.15549999475479126
1010,49,BASS-BO,0.15549999475479126
1010,50,BASS-BO,0.15549999475479126
1010,51,BASS-BO,0.15549999475479126
1010,52,BASS-BO,0.15549999475479126
1010,53,BASS-BO,0.14525002241134644
1010,54,BASS-BO,0.14525002241134644
1010,55,BASS-BO,0.14525002241134644
1010,56,BASS-BO,0.14525002241134644
1010,57,BASS-BO,0.14525002241134644
1010,58,BASS-BO,0.14525002241134644
1010,59,BASS-BO,0.14525002241134644
1010,60,BASS-BO,0.14525002241134644
1010,0,GP-BO,0.18000000715255737
1010,1,GP-BO,0.18000000715255737
1010,2,GP-BO,0.18000000715255737
1010,3,GP-BO,0.18000000715255737
1010,4,GP-BO,0.18000000715255737
1010,5,GP-BO,0.18000000715255737
1010,6,GP-BO,0.18000000715255737
1010,7,GP-BO,0.18000000715255737
1010,8,GP-BO,0.18000000715255737
1010,9,GP-BO,0.18000000715255737
1010,10,GP-BO,0.17799997329711914
1010,11,GP-BO,0.17799997329711914
1010,12,GP-BO,0.17799997329711914
1010,13,GP-BO,0.17799997329711914
1010,14,GP-BO,0.17799997329711914
1010,15,GP-BO,0.17799997329711914
1010,16,GP-BO,0.17350000143051147
1010,17,GP-BO,0.17350000143051147
1010,18,GP-BO,0.17350000143051147
1010,19,GP-BO,0.17350000143051147
1010,20,GP-BO,0.1587499976158142
1010,21,GP-BO,0.15775001049041748
1010,22,GP-BO,0.15775001049041748
1010,23,GP-BO,0.15775001049041748
1010,24,GP-BO,0.15775001049041748
1010,25,GP-BO,0.15775001049041748
1010,26,GP-BO,0.15775001049041748
1010,27,GP-BO,0.15775001049041748
1010,28,GP-BO,0.1575000286102295
1010,29,GP-BO,0.1575000286102295
1010,30,GP-BO,0.1575000286102295
1010,31,GP-BO,0.1575000286102295
1010,32,GP-BO,0.1575000286102295
1010,33,GP-BO,0.1575000286102295
1010,34,GP-BO,0.14924997091293335
1010,35,GP-BO,0.14924997091293335
1010,36,GP-BO,0.14924997091293335
1010,37,GP-BO,0.14924997091293335
1010,38,GP-BO,0.14924997091293335
1010,39,GP-BO,0.14924997091293335
1010,40,GP-BO,0.14924997091293335
1010,41,GP-BO,0.14924997091293335
1010,42,GP-BO,0.14924997091293335
1010,43,GP-BO,0.14924997091293335
1010,44,GP-BO,0.14924997091293335
1010,45,GP-BO,0.14924997091293335
1010,46,GP-BO,0.14399999380111694
1010,47,GP-BO,0.14399999380111694
1010,48,GP-BO,0.14399999380111694
1010,49,GP-BO,0.14399999380111694
1010,50,GP-BO,0.14399999380111694
1010,51,GP-BO,0.14399999380111694
1010,52,GP-BO,0.14399999380111694
1010,53,GP-BO,0.14399999380111694
1010,54,GP-BO,0.14399999380111694
1010,55,GP-BO,0.14399999380111694
1010,56,GP-BO,0.14399999380111694
1010,57,GP-BO,0.14399999380111694
1010,58,GP-BO,0.14399999380111694
1010,59,GP-BO,0.14399999380111694
1010,60,GP-BO,0.14399999380111694
1010,0,Random,0.18000000715255737
1010,1,Random,0.18000000715255737
1010,2,Random,0.18000000715255737
1010,3,Random,0.18000000715255737
1010,4,Random,0.18000000715255737
1010,5,Random,0.18000000715255737
1010,6,Random,0.17725002765655518
1010,7,Random,0.17725002765655518
1010,8,Random,0.17725002765655518
1010,9,Random,0.1627500057220459
1010,10,Random,0.1627500057220459
1010,11,Random,0.1627500057220459
1010,12,Random,0.1627500057220459
1010,13,Random,0.1627500057220459
1010,14,Random,0.1627500057220459
1010,15,Random,0.1627500057220459
1010,16,Random,0.1627500057220459
1010,17,Random,0.1627500057220459
1010,18,Random,0.1627500057220459
1010,19,Random,0.1627500057220459
1010,20,Random,0.1627500057220459
1010,21,Random,0.1627500057220459
1010,22,Random,0.1627500057220459
1010,23,Random,0.1627500057220459
1010,24,Random,0.1627500057220459
1010,25,Random,0.1627500057220459
1010,26,Random,0.1627500057220459
1010,27,Random,0.14525002241134644
1010,28,Random,0.14525002241134644
1010,29,Random,0.14525002241134644
1010,30,Random,0.14525002241134644
1010,31,Random,0.14525002241134644
1010,32,Random,0.14525002241134644
1010,33,Random,0.14525002241134644
1010,34,Random,0.14525002241134644
1010,35,Random,0.14525002241134644
1010,36,Random,0.14525002241134644
1010,37,Random,0.14525002241134644
1010,38,Random,0.14525002241134644
1010,39,Random,0.14525002241134644
1010,40,Random,0.14525002241134644
1010,41,Random,0.14525002241134644
1010,42,Random,0.14525002241134644
1010,43,Random,0.14525002241134644
1010,44,Random,0.14525002241134644
1010,45,Random,0.14525002241134644
1010,46,Random,0.14525002241134644
1010,47,Random,0.14525002241134644
1010,48,Random,0.14525002241134644
1010,49,Random,0.14525002241134644
1010,50,Random,0.14525002241134644
1010,51,Random,0.14525002241134644
1010,52,Random,0.14525002241134644
1010,53,Random,0.14525002241134644
1010,54,Random,0.14525002241134644
1010,55,Random,0.14525002241134644
1010,56,Random,0.14525002241134644
1010,57,Random,0.14525002241134644
1010,58,Random,0.14525002241134644
1010,59,Random,0.14525002241134644
1010,60,Random,0.14525002241134644
1011,0,BASS-BO,0.18900001049041748
1011,1,BASS-BO,0.18049997091293335
1011,2,BASS-BO,0.18049997091293335
1011,3,BASS-BO,0.1625000238418579
1011,4,BASS-BO,0.1625000238418579
1011,5,BASS-BO,0.1625000238418579
1011,6,BASS-BO,0.1625000238418579
1011,7,BASS-BO,0.1625000238418579
1011,8,BASS-BO,0.1625000238418579
1011,9,BASS-BO,0.1625000238418579
1011,10,BASS-BO,0.1625000238418579
1011,11,BASS-BO,0.1625000238418579
1011,12,BASS-BO,0.1625000238418579
1011,13,BASS-BO,0.1625000238418579
1011,14,BASS-BO,0.1625000238418579
1011,15,BASS-BO,0.1625000238418579
1011,16,BASS-BO,0.1625000238418579
1011,17,BASS-BO,0.1625000238418579
1011,18,BASS-BO,0.1625000238418579
1011,19,BASS-BO,0.1625000238418579
1011,20,BASS-BO,0.1625000238418579
1011,21,BASS-BO,0.15850001573562622
1011,22,BASS-BO,0.15799999237060547
1011,23,BASS-BO,0.15799999237060547
1011,24,BASS-BO,0.15799999237060547
1011,25,BASS-BO,0.15799999237060547
1011,26,BASS-BO,0.15799999237060547
1011,27,BASS-BO,0.15799999237060547
1011,28,BASS-BO,0.15799999237060547
1011,29,BASS-BO,0.15799999237060547
1011,30,BASS-BO,0.15799999237060547
1011,31,BASS-BO,0.15799999237060547
1011,32,BASS-BO,0.15799999237060547
1011,33,BASS-BO,0.15799999237060547
1011,34,BASS-BO,0.15799999237060547
1011,35,BASS-BO,0.15799999237060547
1011,36,BASS-BO,0.15799999237060547
1011,37,BASS-BO,0.15799999237060547
1011,38,BASS-BO,0.15799999237060547
1011,39,BASS-BO,0.15799999237060547
1011,40,BASS-BO,0.15799999237060547
1011,41,BASS-BO,0.15799999237060547
1011,42,BASS-BO,0.15799999237060547
1011,43,BASS-BO,0.15799999237060547
1011,44,BASS-BO,0.15799999237060547
1011,45,BASS-BO,0.15799999237060547
1011,46,BASS-BO,0.15799999237060547
1011,47,BASS-BO,0.15799999237060547
1011,48,BASS-BO,0.15799999237060547
1011,49,BASS-BO,0.15799999237060547
1011,50,BASS-BO,0.15799999237060547
1011,51,BASS-BO,0.15799999237060547
1011,52,BASS-BO,0.15675002336502075
1011,53,BASS-BO,0.15675002336502075
1011,54,BASS-BO,0.15675002336502075
1011,55,BASS-BO,0.15675002336502075
1011,56,BASS-BO,0.15675002336502075
1011,57,BASS-BO,0.15675002336502075
1011,58,BASS-BO,0.15675002336502075
1011,59,BASS-BO,0.15675002336502075
1011,60,BASS-BO,0.15675002336502075
1011,0,GP-BO,0.18900001049041748
1011,1,GP-BO,0.18900001049041748
1011,2,GP-BO,0.16399997472763062
1011,3,GP-BO,0.16399997472763062
1011,4,GP-BO,0.16399997472763062
1011,5,GP-BO,0.16399997472763062
1011,6,GP-BO,0.16399997472763062
1011,7,GP-BO,0.16399997472763062
1011,8,GP-BO,0.16399997472763062
1011,9,GP-BO,0.16399997472763062
1011,10,GP-BO,0.16399997472763062
1011,11,GP-BO,0.16399997472763062
1011,12,GP-BO,0.16399997472763062
1011,13,GP-BO,0.16399997472763062
1011,14,GP-BO,0.15625
1011,15,GP-BO,0.15625
1011,16,GP-BO,0.15625
1011,17,GP-BO,0.15625
1011,18,GP-BO,0.15625
1011,19,GP-BO,0.15625
1011,20,GP-BO,0.15625
1011,21,GP-BO,0.15625
1011,22,GP-BO,0.15625
1011,23,GP-BO,0.15625
1011,24,GP-BO,0.15625
1011,25,GP-BO,0.15625
1011,26,GP-BO,0.15625
1011,27,GP-BO,0.15625
1011,28,GP-BO,0.15625
1011,29,GP-BO,0.15625
1011,30,GP-BO,0.15625
1011,31,GP-BO,0.15625
1011,32,GP-BO,0.15625
1011,33,GP-BO,0.15625
1011,34,GP-BO,0.15625
1011,35,GP-BO,0.15625
1011,36,GP-BO,0.15625
1011,37,GP-BO,0.15625
1011,38,GP-BO,0.15625
1011,39,GP-BO,0.15625
1011,40,GP-BO,0.15625
1011,41,GP-BO,0.15625
1011,42,GP-BO,0.15625
1011,43,GP-BO,0.15625
1011,44,GP-BO,0.15625
1011,45,GP-BO,0.15625
1011,46,GP-BO,0.15625
1011,47,GP-BO,0.15625
1011,48,GP-BO,0.15625
1011,49,GP-BO,0.15625
1011,50,GP-BO,0.15625
1011,51,GP-BO,0.15625
1011,52,GP-BO,0.15625
1011,53,GP-BO,0.15625
1011,54,GP-BO,0.15625
1011,55,GP-BO,0.15625
1011,56,GP-BO,0.15625
1011,57,GP-BO,0.15625
1011,58,GP-BO,0.15625
1011,59,GP-BO,0.15625
1011,60,GP-BO,0.15625
1011,0,Random,0.18900001049041748
1011,1,Random,0.18900001049041748
1011,2,Random,0.18900001049041748
1011,3,Random,0.18900001049041748
1011,4,Random,0.18900001049041748
1011,5,Random,0.18900001049041748
1011,6,Random,0.18900001049041748
1011,7,Random,0.18900001049041748
1011,8,Random,0.18900001049041748
1011,9,Random,0.18900001049041748
1011,10,Random,0.18900001049041748
1011,11,Random,0.18900001049041748
1011,12,Random,0.18900001049041748
1011,13,Random,0.18900001049041748
1011,14,Random,0.18900001049041748
1011,15,Random,0.18900001049041748
1011,16,Random,0.18900001049041748
1011,17,Random,0.18900001049041748
1011,18,Random,0.18900001049041748
1011,19,Random,0.18900001049041748
1011,20,Random,0.18900001049041748
1011,21,Random,0.18900001049041748
1011,22,Random,0.187749981880188
1011,23,Random,0.187749981880188
1011,24,Random,0.187749981880188
1011,25,Random,0.187749981880188
1011,26,Random,0.187749981880188
1011,27,Random,0.187749981880188
1011,28,Random,0.187749981880188
1011,29,Random,0.187749981880188
1011,30,Random,0.15799999237060547
1011,31,Random,0.15799999237060547
1011,32,Random,0.15799999237060547
1011,33,Random,0.15799999237060547
1011,34,Random,0.15799999237060547
1011,35,Random,0.15799999237060547
1011,36,Random,0.15799999237060547
1011,37,Random,0.15799999237060547
1011,38,Random,0.15799999237060547
1011,39,Random,0.15799999237060547
1011,40,Random,0.14899998903274536
1011,41,Random,0.14899998903274536
1011,42,Random,0.14899998903274536
1011,43,Random,0.14899998903274536
1011,44,Random,0.14899998903274536
1011,45,Random,0.14899998903274536
1011,46,Random,0.14899998903274536
1011,47,Random,0.14899998903274536
1011,48,Random,0.14899998903274536
1011,49,Random,0.14899998903274536
1011,50,Random,0.14899998903274536
1011,51,Random,0.14899998903274536
1011,52,Random,0.14899998903274536
1011,53,Random,0.14899998903274536
1011,54,Random,0.14899998903274536
1011,55,Random,0.14899998903274536
1011,56,Random,0.14899998903274536
1011,57,Random,0.14899998903274536
1011,58,Random,0.14899998903274536
1011,59,Random,0.14899998903274536
1011,60,Random,0.14899998903274536
1012,0,BASS-BO,0.17624998092651367
1012,1,BASS-BO,0.16200000047683716
1012,2,BASS-BO,0.16200000047683716
1012,3,BASS-BO,0.16200000047683716
1012,4,BASS-BO,0.16200000047683716
1012,5,BASS-BO,0.16200000047683716
1012,6,BASS-BO,0.16200000047683716
1012,7,BASS-BO,0.16200000047683716
1012,8,BASS-BO,0.15824997425079346
1012,9,BASS-BO,0.15824997425079346
1012,10,BASS-BO,0.15824997425079346
1012,11,BASS-BO,0.15824997425079346
1012,12,BASS-BO,0.15824997425079346
1012,13,BASS-BO,0.15824997425079346
1012,14,BASS-BO,0.15824997425079346
1012,15,BASS-BO,0.15824997425079346
1012,16,BASS-BO,0.15824997425079346
1012,17,BASS-BO,0.15824997425079346
1012,18,BASS-BO,0.14824998378753662
1012,19,BASS-BO,0.14824998378753662
1012,20,BASS-BO,0.14824998378753662
1012,21,BASS-BO,0.14824998378753662
1012,22,BASS-BO,0.14824998378753662
1012,23,BASS-BO,0.14824998378753662
1012,24,BASS-BO,0.14824998378753662
1012,25,BASS-BO,0.14824998378753662
1012,26,BASS-BO,0.14824998378753662
1012,27,BASS-BO,0.14824998378753662
1012,28,BASS-BO,0.14824998378753662
1012,29,BASS-BO,0.14824998378753662
1012,30,BASS-BO,0.14824998378753662
1012,31,BASS-BO,0.14824998378753662
1012,32,BASS-BO,0.14824998378753662
1012,33,BASS-BO,0.14824998378753662
1012,34,BASS-BO,0.14824998378753662
1012,35,BASS-BO,0.14824998378753662
1012,36,BASS-BO,0.14824998378753662
1012,37,BASS-BO,0.14824998378753662
1012,38,BASS-BO,0.14824998378753662
1012,39,BASS-BO,0.14824998378753662
1012,40,BASS-BO,0.14824998378753662
1012,41,BASS-BO,0.14824998378753662
1012,42,BASS-BO,0.14824998378753662
1012,43,BASS-BO,0.14824998378753662
1012,44,BASS-BO,0.14824998378753662
1012,45,BASS-BO,0.14824998378753662
1012,46,BASS-BO,0.14824998378753662
1012,47,BASS-BO,0.14824998378753662
1012,48,BASS-BO,0.14824998378753662
1012,49,BASS-BO,0.14824998378753662
1012,50,BASS-BO,0.14824998378753662
1012,51,BASS-BO,0.14824998378753662
1012,52,BASS-BO,0.14824998378753662
1012,53,BASS-BO,0.14824998378753662
1012,54,BASS-BO,0.14824998378753662
1012,55,BASS-BO,0.14824998378753662
1012,56,BASS-BO,0.14824998378753662
1012,57,BASS-BO,0.14824998378753662
1012,58,BASS-BO,0.14824998378753662
1012,59,BASS-BO,0.14824998378753662
1012,60,BASS-BO,0.14824998378753662
1012,0,GP-BO,0.17624998092651367
1012,1,GP-BO,0.17624998092651367
1012,2,GP-BO,0.17624998092651367
1012,3,GP-BO,0.17624998092651367
1012,4,GP-BO,0.17624998092651367
1012,5,GP-BO,0.17624998092651367
1012,6,GP-BO,0.1742500066757202
1012,7,GP-BO,0.1625000238418579
1012,8,GP-BO,0.1625000238418579
1012,9,GP-BO,0.1625000238418579
1012,10,GP-BO,0.1625000238418579
1012,11,GP-BO,0.1625000238418579
1012,12,GP-BO,0.1625000238418579
1012,13,GP-BO,0.1625000238418579
1012,14,GP-BO,0.1589999794960022
1012,15,GP-BO,0.1589999794960022
1012,16,GP-BO,0.1589999794960022
1012,17,GP-BO,0.1589999794960022
1012,18,GP-BO,0.1589999794960022
1012,19,GP-BO,0.1589999794960022
1012,20,GP-BO,0.1589999794960022
1012,21,GP-BO,0.1589999794960022
1012,22,GP-BO,0.1587499976158142
1012,23,GP-BO,0.1587499976158142
1012,24,GP-BO,0.1587499976158142
1012,25,GP-BO,0.1587499976158142
1012,26,GP-BO,0.1587499976158142
1012,27,GP-BO,0.1587499976158142
1012,28,GP-BO,0.1587499976158142
1012,29,GP-BO,0.1587499976158142
1012,30,GP-BO,0.1587499976158142
1012,31,GP-BO,0.1587499976158142
1012,32,GP-BO,0.1587499976158142
1012,33,GP-BO,0.1587499976158142
1012,34,GP-BO,0.1587499976158142
1012,35,GP-BO,0.1587499976158142
1012,36,GP-BO,0.1587499976158142
1012,37,GP-BO,0.1587499976158142
1012,38,GP-BO,0.1587499976158142
1012,39,GP-BO,0.1587499976158142
1012,40,GP-BO,0.1587499976158142
1012,41,GP-BO,0.1587499976158142
1012,42,GP-BO,0.1587499976158142
1012,43,GP-BO,0.1587499976158142
1012,44,GP-BO,0.1587499976158142
1012,45,GP-BO,0.1587499976158142
1012,46,GP-BO,0.1587499976158142
1012,47,GP-BO,0.1587499976158142
1012,48,GP-BO,0.1587499976158142
1012,49,GP-BO,0.1587499976158142
1012,50,GP-BO,0.1587499976158142
1012,51,GP-BO,0.15549999475479126
1012,52,GP-BO,0.15549999475479126
1012,53,GP-BO,0.15549999475479126
1012,54,GP-BO,0.15200001001358032
1012,55,GP-BO,0.15200001001358032
1012,56,GP-BO,0.15200001001358032
1012,57,GP-BO,0.15200001001358032
1012,58,GP-BO,0.15200001001358032
1012,59,GP-BO,0.15200001001358032
1012,60,GP-BO,0.15200001001358032
1012,0,Random,0.17624998092651367
1012,1,Random,0.17624998092651367
1012,2,Random,0.17624998092651367
1012,3,Random,0.17624998092651367
1012,4,Random,0.17624998092651367
1012,5,Random,0.17624998092651367
1012,6,Random,0.17624998092651367
1012,7,Random,0.17624998092651367
1012,8,Random,0.17624998092651367
1012,9,Random,0.17624998092651367
1012,10,Random,0.17624998092651367
1012,11,Random,0.17624998092651367
1012,12,Random,0.17624998092651367
1012,13,Random,0.17624998092651367
1012,14,Random,0.17624998092651367
1012,15,Random,0.17624998092651367
1012,16,Random,0.17624998092651367
1012,17,Random,0.17624998092651367
1012,18,Random,0.17624998092651367
1012,19,Random,0.17624998092651367
1012,20,Random,0.17624998092651367
1012,21,Random,0.17624998092651367
1012,22,Random,0.17624998092651367
1012,23,Random,0.17624998092651367
1012,24,Random,0.17624998092651367
1012,25,Random,0.17624998092651367
1012,26,Random,0.17624998092651367
1012,27,Random,0.17624998092651367
1012,28,Random,0.17624998092651367
1012,29,Random,0.17624998092651367
1012,30,Random,0.17624998092651367
1012,31,Random,0.17624998092651367
1012,32,Random,0.16699999570846558
1012,33,Random,0.16699999570846558
1012,34,Random,0.16699999570846558
1012,35,Random,0.16699999570846558
1012,36,Random,0.16699999570846558
1012,37,Random,0.16699999570846558
1012,38,Random,0.16699999570846558
1012,39,Random,0.16699999570846558
1012,40,Random,0.16699999570846558
1012,41,Random,0.16699999570846558
1012,42,Random,0.16699999570846558
1012,43,Random,0.16699999570846558
1012,44,Random,0.16699999570846558
1012,45,Random,0.16699999570846558
1012,46,Random,0.16699999570846558
1012,47,Random,0.16699999570846558
1012,48,Random,0.16699999570846558
1012,49,Random,0.16699999570846558
1012,50,Random,0.16699999570846558
1012,51,Random,0.16699999570846558
1012,52,Random,0.16699999570846558
1012,53,Random,0.16699999570846558
1012,54,Random,0.16699999570846558
1012,55,Random,0.16699999570846558
1012,56,Random,0.16699999570846558
1012,57,Random,0.16699999570846558
1012,58,Random,0.16699999570846558
1012,59,Random,0.16699999570846558
1012,60,Random,0.16699999570846558
1013,0,BASS-BO,0.17500001192092896
1013,1,BASS-BO,0.17500001192092896
1013,2,BASS-BO,0.17124998569488523
1013,3,BASS-BO,0.17124998569488523
1013,4,BASS-BO,0.17124998569488523
1013,5,BASS-BO,0.17124998569488523
1013,6,BASS-BO,0.17124998569488523
1013,7,BASS-BO,0.17124998569488523
1013,8,BASS-BO,0.17124998569488523
1013,9,BASS-BO,0.17124998569488523
1013,10,BASS-BO,0.17124998569488523
1013,11,BASS-BO,0.16500002145767212
1013,12,BASS-BO,0.16500002145767212
1013,13,BASS-BO,0.16500002145767212
1013,14,BASS-BO,0.16500002145767212
1013,15,BASS-BO,0.15799999237060547
1013,16,BASS-BO,0.15799999237060547
1013,17,BASS-BO,0.15799999237060547
1013,18,BASS-BO,0.15799999237060547
1013,19,BASS-BO,0.15799999237060547
1013,20,BASS-BO,0.15799999237060547
1013,21,BASS-BO,0.15799999237060547
1013,22,BASS-BO,0.15799999237060547
1013,23,BASS-BO,0.15799999237060547
1013,24,BASS-BO,0.15799999237060547
1013,25,BASS-BO,0.15799999237060547
1013,26,BASS-BO,0.15675002336502075
1013,27,BASS-BO,0.15675002336502075
1013,28,BASS-BO,0.15675002336502075
1013,29,BASS-BO,0.15675002336502075
1013,30,BASS-BO,0.15675002336502075
1013,31,BASS-BO,0.15675002336502075
1013,32,BASS-BO,0.15675002336502075
1013,33,BASS-BO,0.15675002336502075
1013,34,BASS-BO,0.15675002336502075
1013,35,BASS-BO,0.15675002336502075
1013,36,BASS-BO,0.15675002336502075
1013,37,BASS-BO,0.15675002336502075
1013,38,BASS-BO,0.15675002336502075
1013,39,BASS-BO,0.15675002336502075
1013,40,BASS-BO,0.15675002336502075
1013,41,BASS-BO,0.15675002336502075
1013,42,BASS-BO,0.15675002336502075
1013,43,BASS-BO,0.15675002336502075
1013,44,BASS-BO,0.15675002336502075
1013,45,BASS-BO,0.15675002336502075
1013,46,BASS-BO,0.15675002336502075
1013,47,BASS-BO,0.15675002336502075
1013,48,BASS-BO,0.15675002336502075
1013,49,BASS-BO,0.15675002336502075
1013,50,BASS-BO,0.15675002336502075
1013,51,BASS-BO,0.15675002336502075
1013,52,BASS-BO,0.15675002336502075
1013,53,BASS-BO,0.15675002336502075
1013,54,BASS-BO,0.15675002336502075
1013,55,BASS-BO,0.15675002336502075
1013,56,BASS-BO,0.15675002336502075
1013,57,BASS-BO,0.15675002336502075
1013,58,BASS-BO,0.15675002336502075
1013,59,BASS-BO,0.15675002336502075
1013,60,BASS-BO,0.15675002336502075
1013,0,GP-BO,0.17500001192092896
1013,1,GP-BO,0.17500001192092896
1013,2,GP-BO,0.17500001192092896
1013,3,GP-BO,0.17500001192092896
1013,4,GP-BO,0.17500001192092896
1013,5,GP-BO,0.17500001192092896
1013,6,GP-BO,0.17500001192092896
1013,7,GP-BO,0.17500001192092896
1013,8,GP-BO,0.17500001192092896
1013,9,GP-BO,0.17500001192092896
1013,10,GP-BO,0.17500001192092896
1013,11,GP-BO,0.17500001192092896
1013,12,GP-BO,0.17500001192092896
1013,13,GP-BO,0.17500001192092896
1013,14,GP-BO,0.17500001192092896
1013,15,GP-BO,0.17500001192092896
1013,16,GP-BO,0.17500001192092896
1013,17,GP-BO,0.17500001192092896
1013,18,GP-BO,0.17500001192092896
1013,19,GP-BO,0.17500001192092896
1013,20,GP-BO,0.17500001192092896
1013,21,GP-BO,0.1732500195503235
1013,22,GP-BO,0.1732500195503235
1013,23,GP-BO,0.1732500195503235
1013,24,GP-BO,0.1732500195503235
1013,25,GP-BO,0.1732500195503235
1013,26,GP-BO,0.1732500195503235
1013,27,GP-BO,0.1667500138282776
1013,28,GP-BO,0.1667500138282776
1013,29,GP-BO,0.15775001049041748
1013,30,GP-BO,0.15775001049041748
1013,31,GP-BO,0.15775001049041748
1013,32,GP-BO,0.15775001049041748
1013,33,GP-BO,0.15775001049041748
1013,34,GP-BO,0.15775001049041748
1013,35,GP-BO,0.15775001049041748
1013,36,GP-BO,0.15775001049041748
1013,37,GP-BO,0.15775001049041748
1013,38,GP-BO,0.15775001049041748
1013,39,GP-BO,0.15775001049041748
1013,40,GP-BO,0.15775001049041748
1013,41,GP-BO,0.15775001049041748
1013,42,GP-BO,0.15775001049041748
1013,43,GP-BO,0.15775001049041748
1013,44,GP-BO,0.15775001049041748
1013,45,GP-BO,0.15775001049041748
1013,46,GP-BO,0.15675002336502075
1013,47,GP-BO,0.15675002336502075
1013,48,GP-BO,0.15675002336502075
1013,49,GP-BO,0.15675002336502075
1013,50,GP-BO,0.15675002336502075
1013,51,GP-BO,0.15675002336502075
1013,52,GP-BO,0.15675002336502075
1013,53,GP-BO,0.15675002336502075
1013,54,GP-BO,0.15675002336502075
1013,55,GP-BO,0.15675002336502075
1013,56,GP-BO,0.1497499942779541
1013,57,GP-BO,0.1497499942779541
1013,58,GP-BO,0.1497499942779541
1013,59,GP-BO,0.1497499942779541
1013,60,GP-BO,0.1497499942779541
1013,0,Random,0.17500001192092896
1013,1,Random,0.17500001192092896
1013,2,Random,0.1652500033378601
1013,3,Random,0.1652500033378601
1013,4,Random,0.1652500033378601
1013,5,Random,0.1652500033378601
1013,6,Random,0.16175001859664917
1013,7,Random,0.16175001859664917
1013,8,Random,0.16175001859664917
1013,9,Random,0.16175001859664917
1013,10,Random,0.16175001859664917
1013,11,Random,0.16175001859664917
1013,12,Random,0.16175001859664917
1013,13,Random,0.16175001859664917
1013,14,Random,0.16175001859664917
1013,15,Random,0.16175001859664917
1013,16,Random,0.16175001859664917
1013,17,Random,0.16175001859664917
1013,18,Random,0.16175001859664917
1013,19,Random,0.16175001859664917
1013,20,Random,0.16175001859664917
1013,21,Random,0.16175001859664917
1013,22,Random,0.16175001859664917
1013,23,Random,0.16175001859664917
1013,24,Random,0.16175001859664917
1013,25,Random,0.16175001859664917
1013,26,Random,0.16175001859664917
1013,27,Random,0.16175001859664917
1013,28,Random,0.16175001859664917
1013,29,Random,0.16175001859664917
1013,30,Random,0.16175001859664917
1013,31,Random,0.16175001859664917
1013,32,Random,0.16175001859664917
1013,33,Random,0.16175001859664917
1013,34,Random,0.16175001859664917
1013,35,Random,0.16175001859664917
1013,36,Random,0.16175001859664917
1013,37,Random,0.16175001859664917
1013,38,Random,0.16175001859664917
1013,39,Random,0.16175001859664917
1013,40,Random,0.16175001859664917
1013,41,Random,0.16175001859664917
1013,42,Random,0.14674997329711914
1013,43,Random,0.14674997329711914
1013,44,Random,0.14674997329711914
1013,45,Random,0.14674997329711914
1013,46,Random,0.14674997329711914
1013,47,Random,0.14674997329711914
1013,48,Random,0.14674997329711914
1013,49,Random,0.14674997329711914
1013,50,Random,0.14674997329711914
1013,51,Random,0.14674997329711914
1013,52,Random,0.14674997329711914
1013,53,Random,0.14674997329711914
1013,54,Random,0.14674997329711914
1013,55,Random,0.14674997329711914
1013,56,Random,0.14674997329711914
1013,57,Random,0.14674997329711914
1013,58,Random,0.14674997329711914
1013,59,Random,0.14674997329711914
1013,60,Random,0.14674997329711914
1014,0,BASS-BO,0.17150002717971802
1014,1,BASS-BO,0.17150002717971802
1014,2,BASS-BO,0.17150002717971802
1014,3,BASS-BO,0.17150002717971802
1014,4,BASS-BO,0.17150002717971802
1014,5,BASS-BO,0.17150002717971802
1014,6,BASS-BO,0.17150002717971802
1014,7,BASS-BO,0.17150002717971802
1014,8,BASS-BO,0.17150002717971802
1014,9,BASS-BO,0.17150002717971802
1014,10,BASS-BO,0.17150002717971802
1014,11,BASS-BO,0.17150002717971802
1014,12,BASS-BO,0.17150002717971802
1014,13,BASS-BO,0.17150002717971802
1014,14,BASS-BO,0.17150002717971802
1014,15,BASS-BO,0.17150002717971802
1014,16,BASS-BO,0.17150002717971802
1014,17,BASS-BO,0.17150002717971802
1014,18,BASS-BO,0.17150002717971802
1014,19,BASS-BO,0.17150002717971802
1014,20,BASS-BO,0.17150002717971802
1014,21,BASS-BO,0.17150002717971802
1014,22,BASS-BO,0.17150002717971802
1014,23,BASS-BO,0.17150002717971802
1014,24,BASS-BO,0.17150002717971802
1014,25,BASS-BO,0.17150002717971802
1014,26,BASS-BO,0.17150002717971802
1014,27,BASS-BO,0.17150002717971802
1014,28,BASS-BO,0.17150002717971802
1014,29,BASS-BO,0.17150002717971802
1014,30,BASS-BO,0.17150002717971802
1014,31,BASS-BO,0.1692500114440918
1014,32,BASS-BO,0.1692500114440918
1014,33,BASS-BO,0.1692500114440918
1014,34,BASS-BO,0.1692500114440918
1014,35,BASS-BO,0.1692500114440918
1014,36,BASS-BO,0.1667500138282776
1014,37,BASS-BO,0.1667500138282776
1014,38,BASS-BO,0.1667500138282776
1014,39,BASS-BO,0.1667500138282776
1014,40,BASS-BO,0.1667500138282776
1014,41,BASS-BO,0.1667500138282776
1014,42,BASS-BO,0.1667500138282776
1014,43,BASS-BO,0.1667500138282776
1014,44,BASS-BO,0.1667500138282776
1014,45,BASS-BO,0.1667500138282776
1014,46,BASS-BO,0.1667500138282776
1014,47,BASS-BO,0.1667500138282776
1014,48,BASS-BO,0.1667500138282776
1014,49,BASS-BO,0.15925002098083496
1014,50,BASS-BO,0.15925002098083496
1014,51,BASS-BO,0.15925002098083496
1014,52,BASS-BO,0.15925002098083496
1014,53,BASS-BO,0.15925002098083496
1014,54,BASS-BO,0.15925002098083496
1014,55,BASS-BO,0.15925002098083496
1014,56,BASS-BO,0.15925002098083496
1014,57,BASS-BO,0.15925002098083496
1014,58,BASS-BO,0.15925002098083496
1014,59,BASS-BO,0.15925002098083496
1014,60,BASS-BO,0.15925002098083496
1014,0,GP-BO,0.17150002717971802
1014,1,GP-BO,0.17150002717971802
1014,2,GP-BO,0.17150002717971802
1014,3,GP-BO,0.17150002717971802
1014,4,GP-BO,0.17150002717971802
1014,5,GP-BO,0.17150002717971802
1014,6,GP-BO,0.17150002717971802
1014,7,GP-BO,0.17150002717971802
1014,8,GP-BO,0.17150002717971802
1014,9,GP-BO,0.17150002717971802
1014,10,GP-BO,0.17150002717971802
1014,11,GP-BO,0.17150002717971802
1014,12,GP-BO,0.17150002717971802
1014,13,GP-BO,0.17150002717971802
1014,14,GP-BO,0.17150002717971802
1014,15,GP-BO,0.17150002717971802
1014,16,GP-BO,0.17150002717971802
1014,17,GP-BO,0.16500002145767212
1014,18,GP-BO,0.16500002145767212
1014,19,GP-BO,0.16500002145767212
1014,20,GP-BO,0.16500002145767212
1014,21,GP-BO,0.16500002145767212
1014,22,GP-BO,0.16500002145767212
1014,23,GP-BO,0.16500002145767212
1014,24,GP-BO,0.16500002145767212
1014,25,GP-BO,0.16500002145767212
1014,26,GP-BO,0.16500002145767212
1014,27,GP-BO,0.15974998474121094
1014,28,GP-BO,0.15974998474121094
1014,29,GP-BO,0.15974998474121094
1014,30,GP-BO,0.15974998474121094
1014,31,GP-BO,0.15974998474121094
1014,32,GP-BO,0.15974998474121094
1014,33,GP-BO,0.15974998474121094
1014,34,GP-BO,0.15974998474121094
1014,35,GP-BO,0.15974998474121094
1014,36,GP-BO,0.15974998474121094
1014,37,GP-BO,0.15974998474121094
1014,38,GP-BO,0.15974998474121094
1014,39,GP-BO,0.15974998474121094
1014,40,GP-BO,0.15974998474121094
1014,41,GP-BO,0.15974998474121094
1014,42,GP-BO,0.15974998474121094
1014,43,GP-BO,0.15974998474121094
1014,44,GP-BO,0.15974998474121094
1014,45,GP-BO,0.15974998474121094
1014,46,GP-BO,0.15974998474121094
1014,47,GP-BO,0.15974998474121094
1014,48,GP-BO,0.15974998474121094
1014,49,GP-BO,0.15974998474121094
1014,50,GP-BO,0.15974998474121094
1014,51,GP-BO,0.15974998474121094
1014,52,GP-BO,0.15974998474121094
1014,53,GP-BO,0.15974998474121094
1014,54,GP-BO,0.15974998474121094
1014,55,GP-BO,0.15974998474121094
1014,56,GP-BO,0.15974998474121094
1014,57,GP-BO,0.15974998474121094
1014,58,GP-BO,0.15974998474121094
1014,59,GP-BO,0.15974998474121094
1014,60,GP-BO,0.15974998474121094
1014,0,Random,0.17150002717971802
1014,1,Random,0.17150002717971802
1014,2,Random,0.17150002717971802
1014,3,Random,0.17150002717971802
1014,4,Random,0.14924997091293335
1014,5,Random,0.14924997091293335
1014,6,Random,0.14924997091293335
1014,7,Random,0.14924997091293335
1014,8,Random,0.14924997091293335
1014,9,Random,0.14924997091293335
1014,10,Random,0.14924997091293335
1014,11,Random,0.14924997091293335
1014,12,Random,0.14924997091293335
1014,13,Random,0.14924997091293335
1014,14,Random,0.14924997091293335
1014,15,Random,0.14924997091293335
1014,16,Random,0.14924997091293335
1014,17,Random,0.14924997091293335
1014,18,Random,0.14924997091293335
1014,19,Random,0.14924997091293335
1014,20,Random,0.14924997091293335
1014,21,Random,0.14924997091293335
1014,22,Random,0.14924997091293335
1014,23,Random,0.14924997091293335
1014,24,Random,0.14924997091293335
1014,25,Random,0.14924997091293335
1014,26,Random,0.14924997091293335
1014,27,Random,0.14924997091293335
1014,28,Random,0.14924997091293335
1014,29,Random,0.14924997091293335
1014,30,Random,0.14924997091293335
1014,31,Random,0.14924997091293335
1014,32,Random,0.14924997091293335
1014,33,Random,0.14924997091293335
1014,34,Random,0.14924997091293335
1014,35,Random,0.14924997091293335
1014,36,Random,0.14924997091293335
1014,37,Random,0.14924997091293335
1014,38,Random,0.14924997091293335
1014,39,Random,0.14924997091293335
1014,40,Random,0.14924997091293335
1014,41,Random,0.14924997091293335
1014,42,Random,0.14924997091293335
1014,43,Random,0.14924997091293335
1014,44,Random,0.14924997091293335
1014,45,Random,0.14924997091293335
1014,46,Random,0.14924997091293335
1014,47,Random,0.14924997091293335
1014,48,Random,0.14924997091293335
1014,49,Random,0.14924997091293335
1014,50,Random,0.14924997091293335
1014,51,Random,0.14924997091293335
1014,52,Random,0.14924997091293335
1014,53,Random,0.14924997091293335
1014,54,Random,0.14924997091293335
1014,55,Random,0.14924997091293335
1014,56,Random,0.14924997091293335
1014,57,Random,0.14924997091293335
1014,58,Random,0.14924997091293335
1014,59,Random,0.14924997091293335
1014,60,Random,0.14924997091293335
1015,0,BASS-BO,0.17250001430511477
1015,1,BASS-BO,0.17250001430511477
1015,2,BASS-BO,0.17250001430511477
1015,3,BASS-BO,0.17250001430511477
1015,4,BASS-BO,0.17250001430511477
1015,5,BASS-BO,0.17250001430511477
1015,6,BASS-BO,0.17250001430511477
1015,7,BASS-BO,0.171999990940094
1015,8,BASS-BO,0.171999990940094
1015,9,BASS-BO,0.16850000619888306
1015,10,BASS-BO,0.16850000619888306
1015,11,BASS-BO,0.16850000619888306
1015,12,BASS-BO,0.16850000619888306
1015,13,BASS-BO,0.16850000619888306
1015,14,BASS-BO,0.16850000619888306
1015,15,BASS-BO,0.16474997997283936
1015,16,BASS-BO,0.16474997997283936
1015,17,BASS-BO,0.16474997997283936
1015,18,BASS-BO,0.16474997997283936
1015,19,BASS-BO,0.16474997997283936
1015,20,BASS-BO,0.16474997997283936
1015,21,BASS-BO,0.16374999284744263
1015,22,BASS-BO,0.15574997663497925
1015,23,BASS-BO,0.15574997663497925
1015,24,BASS-BO,0.15574997663497925
1015,25,BASS-BO,0.15574997663497925
1015,26,BASS-BO,0.1499999761581421
1015,27,BASS-BO,0.1499999761581421
1015,28,BASS-BO,0.1499999761581421
1015,29,BASS-BO,0.1499999761581421
1015,30,BASS-BO,0.1499999761581421
1015,31,BASS-BO,0.1499999761581421
1015,32,BASS-BO,0.1499999761581421
1015,33,BASS-BO,0.1499999761581421
1015,34,BASS-BO,0.1499999761581421
1015,35,BASS-BO,0.1499999761581421
1015,36,BASS-BO,0.1499999761581421
1015,37,BASS-BO,0.14824998378753662
1015,38,BASS-BO,0.14824998378753662
1015,39,BASS-BO,0.14824998378753662
1015,40,BASS-BO,0.14824998378753662
1015,41,BASS-BO,0.14824998378753662
1015,42,BASS-BO,0.14824998378753662
1015,43,BASS-BO,0.14824998378753662
1015,44,BASS-BO,0.14824998378753662
1015,45,BASS-BO,0.14824998378753662
1015,46,BASS-BO,0.14824998378753662
1015,47,BASS-BO,0.14824998378753662
1015,48,BASS-BO,0.14824998378753662
1015,49,BASS-BO,0.14824998378753662
1015,50,BASS-BO,0.14824998378753662
1015,51,BASS-BO,0.14824998378753662
1015,52,BASS-BO,0.14824998378753662
1015,53,BASS-BO,0.14824998378753662
1015,54,BASS-BO,0.14824998378753662
1015,55,BASS-BO,0.14824998378753662
1015,56,BASS-BO,0.14824998378753662
1015,57,BASS-BO,0.14824998378753662
1015,58,BASS-BO,0.14824998378753662
1015,59,BASS-BO,0.14824998378753662
1015,60,BASS-BO,0.14824998378753662
1015,0,GP-BO,0.17250001430511477
1015,1,GP-BO,0.17250001430511477
1015,2,GP-BO,0.17250001430511477
1015,3,GP-BO,0.16500002145767212
1015,4,GP-BO,0.16500002145767212
1015,5,GP-BO,0.16500002145767212
1015,6,GP-BO,0.16500002145767212
1015,7,GP-BO,0.16500002145767212
1015,8,GP-BO,0.16500002145767212
1015,9,GP-BO,0.16500002145767212
1015,10,GP-BO,0.16500002145767212
1015,11,GP-BO,0.15850001573562622
1015,12,GP-BO,0.15850001573562622
1015,13,GP-BO,0.15850001573562622
1015,14,GP-BO,0.15850001573562622
1015,15,GP-BO,0.15850001573562622
1015,16,GP-BO,0.15850001573562622
1015,17,GP-BO,0.15850001573562622
1015,18,GP-BO,0.15850001573562622
1015,19,GP-BO,0.15850001573562622
1015,20,GP-BO,0.15850001573562622
1015,21,GP-BO,0.15850001573562622
1015,22,GP-BO,0.15850001573562622
1015,23,GP-BO,0.15850001573562622
1015,24,GP-BO,0.15850001573562622
1015,25,GP-BO,0.15850001573562622
1015,26,GP-BO,0.15850001573562622
1015,27,GP-BO,0.15850001573562622
1015,28,GP-BO,0.15850001573562622
1015,29,GP-BO,0.15850001573562622
1015,30,GP-BO,0.15850001573562622
1015,31,GP-BO,0.15850001573562622
1015,32,GP-BO,0.15850001573562622
1015,33,GP-BO,0.15850001573562622
1015,34,GP-BO,0.15850001573562622
1015,35,GP-BO,0.15850001573562622
1015,36,GP-BO,0.15850001573562622
1015,37,GP-BO,0.15850001573562622
1015,38,GP-BO,0.15850001573562622
1015,39,GP-BO,0.15850001573562622
1015,40,GP-BO,0.15850001573562622
1015,41,GP-BO,0.15850001573562622
1015,42,GP-BO,0.15850001573562622
1015,43,GP-BO,0.15850001573562622
1015,44,GP-BO,0.15850001573562622
1015,45,GP-BO,0.15850001573562622
1015,46,GP-BO,0.15850001573562622
1015,47,GP-BO,0.15850001573562622
1015,48,GP-BO,0.15850001573562622
1015,49,GP-BO,0.15850001573562622
1015,50,GP-BO,0.15850001573562622
1015,51,GP-BO,0.15850001573562622
1015,52,GP-BO,0.15850001573562622
1015,53,GP-BO,0.15850001573562622
1015,54,GP-BO,0.15850001573562622
1015,55,GP-BO,0.15850001573562622
1015,56,GP-BO,0.15850001573562622
1015,57,GP-BO,0.15850001573562622
1015,58,GP-BO,0.15850001573562622
1015,59,GP-BO,0.15850001573562622
1015,60,GP-BO,0.15850001573562622
1015,0,Random,0.17250001430511477
1015,1,Random,0.17250001430511477
1015,2,Random,0.17250001430511477
1015,3,Random,0.17250001430511477
1015,4,Random,0.17250001430511477
1015,5,Random,0.17250001430511477
1015,6,Random,0.17250001430511477
1015,7,Random,0.17250001430511477
1015,8,Random,0.17250001430511477
1015,9,Random,0.17250001430511477
1015,10,Random,0.17250001430511477
1015,11,Random,0.17250001430511477
1015,12,Random,0.17250001430511477
1015,13,Random,0.17250001430511477
1015,14,Random,0.17250001430511477
1015,15,Random,0.17250001430511477
1015,16,Random,0.17250001430511477
1015,17,Random,0.17250001430511477
1015,18,Random,0.17250001430511477
1015,19,Random,0.17250001430511477
1015,20,Random,0.17250001430511477
1015,21,Random,0.17250001430511477
1015,22,Random,0.17250001430511477
1015,23,Random,0.17250001430511477
1015,24,Random,0.17024999856948853
1015,25,Random,0.17024999856948853
1015,26,Random,0.17024999856948853
1015,27,Random,0.17024999856948853
1015,28,Random,0.17024999856948853
1015,29,Random,0.17024999856948853
1015,30,Random,0.17024999856948853
1015,31,Random,0.17024999856948853
1015,32,Random,0.17024999856948853
1015,33,Random,0.17024999856948853
1015,34,Random,0.17024999856948853
1015,35,Random,0.17024999856948853
1015,36,Random,0.16049998998641968
1015,37,Random,0.16049998998641968
1015,38,Random,0.16049998998641968
1015,39,Random,0.16049998998641968
1015,40,Random,0.14824998378753662
1015,41,Random,0.14824998378753662
1015,42,Random,0.14824998378753662
1015,43,Random,0.14824998378753662
1015,44,Random,0.14824998378753662
1015,45,Random,0.14824998378753662
1015,46,Random,0.14824998378753662
1015,47,Random,0.14824998378753662
1015,48,Random,0.14824998378753662
1015,49,Random,0.14824998378753662
1015,50,Random,0.14824998378753662
1015,51,Random,0.14824998378753662
1015,52,Random,0.14824998378753662
1015,53,Random,0.14824998378753662
1015,54,Random,0.14824998378753662
1015,55,Random,0.14824998378753662
1015,56,Random,0.14824998378753662
1015,57,Random,0.14824998378753662
1015,58,Random,0.14824998378753662
1015,59,Random,0.14824998378753662
1015,60,Random,0.14824998378753662
1016,0,BASS-BO,0.1679999828338623
1016,1,BASS-BO,0.1679999828338623
1016,2,BASS-BO,0.1679999828338623
1016,3,BASS-BO,0.1679999828338623
1016,4,BASS-BO,0.1679999828338623
1016,5,BASS-BO,0.1679999828338623
1016,6,BASS-BO,0.1679999828338623
1016,7,BASS-BO,0.1679999828338623
1016,8,BASS-BO,0.1679999828338623
1016,9,BASS-BO,0.1679999828338623
1016,10,BASS-BO,0.1679999828338623
1016,11,BASS-BO,0.1679999828338623
1016,12,BASS-BO,0.1679999828338623
1016,13,BASS-BO,0.1679999828338623
1016,14,BASS-BO,0.1679999828338623
1016,15,BASS-BO,0.1679999828338623
1016,16,BASS-BO,0.1679999828338623
1016,17,BASS-BO,0.1679999828338623
1016,18,BASS-BO,0.1679999828338623
1016,19,BASS-BO,0.1679999828338623
1016,20,BASS-BO,0.1679999828338623
1016,21,BASS-BO,0.1679999828338623
1016,22,BASS-BO,0.1679999828338623
1016,23,BASS-BO,0.1679999828338623
1016,24,BASS-BO,0.1679999828338623
1016,25,BASS-BO,0.1679999828338623
1016,26,BASS-BO,0.1575000286102295
1016,27,BASS-BO,0.1575000286102295
1016,28,BASS-BO,0.1575000286102295
1016,29,BASS-BO,0.1575000286102295
1016,30,BASS-BO,0.1575000286102295
1016,31,BASS-BO,0.1575000286102295
1016,32,BASS-BO,0.1575000286102295
1016,33,BASS-BO,0.1575000286102295
1016,34,BASS-BO,0.1575000286102295
1016,35,BASS-BO,0.1575000286102295
1016,36,BASS-BO,0.1575000286102295
1016,37,BASS-BO,0.1575000286102295
1016,38,BASS-BO,0.1575000286102295
1016,39,BASS-BO,0.1575000286102295
1016,40,BASS-BO,0.1575000286102295
1016,41,BASS-BO,0.1575000286102295
1016,42,BASS-BO,0.1575000286102295
1016,43,BASS-BO,0.1575000286102295
1016,44,BASS-BO,0.1575000286102295
1016,45,BASS-BO,0.1575000286102295
1016,46,BASS-BO,0.1575000286102295
1016,47,BASS-BO,0.1575000286102295
1016,48,BASS-BO,0.1575000286102295
1016,49,BASS-BO,0.1575000286102295
1016,50,BASS-BO,0.1575000286102295
1016,51,BASS-BO,0.1575000286102295
1016,52,BASS-BO,0.1575000286102295
1016,53,BASS-BO,0.1575000286102295
1016,54,BASS-BO,0.1575000286102295
1016,55,BASS-BO,0.1575000286102295
1016,56,BASS-BO,0.1575000286102295
1016,57,BASS-BO,0.1575000286102295
1016,58,BASS-BO,0.1575000286102295
1016,59,BASS-BO,0.1575000286102295
1016,60,BASS-BO,0.1575000286102295
1016,0,GP-BO,0.1679999828338623
1016,1,GP-BO,0.1679999828338623
1016,2,GP-BO,0.1679999828338623
1016,3,GP-BO,0.1679999828338623
1016,4,GP-BO,0.1679999828338623
1016,5,GP-BO,0.1679999828338623
1016,6,GP-BO,0.1679999828338623
1016,7,GP-BO,0.1679999828338623
1016,8,GP-BO,0.1679999828338623
1016,9,GP-BO,0.1679999828338623
1016,10,GP-BO,0.1679999828338623
1016,11,GP-BO,0.1679999828338623
1016,12,GP-BO,0.1679999828338623
1016,13,GP-BO,0.1679999828338623
1016,14,GP-BO,0.1679999828338623
1016,15,GP-BO,0.1679999828338623
1016,16,GP-BO,0.1679999828338623
1016,17,GP-BO,0.1679999828338623
1016,18,GP-BO,0.1679999828338623
1016,19,GP-BO,0.1679999828338623
1016,20,GP-BO,0.1679999828338623
1016,21,GP-BO,0.1679999828338623
1016,22,GP-BO,0.1679999828338623
1016,23,GP-BO,0.1679999828338623
1016,24,GP-BO,0.1679999828338623
1016,25,GP-BO,0.1679999828338623
1016,26,GP-BO,0.1679999828338623
1016,27,GP-BO,0.1679999828338623
1016,28,GP-BO,0.1679999828338623
1016,29,GP-BO,0.1679999828338623
1016,30,GP-BO,0.1679999828338623
1016,31,GP-BO,0.1679999828338623
1016,32,GP-BO,0.1679999828338623
1016,33,GP-BO,0.1679999828338623
1016,34,GP-BO,0.15625
1016,35,GP-BO,0.15625
1016,36,GP-BO,0.15625
1016,37,GP-BO,0.15625
1016,38,GP-BO,0.15625
1016,39,GP-BO,0.15625
1016,40,GP-BO,0.15625
1016,41,GP-BO,0.15625
1016,42,GP-BO,0.15625
1016,43,GP-BO,0.15625
1016,44,GP-BO,0.1549999713897705
1016,45,GP-BO,0.1549999713897705
1016,46,GP-BO,0.1549999713897705
1016,47,GP-BO,0.1549999713897705
1016,48,GP-BO,0.1549999713897705
1016,49,GP-BO,0.1549999713897705
1016,50,GP-BO,0.1445000171661377
1016,51,GP-BO,0.1445000171661377
1016,52,GP-BO,0.1445000171661377
1016,53,GP-BO,0.1445000171661377
1016,54,GP-BO,0.14399999380111694
1016,55,GP-BO,0.14399999380111694
1016,56,GP-BO,0.14399999380111694
1016,57,GP-BO,0.14399999380111694
1016,58,GP-BO,0.14399999380111694
1016,59,GP-BO,0.14399999380111694
1016,60,GP-BO,0.14399999380111694
1016,0,Random,0.1679999828338623
1016,1,Random,0.1679999828338623
1016,2,Random,0.1679999828338623
1016,3,Random,0.1679999828338623
1016,4,Random,0.1679999828338623
1016,5,Random,0.1679999828338623
1016,6,Random,0.1679999828338623
1016,7,Random,0.1679999828338623
1016,8,Random,0.1679999828338623
1016,9,Random,0.1679999828338623
1016,10,Random,0.1679999828338623
1016,11,Random,0.1679999828338623
1016,12,Random,0.1679999828338623
1016,13,Random,0.1679999828338623
1016,14,Random,0.1679999828338623
1016,15,Random,0.1679999828338623
1016,16,Random,0.1679999828338623
1016,17,Random,0.1679999828338623
1016,18,Random,0.1679999828338623
1016,19,Random,0.1679999828338623
1016,20,Random,0.1679999828338623
1016,21,Random,0.16399997472763062
1016,22,Random,0.16399997472763062
1016,23,Random,0.16399997472763062
1016,24,Random,0.16399997472763062
1016,25,Random,0.16399997472763062
1016,26,Random,0.16399997472763062
1016,27,Random,0.16399997472763062
1016,28,Random,0.16399997472763062
1016,29,Random,0.16399997472763062
1016,30,Random,0.16399997472763062
1016,31,Random,0.16399997472763062
1016,32,Random,0.16399997472763062
1016,33,Random,0.16399997472763062
1016,34,Random,0.16399997472763062
1016,35,Random,0.16399997472763062
1016,36,Random,0.16399997472763062
1016,37,Random,0.16399997472763062
1016,38,Random,0.16399997472763062
1016,39,Random,0.16399997472763062
1016,40,Random,0.16399997472763062
1016,41,Random,0.16399997472763062
1016,42,Random,0.16399997472763062
1016,43,Random,0.16399997472763062
1016,44,Random,0.16399997472763062
1016,45,Random,0.16399997472763062
1016,46,Random,0.16399997472763062
1016,47,Random,0.16399997472763062
1016,48,Random,0.16399997472763062
1016,49,Random,0.16399997472763062
1016,50,Random,0.16399997472763062
1016,51,Random,0.16399997472763062
1016,52,Random,0.16399997472763062
1016,53,Random,0.16399997472763062
1016,54,Random,0.16399997472763062
1016,55,Random,0.15799999237060547
1016,56,Random,0.15799999237060547
1016,57,Random,0.15799999237060547
1016,58,Random,0.15799999237060547
1016,59,Random,0.15799999237060547
1016,60,Random,0.15799999237060547
1017,0,BASS-BO,0.17150002717971802
1017,1,BASS-BO,0.17150002717971802
1017,2,BASS-BO,0.17150002717971802
1017,3,BASS-BO,0.1652500033378601
1017,4,BASS-BO,0.1652500033378601
1017,5,BASS-BO,0.1652500033378601
1017,6,BASS-BO,0.1652500033378601
1017,7,BASS-BO,0.1652500033378601
1017,8,BASS-BO,0.1652500033378601
1017,9,BASS-BO,0.1652500033378601
1017,10,BASS-BO,0.1652500033378601
1017,11,BASS-BO,0.1652500033378601
1017,12,BASS-BO,0.15549999475479126
1017,13,BASS-BO,0.15549999475479126
1017,14,BASS-BO,0.15549999475479126
1017,15,BASS-BO,0.15549999475479126
1017,16,BASS-BO,0.15549999475479126
1017,17,BASS-BO,0.15549999475479126
1017,18,BASS-BO,0.15549999475479126
1017,19,BASS-BO,0.15549999475479126
1017,20,BASS-BO,0.15549999475479126
1017,21,BASS-BO,0.15549999475479126
1017,22,BASS-BO,0.15549999475479126
1017,23,BASS-BO,0.15549999475479126
1017,24,BASS-BO,0.1510000228881836
1017,25,BASS-BO,0.1510000228881836
1017,26,BASS-BO,0.1510000228881836
1017,27,BASS-BO,0.1510000228881836
1017,28,BASS-BO,0.1510000228881836
1017,29,BASS-BO,0.1510000228881836
1017,30,BASS-BO,0.1510000228881836
1017,31,BASS-BO,0.1510000228881836
1017,32,BASS-BO,0.14775002002716064
1017,33,BASS-BO,0.14775002002716064
1017,34,BASS-BO,0.14775002002716064
1017,35,BASS-BO,0.14775002002716064
1017,36,BASS-BO,0.14775002002716064
1017,37,BASS-BO,0.14775002002716064
1017,38,BASS-BO,0.14775002002716064
1017,39,BASS-BO,0.14775002002716064
1017,40,BASS-BO,0.14775002002716064
1017,41,BASS-BO,0.14775002002716064
1017,42,BASS-BO,0.14775002002716064
1017,43,BASS-BO,0.14775002002716064
1017,44,BASS-BO,0.14775002002716064
1017,45,BASS-BO,0.14674997329711914
1017,46,BASS-BO,0.14674997329711914
1017,47,BASS-BO,0.14674997329711914
1017,48,BASS-BO,0.14674997329711914
1017,49,BASS-BO,0.14674997329711914
1017,50,BASS-BO,0.14674997329711914
1017,51,BASS-BO,0.14674997329711914
1017,52,BASS-BO,0.14674997329711914
1017,53,BASS-BO,0.14674997329711914
1017,54,BASS-BO,0.14674997329711914
1017,55,BASS-BO,0.14674997329711914
1017,56,BASS-BO,0.14674997329711914
1017,57,BASS-BO,0.14674997329711914
1017,58,BASS-BO,0.14674997329711914
1017,59,BASS-BO,0.14674997329711914
1017,60,BASS-BO,0.14674997329711914
1017,0,GP-BO,0.17150002717971802
1017,1,GP-BO,0.17150002717971802
1017,2,GP-BO,0.17150002717971802
1017,3,GP-BO,0.17150002717971802
1017,4,GP-BO,0.17150002717971802
1017,5,GP-BO,0.17150002717971802
1017,6,GP-BO,0.17150002717971802
1017,7,GP-BO,0.17150002717971802
1017,8,GP-BO,0.17150002717971802
1017,9,GP-BO,0.17150002717971802
1017,10,GP-BO,0.17150002717971802
1017,11,GP-BO,0.17150002717971802
1017,12,GP-BO,0.17150002717971802
1017,13,GP-BO,0.17150002717971802
1017,14,GP-BO,0.17150002717971802
1017,15,GP-BO,0.17150002717971802
1017,16,GP-BO,0.17150002717971802
1017,17,GP-BO,0.17150002717971802
1017,18,GP-BO,0.17150002717971802
1017,19,GP-BO,0.17150002717971802
1017,20,GP-BO,0.17150002717971802
1017,21,GP-BO,0.16575002670288086
1017,22,GP-BO,0.16575002670288086
1017,23,GP-BO,0.16575002670288086
1017,24,GP-BO,0.16575002670288086
1017,25,GP-BO,0.16575002670288086
1017,26,GP-BO,0.16575002670288086
1017,27,GP-BO,0.16575002670288086
1017,28,GP-BO,0.16575002670288086
1017,29,GP-BO,0.16575002670288086
1017,30,GP-BO,0.16575002670288086
1017,31,GP-BO,0.16575002670288086
1017,32,GP-BO,0.16575002670288086
1017,33,GP-BO,0.15974998474121094
1017,34,GP-BO,0.15974998474121094
1017,35,GP-BO,0.15974998474121094
1017,36,GP-BO,0.15974998474121094
1017,37,GP-BO,0.14125001430511477
1017,38,GP-BO,0.14125001430511477
1017,39,GP-BO,0.14125001430511477
1017,40,GP-BO,0.14125001430511477
1017,41,GP-BO,0.14125001430511477
1017,42,GP-BO,0.14125001430511477
1017,43,GP-BO,0.14125001430511477
1017,44,GP-BO,0.14125001430511477
1017,45,GP-BO,0.14125001430511477
1017,46,GP-BO,0.14125001430511477
1017,47,GP-BO,0.14125001430511477
1017,48,GP-BO,0.14125001430511477
1017,49,GP-BO,0.14125001430511477
1017,50,GP-BO,0.14125001430511477
1017,51,GP-BO,0.14125001430511477
1017,52,GP-BO,0.14125001430511477
1017,53,GP-BO,0.14125001430511477
1017,54,GP-BO,0.14125001430511477
1017,55,GP-BO,0.14125001430511477
1017,56,GP-BO,0.14125001430511477
1017,57,GP-BO,0.14125001430511477
1017,58,GP-BO,0.14125001430511477
1017,59,GP-BO,0.14125001430511477
1017,60,GP-BO,0.14125001430511477
1017,0,Random,0.17150002717971802
1017,1,Random,0.17150002717971802
1017,2,Random,0.17150002717971802
1017,3,Random,0.17150002717971802
1017,4,Random,0.17150002717971802
1017,5,Random,0.17150002717971802
1017,6,Random,0.15974998474121094
1017,7,Random,0.15974998474121094
1017,8,Random,0.15974998474121094
1017,9,Random,0.15974998474121094
1017,10,Random,0.15974998474121094
1017,11,Random,0.15974998474121094
1017,12,Random,0.15974998474121094
1017,13,Random,0.15974998474121094
1017,14,Random,0.15974998474121094
1017,15,Random,0.15974998474121094
1017,16,Random,0.15974998474121094
1017,17,Random,0.15974998474121094
1017,18,Random,0.15974998474121094
1017,19,Random,0.15974998474121094
1017,20,Random,0.15974998474121094
1017,21,Random,0.15974998474121094
1017,22,Random,0.15974998474121094
1017,23,Random,0.15974998474121094
1017,24,Random,0.15974998474121094
1017,25,Random,0.15974998474121094
1017,26,Random,0.15974998474121094
1017,27,Random,0.15974998474121094
1017,28,Random,0.15974998474121094
1017,29,Random,0.15974998474121094
1017,30,Random,0.15974998474121094
1017,31,Random,0.15974998474121094
1017,32,Random,0.15974998474121094
1017,33,Random,0.15974998474121094
1017,34,Random,0.15974998474121094
1017,35,Random,0.15974998474121094
1017,36,Random,0.15974998474121094
1017,37,Random,0.15974998474121094
1017,38,Random,0.15974998474121094
1017,39,Random,0.15974998474121094
1017,40,Random,0.15974998474121094
1017,41,Random,0.15974998474121094
1017,42,Random,0.15974998474121094
1017,43,Random,0.15974998474121094
1017,44,Random,0.15974998474121094
1017,45,Random,0.15974998474121094
1017,46,Random,0.15974998474121094
1017,47,Random,0.15974998474121094
1017,48,Random,0.15974998474121094
1017,49,Random,0.15974998474121094
1017,50,Random,0.15974998474121094
1017,51,Random,0.15974998474121094
1017,52,Random,0.15974998474121094
1017,53,Random,0.15974998474121094
1017,54,Random,0.15974998474121094
1017,55,Random,0.15974998474121094
1017,56,Random,0.15974998474121094
1017,57,Random,0.15974998474121094
1017,58,Random,0.15974998474121094
1017,59,Random,0.15974998474121094
1017,60,Random,0.15974998474121094
1018,0,BASS-BO,0.1600000262260437
1018,1,BASS-BO,0.1600000262260437
1018,2,BASS-BO,0.15574997663497925
1018,3,BASS-BO,0.15574997663497925
1018,4,BASS-BO,0.15574997663497925
1018,5,BASS-BO,0.15574997663497925
1018,6,BASS-BO,0.15574997663497925
1018,7,BASS-BO,0.15574997663497925
1018,8,BASS-BO,0.15574997663497925
1018,9,BASS-BO,0.15574997663497925
1018,10,BASS-BO,0.15574997663497925
1018,11,BASS-BO,0.15574997663497925
1018,12,BASS-BO,0.15574997663497925
1018,13,BASS-BO,0.15574997663497925
1018,14,BASS-BO,0.15574997663497925
1018,15,BASS-BO,0.15574997663497925
1018,16,BASS-BO,0.15574997663497925
1018,17,BASS-BO,0.15574997663497925
1018,18,BASS-BO,0.15574997663497925
1018,19,BASS-BO,0.15574997663497925
1018,20,BASS-BO,0.15574997663497925
1018,21,BASS-BO,0.15574997663497925
1018,22,BASS-BO,0.15574997663497925
1018,23,BASS-BO,0.15574997663497925
1018,24,BASS-BO,0.15574997663497925
1018,25,BASS-BO,0.15574997663497925
1018,26,BASS-BO,0.15574997663497925
1018,27,BASS-BO,0.15574997663497925
1018,28,BASS-BO,0.15574997663497925
1018,29,BASS-BO,0.15574997663497925
1018,30,BASS-BO,0.15574997663497925
1018,31,BASS-BO,0.15574997663497925
1018,32,BASS-BO,0.15574997663497925
1018,33,BASS-BO,0.15574997663497925
1018,34,BASS-BO,0.15574997663497925
1018,35,BASS-BO,0.15574997663497925
1018,36,BASS-BO,0.15574997663497925
1018,37,BASS-BO,0.15574997663497925
1018,38,BASS-BO,0.15574997663497925
1018,39,BASS-BO,0.15574997663497925
1018,40,BASS-BO,0.15574997663497925
1018,41,BASS-BO,0.15574997663497925
1018,42,BASS-BO,0.15574997663497925
1018,43,BASS-BO,0.15574997663497925
1018,44,BASS-BO,0.15574997663497925
1018,45,BASS-BO,0.15574997663497925
1018,46,BASS-BO,0.15574997663497925
1018,47,BASS-BO,0.15574997663497925
1018,48,BASS-BO,0.15574997663497925
1018,49,BASS-BO,0.15574997663497925
1018,50,BASS-BO,0.15574997663497925
1018,51,BASS-BO,0.15574997663497925
1018,52,BASS-BO,0.15574997663497925
1018,53,BASS-BO,0.15574997663497925
1018,54,BASS-BO,0.1510000228881836
1018,55,BASS-BO,0.1510000228881836
1018,56,BASS-BO,0.1510000228881836
1018,57,BASS-BO,0.1510000228881836
1018,58,BASS-BO,0.1510000228881836
1018,59,BASS-BO,0.1510000228881836
1018,60,BASS-BO,0.1510000228881836
1018,0,GP-BO,0.1600000262260437
1018,1,GP-BO,0.1600000262260437
1018,2,GP-BO,0.1600000262260437
1018,3,GP-BO,0.1600000262260437
1018,4,GP-BO,0.1600000262260437
1018,5,GP-BO,0.1600000262260437
1018,6,GP-BO,0.1600000262260437
1018,7,GP-BO,0.1600000262260437
1018,8,GP-BO,0.1600000262260437
1018,9,GP-BO,0.1600000262260437
1018,10,GP-BO,0.1600000262260437
1018,11,GP-BO,0.1600000262260437
1018,12,GP-BO,0.1600000262260437
1018,13,GP-BO,0.1600000262260437
1018,14,GP-BO,0.1600000262260437
1018,15,GP-BO,0.1600000262260437
1018,16,GP-BO,0.1600000262260437
1018,17,GP-BO,0.1600000262260437
1018,18,GP-BO,0.1600000262260437
1018,19,GP-BO,0.1600000262260437
1018,20,GP-BO,0.15850001573562622
1018,21,GP-BO,0.15850001573562622
1018,22,GP-BO,0.15850001573562622
1018,23,GP-BO,0.15850001573562622
1018,24,GP-BO,0.15850001573562622
1018,25,GP-BO,0.15850001573562622
1018,26,GP-BO,0.15850001573562622
1018,27,GP-BO,0.1575000286102295
1018,28,GP-BO,0.1575000286102295
1018,29,GP-BO,0.1575000286102295
1018,30,GP-BO,0.1575000286102295
1018,31,GP-BO,0.1575000286102295
1018,32,GP-BO,0.1575000286102295
1018,33,GP-BO,0.1575000286102295
1018,34,GP-BO,0.1575000286102295
1018,35,GP-BO,0.1575000286102295
1018,36,GP-BO,0.1575000286102295
1018,37,GP-BO,0.1575000286102295
1018,38,GP-BO,0.1575000286102295
1018,39,GP-BO,0.1575000286102295
1018,40,GP-BO,0.1575000286102295
1018,41,GP-BO,0.1575000286102295
1018,42,GP-BO,0.1575000286102295
1018,43,GP-BO,0.1575000286102295
1018,44,GP-BO,0.1575000286102295
1018,45,GP-BO,0.1575000286102295
1018,46,GP-BO,0.1575000286102295
1018,47,GP-BO,0.1575000286102295
1018,48,GP-BO,0.1575000286102295
1018,49,GP-BO,0.1575000286102295
1018,50,GP-BO,0.1575000286102295
1018,51,GP-BO,0.1575000286102295
1018,52,GP-BO,0.1575000286102295
1018,53,GP-BO,0.1575000286102295
1018,54,GP-BO,0.1575000286102295
1018,55,GP-BO,0.1575000286102295
1018,56,GP-BO,0.1575000286102295
1018,57,GP-BO,0.1575000286102295
1018,58,GP-BO,0.1575000286102295
1018,59,GP-BO,0.1575000286102295
1018,60,GP-BO,0.1575000286102295
1018,0,Random,0.1600000262260437
1018,1,Random,0.1600000262260437
1018,2,Random,0.1600000262260437
1018,3,Random,0.1600000262260437
1018,4,Random,0.1600000262260437
1018,5,Random,0.1600000262260437
1018,6,Random,0.1600000262260437
1018,7,Random,0.15700000524520874
1018,8,Random,0.15700000524520874
1018,9,Random,0.15700000524520874
1018,10,Random,0.15700000524520874
1018,11,Random,0.15700000524520874
1018,12,Random,0.15700000524520874
1018,13,Random,0.15700000524520874
1018,14,Random,0.15700000524520874
1018,15,Random,0.15700000524520874
1018,16,Random,0.15700000524520874
1018,17,Random,0.15700000524520874
1018,18,Random,0.15700000524520874
1018,19,Random,0.15700000524520874
1018,20,Random,0.15700000524520874
1018,21,Random,0.15700000524520874
1018,22,Random,0.15700000524520874
1018,23,Random,0.15700000524520874
1018,24,Random,0.15700000524520874
1018,25,Random,0.15700000524520874
1018,26,Random,0.15700000524520874
1018,27,Random,0.15700000524520874
1018,28,Random,0.15700000524520874
1018,29,Random,0.15700000524520874
1018,30,Random,0.15700000524520874
1018,31,Random,0.15700000524520874
1018,32,Random,0.15700000524520874
1018,33,Random,0.15700000524520874
1018,34,Random,0.15700000524520874
1018,35,Random,0.15700000524520874
1018,36,Random,0.15700000524520874
1018,37,Random,0.15700000524520874
1018,38,Random,0.15700000524520874
1018,39,Random,0.15700000524520874
1018,40,Random,0.15700000524520874
1018,41,Random,0.15700000524520874
1018,42,Random,0.15700000524520874
1018,43,Random,0.15700000524520874
1018,44,Random,0.15700000524520874
1018,45,Random,0.15700000524520874
1018,46,Random,0.15700000524520874
1018,47,Random,0.15700000524520874
1018,48,Random,0.15700000524520874
1018,49,Random,0.15700000524520874
1018,50,Random,0.15700000524520874
1018,51,Random,0.15700000524520874
1018,52,Random,0.15700000524520874
1018,53,Random,0.15700000524520874
1018,54,Random,0.15700000524520874
1018,55,Random,0.15700000524520874
1018,56,Random,0.15700000524520874
1018,57,Random,0.15700000524520874
1018,58,Random,0.15700000524520874
1018,59,Random,0.15700000524520874
1018,60,Random,0.15700000524520874
1019,0,BASS-BO,0.17150002717971802
1019,1,BASS-BO,0.17150002717971802
1019,2,BASS-BO,0.1694999933242798
1019,3,BASS-BO,0.1694999933242798
1019,4,BASS-BO,0.1694999933242798
1019,5,BASS-BO,0.1694999933242798
1019,6,BASS-BO,0.1679999828338623
1019,7,BASS-BO,0.1524999737739563
1019,8,BASS-BO,0.1524999737739563
1019,9,BASS-BO,0.1510000228881836
1019,10,BASS-BO,0.1510000228881836
1019,11,BASS-BO,0.1510000228881836
1019,12,BASS-BO,0.1510000228881836
1019,13,BASS-BO,0.1510000228881836
1019,14,BASS-BO,0.1510000228881836
1019,15,BASS-BO,0.1510000228881836
1019,16,BASS-BO,0.1510000228881836
1019,17,BASS-BO,0.1510000228881836
1019,18,BASS-BO,0.1510000228881836
1019,19,BASS-BO,0.1510000228881836
1019,20,BASS-BO,0.1510000228881836
1019,21,BASS-BO,0.1510000228881836
1019,22,BASS-BO,0.1510000228881836
1019,23,BASS-BO,0.1510000228881836
1019,24,BASS-BO,0.1510000228881836
1019,25,BASS-BO,0.1510000228881836
1019,26,BASS-BO,0.1510000228881836
1019,27,BASS-BO,0.1510000228881836
1019,28,BASS-BO,0.1510000228881836
1019,29,BASS-BO,0.1510000228881836
1019,30,BASS-BO,0.1510000228881836
1019,31,BASS-BO,0.1510000228881836
1019,32,BASS-BO,0.1510000228881836
1019,33,BASS-BO,0.1510000228881836
1019,34,BASS-BO,0.1510000228881836
1019,35,BASS-BO,0.1510000228881836
1019,36,BASS-BO,0.1510000228881836
1019,37,BASS-BO,0.1510000228881836
1019,38,BASS-BO,0.1510000228881836
1019,39,BASS-BO,0.1510000228881836
1019,40,BASS-BO,0.1510000228881836
1019,41,BASS-BO,0.1510000228881836
1019,42,BASS-BO,0.1510000228881836
1019,43,BASS-BO,0.1510000228881836
1019,44,BASS-BO,0.1510000228881836
1019,45,BASS-BO,0.1510000228881836
1019,46,BASS-BO,0.1510000228881836
1019,47,BASS-BO,0.1510000228881836
1019,48,BASS-BO,0.1510000228881836
1019,49,BASS-BO,0.1510000228881836
1019,50,BASS-BO,0.1510000228881836
1019,51,BASS-BO,0.1510000228881836
1019,52,BASS-BO,0.1510000228881836
1019,53,BASS-BO,0.1510000228881836
1019,54,BASS-BO,0.1510000228881836
1019,55,BASS-BO,0.1510000228881836
1019,56,BASS-BO,0.1510000228881836
1019,57,BASS-BO,0.1510000228881836
1019,58,BASS-BO,0.1510000228881836
1019,59,BASS-BO,0.1510000228881836
1019,60,BASS-BO,0.1510000228881836
1019,0,GP-BO,0.17150002717971802
1019,1,GP-BO,0.1654999852180481
1019,2,GP-BO,0.1654999852180481
1019,3,GP-BO,0.16124999523162842
1019,4,GP-BO,0.16124999523162842
1019,5,GP-BO,0.1602500081062317
1019,6,GP-BO,0.1602500081062317
1019,7,GP-BO,0.1602500081062317
1019,8,GP-BO,0.1602500081062317
1019,9,GP-BO,0.1602500081062317
1019,10,GP-BO,0.1602500081062317
1019,11,GP-BO,0.1602500081062317
1019,12,GP-BO,0.1602500081062317
1019,13,GP-BO,0.1602500081062317
1019,14,GP-BO,0.1602500081062317
1019,15,GP-BO,0.1602500081062317
1019,16,GP-BO,0.1602500081062317
1019,17,GP-BO,0.1602500081062317
1019,18,GP-BO,0.1602500081062317
1019,19,GP-BO,0.1602500081062317
1019,20,GP-BO,0.1602500081062317
1019,21,GP-BO,0.1602500081062317
1019,22,GP-BO,0.1602500081062317
1019,23,GP-BO,0.1602500081062317
1019,24,GP-BO,0.1602500081062317
1019,25,GP-BO,0.1602500081062317
1019,26,GP-BO,0.1602500081062317
1019,27,GP-BO,0.1602500081062317
1019,28,GP-BO,0.14499998092651367
1019,29,GP-BO,0.14499998092651367
1019,30,GP-BO,0.14499998092651367
1019,31,GP-BO,0.14499998092651367
1019,32,GP-BO,0.14499998092651367
1019,33,GP-BO,0.14499998092651367
1019,34,GP-BO,0.14499998092651367
1019,35,GP-BO,0.14499998092651367
1019,36,GP-BO,0.14499998092651367
1019,37,GP-BO,0.14499998092651367
1019,38,GP-BO,0.14499998092651367
1019,39,GP-BO,0.14499998092651367
1019,40,GP-BO,0.14499998092651367
1019,41,GP-BO,0.14499998092651367
1019,42,GP-BO,0.14499998092651367
1019,43,GP-BO,0.14499998092651367
1019,44,GP-BO,0.14499998092651367
1019,45,GP-BO,0.14499998092651367
1019,46,GP-BO,0.14499998092651367
1019,47,GP-BO,0.14499998092651367
1019,48,GP-BO,0.14499998092651367
1019,49,GP-BO,0.14499998092651367
1019,50,GP-BO,0.14499998092651367
1019,51,GP-BO,0.14499998092651367
1019,52,GP-BO,0.14499998092651367
1019,53,GP-BO,0.14499998092651367
1019,54,GP-BO,0.14499998092651367
1019,55,GP-BO,0.14499998092651367
1019,56,GP-BO,0.14499998092651367
1019,57,GP-BO,0.14499998092651367
1019,58,GP-BO,0.14499998092651367
1019,59,GP-BO,0.14499998092651367
1019,60,GP-BO,0.14499998092651367
1019,0,Random,0.17150002717971802
1019,1,Random,0.17150002717971802
1019,2,Random,0.17150002717971802
1019,3,Random,0.17150002717971802
1019,4,Random,0.17150002717971802
1019,5,Random,0.17150002717971802
1019,6,Random,0.17150002717971802
1019,7,Random,0.17150002717971802
1019,8,Random,0.17150002717971802
1019,9,Random,0.17150002717971802
1019,10,Random,0.17150002717971802
1019,11,Random,0.17150002717971802
1019,12,Random,0.17150002717971802
1019,13,Random,0.17150002717971802
1019,14,Random,0.17150002717971802
1019,15,Random,0.17150002717971802
1019,16,Random,0.17150002717971802
1019,17,Random,0.17150002717971802
1019,18,Random,0.17150002717971802
1019,19,Random,0.17150002717971802
1019,20,Random,0.17150002717971802
1019,21,Random,0.17150002717971802
1019,22,Random,0.17150002717971802
1019,23,Random,0.17150002717971802
1019,24,Random,0.17150002717971802
1019,25,Random,0.17150002717971802
1019,26,Random,0.17150002717971802
1019,27,Random,0.17150002717971802
1019,28,Random,0.17150002717971802
1019,29,Random,0.17150002717971802
1019,30,Random,0.17150002717971802
1019,31,Random,0.17150002717971802
1019,32,Random,0.17150002717971802
1019,33,Random,0.17150002717971802
1019,34,Random,0.17150002717971802
1019,35,Random,0.17150002717971802
1019,36,Random,0.17150002717971802
1019,37,Random,0.17150002717971802
1019,38,Random,0.17150002717971802
1019,39,Random,0.17150002717971802
1019,40,Random,0.17150002717971802
1019,41,Random,0.17150002717971802
1019,42,Random,0.17150002717971802
1019,43,Random,0.17150002717971802
1019,44,Random,0.17150002717971802
1019,45,Random,0.17150002717971802
1019,46,Random,0.17150002717971802
1019,47,Random,0.17150002717971802
1019,48,Random,0.17150002717971802
1019,49,Random,0.17150002717971802
1019,50,Random,0.17150002717971802
1019,51,Random,0.17150002717971802
1019,52,Random,0.17150002717971802
1019,53,Random,0.17150002717971802
1019,54,Random,0.17150002717971802
1019,55,Random,0.17150002717971802
1019,56,Random,0.17150002717971802
1019,57,Random,0.1535000205039978
1019,58,Random,0.1535000205039978
1019,59,Random,0.1535000205039978
1019,60,Random,0.1535000205039978
1020,0,BASS-BO,0.14499998092651367
1020,1,BASS-BO,0.14499998092651367
1020,2,BASS-BO,0.14499998092651367
1020,3,BASS-BO,0.14499998092651367
1020,4,BASS-BO,0.14499998092651367
1020,5,BASS-BO,0.14499998092651367
1020,6,BASS-BO,0.14499998092651367
1020,7,BASS-BO,0.14499998092651367
1020,8,BASS-BO,0.14499998092651367
1020,9,BASS-BO,0.14499998092651367
1020,10,BASS-BO,0.14499998092651367
1020,11,BASS-BO,0.14499998092651367
1020,12,BASS-BO,0.14499998092651367
1020,13,BASS-BO,0.14499998092651367
1020,14,BASS-BO,0.14025002717971802
1020,15,BASS-BO,0.14025002717971802
1020,16,BASS-BO,0.14025002717971802
1020,17,BASS-BO,0.14025002717971802
1020,18,BASS-BO,0.14025002717971802
1020,19,BASS-BO,0.14025002717971802
1020,20,BASS-BO,0.14025002717971802
1020,21,BASS-BO,0.14025002717971802
1020,22,BASS-BO,0.14025002717971802
1020,23,BASS-BO,0.14025002717971802
1020,24,BASS-BO,0.14025002717971802
1020,25,BASS-BO,0.14025002717971802
1020,26,BASS-BO,0.14025002717971802
1020,27,BASS-BO,0.14025002717971802
1020,28,BASS-BO,0.14025002717971802
1020,29,BASS-BO,0.14025002717971802
1020,30,BASS-BO,0.14025002717971802
1020,31,BASS-BO,0.14025002717971802
1020,32,BASS-BO,0.14025002717971802
1020,33,BASS-BO,0.14025002717971802
1020,34,BASS-BO,0.14025002717971802
1020,35,BASS-BO,0.14025002717971802
1020,36,BASS-BO,0.14025002717971802
1020,37,BASS-BO,0.14025002717971802
1020,38,BASS-BO,0.14025002717971802
1020,39,BASS-BO,0.14025002717971802
1020,40,BASS-BO,0.14025002717971802
1020,41,BASS-BO,0.14025002717971802
1020,42,BASS-BO,0.14025002717971802
1020,43,BASS-BO,0.14025002717971802
1020,44,BASS-BO,0.14025002717971802
1020,45,BASS-BO,0.14025002717971802
1020,46,BASS-BO,0.14025002717971802
1020,47,BASS-BO,0.14025002717971802
1020,48,BASS-BO,0.14025002717971802
1020,49,BASS-BO,0.14025002717971802
1020,50,BASS-BO,0.14025002717971802
1020,51,BASS-BO,0.14025002717971802
1020,52,BASS-BO,0.14025002717971802
1020,53,BASS-BO,0.14025002717971802
1020,54,BASS-BO,0.14025002717971802
1020,55,BASS-BO,0.14025002717971802
1020,56,BASS-BO,0.14025002717971802
1020,57,BASS-BO,0.14025002717971802
1020,58,BASS-BO,0.14025002717971802
1020,59,BASS-BO,0.14025002717971802
1020,60,BASS-BO,0.14025002717971802
1020,0,GP-BO,0.14499998092651367
1020,1,GP-BO,0.14499998092651367
1020,2,GP-BO,0.14499998092651367
1020,3,GP-BO,0.14499998092651367
1020,4,GP-BO,0.14499998092651367
1020,5,GP-BO,0.14499998092651367
1020,6,GP-BO,0.14499998092651367
1020,7,GP-BO,0.14499998092651367
1020,8,GP-BO,0.14499998092651367
1020,9,GP-BO,0.14499998092651367
1020,10,GP-BO,0.14499998092651367
1020,11,GP-BO,0.14499998092651367
1020,12,GP-BO,0.14499998092651367
1020,13,GP-BO,0.14499998092651367
1020,14,GP-BO,0.14499998092651367
1020,15,GP-BO,0.14499998092651367
1020,16,GP-BO,0.14499998092651367
1020,17,GP-BO,0.14499998092651367
1020,18,GP-BO,0.14499998092651367
1020,19,GP-BO,0.14499998092651367
1020,20,GP-BO,0.14499998092651367
1020,21,GP-BO,0.14499998092651367
1020,22,GP-BO,0.14499998092651367
1020,23,GP-BO,0.14499998092651367
1020,24,GP-BO,0.14499998092651367
1020,25,GP-BO,0.14499998092651367
1020,26,GP-BO,0.14499998092651367
1020,27,GP-BO,0.14499998092651367
1020,28,GP-BO,0.14499998092651367
1020,29,GP-BO,0.14499998092651367
1020,30,GP-BO,0.14499998092651367
1020,31,GP-BO,0.14499998092651367
1020,32,GP-BO,0.14499998092651367
1020,33,GP-BO,0.14499998092651367
1020,34,GP-BO,0.14499998092651367
1020,35,GP-BO,0.14499998092651367
1020,36,GP-BO,0.14499998092651367
1020,37,GP-BO,0.14499998092651367
1020,38,GP-BO,0.14499998092651367
1020,39,GP-BO,0.14499998092651367
1020,40,GP-BO,0.14499998092651367
1020,41,GP-BO,0.14499998092651367
1020,42,GP-BO,0.14499998092651367
1020,43,GP-BO,0.14499998092651367
1020,44,GP-BO,0.14499998092651367
1020,45,GP-BO,0.14499998092651367
1020,46,GP-BO,0.14499998092651367
1020,47,GP-BO,0.14499998092651367
1020,48,GP-BO,0.14499998092651367
1020,49,GP-BO,0.14499998092651367
1020,50,GP-BO,0.14499998092651367
1020,51,GP-BO,0.14499998092651367
1020,52,GP-BO,0.14499998092651367
1020,53,GP-BO,0.14499998092651367
1020,54,GP-BO,0.14499998092651367
1020,55,GP-BO,0.14499998092651367
1020,56,GP-BO,0.14499998092651367
1020,57,GP-BO,0.14499998092651367
1020,58,GP-BO,0.14499998092651367
1020,59,GP-BO,0.14499998092651367
1020,60,GP-BO,0.14499998092651367
1020,0,Random,0.14499998092651367
1020,1,Random,0.14499998092651367
1020,2,Random,0.14499998092651367
1020,3,Random,0.14499998092651367
1020,4,Random,0.14499998092651367
1020,5,Random,0.14499998092651367
1020,6,Random,0.14499998092651367
1020,7,Random,0.14499998092651367
1020,8,Random,0.14499998092651367
1020,9,Random,0.14499998092651367
1020,10,Random,0.14499998092651367
1020,11,Random,0.14499998092651367
1020,12,Random,0.14499998092651367
1020,13,Random,0.14499998092651367
1020,14,Random,0.14499998092651367
1020,15,Random,0.14499998092651367
1020,16,Random,0.14499998092651367
1020,17,Random,0.14499998092651367
1020,18,Random,0.14499998092651367
1020,19,Random,0.14499998092651367
1020,20,Random,0.14499998092651367
1020,21,Random,0.14499998092651367
1020,22,Random,0.14499998092651367
1020,23,Random,0.14499998092651367
1020,24,Random,0.14499998092651367
1020,25,Random,0.14499998092651367
1020,26,Random,0.14499998092651367
1020,27,Random,0.14499998092651367
1020,28,Random,0.14499998092651367
1020,29,Random,0.14499998092651367
1020,30,Random,0.14499998092651367
1020,31,Random,0.14499998092651367
1020,32,Random,0.14499998092651367
1020,33,Random,0.14499998092651367
1020,34,Random,0.14499998092651367
1020,35,Random,0.14499998092651367
1020,36,Random,0.14499998092651367
1020,37,Random,0.14499998092651367
1020,38,Random,0.14499998092651367
1020,39,Random,0.14499998092651367
1020,40,Random,0.14499998092651367
1020,41,Random,0.14499998092651367
1020,42,Random,0.14499998092651367
1020,43,Random,0.14499998092651367
1020,44,Random,0.14499998092651367
1020,45,Random,0.14499998092651367
1020,46,Random,0.14499998092651367
1020,47,Random,0.14499998092651367
1020,48,Random,0.14499998092651367
1020,49,Random,0.14499998092651367
1020,50,Random,0.14499998092651367
1020,51,Random,0.14499998092651367
1020,52,Random,0.14499998092651367
1020,53,Random,0.14499998092651367
1020,54,Random,0.14499998092651367
1020,55,Random,0.14499998092651367
1020,56,Random,0.14499998092651367
1020,57,Random,0.14499998092651367
1020,58,Random,0.14499998092651367
1020,59,Random,0.14499998092651367
1020,60,Random,0.14499998092651367
1021,0,BASS-BO,0.16874998807907104
1021,1,BASS-BO,0.16874998807907104
1021,2,BASS-BO,0.16874998807907104
1021,3,BASS-BO,0.16874998807907104
1021,4,BASS-BO,0.16874998807907104
1021,5,BASS-BO,0.16874998807907104
1021,6,BASS-BO,0.16874998807907104
1021,7,BASS-BO,0.16874998807907104
1021,8,BASS-BO,0.16874998807907104
1021,9,BASS-BO,0.16874998807907104
1021,10,BASS-BO,0.16874998807907104
1021,11,BASS-BO,0.16874998807907104
1021,12,BASS-BO,0.16874998807907104
1021,13,BASS-BO,0.16874998807907104
1021,14,BASS-BO,0.16874998807907104
1021,15,BASS-BO,0.16874998807907104
1021,16,BASS-BO,0.16874998807907104
1021,17,BASS-BO,0.16350001096725464
1021,18,BASS-BO,0.16350001096725464
1021,19,BASS-BO,0.16350001096725464
1021,20,BASS-BO,0.16350001096725464
1021,21,BASS-BO,0.16350001096725464
1021,22,BASS-BO,0.16350001096725464
1021,23,BASS-BO,0.16350001096725464
1021,24,BASS-BO,0.16350001096725464
1021,25,BASS-BO,0.16350001096725464
1021,26,BASS-BO,0.16350001096725464
1021,27,BASS-BO,0.16350001096725464
1021,28,BASS-BO,0.16350001096725464
1021,29,BASS-BO,0.1600000262260437
1021,30,BASS-BO,0.1600000262260437
1021,31,BASS-BO,0.1600000262260437
1021,32,BASS-BO,0.1600000262260437
1021,33,BASS-BO,0.1600000262260437
1021,34,BASS-BO,0.1600000262260437
1021,35,BASS-BO,0.1600000262260437
1021,36,BASS-BO,0.1600000262260437
1021,37,BASS-BO,0.1600000262260437
1021,38,BASS-BO,0.1600000262260437
1021,39,BASS-BO,0.1600000262260437
1021,40,BASS-BO,0.1600000262260437
1021,41,BASS-BO,0.1600000262260437
1021,42,BASS-BO,0.1600000262260437
1021,43,BASS-BO,0.1600000262260437
1021,44,BASS-BO,0.1600000262260437
1021,45,BASS-BO,0.1600000262260437
1021,46,BASS-BO,0.1600000262260437
1021,47,BASS-BO,0.1600000262260437
1021,48,BASS-BO,0.1600000262260437
1021,49,BASS-BO,0.1600000262260437
1021,50,BASS-BO,0.1600000262260437
1021,51,BASS-BO,0.1600000262260437
1021,52,BASS-BO,0.15675002336502075
1021,53,BASS-BO,0.15675002336502075
1021,54,BASS-BO,0.15675002336502075
1021,55,BASS-BO,0.15675002336502075
1021,56,BASS-BO,0.15675002336502075
1021,57,BASS-BO,0.15675002336502075
1021,58,BASS-BO,0.15675002336502075
1021,59,BASS-BO,0.15675002336502075
1021,60,BASS-BO,0.15675002336502075
1021,0,GP-BO,0.16874998807907104
1021,1,GP-BO,0.16874998807907104
1021,2,GP-BO,0.1535000205039978
1021,3,GP-BO,0.1535000205039978
1021,4,GP-BO,0.1535000205039978
1021,5,GP-BO,0.1535000205039978
1021,6,GP-BO,0.1535000205039978
1021,7,GP-BO,0.1535000205039978
1021,8,GP-BO,0.1535000205039978
1021,9,GP-BO,0.1535000205039978
1021,10,GP-BO,0.1535000205039978
1021,11,GP-BO,0.1535000205039978
1021,12,GP-BO,0.1535000205039978
1021,13,GP-BO,0.1535000205039978
1021,14,GP-BO,0.1535000205039978
1021,15,GP-BO,0.1535000205039978
1021,16,GP-BO,0.1535000205039978
1021,17,GP-BO,0.1535000205039978
1021,18,GP-BO,0.1535000205039978
1021,19,GP-BO,0.1535000205039978
1021,20,GP-BO,0.1535000205039978
1021,21,GP-BO,0.1535000205039978
1021,22,GP-BO,0.1535000205039978
1021,23,GP-BO,0.1535000205039978
1021,24,GP-BO,0.1535000205039978
1021,25,GP-BO,0.1535000205039978
1021,26,GP-BO,0.1535000205039978
1021,27,GP-BO,0.1535000205039978
1021,28,GP-BO,0.1535000205039978
1021,29,GP-BO,0.1535000205039978
1021,30,GP-BO,0.1535000205039978
1021,31,GP-BO,0.1535000205039978
1021,32,GP-BO,0.1535000205039978
1021,33,GP-BO,0.1535000205039978
1021,34,GP-BO,0.1535000205039978
1021,35,GP-BO,0.1535000205039978
1021,36,GP-BO,0.1535000205039978
1021,37,GP-BO,0.1535000205039978
1021,38,GP-BO,0.1535000205039978
1021,39,GP-BO,0.1535000205039978
1021,40,GP-BO,0.14924997091293335
1021,41,GP-BO,0.14924997091293335
1021,42,GP-BO,0.14924997091293335
1021,43,GP-BO,0.14924997091293335
1021,44,GP-BO,0.14924997091293335
1021,45,GP-BO,0.14924997091293335
1021,46,GP-BO,0.14924997091293335
1021,47,GP-BO,0.14924997091293335
1021,48,GP-BO,0.14924997091293335
1021,49,GP-BO,0.14924997091293335
1021,50,GP-BO,0.14924997091293335
1021,51,GP-BO,0.14924997091293335
1021,52,GP-BO,0.14924997091293335
1021,53,GP-BO,0.14924997091293335
1021,54,GP-BO,0.14924997091293335
1021,55,GP-BO,0.14924997091293335
1021,56,GP-BO,0.14924997091293335
1021,57,GP-BO,0.14924997091293335
1021,58,GP-BO,0.14924997091293335
1021,59,GP-BO,0.14924997091293335
1021,60,GP-BO,0.14924997091293335
1021,0,Random,0.16874998807907104
1021,1,Random,0.16874998807907104
1021,2,Random,0.16874998807907104
1021,3,Random,0.16874998807907104
1021,4,Random,0.16874998807907104
1021,5,Random,0.16874998807907104
1021,6,Random,0.16874998807907104
1021,7,Random,0.16874998807907104
1021,8,Random,0.16874998807907104
1021,9,Random,0.16874998807907104
1021,10,Random,0.16874998807907104
1021,11,Random,0.16874998807907104
1021,12,Random,0.16874998807907104
1021,13,Random,0.16874998807907104
1021,14,Random,0.16874998807907104
1021,15,Random,0.16874998807907104
1021,16,Random,0.16874998807907104
1021,17,Random,0.16874998807907104
1021,18,Random,0.16874998807907104
1021,19,Random,0.16874998807907104
1021,20,Random,0.16874998807907104
1021,21,Random,0.16874998807907104
1021,22,Random,0.16874998807907104
1021,23,Random,0.16874998807907104
1021,24,Random,0.16874998807907104
1021,25,Random,0.16874998807907104
1021,26,Random,0.16874998807907104
1021,27,Random,0.16874998807907104
1021,28,Random,0.16874998807907104
1021,29,Random,0.16874998807907104
1021,30,Random,0.16874998807907104
1021,31,Random,0.16874998807907104
1021,32,Random,0.16874998807907104
1021,33,Random,0.16874998807907104
1021,34,Random,0.16874998807907104
1021,35,Random,0.16874998807907104
1021,36,Random,0.16874998807907104
1021,37,Random,0.16874998807907104
1021,38,Random,0.16874998807907104
1021,39,Random,0.16874998807907104
1021,40,Random,0.16874998807907104
1021,41,Random,0.16874998807907104
1021,42,Random,0.16874998807907104
1021,43,Random,0.16874998807907104
1021,44,Random,0.16874998807907104
1021,45,Random,0.16874998807907104
1021,46,Random,0.16874998807907104
1021,47,Random,0.16874998807907104
1021,48,Random,0.16874998807907104
1021,49,Random,0.16874998807907104
1021,50,Random,0.16874998807907104
1021,51,Random,0.16874998807907104
1021,52,Random,0.16874998807907104
1021,53,Random,0.16874998807907104
1021,54,Random,0.16775000095367432
1021,55,Random,0.16775000095367432
1021,56,Random,0.16775000095367432
1021,57,Random,0.16775000095367432
1021,58,Random,0.16775000095367432
1021,59,Random,0.15925002098083496
1021,60,Random,0.15925002098083496
1022,0,BASS-BO,0.17024999856948853
1022,1,BASS-BO,0.17024999856948853
1022,2,BASS-BO,0.16100001335144043
1022,3,BASS-BO,0.16100001335144043
1022,4,BASS-BO,0.16100001335144043
1022,5,BASS-BO,0.16100001335144043
1022,6,BASS-BO,0.16100001335144043
1022,7,BASS-BO,0.16100001335144043
1022,8,BASS-BO,0.16100001335144043
1022,9,BASS-BO,0.16100001335144043
1022,10,BASS-BO,0.16100001335144043
1022,11,BASS-BO,0.16100001335144043
1022,12,BASS-BO,0.16100001335144043
1022,13,BASS-BO,0.16100001335144043
1022,14,BASS-BO,0.1600000262260437
1022,15,BASS-BO,0.1600000262260437
1022,16,BASS-BO,0.1600000262260437
1022,17,BASS-BO,0.1600000262260437
1022,18,BASS-BO,0.1600000262260437
1022,19,BASS-BO,0.1600000262260437
1022,20,BASS-BO,0.1600000262260437
1022,21,BASS-BO,0.1600000262260437
1022,22,BASS-BO,0.1600000262260437
1022,23,BASS-BO,0.1600000262260437
1022,24,BASS-BO,0.1600000262260437
1022,25,BASS-BO,0.1600000262260437
1022,26,BASS-BO,0.1600000262260437
1022,27,BASS-BO,0.1600000262260437
1022,28,BASS-BO,0.1600000262260437
1022,29,BASS-BO,0.1600000262260437
1022,30,BASS-BO,0.1600000262260437
1022,31,BASS-BO,0.15724998712539673
1022,32,BASS-BO,0.15724998712539673
1022,33,BASS-BO,0.15724998712539673
1022,34,BASS-BO,0.15724998712539673
1022,35,BASS-BO,0.15724998712539673
1022,36,BASS-BO,0.15724998712539673
1022,37,BASS-BO,0.15724998712539673
1022,38,BASS-BO,0.15724998712539673
1022,39,BASS-BO,0.15724998712539673
1022,40,BASS-BO,0.15724998712539673
1022,41,BASS-BO,0.15724998712539673
1022,42,BASS-BO,0.15724998712539673
1022,43,BASS-BO,0.15724998712539673
1022,44,BASS-BO,0.15724998712539673
1022,45,BASS-BO,0.15724998712539673
1022,46,BASS-BO,0.15724998712539673
1022,47,BASS-BO,0.15724998712539673
1022,48,BASS-BO,0.15724998712539673
1022,49,BASS-BO,0.15724998712539673
1022,50,BASS-BO,0.15724998712539673
1022,51,BASS-BO,0.15724998712539673
1022,52,BASS-BO,0.15724998712539673
1022,53,BASS-BO,0.15724998712539673
1022,54,BASS-BO,0.15724998712539673
1022,55,BASS-BO,0.15724998712539673
1022,56,BASS-BO,0.15724998712539673
1022,57,BASS-BO,0.15724998712539673
1022,58,BASS-BO,0.15724998712539673
1022,59,BASS-BO,0.15724998712539673
1022,60,BASS-BO,0.15724998712539673
1022,0,GP-BO,0.17024999856948853
1022,1,GP-BO,0.17024999856948853
1022,2,GP-BO,0.15950000286102295
1022,3,GP-BO,0.15950000286102295
1022,4,GP-BO,0.15950000286102295
1022,5,GP-BO,0.15950000286102295
1022,6,GP-BO,0.15950000286102295
1022,7,GP-BO,0.15950000286102295
1022,8,GP-BO,0.15950000286102295
1022,9,GP-BO,0.15950000286102295
1022,10,GP-BO,0.15950000286102295
1022,11,GP-BO,0.15950000286102295
1022,12,GP-BO,0.15950000286102295
1022,13,GP-BO,0.15950000286102295
1022,14,GP-BO,0.15950000286102295
1022,15,GP-BO,0.15950000286102295
1022,16,GP-BO,0.15950000286102295
1022,17,GP-BO,0.15950000286102295
1022,18,GP-BO,0.15950000286102295
1022,19,GP-BO,0.15724998712539673
1022,20,GP-BO,0.15724998712539673
1022,21,GP-BO,0.14025002717971802
1022,22,GP-BO,0.14025002717971802
1022,23,GP-BO,0.14025002717971802
1022,24,GP-BO,0.14025002717971802
1022,25,GP-BO,0.14025002717971802
1022,26,GP-BO,0.14025002717971802
1022,27,GP-BO,0.14025002717971802
1022,28,GP-BO,0.14025002717971802
1022,29,GP-BO,0.14025002717971802
1022,30,GP-BO,0.14025002717971802
1022,31,GP-BO,0.14025002717971802
1022,32,GP-BO,0.14025002717971802
1022,33,GP-BO,0.14025002717971802
1022,34,GP-BO,0.14025002717971802
1022,35,GP-BO,0.14025002717971802
1022,36,GP-BO,0.14025002717971802
1022,37,GP-BO,0.14025002717971802
1022,38,GP-BO,0.14025002717971802
1022,39,GP-BO,0.14025002717971802
1022,40,GP-BO,0.14025002717971802
1022,41,GP-BO,0.14025002717971802
1022,42,GP-BO,0.14025002717971802
1022,43,GP-BO,0.14025002717971802
1022,44,GP-BO,0.14025002717971802
1022,45,GP-BO,0.14025002717971802
1022,46,GP-BO,0.14025002717971802
1022,47,GP-BO,0.14025002717971802
1022,48,GP-BO,0.14025002717971802
1022,49,GP-BO,0.14025002717971802
1022,50,GP-BO,0.14025002717971802
1022,51,GP-BO,0.14025002717971802
1022,52,GP-BO,0.14025002717971802
1022,53,GP-BO,0.14025002717971802
1022,54,GP-BO,0.14025002717971802
1022,55,GP-BO,0.14025002717971802
1022,56,GP-BO,0.14025002717971802
1022,57,GP-BO,0.14025002717971802
1022,58,GP-BO,0.14025002717971802
1022,59,GP-BO,0.14025002717971802
1022,60,GP-BO,0.14025002717971802
1022,0,Random,0.17024999856948853
1022,1,Random,0.17024999856948853
1022,2,Random,0.17024999856948853
1022,3,Random,0.17024999856948853
1022,4,Random,0.1667500138282776
1022,5,Random,0.1667500138282776
1022,6,Random,0.1667500138282776
1022,7,Random,0.1667500138282776
1022,8,Random,0.1625000238418579
1022,9,Random,0.1625000238418579
1022,10,Random,0.1625000238418579
1022,11,Random,0.1625000238418579
1022,12,Random,0.1625000238418579
1022,13,Random,0.1625000238418579
1022,14,Random,0.1625000238418579
1022,15,Random,0.1625000238418579
1022,16,Random,0.1625000238418579
1022,17,Random,0.1625000238418579
1022,18,Random,0.1625000238418579
1022,19,Random,0.1625000238418579
1022,20,Random,0.1625000238418579
1022,21,Random,0.1625000238418579
1022,22,Random,0.1625000238418579
1022,23,Random,0.1625000238418579
1022,24,Random,0.1625000238418579
1022,25,Random,0.1625000238418579
1022,26,Random,0.1625000238418579
1022,27,Random,0.1625000238418579
1022,28,Random,0.1625000238418579
1022,29,Random,0.1625000238418579
1022,30,Random,0.1625000238418579
1022,31,Random,0.1625000238418579
1022,32,Random,0.1625000238418579
1022,33,Random,0.1625000238418579
1022,34,Random,0.1625000238418579
1022,35,Random,0.1625000238418579
1022,36,Random,0.1625000238418579
1022,37,Random,0.1625000238418579
1022,38,Random,0.1625000238418579
1022,39,Random,0.1625000238418579
1022,40,Random,0.1625000238418579
1022,41,Random,0.1625000238418579
1022,42,Random,0.1625000238418579
1022,43,Random,0.1625000238418579
1022,44,Random,0.15925002098083496
1022,45,Random,0.15925002098083496
1022,46,Random,0.15925002098083496
1022,47,Random,0.15925002098083496
1022,48,Random,0.15925002098083496
1022,49,Random,0.15925002098083496
1022,50,Random,0.15925002098083496
1022,51,Random,0.15925002098083496
1022,52,Random,0.156000018119812
1022,53,Random,0.156000018119812
1022,54,Random,0.156000018119812
1022,55,Random,0.156000018119812
1022,56,Random,0.156000018119812
1022,57,Random,0.156000018119812
1022,58,Random,0.156000018119812
1022,59,Random,0.156000018119812
1022,60,Random,0.156000018119812
1023,0,BASS-BO,0.1967499852180481
1023,1,BASS-BO,0.1967499852180481
1023,2,BASS-BO,0.1967499852180481
1023,3,BASS-BO,0.1967499852180481
1023,4,BASS-BO,0.1965000033378601
1023,5,BASS-BO,0.17624998092651367
1023,6,BASS-BO,0.16874998807907104
1023,7,BASS-BO,0.16874998807907104
1023,8,BASS-BO,0.16874998807907104
1023,9,BASS-BO,0.16874998807907104
1023,10,BASS-BO,0.16874998807907104
1023,11,BASS-BO,0.16874998807907104
1023,12,BASS-BO,0.16874998807907104
1023,13,BASS-BO,0.16874998807907104
1023,14,BASS-BO,0.16874998807907104
1023,15,BASS-BO,0.16874998807907104
1023,16,BASS-BO,0.16325002908706665
1023,17,BASS-BO,0.16325002908706665
1023,18,BASS-BO,0.16325002908706665
1023,19,BASS-BO,0.16325002908706665
1023,20,BASS-BO,0.16325002908706665
1023,21,BASS-BO,0.16325002908706665
1023,22,BASS-BO,0.16325002908706665
1023,23,BASS-BO,0.16325002908706665
1023,24,BASS-BO,0.16325002908706665
1023,25,BASS-BO,0.16325002908706665
1023,26,BASS-BO,0.16325002908706665
1023,27,BASS-BO,0.14775002002716064
1023,28,BASS-BO,0.14775002002716064
1023,29,BASS-BO,0.14775002002716064
1023,30,BASS-BO,0.14775002002716064
1023,31,BASS-BO,0.14775002002716064
1023,32,BASS-BO,0.14775002002716064
1023,33,BASS-BO,0.14775002002716064
1023,34,BASS-BO,0.14775002002716064
1023,35,BASS-BO,0.14775002002716064
1023,36,BASS-BO,0.14775002002716064
1023,37,BASS-BO,0.14775002002716064
1023,38,BASS-BO,0.14775002002716064
1023,39,BASS-BO,0.14775002002716064
1023,40,BASS-BO,0.1470000147819519
1023,41,BASS-BO,0.1470000147819519
1023,42,BASS-BO,0.1470000147819519
1023,43,BASS-BO,0.1470000147819519
1023,44,BASS-BO,0.1470000147819519
1023,45,BASS-BO,0.1470000147819519
1023,46,BASS-BO,0.1470000147819519
1023,47,BASS-BO,0.1470000147819519
1023,48,BASS-BO,0.1470000147819519
1023,49,BASS-BO,0.1470000147819519
1023,50,BASS-BO,0.1470000147819519
1023,51,BASS-BO,0.1470000147819519
1023,52,BASS-BO,0.1470000147819519
1023,53,BASS-BO,0.1470000147819519
1023,54,BASS-BO,0.1470000147819519
1023,55,BASS-BO,0.14525002241134644
1023,56,BASS-BO,0.14525002241134644
1023,57,BASS-BO,0.14525002241134644
1023,58,BASS-BO,0.14525002241134644
1023,59,BASS-BO,0.14525002241134644
1023,60,BASS-BO,0.14525002241134644
1023,0,GP-BO,0.1967499852180481
1023,1,GP-BO,0.1967499852180481
1023,2,GP-BO,0.1549999713897705
1023,3,GP-BO,0.1549999713897705
1023,4,GP-BO,0.1549999713897705
1023,5,GP-BO,0.1549999713897705
1023,6,GP-BO,0.1549999713897705
1023,7,GP-BO,0.1549999713897705
1023,8,GP-BO,0.1549999713897705
1023,9,GP-BO,0.1549999713897705
1023,10,GP-BO,0.1549999713897705
1023,11,GP-BO,0.1549999713897705
1023,12,GP-BO,0.1549999713897705
1023,13,GP-BO,0.1549999713897705
1023,14,GP-BO,0.1549999713897705
1023,15,GP-BO,0.1549999713897705
1023,16,GP-BO,0.1549999713897705
1023,17,GP-BO,0.1497499942779541
1023,18,GP-BO,0.1497499942779541
1023,19,GP-BO,0.1497499942779541
1023,20,GP-BO,0.1497499942779541
1023,21,GP-BO,0.1497499942779541
1023,22,GP-BO,0.1497499942779541
1023,23,GP-BO,0.1497499942779541
1023,24,GP-BO,0.1497499942779541
1023,25,GP-BO,0.1497499942779541
1023,26,GP-BO,0.1497499942779541
1023,27,GP-BO,0.1497499942779541
1023,28,GP-BO,0.14924997091293335
1023,29,GP-BO,0.14924997091293335
1023,30,GP-BO,0.14924997091293335
1023,31,GP-BO,0.14924997091293335
1023,32,GP-BO,0.14924997091293335
1023,33,GP-BO,0.14924997091293335
1023,34,GP-BO,0.14924997091293335
1023,35,GP-BO,0.14924997091293335
1023,36,GP-BO,0.14924997091293335
1023,37,GP-BO,0.14924997091293335
1023,38,GP-BO,0.14924997091293335
1023,39,GP-BO,0.14924997091293335
1023,40,GP-BO,0.14924997091293335
1023,41,GP-BO,0.14924997091293335
1023,42,GP-BO,0.14924997091293335
1023,43,GP-BO,0.14924997091293335
1023,44,GP-BO,0.14924997091293335
1023,45,GP-BO,0.14924997091293335
1023,46,GP-BO,0.14924997091293335
1023,47,GP-BO,0.14924997091293335
1023,48,GP-BO,0.14924997091293335
1023,49,GP-BO,0.14924997091293335
1023,50,GP-BO,0.14924997091293335
1023,51,GP-BO,0.14924997091293335
1023,52,GP-BO,0.14924997091293335
1023,53,GP-BO,0.14924997091293335
1023,54,GP-BO,0.14924997091293335
1023,55,GP-BO,0.14924997091293335
1023,56,GP-BO,0.14924997091293335
1023,57,GP-BO,0.14924997091293335
1023,58,GP-BO,0.14924997091293335
1023,59,GP-BO,0.14924997091293335
1023,60,GP-BO,0.14924997091293335
1023,0,Random,0.1967499852180481
1023,1,Random,0.1967499852180481
1023,2,Random,0.1967499852180481
1023,3,Random,0.1967499852180481
1023,4,Random,0.1967499852180481
1023,5,Random,0.1967499852180481
1023,6,Random,0.1967499852180481
1023,7,Random,0.1967499852180481
1023,8,Random,0.1967499852180481
1023,9,Random,0.1967499852180481
1023,10,Random,0.1967499852180481
1023,11,Random,0.1967499852180481
1023,12,Random,0.1967499852180481
1023,13,Random,0.1967499852180481
1023,14,Random,0.1967499852180481
1023,15,Random,0.1967499852180481
1023,16,Random,0.1967499852180481
1023,17,Random,0.19225001335144043
1023,18,Random,0.19225001335144043
1023,19,Random,0.19225001335144043
1023,20,Random,0.19225001335144043
1023,21,Random,0.19225001335144043
1023,22,Random,0.1692500114440918
1023,23,Random,0.1692500114440918
1023,24,Random,0.1692500114440918
1023,25,Random,0.1692500114440918
1023,26,Random,0.1692500114440918
1023,27,Random,0.15700000524520874
1023,28,Random,0.15700000524520874
1023,29,Random,0.15700000524520874
1023,30,Random,0.15700000524520874
1023,31,Random,0.15700000524520874
1023,32,Random,0.15700000524520874
1023,33,Random,0.15700000524520874
1023,34,Random,0.15700000524520874
1023,35,Random,0.15700000524520874
1023,36,Random,0.15700000524520874
1023,37,Random,0.15700000524520874
1023,38,Random,0.15700000524520874
1023,39,Random,0.15700000524520874
1023,40,Random,0.15700000524520874
1023,41,Random,0.15700000524520874
1023,42,Random,0.15700000524520874
1023,43,Random,0.15700000524520874
1023,44,Random,0.15700000524520874
1023,45,Random,0.15700000524520874
1023,46,Random,0.15700000524520874
1023,47,Random,0.15700000524520874
1023,48,Random,0.15700000524520874
1023,49,Random,0.15700000524520874
1023,50,Random,0.15700000524520874
1023,51,Random,0.15700000524520874
1023,52,Random,0.15700000524520874
1023,53,Random,0.15700000524520874
1023,54,Random,0.15700000524520874
1023,55,Random,0.15700000524520874
1023,56,Random,0.15700000524520874
1023,57,Random,0.15700000524520874
1023,58,Random,0.15700000524520874
1023,59,Random,0.15700000524520874
1023,60,Random,0.15700000524520874
1024,0,BASS-BO,0.16049998998641968
1024,1,BASS-BO,0.16049998998641968
1024,2,BASS-BO,0.16049998998641968
1024,3,BASS-BO,0.16049998998641968
1024,4,BASS-BO,0.16049998998641968
1024,5,BASS-BO,0.16049998998641968
1024,6,BASS-BO,0.16049998998641968
1024,7,BASS-BO,0.16049998998641968
1024,8,BASS-BO,0.16049998998641968
1024,9,BASS-BO,0.16049998998641968
1024,10,BASS-BO,0.16049998998641968
1024,11,BASS-BO,0.16049998998641968
1024,12,BASS-BO,0.16049998998641968
1024,13,BASS-BO,0.1600000262260437
1024,14,BASS-BO,0.1600000262260437
1024,15,BASS-BO,0.1600000262260437
1024,16,BASS-BO,0.1600000262260437
1024,17,BASS-BO,0.1600000262260437
1024,18,BASS-BO,0.1600000262260437
1024,19,BASS-BO,0.1600000262260437
1024,20,BASS-BO,0.1600000262260437
1024,21,BASS-BO,0.1600000262260437
1024,22,BASS-BO,0.1600000262260437
1024,23,BASS-BO,0.1600000262260437
1024,24,BASS-BO,0.1600000262260437
1024,25,BASS-BO,0.1600000262260437
1024,26,BASS-BO,0.1600000262260437
1024,27,BASS-BO,0.1600000262260437
1024,28,BASS-BO,0.1600000262260437
1024,29,BASS-BO,0.1600000262260437
1024,30,BASS-BO,0.1600000262260437
1024,31,BASS-BO,0.1600000262260437
1024,32,BASS-BO,0.15125000476837158
1024,33,BASS-BO,0.15125000476837158
1024,34,BASS-BO,0.15125000476837158
1024,35,BASS-BO,0.15125000476837158
1024,36,BASS-BO,0.15125000476837158
1024,37,BASS-BO,0.15025001764297485
1024,38,BASS-BO,0.1497499942779541
1024,39,BASS-BO,0.1497499942779541
1024,40,BASS-BO,0.1497499942779541
1024,41,BASS-BO,0.1497499942779541
1024,42,BASS-BO,0.14800000190734863
1024,43,BASS-BO,0.14800000190734863
1024,44,BASS-BO,0.14800000190734863
1024,45,BASS-BO,0.14800000190734863
1024,46,BASS-BO,0.14800000190734863
1024,47,BASS-BO,0.14800000190734863
1024,48,BASS-BO,0.14800000190734863
1024,49,BASS-BO,0.14800000190734863
1024,50,BASS-BO,0.14800000190734863
1024,51,BASS-BO,0.14800000190734863
1024,52,BASS-BO,0.14800000190734863
1024,53,BASS-BO,0.14800000190734863
1024,54,BASS-BO,0.14800000190734863
1024,55,BASS-BO,0.14800000190734863
1024,56,BASS-BO,0.14800000190734863
1024,57,BASS-BO,0.14800000190734863
1024,58,BASS-BO,0.14800000190734863
1024,59,BASS-BO,0.14800000190734863
1024,60,BASS-BO,0.14800000190734863
1024,0,GP-BO,0.16049998998641968
1024,1,GP-BO,0.16049998998641968
1024,2,GP-BO,0.16049998998641968
1024,3,GP-BO,0.16049998998641968
1024,4,GP-BO,0.16049998998641968
1024,5,GP-BO,0.16049998998641968
1024,6,GP-BO,0.16049998998641968
1024,7,GP-BO,0.16049998998641968
1024,8,GP-BO,0.16049998998641968
1024,9,GP-BO,0.16049998998641968
1024,10,GP-BO,0.16049998998641968
1024,11,GP-BO,0.16049998998641968
1024,12,GP-BO,0.16049998998641968
1024,13,GP-BO,0.16049998998641968
1024,14,GP-BO,0.16049998998641968
1024,15,GP-BO,0.16049998998641968
1024,16,GP-BO,0.16049998998641968
1024,17,GP-BO,0.16049998998641968
1024,18,GP-BO,0.16049998998641968
1024,19,GP-BO,0.16049998998641968
1024,20,GP-BO,0.16049998998641968
1024,21,GP-BO,0.16049998998641968
1024,22,GP-BO,0.16049998998641968
1024,23,GP-BO,0.16049998998641968
1024,24,GP-BO,0.16049998998641968
1024,25,GP-BO,0.16049998998641968
1024,26,GP-BO,0.16049998998641968
1024,27,GP-BO,0.16049998998641968
1024,28,GP-BO,0.16049998998641968
1024,29,GP-BO,0.16049998998641968
1024,30,GP-BO,0.16049998998641968
1024,31,GP-BO,0.16049998998641968
1024,32,GP-BO,0.16049998998641968
1024,33,GP-BO,0.16049998998641968
1024,34,GP-BO,0.14924997091293335
1024,35,GP-BO,0.14924997091293335
1024,36,GP-BO,0.14924997091293335
1024,37,GP-BO,0.14924997091293335
1024,38,GP-BO,0.14924997091293335
1024,39,GP-BO,0.14924997091293335
1024,40,GP-BO,0.14924997091293335
1024,41,GP-BO,0.14924997091293335
1024,42,GP-BO,0.14924997091293335
1024,43,GP-BO,0.14924997091293335
1024,44,GP-BO,0.14924997091293335
1024,45,GP-BO,0.14924997091293335
1024,46,GP-BO,0.14924997091293335
1024,47,GP-BO,0.14924997091293335
1024,48,GP-BO,0.14924997091293335
1024,49,GP-BO,0.14924997091293335
1024,50,GP-BO,0.14924997091293335
1024,51,GP-BO,0.14924997091293335
1024,52,GP-BO,0.14924997091293335
1024,53,GP-BO,0.14924997091293335
1024,54,GP-BO,0.14924997091293335
1024,55,GP-BO,0.14924997091293335
1024,56,GP-BO,0.14924997091293335
1024,57,GP-BO,0.14924997091293335
1024,58,GP-BO,0.14924997091293335
1024,59,GP-BO,0.14924997091293335
1024,60,GP-BO,0.14924997091293335
1024,0,Random,0.16049998998641968
1024,1,Random,0.16049998998641968
1024,2,Random,0.16049998998641968
1024,3,Random,0.16049998998641968
1024,4,Random,0.16049998998641968
1024,5,Random,0.16049998998641968
1024,6,Random,0.16049998998641968
1024,7,Random,0.16049998998641968
1024,8,Random,0.16049998998641968
1024,9,Random,0.16049998998641968
1024,10,Random,0.16049998998641968
1024,11,Random,0.16049998998641968
1024,12,Random,0.16049998998641968
1024,13,Random,0.16049998998641968
1024,14,Random,0.16049998998641968
1024,15,Random,0.16049998998641968
1024,16,Random,0.16049998998641968
1024,17,Random,0.16049998998641968
1024,18,Random,0.16049998998641968
1024,19,Random,0.16049998998641968
1024,20,Random,0.16049998998641968
1024,21,Random,0.16049998998641968
1024,22,Random,0.16049998998641968
1024,23,Random,0.16049998998641968
1024,24,Random,0.16049998998641968
1024,25,Random,0.16049998998641968
1024,26,Random,0.16049998998641968
1024,27,Random,0.16049998998641968
1024,28,Random,0.16049998998641968
1024,29,Random,0.15275001525878906
1024,30,Random,0.15275001525878906
1024,31,Random,0.15275001525878906
1024,32,Random,0.15275001525878906
1024,33,Random,0.15275001525878906
1024,34,Random,0.15275001525878906
1024,35,Random,0.15275001525878906
1024,36,Random,0.15275001525878906
1024,37,Random,0.15275001525878906
1024,38,Random,0.15275001525878906
1024,39,Random,0.15275001525878906
1024,40,Random,0.15275001525878906
1024,41,Random,0.15275001525878906
1024,42,Random,0.15275001525878906
1024,43,Random,0.15275001525878906
1024,44,Random,0.15275001525878906
1024,45,Random,0.15275001525878906
1024,46,Random,0.15275001525878906
1024,47,Random,0.15275001525878906
1024,48,Random,0.15275001525878906
1024,49,Random,0.15275001525878906
1024,50,Random,0.15275001525878906
1024,51,Random,0.15275001525878906
1024,52,Random,0.15275001525878906
1024,53,Random,0.15275001525878906
1024,54,Random,0.15275001525878906
1024,55,Random,0.15275001525878906
1024,56,Random,0.15275001525878906
1024,57,Random,0.15275001525878906
1024,58,Random,0.15275001525878906
1024,59,Random,0.15275001525878906
1024,60,Random,0.15275001525878906
1025,0,BASS-BO,0.16825002431869507
1025,1,BASS-BO,0.16825002431869507
1025,2,BASS-BO,0.16825002431869507
1025,3,BASS-BO,0.16825002431869507
1025,4,BASS-BO,0.16825002431869507
1025,5,BASS-BO,0.16825002431869507
1025,6,BASS-BO,0.16825002431869507
1025,7,BASS-BO,0.16825002431869507
1025,8,BASS-BO,0.16825002431869507
1025,9,BASS-BO,0.16825002431869507
1025,10,BASS-BO,0.16825002431869507
1025,11,BASS-BO,0.16825002431869507
1025,12,BASS-BO,0.16825002431869507
1025,13,BASS-BO,0.16825002431869507
1025,14,BASS-BO,0.1614999771118164
1025,15,BASS-BO,0.1614999771118164
1025,16,BASS-BO,0.1614999771118164
1025,17,BASS-BO,0.1614999771118164
1025,18,BASS-BO,0.1614999771118164
1025,19,BASS-BO,0.1614999771118164
1025,20,BASS-BO,0.1614999771118164
1025,21,BASS-BO,0.1614999771118164
1025,22,BASS-BO,0.1614999771118164
1025,23,BASS-BO,0.1614999771118164
1025,24,BASS-BO,0.1614999771118164
1025,25,BASS-BO,0.1614999771118164
1025,26,BASS-BO,0.1614999771118164
1025,27,BASS-BO,0.1614999771118164
1025,28,BASS-BO,0.1614999771118164
1025,29,BASS-BO,0.1614999771118164
1025,30,BASS-BO,0.1614999771118164
1025,31,BASS-BO,0.1614999771118164
1025,32,BASS-BO,0.1614999771118164
1025,33,BASS-BO,0.1614999771118164
1025,34,BASS-BO,0.1614999771118164
1025,35,BASS-BO,0.1614999771118164
1025,36,BASS-BO,0.1614999771118164
1025,37,BASS-BO,0.1614999771118164
1025,38,BASS-BO,0.1614999771118164
1025,39,BASS-BO,0.1614999771118164
1025,40,BASS-BO,0.1614999771118164
1025,41,BASS-BO,0.1614999771118164
1025,42,BASS-BO,0.1614999771118164
1025,43,BASS-BO,0.1614999771118164
1025,44,BASS-BO,0.1614999771118164
1025,45,BASS-BO,0.1614999771118164
1025,46,BASS-BO,0.1614999771118164
1025,47,BASS-BO,0.1614999771118164
1025,48,BASS-BO,0.1614999771118164
1025,49,BASS-BO,0.1614999771118164
1025,50,BASS-BO,0.1614999771118164
1025,51,BASS-BO,0.1614999771118164
1025,52,BASS-BO,0.1614999771118164
1025,53,BASS-BO,0.1614999771118164
1025,54,BASS-BO,0.1614999771118164
1025,55,BASS-BO,0.1575000286102295
1025,56,BASS-BO,0.1575000286102295
1025,57,BASS-BO,0.1575000286102295
1025,58,BASS-BO,0.1575000286102295
1025,59,BASS-BO,0.1575000286102295
1025,60,BASS-BO,0.1575000286102295
1025,0,GP-BO,0.16825002431869507
1025,1,GP-BO,0.16825002431869507
1025,2,GP-BO,0.16825002431869507
1025,3,GP-BO,0.16825002431869507
1025,4,GP-BO,0.16825002431869507
1025,5,GP-BO,0.16825002431869507
1025,6,GP-BO,0.16825002431869507
1025,7,GP-BO,0.16825002431869507
1025,8,GP-BO,0.16825002431869507
1025,9,GP-BO,0.16825002431869507
1025,10,GP-BO,0.16825002431869507
1025,11,GP-BO,0.16825002431869507
1025,12,GP-BO,0.16825002431869507
1025,13,GP-BO,0.16825002431869507
1025,14,GP-BO,0.16825002431869507
1025,15,GP-BO,0.16825002431869507
1025,16,GP-BO,0.16825002431869507
1025,17,GP-BO,0.16825002431869507
1025,18,GP-BO,0.16825002431869507
1025,19,GP-BO,0.16825002431869507
1025,20,GP-BO,0.16825002431869507
1025,21,GP-BO,0.16825002431869507
1025,22,GP-BO,0.16825002431869507
1025,23,GP-BO,0.16825002431869507
1025,24,GP-BO,0.16825002431869507
1025,25,GP-BO,0.16825002431869507
1025,26,GP-BO,0.16825002431869507
1025,27,GP-BO,0.16825002431869507
1025,28,GP-BO,0.16825002431869507
1025,29,GP-BO,0.16825002431869507
1025,30,GP-BO,0.16825002431869507
1025,31,GP-BO,0.16825002431869507
1025,32,GP-BO,0.16825002431869507
1025,33,GP-BO,0.16825002431869507
1025,34,GP-BO,0.16825002431869507
1025,35,GP-BO,0.16825002431869507
1025,36,GP-BO,0.16825002431869507
1025,37,GP-BO,0.16825002431869507
1025,38,GP-BO,0.16825002431869507
1025,39,GP-BO,0.16825002431869507
1025,40,GP-BO,0.16825002431869507
1025,41,GP-BO,0.16825002431869507
1025,42,GP-BO,0.16825002431869507
1025,43,GP-BO,0.16825002431869507
1025,44,GP-BO,0.16825002431869507
1025,45,GP-BO,0.16825002431869507
1025,46,GP-BO,0.16825002431869507
1025,47,GP-BO,0.16825002431869507
1025,48,GP-BO,0.16825002431869507
1025,49,GP-BO,0.16825002431869507
1025,50,GP-BO,0.16825002431869507
1025,51,GP-BO,0.16825002431869507
1025,52,GP-BO,0.1575000286102295
1025,53,GP-BO,0.1575000286102295
1025,54,GP-BO,0.1575000286102295
1025,55,GP-BO,0.1575000286102295
1025,56,GP-BO,0.1575000286102295
1025,57,GP-BO,0.1575000286102295
1025,58,GP-BO,0.1575000286102295
1025,59,GP-BO,0.1575000286102295
1025,60,GP-BO,0.1575000286102295
1025,0,Random,0.16825002431869507
1025,1,Random,0.16825002431869507
1025,2,Random,0.1627500057220459
1025,3,Random,0.1627500057220459
1025,4,Random,0.1627500057220459
1025,5,Random,0.1627500057220459
1025,6,Random,0.1627500057220459
1025,7,Random,0.1627500057220459
1025,8,Random,0.1627500057220459
1025,9,Random,0.1627500057220459
1025,10,Random,0.1627500057220459
1025,11,Random,0.1627500057220459
1025,12,Random,0.1627500057220459
1025,13,Random,0.1627500057220459
1025,14,Random,0.15724998712539673
1025,15,Random,0.15724998712539673
1025,16,Random,0.15724998712539673
1025,17,Random,0.15724998712539673
1025,18,Random,0.15724998712539673
1025,19,Random,0.15724998712539673
1025,20,Random,0.15724998712539673
1025,21,Random,0.15724998712539673
1025,22,Random,0.15724998712539673
1025,23,Random,0.15724998712539673
1025,24,Random,0.15724998712539673
1025,25,Random,0.15549999475479126
1025,26,Random,0.15549999475479126
1025,27,Random,0.15549999475479126
1025,28,Random,0.15549999475479126
1025,29,Random,0.15549999475479126
1025,30,Random,0.15549999475479126
1025,31,Random,0.15549999475479126
1025,32,Random,0.15549999475479126
1025,33,Random,0.15549999475479126
1025,34,Random,0.15549999475479126
1025,35,Random,0.15549999475479126
1025,36,Random,0.15549999475479126
1025,37,Random,0.15549999475479126
1025,38,Random,0.15549999475479126
1025,39,Random,0.15549999475479126
1025,40,Random,0.15549999475479126
1025,41,Random,0.15549999475479126
1025,42,Random,0.15549999475479126
1025,43,Random,0.15549999475479126
1025,44,Random,0.15549999475479126
1025,45,Random,0.15549999475479126
1025,46,Random,0.15549999475479126
1025,47,Random,0.15549999475479126
1025,48,Random,0.15549999475479126
1025,49,Random,0.15549999475479126
1025,50,Random,0.15549999475479126
1025,51,Random,0.15549999475479126
1025,52,Random,0.15549999475479126
1025,53,Random,0.15549999475479126
1025,54,Random,0.15549999475479126
1025,55,Random,0.15549999475479126
1025,56,Random,0.15549999475479126
1025,57,Random,0.15549999475479126
1025,58,Random,0.15549999475479126
1025,59,Random,0.15299999713897705
1025,60,Random,0.15299999713897705
1001,0,TPE,0.14800000190734863
1001,1,TPE,0.14800000190734863
1001,2,TPE,0.14800000190734863
1001,3,TPE,0.14800000190734863
1001,4,TPE,0.14800000190734863
1001,5,TPE,0.14800000190734863
1001,6,TPE,0.14800000190734863
1001,7,TPE,0.14800000190734863
1001,8,TPE,0.14800000190734863
1001,9,TPE,0.14800000190734863
1001,10,TPE,0.14800000190734863
1001,11,TPE,0.14800000190734863
1001,12,TPE,0.14800000190734863
1001,13,TPE,0.14800000190734863
1001,14,TPE,0.14800000190734863
1001,15,TPE,0.14800000190734863
1001,16,TPE,0.14800000190734863
1001,17,TPE,0.14800000190734863
1001,18,TPE,0.14800000190734863
1001,19,TPE,0.14800000190734863
1001,20,TPE,0.14800000190734863
1001,21,TPE,0.14800000190734863
1001,22,TPE,0.14800000190734863
1001,23,TPE,0.14800000190734863
1001,24,TPE,0.14800000190734863
1001,25,TPE,0.14800000190734863
1001,26,TPE,0.14800000190734863
1001,27,TPE,0.14800000190734863
1001,28,TPE,0.14800000190734863
1001,29,TPE,0.14800000190734863
1001,30,TPE,0.14800000190734863
1001,31,TPE,0.14800000190734863
1001,32,TPE,0.14800000190734863
1001,33,TPE,0.14800000190734863
1001,34,TPE,0.14800000190734863
1001,35,TPE,0.14800000190734863
1001,36,TPE,0.14800000190734863
1001,37,TPE,0.14800000190734863
1001,38,TPE,0.14800000190734863
1001,39,TPE,0.14800000190734863
1001,40,TPE,0.14800000190734863
1001,41,TPE,0.14800000190734863
1001,42,TPE,0.14800000190734863
1001,43,TPE,0.14800000190734863
1001,44,TPE,0.14800000190734863
1001,45,TPE,0.14800000190734863
1001,46,TPE,0.14800000190734863
1001,47,TPE,0.14800000190734863
1001,48,TPE,0.14800000190734863
1001,49,TPE,0.14800000190734863
1001,50,TPE,0.14800000190734863
1001,51,TPE,0.14800000190734863
1001,52,TPE,0.14800000190734863
1001,53,TPE,0.14800000190734863
1001,54,TPE,0.14800000190734863
1001,55,TPE,0.14800000190734863
1001,56,TPE,0.14800000190734863
1001,57,TPE,0.14800000190734863
1001,58,TPE,0.14800000190734863
1001,59,TPE,0.14800000190734863
1001,60,TPE,0.14800000190734863
1002,0,TPE,0.1847500205039978
1002,1,TPE,0.1847500205039978
1002,2,TPE,0.1822500228881836
1002,3,TPE,0.18024998903274536
1002,4,TPE,0.18024998903274536
1002,5,TPE,0.18024998903274536
1002,6,TPE,0.18024998903274536
1002,7,TPE,0.18024998903274536
1002,8,TPE,0.18024998903274536
1002,9,TPE,0.17624998092651367
1002,10,TPE,0.17624998092651367
1002,11,TPE,0.17624998092651367
1002,12,TPE,0.17624998092651367
1002,13,TPE,0.15724998712539673
1002,14,TPE,0.15724998712539673
1002,15,TPE,0.15724998712539673
1002,16,TPE,0.15724998712539673
1002,17,TPE,0.15724998712539673
1002,18,TPE,0.15724998712539673
1002,19,TPE,0.15724998712539673
1002,20,TPE,0.15724998712539673
1002,21,TPE,0.15724998712539673
1002,22,TPE,0.15724998712539673
1002,23,TPE,0.15724998712539673
1002,24,TPE,0.15724998712539673
1002,25,TPE,0.15724998712539673
1002,26,TPE,0.15724998712539673
1002,27,TPE,0.15724998712539673
1002,28,TPE,0.15724998712539673
1002,29,TPE,0.15724998712539673
1002,30,TPE,0.15724998712539673
1002,31,TPE,0.15724998712539673
1002,32,TPE,0.15724998712539673
1002,33,TPE,0.15724998712539673
1002,34,TPE,0.15724998712539673
1002,35,TPE,0.15724998712539673
1002,36,TPE,0.15724998712539673
1002,37,TPE,0.15724998712539673
1002,38,TPE,0.15724998712539673
1002,39,TPE,0.15724998712539673
1002,40,TPE,0.15724998712539673
1002,41,TPE,0.15724998712539673
1002,42,TPE,0.15724998712539673
1002,43,TPE,0.15724998712539673
1002,44,TPE,0.15574997663497925
1002,45,TPE,0.15574997663497925
1002,46,TPE,0.15574997663497925
1002,47,TPE,0.15574997663497925
1002,48,TPE,0.15574997663497925
1002,49,TPE,0.15574997663497925
1002,50,TPE,0.15574997663497925
1002,51,TPE,0.15574997663497925
1002,52,TPE,0.15574997663497925
1002,53,TPE,0.15574997663497925
1002,54,TPE,0.15574997663497925
1002,55,TPE,0.15574997663497925
1002,56,TPE,0.15574997663497925
1002,57,TPE,0.15574997663497925
1002,58,TPE,0.15574997663497925
1002,59,TPE,0.15574997663497925
1002,60,TPE,0.15574997663497925
1003,0,TPE,0.17949998378753662
1003,1,TPE,0.17949998378753662
1003,2,TPE,0.17949998378753662
1003,3,TPE,0.17949998378753662
1003,4,TPE,0.17949998378753662
1003,5,TPE,0.17949998378753662
1003,6,TPE,0.17949998378753662
1003,7,TPE,0.17949998378753662
1003,8,TPE,0.17949998378753662
1003,9,TPE,0.17949998378753662
1003,10,TPE,0.17949998378753662
1003,11,TPE,0.17949998378753662
1003,12,TPE,0.17949998378753662
1003,13,TPE,0.17949998378753662
1003,14,TPE,0.17949998378753662
1003,15,TPE,0.17949998378753662
1003,16,TPE,0.17949998378753662
1003,17,TPE,0.17949998378753662
1003,18,TPE,0.17949998378753662
1003,19,TPE,0.17949998378753662
1003,20,TPE,0.17949998378753662
1003,21,TPE,0.17949998378753662
1003,22,TPE,0.17949998378753662
1003,23,TPE,0.17949998378753662
1003,24,TPE,0.17949998378753662
1003,25,TPE,0.17949998378753662
1003,26,TPE,0.17949998378753662
1003,27,TPE,0.17949998378753662
1003,28,TPE,0.17949998378753662
1003,29,TPE,0.17949998378753662
1003,30,TPE,0.17949998378753662
1003,31,TPE,0.17949998378753662
1003,32,TPE,0.17949998378753662
1003,33,TPE,0.17949998378753662
1003,34,TPE,0.17949998378753662
1003,35,TPE,0.17949998378753662
1003,36,TPE,0.17949998378753662
1003,37,TPE,0.17949998378753662
1003,38,TPE,0.17949998378753662
1003,39,TPE,0.1589999794960022
1003,40,TPE,0.1589999794960022
1003,41,TPE,0.1589999794960022
1003,42,TPE,0.1589999794960022
1003,43,TPE,0.15675002336502075
1003,44,TPE,0.15675002336502075
1003,45,TPE,0.15675002336502075
1003,46,TPE,0.15675002336502075
1003,47,TPE,0.15675002336502075
1003,48,TPE,0.15675002336502075
1003,49,TPE,0.15675002336502075
1003,50,TPE,0.15675002336502075
1003,51,TPE,0.15675002336502075
1003,52,TPE,0.15675002336502075
1003,53,TPE,0.15675002336502075
1003,54,TPE,0.15675002336502075
1003,55,TPE,0.15675002336502075
1003,56,TPE,0.15675002336502075
1003,57,TPE,0.15675002336502075
1003,58,TPE,0.15675002336502075
1003,59,TPE,0.15675002336502075
1003,60,TPE,0.15675002336502075
1004,0,TPE,0.18049997091293335
1004,1,TPE,0.18049997091293335
1004,2,TPE,0.18049997091293335
1004,3,TPE,0.17224997282028198
1004,4,TPE,0.17224997282028198
1004,5,TPE,0.17224997282028198
1004,6,TPE,0.17224997282028198
1004,7,TPE,0.17224997282028198
1004,8,TPE,0.17224997282028198
1004,9,TPE,0.17224997282028198
1004,10,TPE,0.17124998569488523
1004,11,TPE,0.17124998569488523
1004,12,TPE,0.17124998569488523
1004,13,TPE,0.17124998569488523
1004,14,TPE,0.17124998569488523
1004,15,TPE,0.17124998569488523
1004,16,TPE,0.17124998569488523
1004,17,TPE,0.17124998569488523
1004,18,TPE,0.17124998569488523
1004,19,TPE,0.17124998569488523
1004,20,TPE,0.17124998569488523
1004,21,TPE,0.17124998569488523
1004,22,TPE,0.17124998569488523
1004,23,TPE,0.17124998569488523
1004,24,TPE,0.1654999852180481
1004,25,TPE,0.1654999852180481
1004,26,TPE,0.1654999852180481
1004,27,TPE,0.1654999852180481
1004,28,TPE,0.1654999852180481
1004,29,TPE,0.1654999852180481
1004,30,TPE,0.1654999852180481
1004,31,TPE,0.1654999852180481
1004,32,TPE,0.1654999852180481
1004,33,TPE,0.1654999852180481
1004,34,TPE,0.1654999852180481
1004,35,TPE,0.1654999852180481
1004,36,TPE,0.1654999852180481
1004,37,TPE,0.1654999852180481
1004,38,TPE,0.1654999852180481
1004,39,TPE,0.1654999852180481
1004,40,TPE,0.1654999852180481
1004,41,TPE,0.15675002336502075
1004,42,TPE,0.15675002336502075
1004,43,TPE,0.15675002336502075
1004,44,TPE,0.15675002336502075
1004,45,TPE,0.15675002336502075
1004,46,TPE,0.15675002336502075
1004,47,TPE,0.15675002336502075
1004,48,TPE,0.15675002336502075
1004,49,TPE,0.15675002336502075
1004,50,TPE,0.1472499966621399
1004,51,TPE,0.1472499966621399
1004,52,TPE,0.1472499966621399
1004,53,TPE,0.1472499966621399
1004,54,TPE,0.1472499966621399
1004,55,TPE,0.1472499966621399
1004,56,TPE,0.1472499966621399
1004,57,TPE,0.1472499966621399
1004,58,TPE,0.1472499966621399
1004,59,TPE,0.1472499966621399
1004,60,TPE,0.1472499966621399
1005,0,TPE,0.16600000858306885
1005,1,TPE,0.16600000858306885
1005,2,TPE,0.16100001335144043
1005,3,TPE,0.15474998950958252
1005,4,TPE,0.15474998950958252
1005,5,TPE,0.15474998950958252
1005,6,TPE,0.15474998950958252
1005,7,TPE,0.15474998950958252
1005,8,TPE,0.15474998950958252
1005,9,TPE,0.15474998950958252
1005,10,TPE,0.15474998950958252
1005,11,TPE,0.15474998950958252
1005,12,TPE,0.15474998950958252
1005,13,TPE,0.15474998950958252
1005,14,TPE,0.15474998950958252
1005,15,TPE,0.15474998950958252
1005,16,TPE,0.15474998950958252
1005,17,TPE,0.15474998950958252
1005,18,TPE,0.15474998950958252
1005,19,TPE,0.15474998950958252
1005,20,TPE,0.15474998950958252
1005,21,TPE,0.15474998950958252
1005,22,TPE,0.15474998950958252
1005,23,TPE,0.15474998950958252
1005,24,TPE,0.15474998950958252
1005,25,TPE,0.15474998950958252
1005,26,TPE,0.15474998950958252
1005,27,TPE,0.15474998950958252
1005,28,TPE,0.15299999713897705
1005,29,TPE,0.15299999713897705
1005,30,TPE,0.15299999713897705
1005,31,TPE,0.15299999713897705
1005,32,TPE,0.1522499918937683
1005,33,TPE,0.1522499918937683
1005,34,TPE,0.1522499918937683
1005,35,TPE,0.1522499918937683
1005,36,TPE,0.1522499918937683
1005,37,TPE,0.1522499918937683
1005,38,TPE,0.1522499918937683
1005,39,TPE,0.1522499918937683
1005,40,TPE,0.1522499918937683
1005,41,TPE,0.1522499918937683
1005,42,TPE,0.1522499918937683
1005,43,TPE,0.1522499918937683
1005,44,TPE,0.1522499918937683
1005,45,TPE,0.1522499918937683
1005,46,TPE,0.1522499918937683
1005,47,TPE,0.1522499918937683
1005,48,TPE,0.1522499918937683
1005,49,TPE,0.1522499918937683
1005,50,TPE,0.1522499918937683
1005,51,TPE,0.1522499918937683
1005,52,TPE,0.1522499918937683
1005,53,TPE,0.1522499918937683
1005,54,TPE,0.1522499918937683
1005,55,TPE,0.1522499918937683
1005,56,TPE,0.1522499918937683
1005,57,TPE,0.1522499918937683
1005,58,TPE,0.1522499918937683
1005,59,TPE,0.1522499918937683
1005,60,TPE,0.1522499918937683
1006,0,TPE,0.18274998664855957
1006,1,TPE,0.18274998664855957
1006,2,TPE,0.18274998664855957
1006,3,TPE,0.18274998664855957
1006,4,TPE,0.18274998664855957
1006,5,TPE,0.18274998664855957
1006,6,TPE,0.18274998664855957
1006,7,TPE,0.18274998664855957
1006,8,TPE,0.18274998664855957
1006,9,TPE,0.18274998664855957
1006,10,TPE,0.18274998664855957
1006,11,TPE,0.18274998664855957
1006,12,TPE,0.18274998664855957
1006,13,TPE,0.18274998664855957
1006,14,TPE,0.18274998664855957
1006,15,TPE,0.18274998664855957
1006,16,TPE,0.18274998664855957
1006,17,TPE,0.18274998664855957
1006,18,TPE,0.17774999141693115
1006,19,TPE,0.1704999804496765
1006,20,TPE,0.1704999804496765
1006,21,TPE,0.1704999804496765
1006,22,TPE,0.1704999804496765
1006,23,TPE,0.1704999804496765
1006,24,TPE,0.1704999804496765
1006,25,TPE,0.1704999804496765
1006,26,TPE,0.1704999804496765
1006,27,TPE,0.1704999804496765
1006,28,TPE,0.1704999804496765
1006,29,TPE,0.1704999804496765
1006,30,TPE,0.1704999804496765
1006,31,TPE,0.1704999804496765
1006,32,TPE,0.1704999804496765
1006,33,TPE,0.1704999804496765
1006,34,TPE,0.1704999804496765
1006,35,TPE,0.1704999804496765
1006,36,TPE,0.1704999804496765
1006,37,TPE,0.1704999804496765
1006,38,TPE,0.1704999804496765
1006,39,TPE,0.1704999804496765
1006,40,TPE,0.15850001573562622
1006,41,TPE,0.15850001573562622
1006,42,TPE,0.15850001573562622
1006,43,TPE,0.15850001573562622
1006,44,TPE,0.15850001573562622
1006,45,TPE,0.15850001573562622
1006,46,TPE,0.15850001573562622
1006,47,TPE,0.15850001573562622
1006,48,TPE,0.15850001573562622
1006,49,TPE,0.15850001573562622
1006,50,TPE,0.15850001573562622
1006,51,TPE,0.15850001573562622
1006,52,TPE,0.15850001573562622
1006,53,TPE,0.15850001573562622
1006,54,TPE,0.15850001573562622
1006,55,TPE,0.15850001573562622
1006,56,TPE,0.15850001573562622
1006,57,TPE,0.15850001573562622
1006,58,TPE,0.15850001573562622
1006,59,TPE,0.15850001573562622
1006,60,TPE,0.15850001573562622
1007,0,TPE,0.16624999046325684
1007,1,TPE,0.16624999046325684
1007,2,TPE,0.16624999046325684
1007,3,TPE,0.16624999046325684
1007,4,TPE,0.16624999046325684
1007,5,TPE,0.16624999046325684
1007,6,TPE,0.16624999046325684
1007,7,TPE,0.16624999046325684
1007,8,TPE,0.16624999046325684
1007,9,TPE,0.16624999046325684
1007,10,TPE,0.16624999046325684
1007,11,TPE,0.16624999046325684
1007,12,TPE,0.16399997472763062
1007,13,TPE,0.16399997472763062
1007,14,TPE,0.16399997472763062
1007,15,TPE,0.16399997472763062
1007,16,TPE,0.16399997472763062
1007,17,TPE,0.16399997472763062
1007,18,TPE,0.16399997472763062
1007,19,TPE,0.16399997472763062
1007,20,TPE,0.16399997472763062
1007,21,TPE,0.16399997472763062
1007,22,TPE,0.16399997472763062
1007,23,TPE,0.16399997472763062
1007,24,TPE,0.16399997472763062
1007,25,TPE,0.16399997472763062
1007,26,TPE,0.16399997472763062
1007,27,TPE,0.16399997472763062
1007,28,TPE,0.16399997472763062
1007,29,TPE,0.16399997472763062
1007,30,TPE,0.16399997472763062
1007,31,TPE,0.16399997472763062
1007,32,TPE,0.1625000238418579
1007,33,TPE,0.1625000238418579
1007,34,TPE,0.1625000238418579
1007,35,TPE,0.1625000238418579
1007,36,TPE,0.1625000238418579
1007,37,TPE,0.1625000238418579
1007,38,TPE,0.1625000238418579
1007,39,TPE,0.1510000228881836
1007,40,TPE,0.1510000228881836
1007,41,TPE,0.1510000228881836
1007,42,TPE,0.1510000228881836
1007,43,TPE,0.1510000228881836
1007,44,TPE,0.1510000228881836
1007,45,TPE,0.1510000228881836
1007,46,TPE,0.1510000228881836
1007,47,TPE,0.1510000228881836
1007,48,TPE,0.1510000228881836
1007,49,TPE,0.1510000228881836
1007,50,TPE,0.1510000228881836
1007,51,TPE,0.1510000228881836
1007,52,TPE,0.1510000228881836
1007,53,TPE,0.1510000228881836
1007,54,TPE,0.1510000228881836
1007,55,TPE,0.1510000228881836
1007,56,TPE,0.1510000228881836
1007,57,TPE,0.1510000228881836
1007,58,TPE,0.1510000228881836
1007,59,TPE,0.14824998378753662
1007,60,TPE,0.14824998378753662
1008,0,TPE,0.17650002241134644
1008,1,TPE,0.1679999828338623
1008,2,TPE,0.1679999828338623
1008,3,TPE,0.1679999828338623
1008,4,TPE,0.1679999828338623
1008,5,TPE,0.1679999828338623
1008,6,TPE,0.1679999828338623
1008,7,TPE,0.1679999828338623
1008,8,TPE,0.1679999828338623
1008,9,TPE,0.1679999828338623
1008,10,TPE,0.1679999828338623
1008,11,TPE,0.1679999828338623
1008,12,TPE,0.1679999828338623
1008,13,TPE,0.1679999828338623
1008,14,TPE,0.1679999828338623
1008,15,TPE,0.1679999828338623
1008,16,TPE,0.1679999828338623
1008,17,TPE,0.1679999828338623
1008,18,TPE,0.1679999828338623
1008,19,TPE,0.1679999828338623
1008,20,TPE,0.1679999828338623
1008,21,TPE,0.1679999828338623
1008,22,TPE,0.1679999828338623
1008,23,TPE,0.1679999828338623
1008,24,TPE,0.1679999828338623
1008,25,TPE,0.1679999828338623
1008,26,TPE,0.1679999828338623
1008,27,TPE,0.1679999828338623
1008,28,TPE,0.1679999828338623
1008,29,TPE,0.1679999828338623
1008,30,TPE,0.16600000858306885
1008,31,TPE,0.16600000858306885
1008,32,TPE,0.16600000858306885
1008,33,TPE,0.16600000858306885
1008,34,TPE,0.16600000858306885
1008,35,TPE,0.16600000858306885
1008,36,TPE,0.16600000858306885
1008,37,TPE,0.16600000858306885
1008,38,TPE,0.16600000858306885
1008,39,TPE,0.16600000858306885
1008,40,TPE,0.16600000858306885
1008,41,TPE,0.16600000858306885
1008,42,TPE,0.16600000858306885
1008,43,TPE,0.16600000858306885
1008,44,TPE,0.16600000858306885
1008,45,TPE,0.16600000858306885
1008,46,TPE,0.16600000858306885
1008,47,TPE,0.16600000858306885
1008,48,TPE,0.16600000858306885
1008,49,TPE,0.16600000858306885
1008,50,TPE,0.16600000858306885
1008,51,TPE,0.16600000858306885
1008,52,TPE,0.16600000858306885
1008,53,TPE,0.16600000858306885
1008,54,TPE,0.16600000858306885
1008,55,TPE,0.16600000858306885
1008,56,TPE,0.16600000858306885
1008,57,TPE,0.16600000858306885
1008,58,TPE,0.16600000858306885
1008,59,TPE,0.16600000858306885
1008,60,TPE,0.16600000858306885
1009,0,TPE,0.15549999475479126
1009,1,TPE,0.15549999475479126
1009,2,TPE,0.15549999475479126
1009,3,TPE,0.15549999475479126
1009,4,TPE,0.15549999475479126
1009,5,TPE,0.15549999475479126
1009,6,TPE,0.15549999475479126
1009,7,TPE,0.15549999475479126
1009,8,TPE,0.15549999475479126
1009,9,TPE,0.15549999475479126
1009,10,TPE,0.15549999475479126
1009,11,TPE,0.15549999475479126
1009,12,TPE,0.15549999475479126
1009,13,TPE,0.15549999475479126
1009,14,TPE,0.15549999475479126
1009,15,TPE,0.15549999475479126
1009,16,TPE,0.15549999475479126
1009,17,TPE,0.15549999475479126
1009,18,TPE,0.15549999475479126
1009,19,TPE,0.15549999475479126
1009,20,TPE,0.15549999475479126
1009,21,TPE,0.15549999475479126
1009,22,TPE,0.15549999475479126
1009,23,TPE,0.15549999475479126
1009,24,TPE,0.15549999475479126
1009,25,TPE,0.15549999475479126
1009,26,TPE,0.15549999475479126
1009,27,TPE,0.15549999475479126
1009,28,TPE,0.15549999475479126
1009,29,TPE,0.15549999475479126
1009,30,TPE,0.15549999475479126
1009,31,TPE,0.15549999475479126
1009,32,TPE,0.15549999475479126
1009,33,TPE,0.15549999475479126
1009,34,TPE,0.15549999475479126
1009,35,TPE,0.15549999475479126
1009,36,TPE,0.15549999475479126
1009,37,TPE,0.15549999475479126
1009,38,TPE,0.15549999475479126
1009,39,TPE,0.15549999475479126
1009,40,TPE,0.15549999475479126
1009,41,TPE,0.15549999475479126
1009,42,TPE,0.15549999475479126
1009,43,TPE,0.15549999475479126
1009,44,TPE,0.15549999475479126
1009,45,TPE,0.15549999475479126
1009,46,TPE,0.15549999475479126
1009,47,TPE,0.15549999475479126
1009,48,TPE,0.15549999475479126
1009,49,TPE,0.15549999475479126
1009,50,TPE,0.15549999475479126
1009,51,TPE,0.15549999475479126
1009,52,TPE,0.15549999475479126
1009,53,TPE,0.15549999475479126
1009,54,TPE,0.15549999475479126
1009,55,TPE,0.15549999475479126
1009,56,TPE,0.15549999475479126
1009,57,TPE,0.15549999475479126
1009,58,TPE,0.15549999475479126
1009,59,TPE,0.1549999713897705
1009,60,TPE,0.1549999713897705
1010,0,TPE,0.18000000715255737
1010,1,TPE,0.18000000715255737
1010,2,TPE,0.18000000715255737
1010,3,TPE,0.16775000095367432
1010,4,TPE,0.16775000095367432
1010,5,TPE,0.16775000095367432
1010,6,TPE,0.16775000095367432
1010,7,TPE,0.16775000095367432
1010,8,TPE,0.16775000095367432
1010,9,TPE,0.16449999809265137
1010,10,TPE,0.16449999809265137
1010,11,TPE,0.16449999809265137
1010,12,TPE,0.16449999809265137
1010,13,TPE,0.16449999809265137
1010,14,TPE,0.16449999809265137
1010,15,TPE,0.16449999809265137
1010,16,TPE,0.16449999809265137
1010,17,TPE,0.16449999809265137
1010,18,TPE,0.16449999809265137
1010,19,TPE,0.16449999809265137
1010,20,TPE,0.16449999809265137
1010,21,TPE,0.16449999809265137
1010,22,TPE,0.16449999809265137
1010,23,TPE,0.16449999809265137
1010,24,TPE,0.16449999809265137
1010,25,TPE,0.16449999809265137
1010,26,TPE,0.16449999809265137
1010,27,TPE,0.16449999809265137
1010,28,TPE,0.1510000228881836
1010,29,TPE,0.1510000228881836
1010,30,TPE,0.1510000228881836
1010,31,TPE,0.1510000228881836
1010,32,TPE,0.1510000228881836
1010,33,TPE,0.1510000228881836
1010,34,TPE,0.1510000228881836
1010,35,TPE,0.1510000228881836
1010,36,TPE,0.1510000228881836
1010,37,TPE,0.1510000228881836
1010,38,TPE,0.1510000228881836
1010,39,TPE,0.1510000228881836
1010,40,TPE,0.1510000228881836
1010,41,TPE,0.1510000228881836
1010,42,TPE,0.1510000228881836
1010,43,TPE,0.1510000228881836
1010,44,TPE,0.1510000228881836
1010,45,TPE,0.1510000228881836
1010,46,TPE,0.1510000228881836
1010,47,TPE,0.1510000228881836
1010,48,TPE,0.1510000228881836
1010,49,TPE,0.1510000228881836
1010,50,TPE,0.1510000228881836
1010,51,TPE,0.1510000228881836
1010,52,TPE,0.1510000228881836
1010,53,TPE,0.1510000228881836
1010,54,TPE,0.1510000228881836
1010,55,TPE,0.1510000228881836
1010,56,TPE,0.1510000228881836
1010,57,TPE,0.1510000228881836
1010,58,TPE,0.1510000228881836
1010,59,TPE,0.1510000228881836
1010,60,TPE,0.1510000228881836
1011,0,TPE,0.18900001049041748
1011,1,TPE,0.18550002574920657
1011,2,TPE,0.1654999852180481
1011,3,TPE,0.1654999852180481
1011,4,TPE,0.1654999852180481
1011,5,TPE,0.1654999852180481
1011,6,TPE,0.1654999852180481
1011,7,TPE,0.1654999852180481
1011,8,TPE,0.1654999852180481
1011,9,TPE,0.1654999852180481
1011,10,TPE,0.1654999852180481
1011,11,TPE,0.1654999852180481
1011,12,TPE,0.1654999852180481
1011,13,TPE,0.1654999852180481
1011,14,TPE,0.1654999852180481
1011,15,TPE,0.1654999852180481
1011,16,TPE,0.1654999852180481
1011,17,TPE,0.1654999852180481
1011,18,TPE,0.1654999852180481
1011,19,TPE,0.1654999852180481
1011,20,TPE,0.1654999852180481
1011,21,TPE,0.1627500057220459
1011,22,TPE,0.1627500057220459
1011,23,TPE,0.1627500057220459
1011,24,TPE,0.1627500057220459
1011,25,TPE,0.1627500057220459
1011,26,TPE,0.1627500057220459
1011,27,TPE,0.1627500057220459
1011,28,TPE,0.15950000286102295
1011,29,TPE,0.15950000286102295
1011,30,TPE,0.15950000286102295
1011,31,TPE,0.15950000286102295
1011,32,TPE,0.15950000286102295
1011,33,TPE,0.15299999713897705
1011,34,TPE,0.15299999713897705
1011,35,TPE,0.15299999713897705
1011,36,TPE,0.15299999713897705
1011,37,TPE,0.15299999713897705
1011,38,TPE,0.15299999713897705
1011,39,TPE,0.15299999713897705
1011,40,TPE,0.15299999713897705
1011,41,TPE,0.15299999713897705
1011,42,TPE,0.15299999713897705
1011,43,TPE,0.15299999713897705
1011,44,TPE,0.15299999713897705
1011,45,TPE,0.15299999713897705
1011,46,TPE,0.15299999713897705
1011,47,TPE,0.15299999713897705
1011,48,TPE,0.15299999713897705
1011,49,TPE,0.15299999713897705
1011,50,TPE,0.15299999713897705
1011,51,TPE,0.15299999713897705
1011,52,TPE,0.15299999713897705
1011,53,TPE,0.15299999713897705
1011,54,TPE,0.15299999713897705
1011,55,TPE,0.15299999713897705
1011,56,TPE,0.15299999713897705
1011,57,TPE,0.15299999713897705
1011,58,TPE,0.15299999713897705
1011,59,TPE,0.15299999713897705
1011,60,TPE,0.15299999713897705
1012,0,TPE,0.17624998092651367
1012,1,TPE,0.17624998092651367
1012,2,TPE,0.17624998092651367
1012,3,TPE,0.1654999852180481
1012,4,TPE,0.1654999852180481
1012,5,TPE,0.1654999852180481
1012,6,TPE,0.1654999852180481
1012,7,TPE,0.1654999852180481
1012,8,TPE,0.1654999852180481
1012,9,TPE,0.1654999852180481
1012,10,TPE,0.1654999852180481
1012,11,TPE,0.1654999852180481
1012,12,TPE,0.1654999852180481
1012,13,TPE,0.1654999852180481
1012,14,TPE,0.1654999852180481
1012,15,TPE,0.1654999852180481
1012,16,TPE,0.1654999852180481
1012,17,TPE,0.1654999852180481
1012,18,TPE,0.15125000476837158
1012,19,TPE,0.15125000476837158
1012,20,TPE,0.15125000476837158
1012,21,TPE,0.15125000476837158
1012,22,TPE,0.15125000476837158
1012,23,TPE,0.15125000476837158
1012,24,TPE,0.15125000476837158
1012,25,TPE,0.15125000476837158
1012,26,TPE,0.15125000476837158
1012,27,TPE,0.15125000476837158
1012,28,TPE,0.15125000476837158
1012,29,TPE,0.15125000476837158
1012,30,TPE,0.15125000476837158
1012,31,TPE,0.15125000476837158
1012,32,TPE,0.15125000476837158
1012,33,TPE,0.15125000476837158
1012,34,TPE,0.15125000476837158
1012,35,TPE,0.15125000476837158
1012,36,TPE,0.15125000476837158
1012,37,TPE,0.15125000476837158
1012,38,TPE,0.15125000476837158
1012,39,TPE,0.15125000476837158
1012,40,TPE,0.15125000476837158
1012,41,TPE,0.15125000476837158
1012,42,TPE,0.15125000476837158
1012,43,TPE,0.15125000476837158
1012,44,TPE,0.15125000476837158
1012,45,TPE,0.15125000476837158
1012,46,TPE,0.15125000476837158
1012,47,TPE,0.15125000476837158
1012,48,TPE,0.15125000476837158
1012,49,TPE,0.15125000476837158
1012,50,TPE,0.15125000476837158
1012,51,TPE,0.15125000476837158
1012,52,TPE,0.15125000476837158
1012,53,TPE,0.15125000476837158
1012,54,TPE,0.15125000476837158
1012,55,TPE,0.15125000476837158
1012,56,TPE,0.15125000476837158
1012,57,TPE,0.15125000476837158
1012,58,TPE,0.15125000476837158
1012,59,TPE,0.15125000476837158
1012,60,TPE,0.15125000476837158
1013,0,TPE,0.17500001192092896
1013,1,TPE,0.17500001192092896
1013,2,TPE,0.17500001192092896
1013,3,TPE,0.17500001192092896
1013,4,TPE,0.17500001192092896
1013,5,TPE,0.17500001192092896
1013,6,TPE,0.17500001192092896
1013,7,TPE,0.17500001192092896
1013,8,TPE,0.17500001192092896
1013,9,TPE,0.17500001192092896
1013,10,TPE,0.17500001192092896
1013,11,TPE,0.17500001192092896
1013,12,TPE,0.17500001192092896
1013,13,TPE,0.17500001192092896
1013,14,TPE,0.17500001192092896
1013,15,TPE,0.17500001192092896
1013,16,TPE,0.17500001192092896
1013,17,TPE,0.17500001192092896
1013,18,TPE,0.17500001192092896
1013,19,TPE,0.17500001192092896
1013,20,TPE,0.17500001192092896
1013,21,TPE,0.14499998092651367
1013,22,TPE,0.14499998092651367
1013,23,TPE,0.14499998092651367
1013,24,TPE,0.14499998092651367
1013,25,TPE,0.14499998092651367
1013,26,TPE,0.14499998092651367
1013,27,TPE,0.14499998092651367
1013,28,TPE,0.14499998092651367
1013,29,TPE,0.14499998092651367
1013,30,TPE,0.14499998092651367
1013,31,TPE,0.14499998092651367
1013,32,TPE,0.14499998092651367
1013,33,TPE,0.14499998092651367
1013,34,TPE,0.14499998092651367
1013,35,TPE,0.14499998092651367
1013,36,TPE,0.14499998092651367
1013,37,TPE,0.14499998092651367
1013,38,TPE,0.14499998092651367
1013,39,TPE,0.14499998092651367
1013,40,TPE,0.14499998092651367
1013,41,TPE,0.14499998092651367
1013,42,TPE,0.14499998092651367
1013,43,TPE,0.14499998092651367
1013,44,TPE,0.14499998092651367
1013,45,TPE,0.14499998092651367
1013,46,TPE,0.14499998092651367
1013,47,TPE,0.14499998092651367
1013,48,TPE,0.14499998092651367
1013,49,TPE,0.14499998092651367
1013,50,TPE,0.14499998092651367
1013,51,TPE,0.14499998092651367
1013,52,TPE,0.14499998092651367
1013,53,TPE,0.14499998092651367
1013,54,TPE,0.14499998092651367
1013,55,TPE,0.14499998092651367
1013,56,TPE,0.14499998092651367
1013,57,TPE,0.14499998092651367
1013,58,TPE,0.14499998092651367
1013,59,TPE,0.14499998092651367
1013,60,TPE,0.14499998092651367
1014,0,TPE,0.17150002717971802
1014,1,TPE,0.1587499976158142
1014,2,TPE,0.1587499976158142
1014,3,TPE,0.1587499976158142
1014,4,TPE,0.1587499976158142
1014,5,TPE,0.1587499976158142
1014,6,TPE,0.1587499976158142
1014,7,TPE,0.1587499976158142
1014,8,TPE,0.1587499976158142
1014,9,TPE,0.1587499976158142
1014,10,TPE,0.1587499976158142
1014,11,TPE,0.1587499976158142
1014,12,TPE,0.1587499976158142
1014,13,TPE,0.1499999761581421
1014,14,TPE,0.1499999761581421
1014,15,TPE,0.1499999761581421
1014,16,TPE,0.1499999761581421
1014,17,TPE,0.1499999761581421
1014,18,TPE,0.1499999761581421
1014,19,TPE,0.1499999761581421
1014,20,TPE,0.1499999761581421
1014,21,TPE,0.1499999761581421
1014,22,TPE,0.1499999761581421
1014,23,TPE,0.1499999761581421
1014,24,TPE,0.1499999761581421
1014,25,TPE,0.1499999761581421
1014,26,TPE,0.1499999761581421
1014,27,TPE,0.1499999761581421
1014,28,TPE,0.1499999761581421
1014,29,TPE,0.1499999761581421
1014,30,TPE,0.1499999761581421
1014,31,TPE,0.1499999761581421
1014,32,TPE,0.1499999761581421
1014,33,TPE,0.1499999761581421
1014,34,TPE,0.1499999761581421
1014,35,TPE,0.1499999761581421
1014,36,TPE,0.1499999761581421
1014,37,TPE,0.1499999761581421
1014,38,TPE,0.1499999761581421
1014,39,TPE,0.1499999761581421
1014,40,TPE,0.1499999761581421
1014,41,TPE,0.1499999761581421
1014,42,TPE,0.1499999761581421
1014,43,TPE,0.1499999761581421
1014,44,TPE,0.1499999761581421
1014,45,TPE,0.1499999761581421
1014,46,TPE,0.1499999761581421
1014,47,TPE,0.1499999761581421
1014,48,TPE,0.1499999761581421
1014,49,TPE,0.1499999761581421
1014,50,TPE,0.1499999761581421
1014,51,TPE,0.1499999761581421
1014,52,TPE,0.1499999761581421
1014,53,TPE,0.1499999761581421
1014,54,TPE,0.1499999761581421
1014,55,TPE,0.1499999761581421
1014,56,TPE,0.1499999761581421
1014,57,TPE,0.1499999761581421
1014,58,TPE,0.1499999761581421
1014,59,TPE,0.1499999761581421
1014,60,TPE,0.1499999761581421
1015,0,TPE,0.17250001430511477
1015,1,TPE,0.17250001430511477
1015,2,TPE,0.17250001430511477
1015,3,TPE,0.17250001430511477
1015,4,TPE,0.17250001430511477
1015,5,TPE,0.17250001430511477
1015,6,TPE,0.17250001430511477
1015,7,TPE,0.17250001430511477
1015,8,TPE,0.17250001430511477
1015,9,TPE,0.17250001430511477
1015,10,TPE,0.17250001430511477
1015,11,TPE,0.17250001430511477
1015,12,TPE,0.17250001430511477
1015,13,TPE,0.17250001430511477
1015,14,TPE,0.1654999852180481
1015,15,TPE,0.1654999852180481
1015,16,TPE,0.1654999852180481
1015,17,TPE,0.1654999852180481
1015,18,TPE,0.1654999852180481
1015,19,TPE,0.1654999852180481
1015,20,TPE,0.1654999852180481
1015,21,TPE,0.1654999852180481
1015,22,TPE,0.1654999852180481
1015,23,TPE,0.1654999852180481
1015,24,TPE,0.1654999852180481
1015,25,TPE,0.1654999852180481
1015,26,TPE,0.1654999852180481
1015,27,TPE,0.1654999852180481
1015,28,TPE,0.1654999852180481
1015,29,TPE,0.1654999852180481
1015,30,TPE,0.1654999852180481
1015,31,TPE,0.1654999852180481
1015,32,TPE,0.1654999852180481
1015,33,TPE,0.1654999852180481
1015,34,TPE,0.1654999852180481
1015,35,TPE,0.1654999852180481
1015,36,TPE,0.1654999852180481
1015,37,TPE,0.1654999852180481
1015,38,TPE,0.1654999852180481
1015,39,TPE,0.1654999852180481
1015,40,TPE,0.1654999852180481
1015,41,TPE,0.1654999852180481
1015,42,TPE,0.1654999852180481
1015,43,TPE,0.1654999852180481
1015,44,TPE,0.1654999852180481
1015,45,TPE,0.1654999852180481
1015,46,TPE,0.1654999852180481
1015,47,TPE,0.1654999852180481
1015,48,TPE,0.1654999852180481
1015,49,TPE,0.1654999852180481
1015,50,TPE,0.1654999852180481
1015,51,TPE,0.1654999852180481
1015,52,TPE,0.1654999852180481
1015,53,TPE,0.1654999852180481
1015,54,TPE,0.1654999852180481
1015,55,TPE,0.1654999852180481
1015,56,TPE,0.1654999852180481
1015,57,TPE,0.1654999852180481
1015,58,TPE,0.1654999852180481
1015,59,TPE,0.1654999852180481
1015,60,TPE,0.1654999852180481
1016,0,TPE,0.1679999828338623
1016,1,TPE,0.1679999828338623
1016,2,TPE,0.1679999828338623
1016,3,TPE,0.1679999828338623
1016,4,TPE,0.1679999828338623
1016,5,TPE,0.1679999828338623
1016,6,TPE,0.1679999828338623
1016,7,TPE,0.1679999828338623
1016,8,TPE,0.1679999828338623
1016,9,TPE,0.1679999828338623
1016,10,TPE,0.1679999828338623
1016,11,TPE,0.1679999828338623
1016,12,TPE,0.1679999828338623
1016,13,TPE,0.1679999828338623
1016,14,TPE,0.1679999828338623
1016,15,TPE,0.1679999828338623
1016,16,TPE,0.1679999828338623
1016,17,TPE,0.1679999828338623
1016,18,TPE,0.1679999828338623
1016,19,TPE,0.1679999828338623
1016,20,TPE,0.1679999828338623
1016,21,TPE,0.1679999828338623
1016,22,TPE,0.1679999828338623
1016,23,TPE,0.1679999828338623
1016,24,TPE,0.1679999828338623
1016,25,TPE,0.1679999828338623
1016,26,TPE,0.1679999828338623
1016,27,TPE,0.1679999828338623
1016,28,TPE,0.1679999828338623
1016,29,TPE,0.1679999828338623
1016,30,TPE,0.1679999828338623
1016,31,TPE,0.1679999828338623
1016,32,TPE,0.1679999828338623
1016,33,TPE,0.1679999828338623
1016,34,TPE,0.1679999828338623
1016,35,TPE,0.1679999828338623
1016,36,TPE,0.1679999828338623
1016,37,TPE,0.1679999828338623
1016,38,TPE,0.1679999828338623
1016,39,TPE,0.1679999828338623
1016,40,TPE,0.1679999828338623
1016,41,TPE,0.1679999828338623
1016,42,TPE,0.1679999828338623
1016,43,TPE,0.1679999828338623
1016,44,TPE,0.1679999828338623
1016,45,TPE,0.1679999828338623
1016,46,TPE,0.1679999828338623
1016,47,TPE,0.1679999828338623
1016,48,TPE,0.1679999828338623
1016,49,TPE,0.1679999828338623
1016,50,TPE,0.1679999828338623
1016,51,TPE,0.1679999828338623
1016,52,TPE,0.1679999828338623
1016,53,TPE,0.1679999828338623
1016,54,TPE,0.1679999828338623
1016,55,TPE,0.1679999828338623
1016,56,TPE,0.1679999828338623
1016,57,TPE,0.1679999828338623
1016,58,TPE,0.1679999828338623
1016,59,TPE,0.1679999828338623
1016,60,TPE,0.1679999828338623
1017,0,TPE,0.17150002717971802
1017,1,TPE,0.17150002717971802
1017,2,TPE,0.17150002717971802
1017,3,TPE,0.17150002717971802
1017,4,TPE,0.17150002717971802
1017,5,TPE,0.17150002717971802
1017,6,TPE,0.17150002717971802
1017,7,TPE,0.17150002717971802
1017,8,TPE,0.17150002717971802
1017,9,TPE,0.17150002717971802
1017,10,TPE,0.17150002717971802
1017,11,TPE,0.17150002717971802
1017,12,TPE,0.17150002717971802
1017,13,TPE,0.17150002717971802
1017,14,TPE,0.17150002717971802
1017,15,TPE,0.17150002717971802
1017,16,TPE,0.17150002717971802
1017,17,TPE,0.17150002717971802
1017,18,TPE,0.17150002717971802
1017,19,TPE,0.17150002717971802
1017,20,TPE,0.17150002717971802
1017,21,TPE,0.17150002717971802
1017,22,TPE,0.17150002717971802
1017,23,TPE,0.17150002717971802
1017,24,TPE,0.17150002717971802
1017,25,TPE,0.17150002717971802
1017,26,TPE,0.17150002717971802
1017,27,TPE,0.17150002717971802
1017,28,TPE,0.17150002717971802
1017,29,TPE,0.17150002717971802
1017,30,TPE,0.17150002717971802
1017,31,TPE,0.17150002717971802
1017,32,TPE,0.17150002717971802
1017,33,TPE,0.17150002717971802
1017,34,TPE,0.1497499942779541
1017,35,TPE,0.1497499942779541
1017,36,TPE,0.1497499942779541
1017,37,TPE,0.1497499942779541
1017,38,TPE,0.1497499942779541
1017,39,TPE,0.1497499942779541
1017,40,TPE,0.1497499942779541
1017,41,TPE,0.1497499942779541
1017,42,TPE,0.1497499942779541
1017,43,TPE,0.1497499942779541
1017,44,TPE,0.1497499942779541
1017,45,TPE,0.1497499942779541
1017,46,TPE,0.1497499942779541
1017,47,TPE,0.1497499942779541
1017,48,TPE,0.1497499942779541
1017,49,TPE,0.1497499942779541
1017,50,TPE,0.1497499942779541
1017,51,TPE,0.14499998092651367
1017,52,TPE,0.14499998092651367
1017,53,TPE,0.14499998092651367
1017,54,TPE,0.14499998092651367
1017,55,TPE,0.14499998092651367
1017,56,TPE,0.14499998092651367
1017,57,TPE,0.14499998092651367
1017,58,TPE,0.14499998092651367
1017,59,TPE,0.14499998092651367
1017,60,TPE,0.14499998092651367
1018,0,TPE,0.1600000262260437
1018,1,TPE,0.1600000262260437
1018,2,TPE,0.1600000262260437
1018,3,TPE,0.1600000262260437
1018,4,TPE,0.1600000262260437
1018,5,TPE,0.1600000262260437
1018,6,TPE,0.1600000262260437
1018,7,TPE,0.1600000262260437
1018,8,TPE,0.1600000262260437
1018,9,TPE,0.1600000262260437
1018,10,TPE,0.1600000262260437
1018,11,TPE,0.1600000262260437
1018,12,TPE,0.1600000262260437
1018,13,TPE,0.1600000262260437
1018,14,TPE,0.15574997663497925
1018,15,TPE,0.15574997663497925
1018,16,TPE,0.15574997663497925
1018,17,TPE,0.15574997663497925
1018,18,TPE,0.15574997663497925
1018,19,TPE,0.15574997663497925
1018,20,TPE,0.15574997663497925
1018,21,TPE,0.15574997663497925
1018,22,TPE,0.15574997663497925
1018,23,TPE,0.15574997663497925
1018,24,TPE,0.15574997663497925
1018,25,TPE,0.15574997663497925
1018,26,TPE,0.15574997663497925
1018,27,TPE,0.15574997663497925
1018,28,TPE,0.15574997663497925
1018,29,TPE,0.15574997663497925
1018,30,TPE,0.15574997663497925
1018,31,TPE,0.15574997663497925
1018,32,TPE,0.15574997663497925
1018,33,TPE,0.15574997663497925
1018,34,TPE,0.15574997663497925
1018,35,TPE,0.15574997663497925
1018,36,TPE,0.15574997663497925
1018,37,TPE,0.15574997663497925
1018,38,TPE,0.15574997663497925
1018,39,TPE,0.15574997663497925
1018,40,TPE,0.15574997663497925
1018,41,TPE,0.15574997663497925
1018,42,TPE,0.15574997663497925
1018,43,TPE,0.15574997663497925
1018,44,TPE,0.15574997663497925
1018,45,TPE,0.15574997663497925
1018,46,TPE,0.15574997663497925
1018,47,TPE,0.15574997663497925
1018,48,TPE,0.15574997663497925
1018,49,TPE,0.15574997663497925
1018,50,TPE,0.15574997663497925
1018,51,TPE,0.15574997663497925
1018,52,TPE,0.15574997663497925
1018,53,TPE,0.15574997663497925
1018,54,TPE,0.15574997663497925
1018,55,TPE,0.15574997663497925
1018,56,TPE,0.15574997663497925
1018,57,TPE,0.15574997663497925
1018,58,TPE,0.15574997663497925
1018,59,TPE,0.15574997663497925
1018,60,TPE,0.15574997663497925
1019,0,TPE,0.17150002717971802
1019,1,TPE,0.17150002717971802
1019,2,TPE,0.17150002717971802
1019,3,TPE,0.17150002717971802
1019,4,TPE,0.17150002717971802
1019,5,TPE,0.17150002717971802
1019,6,TPE,0.17150002717971802
1019,7,TPE,0.17150002717971802
1019,8,TPE,0.17150002717971802
1019,9,TPE,0.17150002717971802
1019,10,TPE,0.17150002717971802
1019,11,TPE,0.17150002717971802
1019,12,TPE,0.17150002717971802
1019,13,TPE,0.17150002717971802
1019,14,TPE,0.17150002717971802
1019,15,TPE,0.17150002717971802
1019,16,TPE,0.17150002717971802
1019,17,TPE,0.17150002717971802
1019,18,TPE,0.17150002717971802
1019,19,TPE,0.16624999046325684
1019,20,TPE,0.16624999046325684
1019,21,TPE,0.16624999046325684
1019,22,TPE,0.16624999046325684
1019,23,TPE,0.16624999046325684
1019,24,TPE,0.16624999046325684
1019,25,TPE,0.16624999046325684
1019,26,TPE,0.16624999046325684
1019,27,TPE,0.16624999046325684
1019,28,TPE,0.16624999046325684
1019,29,TPE,0.16624999046325684
1019,30,TPE,0.16624999046325684
1019,31,TPE,0.16624999046325684
1019,32,TPE,0.16624999046325684
1019,33,TPE,0.16624999046325684
1019,34,TPE,0.16624999046325684
1019,35,TPE,0.16624999046325684
1019,36,TPE,0.16624999046325684
1019,37,TPE,0.16624999046325684
1019,38,TPE,0.16624999046325684
1019,39,TPE,0.16624999046325684
1019,40,TPE,0.16624999046325684
1019,41,TPE,0.16624999046325684
1019,42,TPE,0.16624999046325684
1019,43,TPE,0.16624999046325684
1019,44,TPE,0.16624999046325684
1019,45,TPE,0.16624999046325684
1019,46,TPE,0.16624999046325684
1019,47,TPE,0.16624999046325684
1019,48,TPE,0.16624999046325684
1019,49,TPE,0.16624999046325684
1019,50,TPE,0.16624999046325684
1019,51,TPE,0.16624999046325684
1019,52,TPE,0.16624999046325684
1019,53,TPE,0.16624999046325684
1019,54,TPE,0.16624999046325684
1019,55,TPE,0.16624999046325684
1019,56,TPE,0.16624999046325684
1019,57,TPE,0.16624999046325684
1019,58,TPE,0.16624999046325684
1019,59,TPE,0.16624999046325684
1019,60,TPE,0.16624999046325684
1020,0,TPE,0.14499998092651367
1020,1,TPE,0.14499998092651367
1020,2,TPE,0.14499998092651367
1020,3,TPE,0.14499998092651367
1020,4,TPE,0.14499998092651367
1020,5,TPE,0.14499998092651367
1020,6,TPE,0.14499998092651367
1020,7,TPE,0.14499998092651367
1020,8,TPE,0.14499998092651367
1020,9,TPE,0.14499998092651367
1020,10,TPE,0.14499998092651367
1020,11,TPE,0.14499998092651367
1020,12,TPE,0.14499998092651367
1020,13,TPE,0.14499998092651367
1020,14,TPE,0.14499998092651367
1020,15,TPE,0.14499998092651367
1020,16,TPE,0.14499998092651367
1020,17,TPE,0.14499998092651367
1020,18,TPE,0.14499998092651367
1020,19,TPE,0.14499998092651367
1020,20,TPE,0.14499998092651367
1020,21,TPE,0.14499998092651367
1020,22,TPE,0.14499998092651367
1020,23,TPE,0.14499998092651367
1020,24,TPE,0.14499998092651367
1020,25,TPE,0.14499998092651367
1020,26,TPE,0.14499998092651367
1020,27,TPE,0.14499998092651367
1020,28,TPE,0.14499998092651367
1020,29,TPE,0.14499998092651367
1020,30,TPE,0.14499998092651367
1020,31,TPE,0.14499998092651367
1020,32,TPE,0.14499998092651367
1020,33,TPE,0.14499998092651367
1020,34,TPE,0.14499998092651367
1020,35,TPE,0.14499998092651367
1020,36,TPE,0.14499998092651367
1020,37,TPE,0.14499998092651367
1020,38,TPE,0.14499998092651367
1020,39,TPE,0.14499998092651367
1020,40,TPE,0.14499998092651367
1020,41,TPE,0.14499998092651367
1020,42,TPE,0.14499998092651367
1020,43,TPE,0.14499998092651367
1020,44,TPE,0.14499998092651367
1020,45,TPE,0.14499998092651367
1020,46,TPE,0.14499998092651367
1020,47,TPE,0.14499998092651367
1020,48,TPE,0.14499998092651367
1020,49,TPE,0.14499998092651367
1020,50,TPE,0.14499998092651367
1020,51,TPE,0.14499998092651367
1020,52,TPE,0.14499998092651367
1020,53,TPE,0.14499998092651367
1020,54,TPE,0.14499998092651367
1020,55,TPE,0.14499998092651367
1020,56,TPE,0.14499998092651367
1020,57,TPE,0.14499998092651367
1020,58,TPE,0.14499998092651367
1020,59,TPE,0.14499998092651367
1020,60,TPE,0.14499998092651367
1021,0,TPE,0.16874998807907104
1021,1,TPE,0.16874998807907104
1021,2,TPE,0.16874998807907104
1021,3,TPE,0.16874998807907104
1021,4,TPE,0.16874998807907104
1021,5,TPE,0.16874998807907104
1021,6,TPE,0.16874998807907104
1021,7,TPE,0.16874998807907104
1021,8,TPE,0.16874998807907104
1021,9,TPE,0.16874998807907104
1021,10,TPE,0.16874998807907104
1021,11,TPE,0.16874998807907104
1021,12,TPE,0.16874998807907104
1021,13,TPE,0.16874998807907104
1021,14,TPE,0.15525001287460327
1021,15,TPE,0.15525001287460327
1021,16,TPE,0.15525001287460327
1021,17,TPE,0.15525001287460327
1021,18,TPE,0.15525001287460327
1021,19,TPE,0.15525001287460327
1021,20,TPE,0.15525001287460327
1021,21,TPE,0.15525001287460327
1021,22,TPE,0.15525001287460327
1021,23,TPE,0.15525001287460327
1021,24,TPE,0.15525001287460327
1021,25,TPE,0.15525001287460327
1021,26,TPE,0.15525001287460327
1021,27,TPE,0.15525001287460327
1021,28,TPE,0.15525001287460327
1021,29,TPE,0.15525001287460327
1021,30,TPE,0.15525001287460327
1021,31,TPE,0.15525001287460327
1021,32,TPE,0.15525001287460327
1021,33,TPE,0.15525001287460327
1021,34,TPE,0.15525001287460327
1021,35,TPE,0.15525001287460327
1021,36,TPE,0.15525001287460327
1021,37,TPE,0.15525001287460327
1021,38,TPE,0.15525001287460327
1021,39,TPE,0.15525001287460327
1021,40,TPE,0.15525001287460327
1021,41,TPE,0.15525001287460327
1021,42,TPE,0.15525001287460327
1021,43,TPE,0.15525001287460327
1021,44,TPE,0.15525001287460327
1021,45,TPE,0.15525001287460327
1021,46,TPE,0.15525001287460327
1021,47,TPE,0.15525001287460327
1021,48,TPE,0.15525001287460327
1021,49,TPE,0.15525001287460327
1021,50,TPE,0.15525001287460327
1021,51,TPE,0.15525001287460327
1021,52,TPE,0.15525001287460327
1021,53,TPE,0.15525001287460327
1021,54,TPE,0.15525001287460327
1021,55,TPE,0.15525001287460327
1021,56,TPE,0.15525001287460327
1021,57,TPE,0.15525001287460327
1021,58,TPE,0.15525001287460327
1021,59,TPE,0.15525001287460327
1021,60,TPE,0.15525001287460327
1022,0,TPE,0.17024999856948853
1022,1,TPE,0.17024999856948853
1022,2,TPE,0.17024999856948853
1022,3,TPE,0.17024999856948853
1022,4,TPE,0.17024999856948853
1022,5,TPE,0.17024999856948853
1022,6,TPE,0.17024999856948853
1022,7,TPE,0.17024999856948853
1022,8,TPE,0.17024999856948853
1022,9,TPE,0.17024999856948853
1022,10,TPE,0.17024999856948853
1022,11,TPE,0.17024999856948853
1022,12,TPE,0.17024999856948853
1022,13,TPE,0.17024999856948853
1022,14,TPE,0.15549999475479126
1022,15,TPE,0.15549999475479126
1022,16,TPE,0.15549999475479126
1022,17,TPE,0.15549999475479126
1022,18,TPE,0.15549999475479126
1022,19,TPE,0.15275001525878906
1022,20,TPE,0.15275001525878906
1022,21,TPE,0.15275001525878906
1022,22,TPE,0.14800000190734863
1022,23,TPE,0.14525002241134644
1022,24,TPE,0.14525002241134644
1022,25,TPE,0.14525002241134644
1022,26,TPE,0.14525002241134644
1022,27,TPE,0.14525002241134644
1022,28,TPE,0.14525002241134644
1022,29,TPE,0.14525002241134644
1022,30,TPE,0.14525002241134644
1022,31,TPE,0.14525002241134644
1022,32,TPE,0.14525002241134644
1022,33,TPE,0.14525002241134644
1022,34,TPE,0.14525002241134644
1022,35,TPE,0.14525002241134644
1022,36,TPE,0.14525002241134644
1022,37,TPE,0.14525002241134644
1022,38,TPE,0.14525002241134644
1022,39,TPE,0.14525002241134644
1022,40,TPE,0.14525002241134644
1022,41,TPE,0.14525002241134644
1022,42,TPE,0.14525002241134644
1022,43,TPE,0.14525002241134644
1022,44,TPE,0.14525002241134644
1022,45,TPE,0.14525002241134644
1022,46,TPE,0.14525002241134644
1022,47,TPE,0.14525002241134644
1022,48,TPE,0.14525002241134644
1022,49,TPE,0.14525002241134644
1022,50,TPE,0.14525002241134644
1022,51,TPE,0.14525002241134644
1022,52,TPE,0.14525002241134644
1022,53,TPE,0.14525002241134644
1022,54,TPE,0.14525002241134644
1022,55,TPE,0.14525002241134644
1022,56,TPE,0.14525002241134644
1022,57,TPE,0.14525002241134644
1022,58,TPE,0.14525002241134644
1022,59,TPE,0.14525002241134644
1022,60,TPE,0.14525002241134644
1023,0,TPE,0.1967499852180481
1023,1,TPE,0.19300001859664917
1023,2,TPE,0.19300001859664917
1023,3,TPE,0.19300001859664917
1023,4,TPE,0.19300001859664917
1023,5,TPE,0.19300001859664917
1023,6,TPE,0.19300001859664917
1023,7,TPE,0.19300001859664917
1023,8,TPE,0.19300001859664917
1023,9,TPE,0.19300001859664917
1023,10,TPE,0.19300001859664917
1023,11,TPE,0.19300001859664917
1023,12,TPE,0.19300001859664917
1023,13,TPE,0.19300001859664917
1023,14,TPE,0.19300001859664917
1023,15,TPE,0.19300001859664917
1023,16,TPE,0.19300001859664917
1023,17,TPE,0.1704999804496765
1023,18,TPE,0.1704999804496765
1023,19,TPE,0.1704999804496765
1023,20,TPE,0.1704999804496765
1023,21,TPE,0.1704999804496765
1023,22,TPE,0.1704999804496765
1023,23,TPE,0.1704999804496765
1023,24,TPE,0.1704999804496765
1023,25,TPE,0.1704999804496765
1023,26,TPE,0.1704999804496765
1023,27,TPE,0.1704999804496765
1023,28,TPE,0.1704999804496765
1023,29,TPE,0.1704999804496765
1023,30,TPE,0.1704999804496765
1023,31,TPE,0.1704999804496765
1023,32,TPE,0.1704999804496765
1023,33,TPE,0.1667500138282776
1023,34,TPE,0.1667500138282776
1023,35,TPE,0.1667500138282776
1023,36,TPE,0.1667500138282776
1023,37,TPE,0.1667500138282776
1023,38,TPE,0.1667500138282776
1023,39,TPE,0.1667500138282776
1023,40,TPE,0.1667500138282776
1023,41,TPE,0.1667500138282776
1023,42,TPE,0.1667500138282776
1023,43,TPE,0.1667500138282776
1023,44,TPE,0.16500002145767212
1023,45,TPE,0.16500002145767212
1023,46,TPE,0.16500002145767212
1023,47,TPE,0.16500002145767212
1023,48,TPE,0.16500002145767212
1023,49,TPE,0.16500002145767212
1023,50,TPE,0.16500002145767212
1023,51,TPE,0.16500002145767212
1023,52,TPE,0.16500002145767212
1023,53,TPE,0.16500002145767212
1023,54,TPE,0.16500002145767212
1023,55,TPE,0.16500002145767212
1023,56,TPE,0.16500002145767212
1023,57,TPE,0.16500002145767212
1023,58,TPE,0.16500002145767212
1023,59,TPE,0.16500002145767212
1023,60,TPE,0.16500002145767212
1024,0,TPE,0.16049998998641968
1024,1,TPE,0.16049998998641968
1024,2,TPE,0.16049998998641968
1024,3,TPE,0.16049998998641968
1024,4,TPE,0.1600000262260437
1024,5,TPE,0.1600000262260437
1024,6,TPE,0.1600000262260437
1024,7,TPE,0.1600000262260437
1024,8,TPE,0.1600000262260437
1024,9,TPE,0.1600000262260437
1024,10,TPE,0.1600000262260437
1024,11,TPE,0.1600000262260437
1024,12,TPE,0.1600000262260437
1024,13,TPE,0.1600000262260437
1024,14,TPE,0.1600000262260437
1024,15,TPE,0.1600000262260437
1024,16,TPE,0.1600000262260437
1024,17,TPE,0.1600000262260437
1024,18,TPE,0.1600000262260437
1024,19,TPE,0.1600000262260437
1024,20,TPE,0.1600000262260437
1024,21,TPE,0.1600000262260437
1024,22,TPE,0.1600000262260437
1024,23,TPE,0.1600000262260437
1024,24,TPE,0.1600000262260437
1024,25,TPE,0.1600000262260437
1024,26,TPE,0.1600000262260437
1024,27,TPE,0.1600000262260437
1024,28,TPE,0.1600000262260437
1024,29,TPE,0.1600000262260437
1024,30,TPE,0.1600000262260437
1024,31,TPE,0.1600000262260437
1024,32,TPE,0.1600000262260437
1024,33,TPE,0.1600000262260437
1024,34,TPE,0.1600000262260437
1024,35,TPE,0.1600000262260437
1024,36,TPE,0.1600000262260437
1024,37,TPE,0.1600000262260437
1024,38,TPE,0.1600000262260437
1024,39,TPE,0.1600000262260437
1024,40,TPE,0.15525001287460327
1024,41,TPE,0.15525001287460327
1024,42,TPE,0.15525001287460327
1024,43,TPE,0.15525001287460327
1024,44,TPE,0.15525001287460327
1024,45,TPE,0.15525001287460327
1024,46,TPE,0.15525001287460327
1024,47,TPE,0.15525001287460327
1024,48,TPE,0.15525001287460327
1024,49,TPE,0.15525001287460327
1024,50,TPE,0.15525001287460327
1024,51,TPE,0.15525001287460327
1024,52,TPE,0.15525001287460327
1024,53,TPE,0.15525001287460327
1024,54,TPE,0.15525001287460327
1024,55,TPE,0.15525001287460327
1024,56,TPE,0.15525001287460327
1024,57,TPE,0.15525001287460327
1024,58,TPE,0.15525001287460327
1024,59,TPE,0.15525001287460327
1024,60,TPE,0.15525001287460327
1025,0,TPE,0.16825002431869507
1025,1,TPE,0.16399997472763062
1025,2,TPE,0.16399997472763062
1025,3,TPE,0.16399997472763062
1025,4,TPE,0.16399997472763062
1025,5,TPE,0.16399997472763062
1025,6,TPE,0.16399997472763062
1025,7,TPE,0.16399997472763062
1025,8,TPE,0.16399997472763062
1025,9,TPE,0.16399997472763062
1025,10,TPE,0.16399997472763062
1025,11,TPE,0.16399997472763062
1025,12,TPE,0.16399997472763062
1025,13,TPE,0.16399997472763062
1025,14,TPE,0.16399997472763062
1025,15,TPE,0.16399997472763062
1025,16,TPE,0.16399997472763062
1025,17,TPE,0.16399997472763062
1025,18,TPE,0.16399997472763062
1025,19,TPE,0.16399997472763062
1025,20,TPE,0.16399997472763062
1025,21,TPE,0.16399997472763062
1025,22,TPE,0.16399997472763062
1025,23,TPE,0.16399997472763062
1025,24,TPE,0.16399997472763062
1025,25,TPE,0.16399997472763062
1025,26,TPE,0.16399997472763062
1025,27,TPE,0.16399997472763062
1025,28,TPE,0.16399997472763062
1025,29,TPE,0.16399997472763062
1025,30,TPE,0.16399997472763062
1025,31,TPE,0.16399997472763062
1025,32,TPE,0.16399997472763062
1025,33,TPE,0.16399997472763062
1025,34,TPE,0.16399997472763062
1025,35,TPE,0.16399997472763062
1025,36,TPE,0.16399997472763062
1025,37,TPE,0.16399997472763062
1025,38,TPE,0.16399997472763062
1025,39,TPE,0.15850001573562622
1025,40,TPE,0.15850001573562622
1025,41,TPE,0.15850001573562622
1025,42,TPE,0.15850001573562622
1025,43,TPE,0.15850001573562622
1025,44,TPE,0.15850001573562622
1025,45,TPE,0.15850001573562622
1025,46,TPE,0.15850001573562622
1025,47,TPE,0.15850001573562622
1025,48,TPE,0.15850001573562622
1025,49,TPE,0.15850001573562622
1025,50,TPE,0.15850001573562622
1025,51,TPE,0.15850001573562622
1025,52,TPE,0.15850001573562622
1025,53,TPE,0.15850001573562622
1025,54,TPE,0.15850001573562622
1025,55,TPE,0.15850001573562622
1025,56,TPE,0.15850001573562622
1025,57,TPE,0.15850001573562622
1025,58,TPE,0.15850001573562622
1025,59,TPE,0.15850001573562622
1025,60,TPE,0.15850001573562622
