seed,iter,method,best
1001,0,BASS-BO,0.06606315993071493
1001,1,BASS-BO,0.06606315993071493
1001,2,BASS-BO,0.06606315993071493
1001,3,BASS-BO,0.06606315993071493
1001,4,BASS-BO,0.06606315993071493
1001,5,BASS-BO,0.06606315993071493
1001,6,BASS-BO,0.06606315993071493
1001,7,BASS-BO,0.06606315993071493
1001,8,BASS-BO,0.06606315993071493
1001,9,BASS-BO,0.06606315993071493
1001,10,BASS-BO,0.06606315993071493
1001,11,BASS-BO,0.06606315993071493
1001,12,BASS-BO,0.06606315993071493
1001,13,BASS-BO,0.06606315993071493
1001,14,BASS-BO,0.06606315993071493
1001,15,BASS-BO,0.06606315993071493
1001,16,BASS-BO,0.06606315993071493
1001,17,BASS-BO,0.06606315993071493
1001,18,BASS-BO,0.06606315993071493
1001,19,BASS-BO,0.06606315993071493
1001,20,BASS-BO,0.06606315993071493
1001,21,BASS-BO,0.06606315993071493
1001,22,BASS-BO,0.06606315993071493
1001,23,BASS-BO,0.06606315993071493
1001,24,BASS-BO,0.06606315993071493
1001,25,BASS-BO,0.06606315993071493
1001,26,BASS-BO,0.06606315993071493
1001,27,BASS-BO,0.06606315993071493
1001,28,BASS-BO,0.06606315993071493
1001,29,BASS-BO,0.06606315993071493
1001,30,BASS-BO,0.06606315993071493
1001,31,BASS-BO,0.06606315993071493
1001,32,BASS-BO,0.06606315993071493
1001,33,BASS-BO,0.06606315993071493
1001,34,BASS-BO,0.06606315993071493
1001,35,BASS-BO,0.06606315993071493
1001,36,BASS-BO,0.06606315993071493
1001,37,BASS-BO,0.06606315993071493
1001,38,BASS-BO,0.06606315993071493
1001,39,BASS-BO,0.06606315993071493
1001,40,BASS-BO,0.06606315993071493
1001,41,BASS-BO,0.06606315993071493
1001,42,BASS-BO,0.06606315993071493
1001,43,BASS-BO,0.06606315993071493
1001,44,BASS-BO,0.06606315993071493
1001,45,BASS-BO,0.06606315993071493
1001,46,BASS-BO,0.06606315993071493
1001,47,BASS-BO,0.06606315993071493
1001,48,BASS-BO,0.06606315993071493
1001,49,BASS-BO,0.06606315993071493
1001,50,BASS-BO,0.06606315993071493
1001,51,BASS-BO,0.06606315993071493
1001,52,BASS-BO,0.06606315993071493
1001,53,BASS-BO,0.06606315993071493
1001,54,BASS-BO,0.06606315993071493
1001,55,BASS-BO,0.06606315993071493
1001,56,BASS-BO,0.06606315993071493
1001,57,BASS-BO,0.06606315993071493
1001,58,BASS-BO,0.06606315993071493
1001,59,BASS-BO,0.06606315993071493
1001,60,BASS-BO,0.06606315993071493
1001,61,BASS-BO,0.06606315993071493
1001,62,BASS-BO,0.06606315993071493
1001,63,BASS-BO,0.06606315993071493
1001,64,BASS-BO,0.06606315993071493
1001,65,BASS-BO,0.06606315993071493
1001,66,BASS-BO,0.06606315993071493
1001,67,BASS-BO,0.06606315993071493
1001,68,BASS-BO,0.06606315993071493
1001,69,BASS-BO,0.06606315993071493
1001,70,BASS-BO,0.06606315993071493
1001,71,BASS-BO,0.06606315993071493
1001,72,BASS-BO,0.06606315993071493
1001,73,BASS-BO,0.06606315993071493
1001,74,BASS-BO,0.06606315993071493
1001,75,BASS-BO,0.06606315993071493
1001,76,BASS-BO,0.06606315993071493
1001,77,BASS-BO,0.06606315993071493
1001,78,BASS-BO,0.06606315993071493
1001,79,BASS-BO,0.06606315993071493
1001,80,BASS-BO,0.06606315993071493
1001,0,GP-BO,0.06606315993071493
1001,1,GP-BO,0.06606315993071493
1001,2,GP-BO,0.06606315993071493
1001,3,GP-BO,0.06606315993071493
1001,4,GP-BO,0.06606315993071493
1001,5,GP-BO,0.06606315993071493
1001,6,GP-BO,0.06606315993071493
1001,7,GP-BO,0.06606315993071493
1001,8,GP-BO,0.06606315993071493
1001,9,GP-BO,0.06606315993071493
1001,10,GP-BO,0.06606315993071493
1001,11,GP-BO,0.06606315993071493
1001,12,GP-BO,0.06606315993071493
1001,13,GP-BO,0.06606315993071493
1001,14,GP-BO,0.06606315993071493
1001,15,GP-BO,0.06606315993071493
1001,16,GP-BO,0.06606315993071493
1001,17,GP-BO,0.06606315993071493
1001,18,GP-BO,0.06606315993071493
1001,19,GP-BO,0.06606315993071493
1001,20,GP-BO,0.06606315993071493
1001,21,GP-BO,0.06606315993071493
1001,22,GP-BO,0.06606315993071493
1001,23,GP-BO,0.06606315993071493
1001,24,GP-BO,0.06606315993071493
1001,25,GP-BO,0.06606315993071493
1001,26,GP-BO,0.06606315993071493
1001,27,GP-BO,0.06606315993071493
1001,28,GP-BO,0.06606315993071493
1001,29,GP-BO,0.06606315993071493
1001,30,GP-BO,0.06606315993071493
1001,31,GP-BO,0.03924136130642075
1001,32,GP-BO,0.03924136130642075
1001,33,GP-BO,0.03924136130642075
1001,34,GP-BO,0.03924136130642075
1001,35,GP-BO,0.03924136130642075
1001,36,GP-BO,0.03924136130642075
1001,37,GP-BO,0.03924136130642075
1001,38,GP-BO,0.03924136130642075
1001,39,GP-BO,0.03924136130642075
1001,40,GP-BO,0.03924136130642075
1001,41,GP-BO,0.03924136130642075
1001,42,GP-BO,0.03924136130642075
1001,43,GP-BO,0.03924136130642075
1001,44,GP-BO,0.03924136130642075
1001,45,GP-BO,0.03924136130642075
1001,46,GP-BO,0.03924136130642075
1001,47,GP-BO,0.03924136130642075
1001,48,GP-BO,0.03924136130642075
1001,49,GP-BO,0.03924136130642075
1001,50,GP-BO,0.03924136130642075
1001,51,GP-BO,0.03924136130642075
1001,52,GP-BO,0.03924136130642075
1001,53,GP-BO,0.03924136130642075
1001,54,GP-BO,0.03924136130642075
1001,55,GP-BO,0.03924136130642075
1001,56,GP-BO,0.03924136130642075
1001,57,GP-BO,0.03924136130642075
1001,58,GP-BO,0.03924136130642075
1001,59,GP-BO,0.03924136130642075
1001,60,GP-BO,0.03924136130642075
1001,61,GP-BO,0.03924136130642075
1001,62,GP-BO,0.03924136130642075
1001,63,GP-BO,0.03924136130642075
1001,64,GP-BO,0.03924136130642075
1001,65,GP-BO,0.03924136130642075
1001,66,GP-BO,0.03924136130642075
1001,67,GP-BO,-0.026193888668213705
1001,68,GP-BO,-0.026193888668213705
1001,69,GP-BO,-0.026193888668213705
1001,70,GP-BO,-0.026193888668213705
1001,71,GP-BO,-0.026193888668213705
1001,72,GP-BO,-0.026193888668213705
1001,73,GP-BO,-0.026193888668213705
1001,74,GP-BO,-0.026193888668213705
1001,75,GP-BO,-0.026193888668213705
1001,76,GP-BO,-0.026193888668213705
1001,77,GP-BO,-0.026193888668213705
1001,78,GP-BO,-0.026193888668213705
1001,79,GP-BO,-0.026193888668213705
1001,80,GP-BO,-0.026193888668213705
1001,0,Random,0.06606315993071493
1001,1,Random,0.06606315993071493
1001,2,Random,0.06606315993071493
1001,3,Random,0.06606315993071493
1001,4,Random,0.06606315993071493
1001,5,Random,0.06606315993071493
1001,6,Random,-0.20248996030758415
1001,7,Random,-0.20248996030758415
1001,8,Random,-0.20248996030758415
1001,9,Random,-0.20248996030758415
1001,10,Random,-0.20248996030758415
1001,11,Random,-0.20248996030758415
1001,12,Random,-0.20248996030758415
1001,13,Random,-0.20248996030758415
1001,14,Random,-0.20248996030758415
1001,15,Random,-0.20248996030758415
1001,16,Random,-0.20248996030758415
1001,17,Random,-0.20248996030758415
1001,18,Random,-0.20248996030758415
1001,19,Random,-0.20248996030758415
1001,20,Random,-0.20248996030758415
1001,21,Random,-0.20248996030758415
1001,22,Random,-0.20248996030758415
1001,23,Random,-0.20248996030758415
1001,24,Random,-0.20248996030758415
1001,25,Random,-0.20248996030758415
1001,26,Random,-0.20248996030758415
1001,27,Random,-0.20248996030758415
1001,28,Random,-0.20248996030758415
1001,29,Random,-0.20248996030758415
1001,30,Random,-0.20248996030758415
1001,31,Random,-0.20248996030758415
1001,32,Random,-0.20248996030758415
1001,33,Random,-0.20248996030758415
1001,34,Random,-0.20248996030758415
1001,35,Random,-0.20248996030758415
1001,36,Random,-0.20248996030758415
1001,37,Random,-0.20248996030758415
1001,38,Random,-0.20248996030758415
1001,39,Random,-0.20248996030758415
1001,40,Random,-0.20248996030758415
1001,41,Random,-0.20248996030758415
1001,42,Random,-0.20248996030758415
1001,43,Random,-0.20248996030758415
1001,44,Random,-0.20248996030758415
1001,45,Random,-0.20248996030758415
1001,46,Random,-0.20248996030758415
1001,47,Random,-0.20248996030758415
1001,48,Random,-0.20248996030758415
1001,49,Random,-0.20248996030758415
1001,50,Random,-0.20248996030758415
1001,51,Random,-0.20248996030758415
1001,52,Random,-0.20248996030758415
1001,53,Random,-0.20248996030758415
1001,54,Random,-0.20248996030758415
1001,55,Random,-0.20248996030758415
1001,56,Random,-0.20248996030758415
1001,57,Random,-0.20248996030758415
1001,58,Random,-0.20248996030758415
1001,59,Random,-0.20248996030758415
1001,60,Random,-0.20248996030758415
1001,61,Random,-0.20248996030758415
1001,62,Random,-0.20248996030758415
1001,63,Random,-0.20248996030758415
1001,64,Random,-0.20248996030758415
1001,65,Random,-0.20248996030758415
1001,66,Random,-0.20248996030758415
1001,67,Random,-0.20248996030758415
1001,68,Random,-0.20248996030758415
1001,69,Random,-0.20248996030758415
1001,70,Random,-0.20248996030758415
1001,71,Random,-0.20248996030758415
1001,72,Random,-0.20248996030758415
1001,73,Random,-0.20248996030758415
1001,74,Random,-0.20248996030758415
1001,75,Random,-0.20248996030758415
1001,76,Random,-0.20248996030758415
1001,77,Random,-0.20248996030758415
1001,78,Random,-0.20248996030758415
1001,79,Random,-0.20248996030758415
1001,80,Random,-0.20248996030758415
1002,0,BASS-BO,0.6295877400896233
1002,1,BASS-BO,0.6295877400896233
1002,2,BASS-BO,0.6295877400896233
1002,3,BASS-BO,0.6295877400896233
1002,4,BASS-BO,0.3782969529489575
1002,5,BASS-BO,0.3782969529489575
1002,6,BASS-BO,0.3782969529489575
1002,7,BASS-BO,0.3782969529489575
1002,8,BASS-BO,0.3782969529489575
1002,9,BASS-BO,0.3782969529489575
1002,10,BASS-BO,0.3782969529489575
1002,11,BASS-BO,0.3782969529489575
1002,12,BASS-BO,0.3782969529489575
1002,13,BASS-BO,0.3782969529489575
1002,14,BASS-BO,0.3782969529489575
1002,15,BASS-BO,0.3782969529489575
1002,16,BASS-BO,0.3782969529489575
1002,17,BASS-BO,0.19433063985691745
1002,18,BASS-BO,0.19433063985691745
1002,19,BASS-BO,0.19433063985691745
1002,20,BASS-BO,0.19433063985691745
1002,21,BASS-BO,0.19433063985691745
1002,22,BASS-BO,0.19433063985691745
1002,23,BASS-BO,0.19433063985691745
1002,24,BASS-BO,0.19433063985691745
1002,25,BASS-BO,0.19433063985691745
1002,26,BASS-BO,0.19433063985691745
1002,27,BASS-BO,0.19433063985691745
1002,28,BASS-BO,0.19433063985691745
1002,29,BASS-BO,0.19433063985691745
1002,30,BASS-BO,0.19433063985691745
1002,31,BASS-BO,0.19433063985691745
1002,32,BASS-BO,0.19433063985691745
1002,33,BASS-BO,0.19433063985691745
1002,34,BASS-BO,0.19433063985691745
1002,35,BASS-BO,0.19433063985691745
1002,36,BASS-BO,0.19433063985691745
1002,37,BASS-BO,0.19433063985691745
1002,38,BASS-BO,0.19433063985691745
1002,39,BASS-BO,0.19433063985691745
1002,40,BASS-BO,0.19433063985691745
1002,41,BASS-BO,0.19433063985691745
1002,42,BASS-BO,0.19433063985691745
1002,43,BASS-BO,0.19433063985691745
1002,44,BASS-BO,0.19433063985691745
1002,45,BASS-BO,0.19433063985691745
1002,46,BASS-BO,0.19433063985691745
1002,47,BASS-BO,0.19433063985691745
1002,48,BASS-BO,0.19433063985691745
1002,49,BASS-BO,0.19433063985691745
1002,50,BASS-BO,0.19433063985691745
1002,51,BASS-BO,0.19433063985691745
1002,52,BASS-BO,0.19433063985691745
1002,53,BASS-BO,0.19433063985691745
1002,54,BASS-BO,0.19433063985691745
1002,55,BASS-BO,0.19433063985691745
1002,56,BASS-BO,0.19433063985691745
1002,57,BASS-BO,0.19433063985691745
1002,58,BASS-BO,0.19433063985691745
1002,59,BASS-BO,0.19433063985691745
1002,60,BASS-BO,0.19433063985691745
1002,61,BASS-BO,0.19433063985691745
1002,62,BASS-BO,0.19433063985691745
1002,63,BASS-BO,0.1676272155504429
1002,64,BASS-BO,0.1676272155504429
1002,65,BASS-BO,0.1676272155504429
1002,66,BASS-BO,0.1676272155504429
1002,67,BASS-BO,0.1676272155504429
1002,68,BASS-BO,0.06534181838667917
1002,69,BASS-BO,0.06534181838667917
1002,70,BASS-BO,0.06534181838667917
1002,71,BASS-BO,0.06534181838667917
1002,72,BASS-BO,0.06534181838667917
1002,73,BASS-BO,0.06534181838667917
1002,74,BASS-BO,0.059358066570683155
1002,75,BASS-BO,0.059358066570683155
1002,76,BASS-BO,0.059358066570683155
1002,77,BASS-BO,0.059358066570683155
1002,78,BASS-BO,0.059358066570683155
1002,79,BASS-BO,0.059358066570683155
1002,80,BASS-BO,0.059358066570683155
1002,0,GP-BO,0.6295877400896233
1002,1,GP-BO,0.6295877400896233
1002,2,GP-BO,0.6295877400896233
1002,3,GP-BO,0.6295877400896233
1002,4,GP-BO,0.6295877400896233
1002,5,GP-BO,0.39195221730777813
1002,6,GP-BO,0.39195221730777813
1002,7,GP-BO,0.39195221730777813
1002,8,GP-BO,0.28911467607495034
1002,9,GP-BO,0.28911467607495034
1002,10,GP-BO,0.28911467607495034
1002,11,GP-BO,0.17032346047781158
1002,12,GP-BO,0.17032346047781158
1002,13,GP-BO,0.17032346047781158
1002,14,GP-BO,0.17032346047781158
1002,15,GP-BO,0.17032346047781158
1002,16,GP-BO,0.05408642053030008
1002,17,GP-BO,0.05408642053030008
1002,18,GP-BO,0.05408642053030008
1002,19,GP-BO,0.05408642053030008
1002,20,GP-BO,0.05408642053030008
1002,21,GP-BO,0.05408642053030008
1002,22,GP-BO,0.05408642053030008
1002,23,GP-BO,0.05408642053030008
1002,24,GP-BO,0.05408642053030008
1002,25,GP-BO,0.05408642053030008
1002,26,GP-BO,0.05408642053030008
1002,27,GP-BO,0.05408642053030008
1002,28,GP-BO,0.05408642053030008
1002,29,GP-BO,0.05408642053030008
1002,30,GP-BO,0.05408642053030008
1002,31,GP-BO,0.05408642053030008
1002,32,GP-BO,0.05408642053030008
1002,33,GP-BO,-0.1828451384505869
1002,34,GP-BO,-0.1828451384505869
1002,35,GP-BO,-0.1828451384505869
1002,36,GP-BO,-0.1828451384505869
1002,37,GP-BO,-0.1828451384505869
1002,38,GP-BO,-0.1828451384505869
1002,39,GP-BO,-0.1828451384505869
1002,40,GP-BO,-0.1828451384505869
1002,41,GP-BO,-0.1828451384505869
1002,42,GP-BO,-0.1828451384505869
1002,43,GP-BO,-0.1828451384505869
1002,44,GP-BO,-0.1828451384505869
1002,45,GP-BO,-0.1828451384505869
1002,46,GP-BO,-0.1828451384505869
1002,47,GP-BO,-0.1828451384505869
1002,48,GP-BO,-0.1828451384505869
1002,49,GP-BO,-0.1828451384505869
1002,50,GP-BO,-0.1828451384505869
1002,51,GP-BO,-0.1828451384505869
1002,52,GP-BO,-0.1828451384505869
1002,53,GP-BO,-0.1828451384505869
1002,54,GP-BO,-0.1828451384505869
1002,55,GP-BO,-0.1828451384505869
1002,56,GP-BO,-0.1828451384505869
1002,57,GP-BO,-0.1828451384505869
1002,58,GP-BO,-0.1828451384505869
1002,59,GP-BO,-0.1828451384505869
1002,60,GP-BO,-0.1828451384505869
1002,61,GP-BO,-0.1828451384505869
1002,62,GP-BO,-0.1828451384505869
1002,63,GP-BO,-0.1828451384505869
1002,64,GP-BO,-0.1828451384505869
1002,65,GP-BO,-0.1828451384505869
1002,66,GP-BO,-0.1828451384505869
1002,67,GP-BO,-0.1828451384505869
1002,68,GP-BO,-0.31718997013948036
1002,69,GP-BO,-0.31718997013948036
1002,70,GP-BO,-0.31718997013948036
1002,71,GP-BO,-0.31718997013948036
1002,72,GP-BO,-0.31718997013948036
1002,73,GP-BO,-0.31718997013948036
1002,74,GP-BO,-0.31718997013948036
1002,75,GP-BO,-0.31718997013948036
1002,76,GP-BO,-0.31718997013948036
1002,77,GP-BO,-0.31718997013948036
1002,78,GP-BO,-0.31718997013948036
1002,79,GP-BO,-0.31718997013948036
1002,80,GP-BO,-0.3865049437072039
1002,0,Random,0.6295877400896233
1002,1,Random,0.6295877400896233
1002,2,Random,0.6295877400896233
1002,3,Random,0.6295877400896233
1002,4,Random,0.6295877400896233
1002,5,Random,0.6295877400896233
1002,6,Random,0.6295877400896233
1002,7,Random,0.6295877400896233
1002,8,Random,0.6295877400896233
1002,9,Random,0.6295877400896233
1002,10,Random,0.6295877400896233
1002,11,Random,0.6295877400896233
1002,12,Random,0.6295877400896233
1002,13,Random,0.3848085884519399
1002,14,Random,0.3848085884519399
1002,15,Random,0.3848085884519399
1002,16,Random,0.3848085884519399
1002,17,Random,0.3848085884519399
1002,18,Random,0.228690448463791
1002,19,Random,0.228690448463791
1002,20,Random,0.228690448463791
1002,21,Random,0.228690448463791
1002,22,Random,-0.007508978458201421
1002,23,Random,-0.007508978458201421
1002,24,Random,-0.007508978458201421
1002,25,Random,-0.007508978458201421
1002,26,Random,-0.007508978458201421
1002,27,Random,-0.007508978458201421
1002,28,Random,-0.007508978458201421
1002,29,Random,-0.007508978458201421
1002,30,Random,-0.007508978458201421
1002,31,Random,-0.007508978458201421
1002,32,Random,-0.007508978458201421
1002,33,Random,-0.007508978458201421
1002,34,Random,-0.007508978458201421
1002,35,Random,-0.007508978458201421
1002,36,Random,-0.007508978458201421
1002,37,Random,-0.007508978458201421
1002,38,Random,-0.007508978458201421
1002,39,Random,-0.007508978458201421
1002,40,Random,-0.007508978458201421
1002,41,Random,-0.007508978458201421
1002,42,Random,-0.007508978458201421
1002,43,Random,-0.007508978458201421
1002,44,Random,-0.007508978458201421
1002,45,Random,-0.007508978458201421
1002,46,Random,-0.007508978458201421
1002,47,Random,-0.007508978458201421
1002,48,Random,-0.007508978458201421
1002,49,Random,-0.007508978458201421
1002,50,Random,-0.007508978458201421
1002,51,Random,-0.007508978458201421
1002,52,Random,-0.007508978458201421
1002,53,Random,-0.007508978458201421
1002,54,Random,-0.007508978458201421
1002,55,Random,-0.007508978458201421
1002,56,Random,-0.007508978458201421
1002,57,Random,-0.007508978458201421
1002,58,Random,-0.007508978458201421
1002,59,Random,-0.007508978458201421
1002,60,Random,-0.007508978458201421
1002,61,Random,-0.007508978458201421
1002,62,Random,-0.007508978458201421
1002,63,Random,-0.007508978458201421
1002,64,Random,-0.007508978458201421
1002,65,Random,-0.007508978458201421
1002,66,Random,-0.007508978458201421
1002,67,Random,-0.007508978458201421
1002,68,Random,-0.007508978458201421
1002,69,Random,-0.007508978458201421
1002,70,Random,-0.007508978458201421
1002,71,Random,-0.007508978458201421
1002,72,Random,-0.007508978458201421
1002,73,Random,-0.007508978458201421
1002,74,Random,-0.007508978458201421
1002,75,Random,-0.007508978458201421
1002,76,Random,-0.007508978458201421
1002,77,Random,-0.007508978458201421
1002,78,Random,-0.007508978458201421
1002,79,Random,-0.007508978458201421
1002,80,Random,-0.007508978458201421
1003,0,BASS-BO,0.4638908838269465
1003,1,BASS-BO,0.4638908838269465
1003,2,BASS-BO,0.4638908838269465
1003,3,BASS-BO,0.4638908838269465
1003,4,BASS-BO,0.4638908838269465
1003,5,BASS-BO,0.4638908838269465
1003,6,BASS-BO,0.4638908838269465
1003,7,BASS-BO,0.43215244451227697
1003,8,BASS-BO,0.43215244451227697
1003,9,BASS-BO,0.43215244451227697
1003,10,BASS-BO,0.43215244451227697
1003,11,BASS-BO,0.43215244451227697
1003,12,BASS-BO,0.43215244451227697
1003,13,BASS-BO,0.43215244451227697
1003,14,BASS-BO,0.43215244451227697
1003,15,BASS-BO,0.43215244451227697
1003,16,BASS-BO,0.43215244451227697
1003,17,BASS-BO,0.43215244451227697
1003,18,BASS-BO,0.43215244451227697
1003,19,BASS-BO,0.43215244451227697
1003,20,BASS-BO,0.43215244451227697
1003,21,BASS-BO,0.43215244451227697
1003,22,BASS-BO,0.43215244451227697
1003,23,BASS-BO,0.43215244451227697
1003,24,BASS-BO,0.43215244451227697
1003,25,BASS-BO,0.43215244451227697
1003,26,BASS-BO,0.43215244451227697
1003,27,BASS-BO,0.43215244451227697
1003,28,BASS-BO,0.43215244451227697
1003,29,BASS-BO,0.43215244451227697
1003,30,BASS-BO,0.43215244451227697
1003,31,BASS-BO,0.43215244451227697
1003,32,BASS-BO,0.43215244451227697
1003,33,BASS-BO,0.43215244451227697
1003,34,BASS-BO,0.43215244451227697
1003,35,BASS-BO,0.43215244451227697
1003,36,BASS-BO,0.43215244451227697
1003,37,BASS-BO,0.43215244451227697
1003,38,BASS-BO,0.43215244451227697
1003,39,BASS-BO,0.43215244451227697
1003,40,BASS-BO,0.43215244451227697
1003,41,BASS-BO,0.43215244451227697
1003,42,BASS-BO,0.43215244451227697
1003,43,BASS-BO,0.1364124390846631
1003,44,BASS-BO,0.1364124390846631
1003,45,BASS-BO,0.1364124390846631
1003,46,BASS-BO,0.1364124390846631
1003,47,BASS-BO,0.1364124390846631
1003,48,BASS-BO,0.1364124390846631
1003,49,BASS-BO,0.1364124390846631
1003,50,BASS-BO,0.1364124390846631
1003,51,BASS-BO,0.1364124390846631
1003,52,BASS-BO,0.1364124390846631
1003,53,BASS-BO,0.1364124390846631
1003,54,BASS-BO,0.1364124390846631
1003,55,BASS-BO,0.1364124390846631
1003,56,BASS-BO,0.1364124390846631
1003,57,BASS-BO,0.1364124390846631
1003,58,BASS-BO,0.1364124390846631
1003,59,BASS-BO,0.1364124390846631
1003,60,BASS-BO,0.1364124390846631
1003,61,BASS-BO,0.1364124390846631
1003,62,BASS-BO,0.1364124390846631
1003,63,BASS-BO,0.1364124390846631
1003,64,BASS-BO,0.1364124390846631
1003,65,BASS-BO,0.1364124390846631
1003,66,BASS-BO,0.1364124390846631
1003,67,BASS-BO,0.1364124390846631
1003,68,BASS-BO,0.1364124390846631
1003,69,BASS-BO,0.1364124390846631
1003,70,BASS-BO,0.1364124390846631
1003,71,BASS-BO,0.1364124390846631
1003,72,BASS-BO,0.1364124390846631
1003,73,BASS-BO,0.1364124390846631
1003,74,BASS-BO,0.1364124390846631
1003,75,BASS-BO,0.1364124390846631
1003,76,BASS-BO,0.1364124390846631
1003,77,BASS-BO,0.1364124390846631
1003,78,BASS-BO,0.1364124390846631
1003,79,BASS-BO,0.1364124390846631
1003,80,BASS-BO,0.1364124390846631
1003,0,GP-BO,0.4638908838269465
1003,1,GP-BO,0.4638908838269465
1003,2,GP-BO,0.287196554518051
1003,3,GP-BO,0.287196554518051
1003,4,GP-BO,0.2836719722408281
1003,5,GP-BO,0.2836719722408281
1003,6,GP-BO,0.2836719722408281
1003,7,GP-BO,0.2836719722408281
1003,8,GP-BO,0.2836719722408281
1003,9,GP-BO,0.2836719722408281
1003,10,GP-BO,0.2836719722408281
1003,11,GP-BO,0.2836719722408281
1003,12,GP-BO,0.2836719722408281
1003,13,GP-BO,0.2836719722408281
1003,14,GP-BO,0.2836719722408281
1003,15,GP-BO,0.2836719722408281
1003,16,GP-BO,0.2836719722408281
1003,17,GP-BO,0.01855887598915132
1003,18,GP-BO,0.01855887598915132
1003,19,GP-BO,0.01855887598915132
1003,20,GP-BO,0.01855887598915132
1003,21,GP-BO,0.01855887598915132
1003,22,GP-BO,0.01855887598915132
1003,23,GP-BO,0.01855887598915132
1003,24,GP-BO,0.01855887598915132
1003,25,GP-BO,0.01855887598915132
1003,26,GP-BO,-0.16472098168231641
1003,27,GP-BO,-0.29363559067893685
1003,28,GP-BO,-0.29363559067893685
1003,29,GP-BO,-0.29363559067893685
1003,30,GP-BO,-0.29363559067893685
1003,31,GP-BO,-0.29363559067893685
1003,32,GP-BO,-0.6247635762067465
1003,33,GP-BO,-0.6247635762067465
1003,34,GP-BO,-0.6247635762067465
1003,35,GP-BO,-0.6247635762067465
1003,36,GP-BO,-0.6247635762067465
1003,37,GP-BO,-0.6247635762067465
1003,38,GP-BO,-0.6247635762067465
1003,39,GP-BO,-0.6247635762067465
1003,40,GP-BO,-0.6247635762067465
1003,41,GP-BO,-0.6247635762067465
1003,42,GP-BO,-0.6247635762067465
1003,43,GP-BO,-0.6247635762067465
1003,44,GP-BO,-0.6247635762067465
1003,45,GP-BO,-0.6247635762067465
1003,46,GP-BO,-0.6247635762067465
1003,47,GP-BO,-0.6247635762067465
1003,48,GP-BO,-0.6247635762067465
1003,49,GP-BO,-0.6247635762067465
1003,50,GP-BO,-0.6247635762067465
1003,51,GP-BO,-0.6247635762067465
1003,52,GP-BO,-0.6247635762067465
1003,53,GP-BO,-0.6247635762067465
1003,54,GP-BO,-0.6247635762067465
1003,55,GP-BO,-0.6247635762067465
1003,56,GP-BO,-0.6247635762067465
1003,57,GP-BO,-0.6247635762067465
1003,58,GP-BO,-0.6247635762067465
1003,59,GP-BO,-0.6247635762067465
1003,60,GP-BO,-0.6247635762067465
1003,61,GP-BO,-0.6247635762067465
1003,62,GP-BO,-0.6247635762067465
1003,63,GP-BO,-0.6247635762067465
1003,64,GP-BO,-0.6247635762067465
1003,65,GP-BO,-0.6247635762067465
1003,66,GP-BO,-0.6247635762067465
1003,67,GP-BO,-0.6247635762067465
1003,68,GP-BO,-0.6247635762067465
1003,69,GP-BO,-0.6247635762067465
1003,70,GP-BO,-0.6247635762067465
1003,71,GP-BO,-0.6247635762067465
1003,72,GP-BO,-0.6247635762067465
1003,73,GP-BO,-0.6247635762067465
1003,74,GP-BO,-0.6247635762067465
1003,75,GP-BO,-0.6247635762067465
1003,76,GP-BO,-0.6247635762067465
1003,77,GP-BO,-0.6247635762067465
1003,78,GP-BO,-0.6247635762067465
1003,79,GP-BO,-0.6247635762067465
1003,80,GP-BO,-0.6247635762067465
1003,0,Random,0.4638908838269465
1003,1,Random,0.4638908838269465
1003,2,Random,0.4638908838269465
1003,3,Random,0.4638908838269465
1003,4,Random,0.4638908838269465
1003,5,Random,0.4638908838269465
1003,6,Random,0.4638908838269465
1003,7,Random,0.4638908838269465
1003,8,Random,0.4638908838269465
1003,9,Random,0.4638908838269465
1003,10,Random,0.4638908838269465
1003,11,Random,0.4638908838269465
1003,12,Random,0.4638908838269465
1003,13,Random,0.4638908838269465
1003,14,Random,0.4638908838269465
1003,15,Random,0.4638908838269465
1003,16,Random,0.23083657682135833
1003,17,Random,0.23083657682135833
1003,18,Random,0.23083657682135833
1003,19,Random,0.23083657682135833
1003,20,Random,0.23083657682135833
1003,21,Random,0.23083657682135833
1003,22,Random,0.23083657682135833
1003,23,Random,0.23083657682135833
1003,24,Random,0.23083657682135833
1003,25,Random,0.23083657682135833
1003,26,Random,0.23083657682135833
1003,27,Random,0.23083657682135833
1003,28,Random,0.23083657682135833
1003,29,Random,0.23083657682135833
1003,30,Random,0.23083657682135833
1003,31,Random,0.23083657682135833
1003,32,Random,0.23083657682135833
1003,33,Random,0.23083657682135833
1003,34,Random,0.23083657682135833
1003,35,Random,0.23083657682135833
1003,36,Random,0.23083657682135833
1003,37,Random,0.23083657682135833
1003,38,Random,0.23083657682135833
1003,39,Random,0.23083657682135833
1003,40,Random,0.23083657682135833
1003,41,Random,0.23083657682135833
1003,42,Random,0.23083657682135833
1003,43,Random,0.23083657682135833
1003,44,Random,0.23083657682135833
1003,45,Random,0.23083657682135833
1003,46,Random,0.23083657682135833
1003,47,Random,0.23083657682135833
1003,48,Random,0.23083657682135833
1003,49,Random,0.23083657682135833
1003,50,Random,0.23083657682135833
1003,51,Random,0.23083657682135833
1003,52,Random,0.23083657682135833
1003,53,Random,0.23083657682135833
1003,54,Random,0.23083657682135833
1003,55,Random,0.23083657682135833
1003,56,Random,0.23083657682135833
1003,57,Random,0.23083657682135833
1003,58,Random,0.23083657682135833
1003,59,Random,0.23083657682135833
1003,60,Random,0.23083657682135833
1003,61,Random,0.23083657682135833
1003,62,Random,0.23083657682135833
1003,63,Random,0.23083657682135833
1003,64,Random,0.23083657682135833
1003,65,Random,0.23083657682135833
1003,66,Random,0.23083657682135833
1003,67,Random,0.23083657682135833
1003,68,Random,0.23083657682135833
1003,69,Random,0.23083657682135833
1003,70,Random,0.23083657682135833
1003,71,Random,0.23083657682135833
1003,72,Random,0.23083657682135833
1003,73,Random,0.23083657682135833
1003,74,Random,0.23083657682135833
1003,75,Random,0.23083657682135833
1003,76,Random,0.23083657682135833
1003,77,Random,0.23083657682135833
1003,78,Random,0.23083657682135833
1003,79,Random,0.23083657682135833
1003,80,Random,0.23083657682135833
1004,0,BASS-BO,-0.36137615403148543
1004,1,BASS-BO,-0.36137615403148543
1004,2,BASS-BO,-0.36137615403148543
1004,3,BASS-BO,-0.36137615403148543
1004,4,BASS-BO,-0.36137615403148543
1004,5,BASS-BO,-0.36137615403148543
1004,6,BASS-BO,-0.36137615403148543
1004,7,BASS-BO,-0.36137615403148543
1004,8,BASS-BO,-0.36137615403148543
1004,9,BASS-BO,-0.36137615403148543
1004,10,BASS-BO,-0.36137615403148543
1004,11,BASS-BO,-0.36137615403148543
1004,12,BASS-BO,-0.36137615403148543
1004,13,BASS-BO,-0.36137615403148543
1004,14,BASS-BO,-0.36137615403148543
1004,15,BASS-BO,-0.36137615403148543
1004,16,BASS-BO,-0.36137615403148543
1004,17,BASS-BO,-0.36137615403148543
1004,18,BASS-BO,-0.36137615403148543
1004,19,BASS-BO,-0.36137615403148543
1004,20,BASS-BO,-0.36137615403148543
1004,21,BASS-BO,-0.36137615403148543
1004,22,BASS-BO,-0.36137615403148543
1004,23,BASS-BO,-0.36137615403148543
1004,24,BASS-BO,-0.36137615403148543
1004,25,BASS-BO,-0.36137615403148543
1004,26,BASS-BO,-0.36137615403148543
1004,27,BASS-BO,-0.36137615403148543
1004,28,BASS-BO,-0.36137615403148543
1004,29,BASS-BO,-0.36137615403148543
1004,30,BASS-BO,-0.36137615403148543
1004,31,BASS-BO,-0.36137615403148543
1004,32,BASS-BO,-0.36137615403148543
1004,33,BASS-BO,-0.36137615403148543
1004,34,BASS-BO,-0.36137615403148543
1004,35,BASS-BO,-0.36137615403148543
1004,36,BASS-BO,-0.36137615403148543
1004,37,BASS-BO,-0.36137615403148543
1004,38,BASS-BO,-0.36137615403148543
1004,39,BASS-BO,-0.36137615403148543
1004,40,BASS-BO,-0.36137615403148543
1004,41,BASS-BO,-0.36137615403148543
1004,42,BASS-BO,-0.3684876381038096
1004,43,BASS-BO,-0.3684876381038096
1004,44,BASS-BO,-0.3684876381038096
1004,45,BASS-BO,-0.3684876381038096
1004,46,BASS-BO,-0.3684876381038096
1004,47,BASS-BO,-0.3684876381038096
1004,48,BASS-BO,-0.3684876381038096
1004,49,BASS-BO,-0.3684876381038096
1004,50,BASS-BO,-0.3684876381038096
1004,51,BASS-BO,-0.3684876381038096
1004,52,BASS-BO,-0.3684876381038096
1004,53,BASS-BO,-0.3684876381038096
1004,54,BASS-BO,-0.3684876381038096
1004,55,BASS-BO,-0.3684876381038096
1004,56,BASS-BO,-0.3684876381038096
1004,57,BASS-BO,-0.3684876381038096
1004,58,BASS-BO,-0.3684876381038096
1004,59,BASS-BO,-0.3684876381038096
1004,60,BASS-BO,-0.3684876381038096
1004,61,BASS-BO,-0.3684876381038096
1004,62,BASS-BO,-0.3684876381038096
1004,63,BASS-BO,-0.3684876381038096
1004,64,BASS-BO,-0.3684876381038096
1004,65,BASS-BO,-0.3684876381038096
1004,66,BASS-BO,-0.3684876381038096
1004,67,BASS-BO,-0.3684876381038096
1004,68,BASS-BO,-0.3684876381038096
1004,69,BASS-BO,-0.3684876381038096
1004,70,BASS-BO,-0.3684876381038096
1004,71,BASS-BO,-0.3684876381038096
1004,72,BASS-BO,-0.3684876381038096
1004,73,BASS-BO,-0.3684876381038096
1004,74,BASS-BO,-0.3684876381038096
1004,75,BASS-BO,-0.3684876381038096
1004,76,BASS-BO,-0.3684876381038096
1004,77,BASS-BO,-0.3684876381038096
1004,78,BASS-BO,-0.3684876381038096
1004,79,BASS-BO,-0.3684876381038096
1004,80,BASS-BO,-0.3684876381038096
1004,0,GP-BO,-0.36137615403148543
1004,1,GP-BO,-0.36137615403148543
1004,2,GP-BO,-0.36137615403148543
1004,3,GP-BO,-0.37818248214121003
1004,4,GP-BO,-0.37818248214121003
1004,5,GP-BO,-0.37818248214121003
1004,6,GP-BO,-0.37818248214121003
1004,7,GP-BO,-0.37818248214121003
1004,8,GP-BO,-0.37818248214121003
1004,9,GP-BO,-0.37818248214121003
1004,10,GP-BO,-0.37818248214121003
1004,11,GP-BO,-0.37818248214121003
1004,12,GP-BO,-0.37818248214121003
1004,13,GP-BO,-0.37818248214121003
1004,14,GP-BO,-0.37818248214121003
1004,15,GP-BO,-0.37818248214121003
1004,16,GP-BO,-0.37818248214121003
1004,17,GP-BO,-0.37818248214121003
1004,18,GP-BO,-0.37818248214121003
1004,19,GP-BO,-0.37818248214121003
1004,20,GP-BO,-0.37818248214121003
1004,21,GP-BO,-0.37818248214121003
1004,22,GP-BO,-0.37818248214121003
1004,23,GP-BO,-0.37818248214121003
1004,24,GP-BO,-0.37818248214121003
1004,25,GP-BO,-0.37818248214121003
1004,26,GP-BO,-0.37818248214121003
1004,27,GP-BO,-0.37818248214121003
1004,28,GP-BO,-0.37818248214121003
1004,29,GP-BO,-0.37818248214121003
1004,30,GP-BO,-0.37818248214121003
1004,31,GP-BO,-0.37818248214121003
1004,32,GP-BO,-0.37818248214121003
1004,33,GP-BO,-0.37818248214121003
1004,34,GP-BO,-0.37818248214121003
1004,35,GP-BO,-0.37818248214121003
1004,36,GP-BO,-0.37818248214121003
1004,37,GP-BO,-0.37818248214121003
1004,38,GP-BO,-0.37818248214121003
1004,39,GP-BO,-0.37818248214121003
1004,40,GP-BO,-0.37818248214121003
1004,41,GP-BO,-0.37818248214121003
1004,42,GP-BO,-0.37818248214121003
1004,43,GP-BO,-0.37818248214121003
1004,44,GP-BO,-0.37818248214121003
1004,45,GP-BO,-0.37818248214121003
1004,46,GP-BO,-0.37818248214121003
1004,47,GP-BO,-0.37818248214121003
1004,48,GP-BO,-0.37818248214121003
1004,49,GP-BO,-0.37818248214121003
1004,50,GP-BO,-0.37818248214121003
1004,51,GP-BO,-0.37818248214121003
1004,52,GP-BO,-0.37818248214121003
1004,53,GP-BO,-0.37818248214121003
1004,54,GP-BO,-0.37818248214121003
1004,55,GP-BO,-0.37818248214121003
1004,56,GP-BO,-0.37818248214121003
1004,57,GP-BO,-0.37818248214121003
1004,58,GP-BO,-0.37818248214121003
1004,59,GP-BO,-0.37818248214121003
1004,60,GP-BO,-0.37818248214121003
1004,61,GP-BO,-0.37818248214121003
1004,62,GP-BO,-0.37818248214121003
1004,63,GP-BO,-0.37818248214121003
1004,64,GP-BO,-0.37818248214121003
1004,65,GP-BO,-0.37818248214121003
1004,66,GP-BO,-0.37818248214121003
1004,67,GP-BO,-0.37818248214121003
1004,68,GP-BO,-0.37818248214121003
1004,69,GP-BO,-0.37818248214121003
1004,70,GP-BO,-0.6333502559130093
1004,71,GP-BO,-0.6870816973073284
1004,72,GP-BO,-0.697591656112445
1004,73,GP-BO,-0.697591656112445
1004,74,GP-BO,-0.697591656112445
1004,75,GP-BO,-0.697591656112445
1004,76,GP-BO,-0.697591656112445
1004,77,GP-BO,-0.697591656112445
1004,78,GP-BO,-0.697591656112445
1004,79,GP-BO,-0.71090166574511
1004,80,GP-BO,-0.71090166574511
1004,0,Random,-0.36137615403148543
1004,1,Random,-0.36137615403148543
1004,2,Random,-0.36137615403148543
1004,3,Random,-0.36137615403148543
1004,4,Random,-0.36137615403148543
1004,5,Random,-0.36137615403148543
1004,6,Random,-0.36137615403148543
1004,7,Random,-0.36137615403148543
1004,8,Random,-0.36137615403148543
1004,9,Random,-0.36137615403148543
1004,10,Random,-0.36137615403148543
1004,11,Random,-0.36137615403148543
1004,12,Random,-0.36137615403148543
1004,13,Random,-0.36137615403148543
1004,14,Random,-0.36137615403148543
1004,15,Random,-0.36137615403148543
1004,16,Random,-0.36137615403148543
1004,17,Random,-0.36137615403148543
1004,18,Random,-0.36137615403148543
1004,19,Random,-0.36137615403148543
1004,20,Random,-0.36137615403148543
1004,21,Random,-0.36137615403148543
1004,22,Random,-0.36137615403148543
1004,23,Random,-0.36137615403148543
1004,24,Random,-0.36137615403148543
1004,25,Random,-0.36137615403148543
1004,26,Random,-0.36137615403148543
1004,27,Random,-0.36137615403148543
1004,28,Random,-0.36137615403148543
1004,29,Random,-0.36137615403148543
1004,30,Random,-0.36137615403148543
1004,31,Random,-0.36137615403148543
1004,32,Random,-0.36137615403148543
1004,33,Random,-0.36137615403148543
1004,34,Random,-0.36137615403148543
1004,35,Random,-0.36137615403148543
1004,36,Random,-0.36137615403148543
1004,37,Random,-0.36137615403148543
1004,38,Random,-0.36137615403148543
1004,39,Random,-0.36137615403148543
1004,40,Random,-0.36137615403148543
1004,41,Random,-0.36137615403148543
1004,42,Random,-0.36137615403148543
1004,43,Random,-0.36137615403148543
1004,44,Random,-0.36137615403148543
1004,45,Random,-0.36137615403148543
1004,46,Random,-0.36137615403148543
1004,47,Random,-0.36137615403148543
1004,48,Random,-0.36137615403148543
1004,49,Random,-0.36137615403148543
1004,50,Random,-0.36137615403148543
1004,51,Random,-0.36137615403148543
1004,52,Random,-0.36137615403148543
1004,53,Random,-0.36137615403148543
1004,54,Random,-0.36137615403148543
1004,55,Random,-0.36137615403148543
1004,56,Random,-0.36137615403148543
1004,57,Random,-0.36137615403148543
1004,58,Random,-0.36137615403148543
1004,59,Random,-0.36137615403148543
1004,60,Random,-0.36137615403148543
1004,61,Random,-0.36137615403148543
1004,62,Random,-0.36137615403148543
1004,63,Random,-0.36137615403148543
1004,64,Random,-0.36137615403148543
1004,65,Random,-0.36137615403148543
1004,66,Random,-0.36137615403148543
1004,67,Random,-0.36137615403148543
1004,68,Random,-0.36137615403148543
1004,69,Random,-0.36137615403148543
1004,70,Random,-0.36137615403148543
1004,71,Random,-0.36137615403148543
1004,72,Random,-0.36137615403148543
1004,73,Random,-0.36137615403148543
1004,74,Random,-0.36137615403148543
1004,75,Random,-0.36137615403148543
1004,76,Random,-0.36137615403148543
1004,77,Random,-0.36137615403148543
1004,78,Random,-0.36137615403148543
1004,79,Random,-0.36137615403148543
1004,80,Random,-0.36137615403148543
1005,0,BASS-BO,-0.24701273703077548
1005,1,BASS-BO,-0.24701273703077548
1005,2,BASS-BO,-0.24701273703077548
1005,3,BASS-BO,-0.24701273703077548
1005,4,BASS-BO,-0.24701273703077548
1005,5,BASS-BO,-0.24701273703077548
1005,6,BASS-BO,-0.24701273703077548
1005,7,BASS-BO,-0.24701273703077548
1005,8,BASS-BO,-0.24701273703077548
1005,9,BASS-BO,-0.24701273703077548
1005,10,BASS-BO,-0.24701273703077548
1005,11,BASS-BO,-0.24701273703077548
1005,12,BASS-BO,-0.24701273703077548
1005,13,BASS-BO,-0.24701273703077548
1005,14,BASS-BO,-0.24701273703077548
1005,15,BASS-BO,-0.24701273703077548
1005,16,BASS-BO,-0.24701273703077548
1005,17,BASS-BO,-0.24701273703077548
1005,18,BASS-BO,-0.24701273703077548
1005,19,BASS-BO,-0.24701273703077548
1005,20,BASS-BO,-0.24701273703077548
1005,21,BASS-BO,-0.24701273703077548
1005,22,BASS-BO,-0.24701273703077548
1005,23,BASS-BO,-0.24701273703077548
1005,24,BASS-BO,-0.24701273703077548
1005,25,BASS-BO,-0.24701273703077548
1005,26,BASS-BO,-0.24701273703077548
1005,27,BASS-BO,-0.24701273703077548
1005,28,BASS-BO,-0.24701273703077548
1005,29,BASS-BO,-0.24701273703077548
1005,30,BASS-BO,-0.24701273703077548
1005,31,BASS-BO,-0.24701273703077548
1005,32,BASS-BO,-0.24701273703077548
1005,33,BASS-BO,-0.24701273703077548
1005,34,BASS-BO,-0.24701273703077548
1005,35,BASS-BO,-0.24701273703077548
1005,36,BASS-BO,-0.24701273703077548
1005,37,BASS-BO,-0.24701273703077548
1005,38,BASS-BO,-0.24701273703077548
1005,39,BASS-BO,-0.24701273703077548
1005,40,BASS-BO,-0.24701273703077548
1005,41,BASS-BO,-0.24701273703077548
1005,42,BASS-BO,-0.24701273703077548
1005,43,BASS-BO,-0.24701273703077548
1005,44,BASS-BO,-0.24701273703077548
1005,45,BASS-BO,-0.24701273703077548
1005,46,BASS-BO,-0.24701273703077548
1005,47,BASS-BO,-0.24701273703077548
1005,48,BASS-BO,-0.24701273703077548
1005,49,BASS-BO,-0.24701273703077548
1005,50,BASS-BO,-0.24701273703077548
1005,51,BASS-BO,-0.24701273703077548
1005,52,BASS-BO,-0.24701273703077548
1005,53,BASS-BO,-0.24701273703077548
1005,54,BASS-BO,-0.24701273703077548
1005,55,BASS-BO,-0.24701273703077548
1005,56,BASS-BO,-0.24701273703077548
1005,57,BASS-BO,-0.24701273703077548
1005,58,BASS-BO,-0.24701273703077548
1005,59,BASS-BO,-0.24701273703077548
1005,60,BASS-BO,-0.24701273703077548
1005,61,BASS-BO,-0.24701273703077548
1005,62,BASS-BO,-0.24701273703077548
1005,63,BASS-BO,-0.24701273703077548
1005,64,BASS-BO,-0.24701273703077548
1005,65,BASS-BO,-0.24701273703077548
1005,66,BASS-BO,-0.24701273703077548
1005,67,BASS-BO,-0.24701273703077548
1005,68,BASS-BO,-0.24701273703077548
1005,69,BASS-BO,-0.24701273703077548
1005,70,BASS-BO,-0.24701273703077548
1005,71,BASS-BO,-0.24701273703077548
1005,72,BASS-BO,-0.24701273703077548
1005,73,BASS-BO,-0.24701273703077548
1005,74,BASS-BO,-0.24701273703077548
1005,75,BASS-BO,-0.24701273703077548
1005,76,BASS-BO,-0.24701273703077548
1005,77,BASS-BO,-0.24701273703077548
1005,78,BASS-BO,-0.24701273703077548
1005,79,BASS-BO,-0.24701273703077548
1005,80,BASS-BO,-0.24701273703077548
1005,0,GP-BO,-0.24701273703077548
1005,1,GP-BO,-0.24701273703077548
1005,2,GP-BO,-0.24701273703077548
1005,3,GP-BO,-0.24701273703077548
1005,4,GP-BO,-0.24701273703077548
1005,5,GP-BO,-0.24701273703077548
1005,6,GP-BO,-0.24701273703077548
1005,7,GP-BO,-0.24701273703077548
1005,8,GP-BO,-0.24701273703077548
1005,9,GP-BO,-0.24701273703077548
1005,10,GP-BO,-0.24701273703077548
1005,11,GP-BO,-0.24701273703077548
1005,12,GP-BO,-0.24701273703077548
1005,13,GP-BO,-0.24701273703077548
1005,14,GP-BO,-0.24701273703077548
1005,15,GP-BO,-0.24701273703077548
1005,16,GP-BO,-0.24701273703077548
1005,17,GP-BO,-0.24701273703077548
1005,18,GP-BO,-0.24701273703077548
1005,19,GP-BO,-0.3313771612173583
1005,20,GP-BO,-0.3313771612173583
1005,21,GP-BO,-0.3313771612173583
1005,22,GP-BO,-0.3313771612173583
1005,23,GP-BO,-0.3313771612173583
1005,24,GP-BO,-0.3313771612173583
1005,25,GP-BO,-0.3313771612173583
1005,26,GP-BO,-0.3313771612173583
1005,27,GP-BO,-0.3313771612173583
1005,28,GP-BO,-0.3313771612173583
1005,29,GP-BO,-0.3313771612173583
1005,30,GP-BO,-0.3313771612173583
1005,31,GP-BO,-0.3313771612173583
1005,32,GP-BO,-0.3313771612173583
1005,33,GP-BO,-0.3313771612173583
1005,34,GP-BO,-0.3313771612173583
1005,35,GP-BO,-0.3313771612173583
1005,36,GP-BO,-0.3313771612173583
1005,37,GP-BO,-0.3313771612173583
1005,38,GP-BO,-0.3313771612173583
1005,39,GP-BO,-0.3313771612173583
1005,40,GP-BO,-0.3313771612173583
1005,41,GP-BO,-0.3313771612173583
1005,42,GP-BO,-0.3313771612173583
1005,43,GP-BO,-0.3313771612173583
1005,44,GP-BO,-0.3313771612173583
1005,45,GP-BO,-0.3313771612173583
1005,46,GP-BO,-0.3313771612173583
1005,47,GP-BO,-0.3313771612173583
1005,48,GP-BO,-0.3313771612173583
1005,49,GP-BO,-0.3313771612173583
1005,50,GP-BO,-0.3313771612173583
1005,51,GP-BO,-0.3313771612173583
1005,52,GP-BO,-0.3313771612173583
1005,53,GP-BO,-0.3313771612173583
1005,54,GP-BO,-0.3313771612173583
1005,55,GP-BO,-0.3313771612173583
1005,56,GP-BO,-0.3313771612173583
1005,57,GP-BO,-0.3313771612173583
1005,58,GP-BO,-0.3313771612173583
1005,59,GP-BO,-0.3313771612173583
1005,60,GP-BO,-0.3313771612173583
1005,61,GP-BO,-0.3313771612173583
1005,62,GP-BO,-0.3313771612173583
1005,63,GP-BO,-0.3313771612173583
1005,64,GP-BO,-0.3313771612173583
1005,65,GP-BO,-0.3313771612173583
1005,66,GP-BO,-0.3313771612173583
1005,67,GP-BO,-0.3313771612173583
1005,68,GP-BO,-0.3313771612173583
1005,69,GP-BO,-0.3313771612173583
1005,70,GP-BO,-0.3313771612173583
1005,71,GP-BO,-0.3313771612173583
1005,72,GP-BO,-0.3313771612173583
1005,73,GP-BO,-0.3313771612173583
1005,74,GP-BO,-0.3313771612173583
1005,75,GP-BO,-0.3313771612173583
1005,76,GP-BO,-0.3313771612173583
1005,77,GP-BO,-0.3313771612173583
1005,78,GP-BO,-0.3313771612173583
1005,79,GP-BO,-0.3313771612173583
1005,80,GP-BO,-0.3313771612173583
1005,0,Random,-0.24701273703077548
1005,1,Random,-0.24701273703077548
1005,2,Random,-0.24701273703077548
1005,3,Random,-0.24701273703077548
1005,4,Random,-0.24701273703077548
1005,5,Random,-0.24701273703077548
1005,6,Random,-0.24701273703077548
1005,7,Random,-0.24701273703077548
1005,8,Random,-0.24701273703077548
1005,9,Random,-0.24701273703077548
1005,10,Random,-0.24701273703077548
1005,11,Random,-0.24701273703077548
1005,12,Random,-0.24701273703077548
1005,13,Random,-0.24701273703077548
1005,14,Random,-0.24701273703077548
1005,15,Random,-0.24701273703077548
1005,16,Random,-0.24701273703077548
1005,17,Random,-0.24701273703077548
1005,18,Random,-0.24701273703077548
1005,19,Random,-0.24701273703077548
1005,20,Random,-0.24701273703077548
1005,21,Random,-0.24701273703077548
1005,22,Random,-0.24701273703077548
1005,23,Random,-0.24701273703077548
1005,24,Random,-0.24701273703077548
1005,25,Random,-0.24701273703077548
1005,26,Random,-0.24701273703077548
1005,27,Random,-0.24701273703077548
1005,28,Random,-0.24701273703077548
1005,29,Random,-0.24701273703077548
1005,30,Random,-0.24701273703077548
1005,31,Random,-0.24701273703077548
1005,32,Random,-0.24701273703077548
1005,33,Random,-0.24701273703077548
1005,34,Random,-0.24701273703077548
1005,35,Random,-0.24701273703077548
1005,36,Random,-0.24701273703077548
1005,37,Random,-0.24701273703077548
1005,38,Random,-0.24701273703077548
1005,39,Random,-0.24701273703077548
1005,40,Random,-0.24701273703077548
1005,41,Random,-0.24701273703077548
1005,42,Random,-0.24701273703077548
1005,43,Random,-0.24701273703077548
1005,44,Random,-0.24701273703077548
1005,45,Random,-0.24701273703077548
1005,46,Random,-0.24701273703077548
1005,47,Random,-0.24701273703077548
1005,48,Random,-0.24701273703077548
1005,49,Random,-0.24701273703077548
1005,50,Random,-0.24701273703077548
1005,51,Random,-0.24701273703077548
1005,52,Random,-0.24701273703077548
1005,53,Random,-0.24701273703077548
1005,54,Random,-0.24701273703077548
1005,55,Random,-0.24701273703077548
1005,56,Random,-0.24701273703077548
1005,57,Random,-0.24701273703077548
1005,58,Random,-0.24701273703077548
1005,59,Random,-0.24701273703077548
1005,60,Random,-0.24701273703077548
1005,61,Random,-0.24701273703077548
1005,62,Random,-0.24701273703077548
1005,63,Random,-0.24701273703077548
1005,64,Random,-0.24701273703077548
1005,65,Random,-0.24701273703077548
1005,66,Random,-0.24701273703077548
1005,67,Random,-0.24701273703077548
1005,68,Random,-0.24701273703077548
1005,69,Random,-0.24701273703077548
1005,70,Random,-0.24701273703077548
1005,71,Random,-0.24701273703077548
1005,72,Random,-0.24701273703077548
1005,73,Random,-0.24701273703077548
1005,74,Random,-0.24701273703077548
1005,75,Random,-0.24701273703077548
1005,76,Random,-0.24701273703077548
1005,77,Random,-0.24701273703077548
1005,78,Random,-0.24701273703077548
1005,79,Random,-0.24701273703077548
1005,80,Random,-0.24701273703077548
1006,0,BASS-BO,0.0673858546291839
1006,1,BASS-BO,0.0673858546291839
1006,2,BASS-BO,0.0673858546291839
1006,3,BASS-BO,0.0673858546291839
1006,4,BASS-BO,0.0673858546291839
1006,5,BASS-BO,0.0673858546291839
1006,6,BASS-BO,0.0673858546291839
1006,7,BASS-BO,0.0673858546291839
1006,8,BASS-BO,0.0673858546291839
1006,9,BASS-BO,0.0673858546291839
1006,10,BASS-BO,0.0673858546291839
1006,11,BASS-BO,0.0673858546291839
1006,12,BASS-BO,0.0673858546291839
1006,13,BASS-BO,0.0673858546291839
1006,14,BASS-BO,0.0673858546291839
1006,15,BASS-BO,0.0673858546291839
1006,16,BASS-BO,0.0673858546291839
1006,17,BASS-BO,0.0673858546291839
1006,18,BASS-BO,0.0673858546291839
1006,19,BASS-BO,0.0673858546291839
1006,20,BASS-BO,0.0673858546291839
1006,21,BASS-BO,0.0673858546291839
1006,22,BASS-BO,0.0673858546291839
1006,23,BASS-BO,0.0673858546291839
1006,24,BASS-BO,0.0673858546291839
1006,25,BASS-BO,0.0673858546291839
1006,26,BASS-BO,0.0673858546291839
1006,27,BASS-BO,0.0673858546291839
1006,28,BASS-BO,0.0673858546291839
1006,29,BASS-BO,0.0673858546291839
1006,30,BASS-BO,0.0673858546291839
1006,31,BASS-BO,0.0673858546291839
1006,32,BASS-BO,0.0673858546291839
1006,33,BASS-BO,0.0673858546291839
1006,34,BASS-BO,0.0673858546291839
1006,35,BASS-BO,0.0673858546291839
1006,36,BASS-BO,0.0673858546291839
1006,37,BASS-BO,0.0673858546291839
1006,38,BASS-BO,0.0673858546291839
1006,39,BASS-BO,0.0673858546291839
1006,40,BASS-BO,0.0673858546291839
1006,41,BASS-BO,0.0673858546291839
1006,42,BASS-BO,0.0673858546291839
1006,43,BASS-BO,0.0673858546291839
1006,44,BASS-BO,0.0673858546291839
1006,45,BASS-BO,0.0673858546291839
1006,46,BASS-BO,0.04938482546951617
1006,47,BASS-BO,0.04938482546951617
1006,48,BASS-BO,0.04938482546951617
1006,49,BASS-BO,0.04938482546951617
1006,50,BASS-BO,0.04938482546951617
1006,51,BASS-BO,0.04938482546951617
1006,52,BASS-BO,0.04938482546951617
1006,53,BASS-BO,0.04938482546951617
1006,54,BASS-BO,0.04938482546951617
1006,55,BASS-BO,0.04938482546951617
1006,56,BASS-BO,0.04938482546951617
1006,57,BASS-BO,0.04938482546951617
1006,58,BASS-BO,0.04938482546951617
1006,59,BASS-BO,0.04938482546951617
1006,60,BASS-BO,0.04938482546951617
1006,61,BASS-BO,0.04938482546951617
1006,62,BASS-BO,0.04938482546951617
1006,63,BASS-BO,0.04938482546951617
1006,64,BASS-BO,0.04938482546951617
1006,65,BASS-BO,0.04938482546951617
1006,66,BASS-BO,0.04938482546951617
1006,67,BASS-BO,0.04938482546951617
1006,68,BASS-BO,0.04938482546951617
1006,69,BASS-BO,0.04938482546951617
1006,70,BASS-BO,0.04622628850501471
1006,71,BASS-BO,0.04622628850501471
1006,72,BASS-BO,0.04622628850501471
1006,73,BASS-BO,0.04622628850501471
1006,74,BASS-BO,0.04622628850501471
1006,75,BASS-BO,0.04622628850501471
1006,76,BASS-BO,0.04622628850501471
1006,77,BASS-BO,0.04622628850501471
1006,78,BASS-BO,0.04622628850501471
1006,79,BASS-BO,0.04622628850501471
1006,80,BASS-BO,0.04622628850501471
1006,0,GP-BO,0.0673858546291839
1006,1,GP-BO,0.0673858546291839
1006,2,GP-BO,0.0673858546291839
1006,3,GP-BO,0.0673858546291839
1006,4,GP-BO,0.0673858546291839
1006,5,GP-BO,0.0673858546291839
1006,6,GP-BO,0.0673858546291839
1006,7,GP-BO,0.0673858546291839
1006,8,GP-BO,0.0673858546291839
1006,9,GP-BO,0.0673858546291839
1006,10,GP-BO,0.0673858546291839
1006,11,GP-BO,0.0673858546291839
1006,12,GP-BO,0.0673858546291839
1006,13,GP-BO,0.0673858546291839
1006,14,GP-BO,0.0673858546291839
1006,15,GP-BO,0.0673858546291839
1006,16,GP-BO,0.0673858546291839
1006,17,GP-BO,0.0673858546291839
1006,18,GP-BO,0.0673858546291839
1006,19,GP-BO,0.0673858546291839
1006,20,GP-BO,0.0673858546291839
1006,21,GP-BO,0.0673858546291839
1006,22,GP-BO,0.0673858546291839
1006,23,GP-BO,0.0673858546291839
1006,24,GP-BO,0.0673858546291839
1006,25,GP-BO,0.0673858546291839
1006,26,GP-BO,0.0673858546291839
1006,27,GP-BO,0.0673858546291839
1006,28,GP-BO,0.0673858546291839
1006,29,GP-BO,0.0673858546291839
1006,30,GP-BO,0.0673858546291839
1006,31,GP-BO,0.0673858546291839
1006,32,GP-BO,0.0673858546291839
1006,33,GP-BO,0.0673858546291839
1006,34,GP-BO,0.0673858546291839
1006,35,GP-BO,0.0673858546291839
1006,36,GP-BO,0.0673858546291839
1006,37,GP-BO,0.0673858546291839
1006,38,GP-BO,0.0673858546291839
1006,39,GP-BO,0.0673858546291839
1006,40,GP-BO,0.0673858546291839
1006,41,GP-BO,0.0673858546291839
1006,42,GP-BO,0.0673858546291839
1006,43,GP-BO,0.0673858546291839
1006,44,GP-BO,0.0673858546291839
1006,45,GP-BO,0.0673858546291839
1006,46,GP-BO,0.0673858546291839
1006,47,GP-BO,0.0673858546291839
1006,48,GP-BO,0.0673858546291839
1006,49,GP-BO,0.0673858546291839
1006,50,GP-BO,0.0673858546291839
1006,51,GP-BO,0.0673858546291839
1006,52,GP-BO,0.0673858546291839
1006,53,GP-BO,0.0673858546291839
1006,54,GP-BO,0.0673858546291839
1006,55,GP-BO,0.0673858546291839
1006,56,GP-BO,0.0673858546291839
1006,57,GP-BO,0.0673858546291839
1006,58,GP-BO,0.0673858546291839
1006,59,GP-BO,0.004386230514076606
1006,60,GP-BO,0.004386230514076606
1006,61,GP-BO,0.004386230514076606
1006,62,GP-BO,0.004386230514076606
1006,63,GP-BO,0.004386230514076606
1006,64,GP-BO,0.004386230514076606
1006,65,GP-BO,-0.078661652051333
1006,66,GP-BO,-0.078661652051333
1006,67,GP-BO,-0.078661652051333
1006,68,GP-BO,-0.078661652051333
1006,69,GP-BO,-0.078661652051333
1006,70,GP-BO,-0.078661652051333
1006,71,GP-BO,-0.078661652051333
1006,72,GP-BO,-0.078661652051333
1006,73,GP-BO,-0.078661652051333
1006,74,GP-BO,-0.08438807357225647
1006,75,GP-BO,-0.08438807357225647
1006,76,GP-BO,-0.08438807357225647
1006,77,GP-BO,-0.08438807357225647
1006,78,GP-BO,-0.08438807357225647
1006,79,GP-BO,-0.08438807357225647
1006,80,GP-BO,-0.08438807357225647
1006,0,Random,0.0673858546291839
1006,1,Random,0.0673858546291839
1006,2,Random,0.0673858546291839
1006,3,Random,0.0673858546291839
1006,4,Random,0.0673858546291839
1006,5,Random,0.0673858546291839
1006,6,Random,0.0673858546291839
1006,7,Random,0.0673858546291839
1006,8,Random,0.0673858546291839
1006,9,Random,0.0673858546291839
1006,10,Random,0.0673858546291839
1006,11,Random,0.0673858546291839
1006,12,Random,0.0673858546291839
1006,13,Random,0.0673858546291839
1006,14,Random,0.0673858546291839
1006,15,Random,0.0673858546291839
1006,16,Random,0.0673858546291839
1006,17,Random,0.0673858546291839
1006,18,Random,0.0673858546291839
1006,19,Random,0.0673858546291839
1006,20,Random,0.0673858546291839
1006,21,Random,0.0673858546291839
1006,22,Random,0.0673858546291839
1006,23,Random,0.0673858546291839
1006,24,Random,0.0673858546291839
1006,25,Random,0.0673858546291839
1006,26,Random,0.0673858546291839
1006,27,Random,0.0673858546291839
1006,28,Random,0.0673858546291839
1006,29,Random,0.0673858546291839
1006,30,Random,0.0673858546291839
1006,31,Random,-0.4252378569219257
1006,32,Random,-0.4252378569219257
1006,33,Random,-0.4252378569219257
1006,34,Random,-0.4252378569219257
1006,35,Random,-0.4252378569219257
1006,36,Random,-0.4252378569219257
1006,37,Random,-0.4252378569219257
1006,38,Random,-0.4252378569219257
1006,39,Random,-0.4252378569219257
1006,40,Random,-0.4252378569219257
1006,41,Random,-0.4252378569219257
1006,42,Random,-0.4252378569219257
1006,43,Random,-0.4252378569219257
1006,44,Random,-0.4252378569219257
1006,45,Random,-0.4252378569219257
1006,46,Random,-0.4252378569219257
1006,47,Random,-0.4252378569219257
1006,48,Random,-0.4252378569219257
1006,49,Random,-0.4252378569219257
1006,50,Random,-0.4252378569219257
1006,51,Random,-0.4252378569219257
1006,52,Random,-0.4252378569219257
1006,53,Random,-0.4252378569219257
1006,54,Random,-0.4252378569219257
1006,55,Random,-0.4252378569219257
1006,56,Random,-0.4252378569219257
1006,57,Random,-0.4252378569219257
1006,58,Random,-0.4252378569219257
1006,59,Random,-0.4252378569219257
1006,60,Random,-0.4252378569219257
1006,61,Random,-0.4252378569219257
1006,62,Random,-0.4252378569219257
1006,63,Random,-0.4252378569219257
1006,64,Random,-0.4252378569219257
1006,65,Random,-0.4252378569219257
1006,66,Random,-0.4252378569219257
1006,67,Random,-0.4252378569219257
1006,68,Random,-0.4252378569219257
1006,69,Random,-0.4252378569219257
1006,70,Random,-0.4252378569219257
1006,71,Random,-0.4252378569219257
1006,72,Random,-0.4252378569219257
1006,73,Random,-0.4252378569219257
1006,74,Random,-0.4252378569219257
1006,75,Random,-0.4252378569219257
1006,76,Random,-0.4252378569219257
1006,77,Random,-0.4252378569219257
1006,78,Random,-0.4252378569219257
1006,79,Random,-0.4252378569219257
1006,80,Random,-0.4252378569219257
1007,0,BASS-BO,-0.03406172203441836
1007,1,BASS-BO,-0.03406172203441836
1007,2,BASS-BO,-0.03406172203441836
1007,3,BASS-BO,-0.03406172203441836
1007,4,BASS-BO,-0.03406172203441836
1007,5,BASS-BO,-0.03406172203441836
1007,6,BASS-BO,-0.03406172203441836
1007,7,BASS-BO,-0.03406172203441836
1007,8,BASS-BO,-0.03406172203441836
1007,9,BASS-BO,-0.03406172203441836
1007,10,BASS-BO,-0.03406172203441836
1007,11,BASS-BO,-0.03406172203441836
1007,12,BASS-BO,-0.03406172203441836
1007,13,BASS-BO,-0.03406172203441836
1007,14,BASS-BO,-0.03406172203441836
1007,15,BASS-BO,-0.03406172203441836
1007,16,BASS-BO,-0.03406172203441836
1007,17,BASS-BO,-0.03406172203441836
1007,18,BASS-BO,-0.03406172203441836
1007,19,BASS-BO,-0.03406172203441836
1007,20,BASS-BO,-0.03406172203441836
1007,21,BASS-BO,-0.03406172203441836
1007,22,BASS-BO,-0.03406172203441836
1007,23,BASS-BO,-0.03406172203441836
1007,24,BASS-BO,-0.03406172203441836
1007,25,BASS-BO,-0.03406172203441836
1007,26,BASS-BO,-0.03406172203441836
1007,27,BASS-BO,-0.03406172203441836
1007,28,BASS-BO,-0.03406172203441836
1007,29,BASS-BO,-0.03406172203441836
1007,30,BASS-BO,-0.03406172203441836
1007,31,BASS-BO,-0.03406172203441836
1007,32,BASS-BO,-0.03406172203441836
1007,33,BASS-BO,-0.03406172203441836
1007,34,BASS-BO,-0.03406172203441836
1007,35,BASS-BO,-0.03406172203441836
1007,36,BASS-BO,-0.03406172203441836
1007,37,BASS-BO,-0.03406172203441836
1007,38,BASS-BO,-0.03406172203441836
1007,39,BASS-BO,-0.03406172203441836
1007,40,BASS-BO,-0.03406172203441836
1007,41,BASS-BO,-0.03406172203441836
1007,42,BASS-BO,-0.03406172203441836
1007,43,BASS-BO,-0.03406172203441836
1007,44,BASS-BO,-0.03406172203441836
1007,45,BASS-BO,-0.03406172203441836
1007,46,BASS-BO,-0.03406172203441836
1007,47,BASS-BO,-0.03406172203441836
1007,48,BASS-BO,-0.03406172203441836
1007,49,BASS-BO,-0.03406172203441836
1007,50,BASS-BO,-0.03406172203441836
1007,51,BASS-BO,-0.03406172203441836
1007,52,BASS-BO,-0.03406172203441836
1007,53,BASS-BO,-0.03406172203441836
1007,54,BASS-BO,-0.03406172203441836
1007,55,BASS-BO,-0.03406172203441836
1007,56,BASS-BO,-0.03406172203441836
1007,57,BASS-BO,-0.03406172203441836
1007,58,BASS-BO,-0.03406172203441836
1007,59,BASS-BO,-0.03406172203441836
1007,60,BASS-BO,-0.03406172203441836
1007,61,BASS-BO,-0.03406172203441836
1007,62,BASS-BO,-0.03406172203441836
1007,63,BASS-BO,-0.03406172203441836
1007,64,BASS-BO,-0.03406172203441836
1007,65,BASS-BO,-0.03406172203441836
1007,66,BASS-BO,-0.03406172203441836
1007,67,BASS-BO,-0.03406172203441836
1007,68,BASS-BO,-0.03406172203441836
1007,69,BASS-BO,-0.03406172203441836
1007,70,BASS-BO,-0.03406172203441836
1007,71,BASS-BO,-0.03406172203441836
1007,72,BASS-BO,-0.03406172203441836
1007,73,BASS-BO,-0.03406172203441836
1007,74,BASS-BO,-0.03406172203441836
1007,75,BASS-BO,-0.03406172203441836
1007,76,BASS-BO,-0.03406172203441836
1007,77,BASS-BO,-0.03406172203441836
1007,78,BASS-BO,-0.03406172203441836
1007,79,BASS-BO,-0.03406172203441836
1007,80,BASS-BO,-0.03406172203441836
1007,0,GP-BO,-0.03406172203441836
1007,1,GP-BO,-0.11145059324101801
1007,2,GP-BO,-0.11145059324101801
1007,3,GP-BO,-0.11145059324101801
1007,4,GP-BO,-0.11145059324101801
1007,5,GP-BO,-0.22846292686998473
1007,6,GP-BO,-0.22846292686998473
1007,7,GP-BO,-0.22846292686998473
1007,8,GP-BO,-0.22846292686998473
1007,9,GP-BO,-0.22846292686998473
1007,10,GP-BO,-0.22846292686998473
1007,11,GP-BO,-0.22846292686998473
1007,12,GP-BO,-0.22846292686998473
1007,13,GP-BO,-0.22846292686998473
1007,14,GP-BO,-0.31074142171575136
1007,15,GP-BO,-0.31074142171575136
1007,16,GP-BO,-0.31074142171575136
1007,17,GP-BO,-0.31074142171575136
1007,18,GP-BO,-0.31074142171575136
1007,19,GP-BO,-0.31074142171575136
1007,20,GP-BO,-0.31074142171575136
1007,21,GP-BO,-0.31074142171575136
1007,22,GP-BO,-0.31074142171575136
1007,23,GP-BO,-0.31074142171575136
1007,24,GP-BO,-0.31074142171575136
1007,25,GP-BO,-0.31074142171575136
1007,26,GP-BO,-0.31074142171575136
1007,27,GP-BO,-0.31074142171575136
1007,28,GP-BO,-0.31074142171575136
1007,29,GP-BO,-0.31074142171575136
1007,30,GP-BO,-0.31074142171575136
1007,31,GP-BO,-0.31074142171575136
1007,32,GP-BO,-0.31074142171575136
1007,33,GP-BO,-0.425246581469939
1007,34,GP-BO,-0.425246581469939
1007,35,GP-BO,-0.425246581469939
1007,36,GP-BO,-0.425246581469939
1007,37,GP-BO,-0.425246581469939
1007,38,GP-BO,-0.425246581469939
1007,39,GP-BO,-0.425246581469939
1007,40,GP-BO,-0.425246581469939
1007,41,GP-BO,-0.425246581469939
1007,42,GP-BO,-0.425246581469939
1007,43,GP-BO,-0.425246581469939
1007,44,GP-BO,-0.425246581469939
1007,45,GP-BO,-0.425246581469939
1007,46,GP-BO,-0.425246581469939
1007,47,GP-BO,-0.425246581469939
1007,48,GP-BO,-0.425246581469939
1007,49,GP-BO,-0.425246581469939
1007,50,GP-BO,-0.425246581469939
1007,51,GP-BO,-0.425246581469939
1007,52,GP-BO,-0.425246581469939
1007,53,GP-BO,-0.425246581469939
1007,54,GP-BO,-0.6995193372929587
1007,55,GP-BO,-0.6995193372929587
1007,56,GP-BO,-0.6995193372929587
1007,57,GP-BO,-0.6995193372929587
1007,58,GP-BO,-0.6995193372929587
1007,59,GP-BO,-0.6995193372929587
1007,60,GP-BO,-0.6995193372929587
1007,61,GP-BO,-0.6995193372929587
1007,62,GP-BO,-0.6995193372929587
1007,63,GP-BO,-0.6995193372929587
1007,64,GP-BO,-0.6995193372929587
1007,65,GP-BO,-0.6995193372929587
1007,66,GP-BO,-0.6995193372929587
1007,67,GP-BO,-0.6995193372929587
1007,68,GP-BO,-0.6995193372929587
1007,69,GP-BO,-0.6995193372929587
1007,70,GP-BO,-0.6995193372929587
1007,71,GP-BO,-0.6995193372929587
1007,72,GP-BO,-0.6995193372929587
1007,73,GP-BO,-0.6995193372929587
1007,74,GP-BO,-0.6995193372929587
1007,75,GP-BO,-0.6995193372929587
1007,76,GP-BO,-0.6995193372929587
1007,77,GP-BO,-0.6995193372929587
1007,78,GP-BO,-0.6995193372929587
1007,79,GP-BO,-0.6995193372929587
1007,80,GP-BO,-0.6995193372929587
1007,0,Random,-0.03406172203441836
1007,1,Random,-0.03406172203441836
1007,2,Random,-0.03406172203441836
1007,3,Random,-0.03406172203441836
1007,4,Random,-0.03406172203441836
1007,5,Random,-0.03406172203441836
1007,6,Random,-0.03406172203441836
1007,7,Random,-0.03406172203441836
1007,8,Random,-0.03406172203441836
1007,9,Random,-0.03406172203441836
1007,10,Random,-0.03406172203441836
1007,11,Random,-0.03406172203441836
1007,12,Random,-0.03406172203441836
1007,13,Random,-0.03406172203441836
1007,14,Random,-0.03406172203441836
1007,15,Random,-0.03406172203441836
1007,16,Random,-0.03406172203441836
1007,17,Random,-0.03406172203441836
1007,18,Random,-0.03406172203441836
1007,19,Random,-0.03406172203441836
1007,20,Random,-0.03406172203441836
1007,21,Random,-0.03406172203441836
1007,22,Random,-0.03406172203441836
1007,23,Random,-0.03406172203441836
1007,24,Random,-0.03406172203441836
1007,25,Random,-0.03406172203441836
1007,26,Random,-0.03406172203441836
1007,27,Random,-0.03406172203441836
1007,28,Random,-0.03406172203441836
1007,29,Random,-0.03406172203441836
1007,30,Random,-0.03406172203441836
1007,31,Random,-0.03406172203441836
1007,32,Random,-0.03406172203441836
1007,33,Random,-0.03406172203441836
1007,34,Random,-0.03406172203441836
1007,35,Random,-0.03406172203441836
1007,36,Random,-0.03406172203441836
1007,37,Random,-0.03406172203441836
1007,38,Random,-0.03406172203441836
1007,39,Random,-0.03406172203441836
1007,40,Random,-0.03406172203441836
1007,41,Random,-0.03406172203441836
1007,42,Random,-0.03406172203441836
1007,43,Random,-0.03406172203441836
1007,44,Random,-0.03406172203441836
1007,45,Random,-0.03406172203441836
1007,46,Random,-0.03406172203441836
1007,47,Random,-0.03406172203441836
1007,48,Random,-0.2191933245686639
1007,49,Random,-0.2191933245686639
1007,50,Random,-0.2191933245686639
1007,51,Random,-0.2191933245686639
1007,52,Random,-0.2191933245686639
1007,53,Random,-0.2191933245686639
1007,54,Random,-0.2191933245686639
1007,55,Random,-0.2191933245686639
1007,56,Random,-0.2191933245686639
1007,57,Random,-0.2191933245686639
1007,58,Random,-0.2191933245686639
1007,59,Random,-0.2191933245686639
1007,60,Random,-0.2191933245686639
1007,61,Random,-0.2191933245686639
1007,62,Random,-0.2191933245686639
1007,63,Random,-0.2191933245686639
1007,64,Random,-0.2191933245686639
1007,65,Random,-0.2191933245686639
1007,66,Random,-0.2191933245686639
1007,67,Random,-0.2191933245686639
1007,68,Random,-0.2191933245686639
1007,69,Random,-0.2191933245686639
1007,70,Random,-0.2191933245686639
1007,71,Random,-0.2191933245686639
1007,72,Random,-0.2191933245686639
1007,73,Random,-0.2191933245686639
1007,74,Random,-0.2191933245686639
1007,75,Random,-0.2191933245686639
1007,76,Random,-0.2191933245686639
1007,77,Random,-0.2191933245686639
1007,78,Random,-0.2191933245686639
1007,79,Random,-0.2191933245686639
1007,80,Random,-0.2191933245686639
1008,0,BASS-BO,0.34275917216610585
1008,1,BASS-BO,0.34275917216610585
1008,2,BASS-BO,0.34275917216610585
1008,3,BASS-BO,0.34275917216610585
1008,4,BASS-BO,0.34275917216610585
1008,5,BASS-BO,0.34275917216610585
1008,6,BASS-BO,0.34275917216610585
1008,7,BASS-BO,0.34275917216610585
1008,8,BASS-BO,0.34275917216610585
1008,9,BASS-BO,0.34275917216610585
1008,10,BASS-BO,0.34275917216610585
1008,11,BASS-BO,0.34275917216610585
1008,12,BASS-BO,0.34275917216610585
1008,13,BASS-BO,0.34275917216610585
1008,14,BASS-BO,0.34275917216610585
1008,15,BASS-BO,0.34275917216610585
1008,16,BASS-BO,0.34275917216610585
1008,17,BASS-BO,0.34275917216610585
1008,18,BASS-BO,0.34275917216610585
1008,19,BASS-BO,0.34275917216610585
1008,20,BASS-BO,0.34275917216610585
1008,21,BASS-BO,0.34275917216610585
1008,22,BASS-BO,0.34275917216610585
1008,23,BASS-BO,0.34275917216610585
1008,24,BASS-BO,0.33223251311924196
1008,25,BASS-BO,0.33223251311924196
1008,26,BASS-BO,0.33223251311924196
1008,27,BASS-BO,0.33223251311924196
1008,28,BASS-BO,0.33223251311924196
1008,29,BASS-BO,0.33223251311924196
1008,30,BASS-BO,0.33223251311924196
1008,31,BASS-BO,0.33223251311924196
1008,32,BASS-BO,0.33223251311924196
1008,33,BASS-BO,0.33223251311924196
1008,34,BASS-BO,0.33223251311924196
1008,35,BASS-BO,0.33223251311924196
1008,36,BASS-BO,0.33223251311924196
1008,37,BASS-BO,0.33223251311924196
1008,38,BASS-BO,0.13073949961295098
1008,39,BASS-BO,0.13073949961295098
1008,40,BASS-BO,0.13073949961295098
1008,41,BASS-BO,0.13073949961295098
1008,42,BASS-BO,0.13073949961295098
1008,43,BASS-BO,0.13073949961295098
1008,44,BASS-BO,0.13073949961295098
1008,45,BASS-BO,0.13073949961295098
1008,46,BASS-BO,0.13073949961295098
1008,47,BASS-BO,0.13073949961295098
1008,48,BASS-BO,0.13073949961295098
1008,49,BASS-BO,0.13073949961295098
1008,50,BASS-BO,0.13073949961295098
1008,51,BASS-BO,0.13073949961295098
1008,52,BASS-BO,0.13073949961295098
1008,53,BASS-BO,0.13073949961295098
1008,54,BASS-BO,0.13073949961295098
1008,55,BASS-BO,0.13073949961295098
1008,56,BASS-BO,0.13073949961295098
1008,57,BASS-BO,0.05501720689186846
1008,58,BASS-BO,0.05501720689186846
1008,59,BASS-BO,0.05501720689186846
1008,60,BASS-BO,0.05501720689186846
1008,61,BASS-BO,0.05501720689186846
1008,62,BASS-BO,0.05501720689186846
1008,63,BASS-BO,0.05501720689186846
1008,64,BASS-BO,0.05501720689186846
1008,65,BASS-BO,0.05501720689186846
1008,66,BASS-BO,0.05501720689186846
1008,67,BASS-BO,0.05501720689186846
1008,68,BASS-BO,0.05501720689186846
1008,69,BASS-BO,0.05501720689186846
1008,70,BASS-BO,0.05501720689186846
1008,71,BASS-BO,0.05501720689186846
1008,72,BASS-BO,0.05501720689186846
1008,73,BASS-BO,0.05501720689186846
1008,74,BASS-BO,0.05501720689186846
1008,75,BASS-BO,0.05501720689186846
1008,76,BASS-BO,0.05501720689186846
1008,77,BASS-BO,0.05501720689186846
1008,78,BASS-BO,0.05501720689186846
1008,79,BASS-BO,0.05501720689186846
1008,80,BASS-BO,0.05501720689186846
1008,0,GP-BO,0.34275917216610585
1008,1,GP-BO,0.34275917216610585
1008,2,GP-BO,0.34275917216610585
1008,3,GP-BO,0.34275917216610585
1008,4,GP-BO,0.34275917216610585
1008,5,GP-BO,0.1565994947638228
1008,6,GP-BO,0.1565994947638228
1008,7,GP-BO,-0.27022112167640255
1008,8,GP-BO,-0.27022112167640255
1008,9,GP-BO,-0.27022112167640255
1008,10,GP-BO,-0.27022112167640255
1008,11,GP-BO,-0.27022112167640255
1008,12,GP-BO,-0.27022112167640255
1008,13,GP-BO,-0.27022112167640255
1008,14,GP-BO,-0.27022112167640255
1008,15,GP-BO,-0.27022112167640255
1008,16,GP-BO,-0.27022112167640255
1008,17,GP-BO,-0.27022112167640255
1008,18,GP-BO,-0.27022112167640255
1008,19,GP-BO,-0.27022112167640255
1008,20,GP-BO,-0.37733666553323686
1008,21,GP-BO,-0.37733666553323686
1008,22,GP-BO,-0.37733666553323686
1008,23,GP-BO,-0.37733666553323686
1008,24,GP-BO,-0.37733666553323686
1008,25,GP-BO,-0.37733666553323686
1008,26,GP-BO,-0.37733666553323686
1008,27,GP-BO,-0.37733666553323686
1008,28,GP-BO,-0.37733666553323686
1008,29,GP-BO,-0.37733666553323686
1008,30,GP-BO,-0.37733666553323686
1008,31,GP-BO,-0.37733666553323686
1008,32,GP-BO,-0.37733666553323686
1008,33,GP-BO,-0.6417604853069334
1008,34,GP-BO,-0.6417604853069334
1008,35,GP-BO,-0.6417604853069334
1008,36,GP-BO,-0.6417604853069334
1008,37,GP-BO,-0.6417604853069334
1008,38,GP-BO,-0.6417604853069334
1008,39,GP-BO,-0.6417604853069334
1008,40,GP-BO,-0.6417604853069334
1008,41,GP-BO,-0.6417604853069334
1008,42,GP-BO,-0.6417604853069334
1008,43,GP-BO,-0.6417604853069334
1008,44,GP-BO,-0.6417604853069334
1008,45,GP-BO,-0.6417604853069334
1008,46,GP-BO,-0.6417604853069334
1008,47,GP-BO,-0.6417604853069334
1008,48,GP-BO,-0.6417604853069334
1008,49,GP-BO,-0.6417604853069334
1008,50,GP-BO,-0.6417604853069334
1008,51,GP-BO,-0.6417604853069334
1008,52,GP-BO,-0.6417604853069334
1008,53,GP-BO,-0.6417604853069334
1008,54,GP-BO,-0.6417604853069334
1008,55,GP-BO,-0.6417604853069334
1008,56,GP-BO,-0.6417604853069334
1008,57,GP-BO,-0.6417604853069334
1008,58,GP-BO,-0.6417604853069334
1008,59,GP-BO,-0.6417604853069334
1008,60,GP-BO,-0.6417604853069334
1008,61,GP-BO,-0.6417604853069334
1008,62,GP-BO,-0.6417604853069334
1008,63,GP-BO,-0.6417604853069334
1008,64,GP-BO,-0.6417604853069334
1008,65,GP-BO,-0.6417604853069334
1008,66,GP-BO,-0.6417604853069334
1008,67,GP-BO,-0.6417604853069334
1008,68,GP-BO,-0.6417604853069334
1008,69,GP-BO,-0.6417604853069334
1008,70,GP-BO,-0.6417604853069334
1008,71,GP-BO,-0.6417604853069334
1008,72,GP-BO,-0.6417604853069334
1008,73,GP-BO,-0.6417604853069334
1008,74,GP-BO,-0.6417604853069334
1008,75,GP-BO,-0.6417604853069334
1008,76,GP-BO,-0.6417604853069334
1008,77,GP-BO,-0.6417604853069334
1008,78,GP-BO,-0.6417604853069334
1008,79,GP-BO,-0.6417604853069334
1008,80,GP-BO,-0.6417604853069334
1008,0,Random,0.34275917216610585
1008,1,Random,0.34275917216610585
1008,2,Random,0.34275917216610585
1008,3,Random,0.1778561978312351
1008,4,Random,0.1778561978312351
1008,5,Random,0.1778561978312351
1008,6,Random,0.1778561978312351
1008,7,Random,0.1778561978312351
1008,8,Random,0.1778561978312351
1008,9,Random,0.1778561978312351
1008,10,Random,0.1778561978312351
1008,11,Random,0.1778561978312351
1008,12,Random,0.1778561978312351
1008,13,Random,0.1778561978312351
1008,14,Random,0.1778561978312351
1008,15,Random,0.1778561978312351
1008,16,Random,0.1778561978312351
1008,17,Random,0.1778561978312351
1008,18,Random,0.14070845676712457
1008,19,Random,0.14070845676712457
1008,20,Random,0.14070845676712457
1008,21,Random,0.14070845676712457
1008,22,Random,0.14070845676712457
1008,23,Random,0.14070845676712457
1008,24,Random,0.14070845676712457
1008,25,Random,0.14070845676712457
1008,26,Random,0.14070845676712457
1008,27,Random,0.14070845676712457
1008,28,Random,0.14070845676712457
1008,29,Random,0.14070845676712457
1008,30,Random,0.14070845676712457
1008,31,Random,0.14070845676712457
1008,32,Random,0.14070845676712457
1008,33,Random,0.14070845676712457
1008,34,Random,0.14070845676712457
1008,35,Random,0.14070845676712457
1008,36,Random,0.14070845676712457
1008,37,Random,0.14070845676712457
1008,38,Random,0.14070845676712457
1008,39,Random,0.14070845676712457
1008,40,Random,-0.08800847731472933
1008,41,Random,-0.08800847731472933
1008,42,Random,-0.08800847731472933
1008,43,Random,-0.08800847731472933
1008,44,Random,-0.08800847731472933
1008,45,Random,-0.08800847731472933
1008,46,Random,-0.08800847731472933
1008,47,Random,-0.08800847731472933
1008,48,Random,-0.08800847731472933
1008,49,Random,-0.08800847731472933
1008,50,Random,-0.08800847731472933
1008,51,Random,-0.08800847731472933
1008,52,Random,-0.08800847731472933
1008,53,Random,-0.08800847731472933
1008,54,Random,-0.08800847731472933
1008,55,Random,-0.08800847731472933
1008,56,Random,-0.08800847731472933
1008,57,Random,-0.08800847731472933
1008,58,Random,-0.08800847731472933
1008,59,Random,-0.08800847731472933
1008,60,Random,-0.08800847731472933
1008,61,Random,-0.08800847731472933
1008,62,Random,-0.08800847731472933
1008,63,Random,-0.08800847731472933
1008,64,Random,-0.08800847731472933
1008,65,Random,-0.08800847731472933
1008,66,Random,-0.08800847731472933
1008,67,Random,-0.08800847731472933
1008,68,Random,-0.08800847731472933
1008,69,Random,-0.08800847731472933
1008,70,Random,-0.08800847731472933
1008,71,Random,-0.08800847731472933
1008,72,Random,-0.08800847731472933
1008,73,Random,-0.08800847731472933
1008,74,Random,-0.08800847731472933
1008,75,Random,-0.08800847731472933
1008,76,Random,-0.08800847731472933
1008,77,Random,-0.08800847731472933
1008,78,Random,-0.08800847731472933
1008,79,Random,-0.08800847731472933
1008,80,Random,-0.08800847731472933
1009,0,BASS-BO,0.5615745778354169
1009,1,BASS-BO,0.5615745778354169
1009,2,BASS-BO,0.5615745778354169
1009,3,BASS-BO,0.5615745778354169
1009,4,BASS-BO,0.5615745778354169
1009,5,BASS-BO,0.5615745778354169
1009,6,BASS-BO,0.5615745778354169
1009,7,BASS-BO,0.5615745778354169
1009,8,BASS-BO,0.5615745778354169
1009,9,BASS-BO,0.5615745778354169
1009,10,BASS-BO,0.5615745778354169
1009,11,BASS-BO,0.5615745778354169
1009,12,BASS-BO,0.5615745778354169
1009,13,BASS-BO,0.5615745778354169
1009,14,BASS-BO,0.5615745778354169
1009,15,BASS-BO,0.5615745778354169
1009,16,BASS-BO,0.5615745778354169
1009,17,BASS-BO,0.5615745778354169
1009,18,BASS-BO,0.5615745778354169
1009,19,BASS-BO,0.5615745778354169
1009,20,BASS-BO,0.5615745778354169
1009,21,BASS-BO,0.5615745778354169
1009,22,BASS-BO,0.5615745778354169
1009,23,BASS-BO,0.441899701024575
1009,24,BASS-BO,0.441899701024575
1009,25,BASS-BO,0.441899701024575
1009,26,BASS-BO,0.441899701024575
1009,27,BASS-BO,0.441899701024575
1009,28,BASS-BO,0.441899701024575
1009,29,BASS-BO,0.441899701024575
1009,30,BASS-BO,0.441899701024575
1009,31,BASS-BO,0.441899701024575
1009,32,BASS-BO,0.441899701024575
1009,33,BASS-BO,0.441899701024575
1009,34,BASS-BO,0.441899701024575
1009,35,BASS-BO,0.441899701024575
1009,36,BASS-BO,0.441899701024575
1009,37,BASS-BO,0.441899701024575
1009,38,BASS-BO,0.441899701024575
1009,39,BASS-BO,0.441899701024575
1009,40,BASS-BO,0.441899701024575
1009,41,BASS-BO,0.441899701024575
1009,42,BASS-BO,0.441899701024575
1009,43,BASS-BO,0.441899701024575
1009,44,BASS-BO,0.441899701024575
1009,45,BASS-BO,0.441899701024575
1009,46,BASS-BO,0.441899701024575
1009,47,BASS-BO,0.441899701024575
1009,48,BASS-BO,0.441899701024575
1009,49,BASS-BO,0.441899701024575
1009,50,BASS-BO,0.441899701024575
1009,51,BASS-BO,0.441899701024575
1009,52,BASS-BO,0.441899701024575
1009,53,BASS-BO,0.441899701024575
1009,54,BASS-BO,0.441899701024575
1009,55,BASS-BO,0.441899701024575
1009,56,BASS-BO,0.441899701024575
1009,57,BASS-BO,0.3923354699747818
1009,58,BASS-BO,0.3923354699747818
1009,59,BASS-BO,0.3923354699747818
1009,60,BASS-BO,0.3923354699747818
1009,61,BASS-BO,0.3923354699747818
1009,62,BASS-BO,0.3923354699747818
1009,63,BASS-BO,0.3923354699747818
1009,64,BASS-BO,0.3923354699747818
1009,65,BASS-BO,0.3923354699747818
1009,66,BASS-BO,0.3923354699747818
1009,67,BASS-BO,0.3923354699747818
1009,68,BASS-BO,0.3923354699747818
1009,69,BASS-BO,0.3923354699747818
1009,70,BASS-BO,0.3923354699747818
1009,71,BASS-BO,0.3923354699747818
1009,72,BASS-BO,0.3923354699747818
1009,73,BASS-BO,0.3923354699747818
1009,74,BASS-BO,0.3923354699747818
1009,75,BASS-BO,0.3923354699747818
1009,76,BASS-BO,0.24071274651291313
1009,77,BASS-BO,0.14495307044378508
1009,78,BASS-BO,0.14495307044378508
1009,79,BASS-BO,0.14495307044378508
1009,80,BASS-BO,0.14495307044378508
1009,0,GP-BO,0.5615745778354169
1009,1,GP-BO,0.024376515037242034
1009,2,GP-BO,0.024376515037242034
1009,3,GP-BO,0.024376515037242034
1009,4,GP-BO,0.024376515037242034
1009,5,GP-BO,0.024376515037242034
1009,6,GP-BO,0.016277301467962246
1009,7,GP-BO,0.016277301467962246
1009,8,GP-BO,0.016277301467962246
1009,9,GP-BO,0.016277301467962246
1009,10,GP-BO,0.016277301467962246
1009,11,GP-BO,0.016277301467962246
1009,12,GP-BO,0.016277301467962246
1009,13,GP-BO,-0.0757738610617017
1009,14,GP-BO,-0.0757738610617017
1009,15,GP-BO,-0.0757738610617017
1009,16,GP-BO,-0.0757738610617017
1009,17,GP-BO,-0.0757738610617017
1009,18,GP-BO,-0.0757738610617017
1009,19,GP-BO,-0.0757738610617017
1009,20,GP-BO,-0.0757738610617017
1009,21,GP-BO,-0.0757738610617017
1009,22,GP-BO,-0.1458909217843808
1009,23,GP-BO,-0.1458909217843808
1009,24,GP-BO,-0.1458909217843808
1009,25,GP-BO,-0.1458909217843808
1009,26,GP-BO,-0.1458909217843808
1009,27,GP-BO,-0.1458909217843808
1009,28,GP-BO,-0.1458909217843808
1009,29,GP-BO,-0.1458909217843808
1009,30,GP-BO,-0.1458909217843808
1009,31,GP-BO,-0.1458909217843808
1009,32,GP-BO,-0.1458909217843808
1009,33,GP-BO,-0.1458909217843808
1009,34,GP-BO,-0.1458909217843808
1009,35,GP-BO,-0.1458909217843808
1009,36,GP-BO,-0.1458909217843808
1009,37,GP-BO,-0.1458909217843808
1009,38,GP-BO,-0.1458909217843808
1009,39,GP-BO,-0.21385190765883105
1009,40,GP-BO,-0.21385190765883105
1009,41,GP-BO,-0.21385190765883105
1009,42,GP-BO,-0.21385190765883105
1009,43,GP-BO,-0.21385190765883105
1009,44,GP-BO,-0.21385190765883105
1009,45,GP-BO,-0.21385190765883105
1009,46,GP-BO,-0.21385190765883105
1009,47,GP-BO,-0.21385190765883105
1009,48,GP-BO,-0.21385190765883105
1009,49,GP-BO,-0.21385190765883105
1009,50,GP-BO,-0.21385190765883105
1009,51,GP-BO,-0.21385190765883105
1009,52,GP-BO,-0.21385190765883105
1009,53,GP-BO,-0.21385190765883105
1009,54,GP-BO,-0.21385190765883105
1009,55,GP-BO,-0.21385190765883105
1009,56,GP-BO,-0.21385190765883105
1009,57,GP-BO,-0.3302909937674682
1009,58,GP-BO,-0.3302909937674682
1009,59,GP-BO,-0.3302909937674682
1009,60,GP-BO,-0.3302909937674682
1009,61,GP-BO,-0.3302909937674682
1009,62,GP-BO,-0.36399748310179536
1009,63,GP-BO,-0.36399748310179536
1009,64,GP-BO,-0.36399748310179536
1009,65,GP-BO,-0.36399748310179536
1009,66,GP-BO,-0.36399748310179536
1009,67,GP-BO,-0.36399748310179536
1009,68,GP-BO,-0.36399748310179536
1009,69,GP-BO,-0.36399748310179536
1009,70,GP-BO,-0.36399748310179536
1009,71,GP-BO,-0.36399748310179536
1009,72,GP-BO,-0.36399748310179536
1009,73,GP-BO,-0.36399748310179536
1009,74,GP-BO,-0.36399748310179536
1009,75,GP-BO,-0.36399748310179536
1009,76,GP-BO,-0.36789747821564495
1009,77,GP-BO,-0.36789747821564495
1009,78,GP-BO,-0.6966850780239178
1009,79,GP-BO,-0.6966850780239178
1009,80,GP-BO,-0.6966850780239178
1009,0,Random,0.5615745778354169
1009,1,Random,0.5615745778354169
1009,2,Random,0.5615745778354169
1009,3,Random,0.5615745778354169
1009,4,Random,0.5615745778354169
1009,5,Random,0.5615745778354169
1009,6,Random,0.5615745778354169
1009,7,Random,0.5615745778354169
1009,8,Random,0.5615745778354169
1009,9,Random,0.4266650196053902
1009,10,Random,0.4266650196053902
1009,11,Random,0.4266650196053902
1009,12,Random,0.4266650196053902
1009,13,Random,0.4266650196053902
1009,14,Random,0.4266650196053902
1009,15,Random,0.4266650196053902
1009,16,Random,0.4266650196053902
1009,17,Random,0.4266650196053902
1009,18,Random,0.4266650196053902
1009,19,Random,0.4266650196053902
1009,20,Random,0.4266650196053902
1009,21,Random,0.4266650196053902
1009,22,Random,0.4266650196053902
1009,23,Random,-0.23496868549590966
1009,24,Random,-0.23496868549590966
1009,25,Random,-0.23496868549590966
1009,26,Random,-0.23496868549590966
1009,27,Random,-0.23496868549590966
1009,28,Random,-0.23496868549590966
1009,29,Random,-0.23496868549590966
1009,30,Random,-0.23496868549590966
1009,31,Random,-0.23496868549590966
1009,32,Random,-0.23496868549590966
1009,33,Random,-0.23496868549590966
1009,34,Random,-0.23496868549590966
1009,35,Random,-0.23496868549590966
1009,36,Random,-0.23496868549590966
1009,37,Random,-0.23496868549590966
1009,38,Random,-0.23496868549590966
1009,39,Random,-0.23496868549590966
1009,40,Random,-0.23496868549590966
1009,41,Random,-0.23496868549590966
1009,42,Random,-0.23496868549590966
1009,43,Random,-0.23496868549590966
1009,44,Random,-0.23496868549590966
1009,45,Random,-0.23496868549590966
1009,46,Random,-0.23496868549590966
1009,47,Random,-0.23496868549590966
1009,48,Random,-0.23496868549590966
1009,49,Random,-0.23496868549590966
1009,50,Random,-0.23496868549590966
1009,51,Random,-0.23496868549590966
1009,52,Random,-0.23496868549590966
1009,53,Random,-0.23496868549590966
1009,54,Random,-0.23496868549590966
1009,55,Random,-0.23496868549590966
1009,56,Random,-0.23496868549590966
1009,57,Random,-0.23496868549590966
1009,58,Random,-0.23496868549590966
1009,59,Random,-0.23496868549590966
1009,60,Random,-0.23496868549590966
1009,61,Random,-0.23496868549590966
1009,62,Random,-0.23496868549590966
1009,63,Random,-0.23496868549590966
1009,64,Random,-0.23496868549590966
1009,65,Random,-0.23496868549590966
1009,66,Random,-0.23496868549590966
1009,67,Random,-0.23496868549590966
1009,68,Random,-0.23496868549590966
1009,69,Random,-0.23496868549590966
1009,70,Random,-0.23496868549590966
1009,71,Random,-0.23496868549590966
1009,72,Random,-0.23496868549590966
1009,73,Random,-0.23496868549590966
1009,74,Random,-0.23496868549590966
1009,75,Random,-0.23496868549590966
1009,76,Random,-0.23496868549590966
1009,77,Random,-0.23496868549590966
1009,78,Random,-0.23496868549590966
1009,79,Random,-0.23496868549590966
1009,80,Random,-0.23496868549590966
1010,0,BASS-BO,0.049425087511376094
1010,1,BASS-BO,0.049425087511376094
1010,2,BASS-BO,0.049425087511376094
1010,3,BASS-BO,0.049425087511376094
1010,4,BASS-BO,0.049425087511376094
1010,5,BASS-BO,0.049425087511376094
1010,6,BASS-BO,0.049425087511376094
1010,7,BASS-BO,0.049425087511376094
1010,8,BASS-BO,0.049425087511376094
1010,9,BASS-BO,0.049425087511376094
1010,10,BASS-BO,0.049425087511376094
1010,11,BASS-BO,0.049425087511376094
1010,12,BASS-BO,0.049425087511376094
1010,13,BASS-BO,0.049425087511376094
1010,14,BASS-BO,0.049425087511376094
1010,15,BASS-BO,0.049425087511376094
1010,16,BASS-BO,0.049425087511376094
1010,17,BASS-BO,0.049425087511376094
1010,18,BASS-BO,0.049425087511376094
1010,19,BASS-BO,0.049425087511376094
1010,20,BASS-BO,0.049425087511376094
1010,21,BASS-BO,0.049425087511376094
1010,22,BASS-BO,0.049425087511376094
1010,23,BASS-BO,0.049425087511376094
1010,24,BASS-BO,-0.042743926041077684
1010,25,BASS-BO,-0.042743926041077684
1010,26,BASS-BO,-0.042743926041077684
1010,27,BASS-BO,-0.042743926041077684
1010,28,BASS-BO,-0.042743926041077684
1010,29,BASS-BO,-0.042743926041077684
1010,30,BASS-BO,-0.042743926041077684
1010,31,BASS-BO,-0.042743926041077684
1010,32,BASS-BO,-0.042743926041077684
1010,33,BASS-BO,-0.042743926041077684
1010,34,BASS-BO,-0.042743926041077684
1010,35,BASS-BO,-0.042743926041077684
1010,36,BASS-BO,-0.042743926041077684
1010,37,BASS-BO,-0.042743926041077684
1010,38,BASS-BO,-0.042743926041077684
1010,39,BASS-BO,-0.042743926041077684
1010,40,BASS-BO,-0.042743926041077684
1010,41,BASS-BO,-0.042743926041077684
1010,42,BASS-BO,-0.042743926041077684
1010,43,BASS-BO,-0.042743926041077684
1010,44,BASS-BO,-0.042743926041077684
1010,45,BASS-BO,-0.042743926041077684
1010,46,BASS-BO,-0.042743926041077684
1010,47,BASS-BO,-0.042743926041077684
1010,48,BASS-BO,-0.042743926041077684
1010,49,BASS-BO,-0.042743926041077684
1010,50,BASS-BO,-0.042743926041077684
1010,51,BASS-BO,-0.042743926041077684
1010,52,BASS-BO,-0.042743926041077684
1010,53,BASS-BO,-0.042743926041077684
1010,54,BASS-BO,-0.042743926041077684
1010,55,BASS-BO,-0.042743926041077684
1010,56,BASS-BO,-0.042743926041077684
1010,57,BASS-BO,-0.042743926041077684
1010,58,BASS-BO,-0.042743926041077684
1010,59,BASS-BO,-0.042743926041077684
1010,60,BASS-BO,-0.042743926041077684
1010,61,BASS-BO,-0.042743926041077684
1010,62,BASS-BO,-0.042743926041077684
1010,63,BASS-BO,-0.042743926041077684
1010,64,BASS-BO,-0.042743926041077684
1010,65,BASS-BO,-0.042743926041077684
1010,66,BASS-BO,-0.042743926041077684
1010,67,BASS-BO,-0.042743926041077684
1010,68,BASS-BO,-0.042743926041077684
1010,69,BASS-BO,-0.042743926041077684
1010,70,BASS-BO,-0.042743926041077684
1010,71,BASS-BO,-0.042743926041077684
1010,72,BASS-BO,-0.042743926041077684
1010,73,BASS-BO,-0.042743926041077684
1010,74,BASS-BO,-0.042743926041077684
1010,75,BASS-BO,-0.042743926041077684
1010,76,BASS-BO,-0.042743926041077684
1010,77,BASS-BO,-0.042743926041077684
1010,78,BASS-BO,-0.042743926041077684
1010,79,BASS-BO,-0.042743926041077684
1010,80,BASS-BO,-0.042743926041077684
1010,0,GP-BO,0.049425087511376094
1010,1,GP-BO,0.049425087511376094
1010,2,GP-BO,0.049425087511376094
1010,3,GP-BO,0.049425087511376094
1010,4,GP-BO,0.049425087511376094
1010,5,GP-BO,0.049425087511376094
1010,6,GP-BO,0.049425087511376094
1010,7,GP-BO,0.049425087511376094
1010,8,GP-BO,0.049425087511376094
1010,9,GP-BO,0.049425087511376094
1010,10,GP-BO,0.049425087511376094
1010,11,GP-BO,0.049425087511376094
1010,12,GP-BO,0.049425087511376094
1010,13,GP-BO,0.049425087511376094
1010,14,GP-BO,0.049425087511376094
1010,15,GP-BO,0.049425087511376094
1010,16,GP-BO,0.049425087511376094
1010,17,GP-BO,0.049425087511376094
1010,18,GP-BO,0.049425087511376094
1010,19,GP-BO,0.049425087511376094
1010,20,GP-BO,0.049425087511376094
1010,21,GP-BO,0.049425087511376094
1010,22,GP-BO,0.049425087511376094
1010,23,GP-BO,0.049425087511376094
1010,24,GP-BO,0.049425087511376094
1010,25,GP-BO,0.049425087511376094
1010,26,GP-BO,0.049425087511376094
1010,27,GP-BO,0.049425087511376094
1010,28,GP-BO,0.049425087511376094
1010,29,GP-BO,0.049425087511376094
1010,30,GP-BO,0.049425087511376094
1010,31,GP-BO,0.049425087511376094
1010,32,GP-BO,0.049425087511376094
1010,33,GP-BO,0.049425087511376094
1010,34,GP-BO,0.049425087511376094
1010,35,GP-BO,0.049425087511376094
1010,36,GP-BO,0.049425087511376094
1010,37,GP-BO,-0.09168773620597892
1010,38,GP-BO,-0.09168773620597892
1010,39,GP-BO,-0.09168773620597892
1010,40,GP-BO,-0.09168773620597892
1010,41,GP-BO,-0.09168773620597892
1010,42,GP-BO,-0.09168773620597892
1010,43,GP-BO,-0.09168773620597892
1010,44,GP-BO,-0.09168773620597892
1010,45,GP-BO,-0.09168773620597892
1010,46,GP-BO,-0.09168773620597892
1010,47,GP-BO,-0.09168773620597892
1010,48,GP-BO,-0.09168773620597892
1010,49,GP-BO,-0.09168773620597892
1010,50,GP-BO,-0.09168773620597892
1010,51,GP-BO,-0.3169067472689865
1010,52,GP-BO,-0.3169067472689865
1010,53,GP-BO,-0.3169067472689865
1010,54,GP-BO,-0.3169067472689865
1010,55,GP-BO,-0.3169067472689865
1010,56,GP-BO,-0.3169067472689865
1010,57,GP-BO,-0.3169067472689865
1010,58,GP-BO,-0.3169067472689865
1010,59,GP-BO,-0.3169067472689865
1010,60,GP-BO,-0.3169067472689865
1010,61,GP-BO,-0.3169067472689865
1010,62,GP-BO,-0.3169067472689865
1010,63,GP-BO,-0.3169067472689865
1010,64,GP-BO,-0.3169067472689865
1010,65,GP-BO,-0.3169067472689865
1010,66,GP-BO,-0.3169067472689865
1010,67,GP-BO,-0.3169067472689865
1010,68,GP-BO,-0.3169067472689865
1010,69,GP-BO,-0.3169067472689865
1010,70,GP-BO,-0.3169067472689865
1010,71,GP-BO,-0.3169067472689865
1010,72,GP-BO,-0.3169067472689865
1010,73,GP-BO,-0.3169067472689865
1010,74,GP-BO,-0.3169067472689865
1010,75,GP-BO,-0.3169067472689865
1010,76,GP-BO,-0.3169067472689865
1010,77,GP-BO,-0.3169067472689865
1010,78,GP-BO,-0.3169067472689865
1010,79,GP-BO,-0.3169067472689865
1010,80,GP-BO,-0.3169067472689865
1010,0,Random,0.049425087511376094
1010,1,Random,0.049425087511376094
1010,2,Random,-0.05592757575364593
1010,3,Random,-0.05592757575364593
1010,4,Random,-0.05592757575364593
1010,5,Random,-0.05592757575364593
1010,6,Random,-0.05592757575364593
1010,7,Random,-0.05592757575364593
1010,8,Random,-0.05592757575364593
1010,9,Random,-0.05592757575364593
1010,10,Random,-0.05592757575364593
1010,11,Random,-0.05592757575364593
1010,12,Random,-0.05592757575364593
1010,13,Random,-0.05592757575364593
1010,14,Random,-0.05592757575364593
1010,15,Random,-0.05592757575364593
1010,16,Random,-0.05592757575364593
1010,17,Random,-0.05592757575364593
1010,18,Random,-0.05592757575364593
1010,19,Random,-0.05592757575364593
1010,20,Random,-0.05592757575364593
1010,21,Random,-0.05592757575364593
1010,22,Random,-0.05592757575364593
1010,23,Random,-0.05592757575364593
1010,24,Random,-0.05592757575364593
1010,25,Random,-0.05592757575364593
1010,26,Random,-0.05592757575364593
1010,27,Random,-0.05592757575364593
1010,28,Random,-0.05592757575364593
1010,29,Random,-0.05592757575364593
1010,30,Random,-0.05592757575364593
1010,31,Random,-0.05592757575364593
1010,32,Random,-0.05592757575364593
1010,33,Random,-0.05592757575364593
1010,34,Random,-0.05592757575364593
1010,35,Random,-0.05592757575364593
1010,36,Random,-0.05592757575364593
1010,37,Random,-0.05592757575364593
1010,38,Random,-0.05592757575364593
1010,39,Random,-0.05592757575364593
1010,40,Random,-0.05592757575364593
1010,41,Random,-0.05592757575364593
1010,42,Random,-0.05592757575364593
1010,43,Random,-0.05592757575364593
1010,44,Random,-0.05592757575364593
1010,45,Random,-0.05592757575364593
1010,46,Random,-0.05592757575364593
1010,47,Random,-0.05592757575364593
1010,48,Random,-0.05592757575364593
1010,49,Random,-0.05592757575364593
1010,50,Random,-0.05592757575364593
1010,51,Random,-0.05592757575364593
1010,52,Random,-0.05592757575364593
1010,53,Random,-0.05592757575364593
1010,54,Random,-0.05592757575364593
1010,55,Random,-0.05592757575364593
1010,56,Random,-0.05592757575364593
1010,57,Random,-0.05592757575364593
1010,58,Random,-0.05592757575364593
1010,59,Random,-0.05592757575364593
1010,60,Random,-0.05592757575364593
1010,61,Random,-0.1622528214309109
1010,62,Random,-0.1622528214309109
1010,63,Random,-0.1622528214309109
1010,64,Random,-0.1622528214309109
1010,65,Random,-0.1622528214309109
1010,66,Random,-0.1622528214309109
1010,67,Random,-0.1622528214309109
1010,68,Random,-0.1622528214309109
1010,69,Random,-0.1622528214309109
1010,70,Random,-0.1622528214309109
1010,71,Random,-0.1622528214309109
1010,72,Random,-0.1622528214309109
1010,73,Random,-0.1622528214309109
1010,74,Random,-0.1622528214309109
1010,75,Random,-0.1622528214309109
1010,76,Random,-0.1622528214309109
1010,77,Random,-0.1622528214309109
1010,78,Random,-0.1622528214309109
1010,79,Random,-0.1622528214309109
1010,80,Random,-0.1622528214309109
1011,0,BASS-BO,-0.2757070888749166
1011,1,BASS-BO,-0.2757070888749166
1011,2,BASS-BO,-0.2757070888749166
1011,3,BASS-BO,-0.2757070888749166
1011,4,BASS-BO,-0.2757070888749166
1011,5,BASS-BO,-0.2757070888749166
1011,6,BASS-BO,-0.2757070888749166
1011,7,BASS-BO,-0.2757070888749166
1011,8,BASS-BO,-0.2757070888749166
1011,9,BASS-BO,-0.2757070888749166
1011,10,BASS-BO,-0.2757070888749166
1011,11,BASS-BO,-0.2757070888749166
1011,12,BASS-BO,-0.2757070888749166
1011,13,BASS-BO,-0.2757070888749166
1011,14,BASS-BO,-0.2757070888749166
1011,15,BASS-BO,-0.2757070888749166
1011,16,BASS-BO,-0.2757070888749166
1011,17,BASS-BO,-0.2757070888749166
1011,18,BASS-BO,-0.2757070888749166
1011,19,BASS-BO,-0.2757070888749166
1011,20,BASS-BO,-0.2757070888749166
1011,21,BASS-BO,-0.2757070888749166
1011,22,BASS-BO,-0.2757070888749166
1011,23,BASS-BO,-0.2757070888749166
1011,24,BASS-BO,-0.2757070888749166
1011,25,BASS-BO,-0.2757070888749166
1011,26,BASS-BO,-0.2757070888749166
1011,27,BASS-BO,-0.2757070888749166
1011,28,BASS-BO,-0.2757070888749166
1011,29,BASS-BO,-0.2757070888749166
1011,30,BASS-BO,-0.2757070888749166
1011,31,BASS-BO,-0.2757070888749166
1011,32,BASS-BO,-0.2757070888749166
1011,33,BASS-BO,-0.2757070888749166
1011,34,BASS-BO,-0.2757070888749166
1011,35,BASS-BO,-0.2757070888749166
1011,36,BASS-BO,-0.2757070888749166
1011,37,BASS-BO,-0.2757070888749166
1011,38,BASS-BO,-0.2757070888749166
1011,39,BASS-BO,-0.2757070888749166
1011,40,BASS-BO,-0.2757070888749166
1011,41,BASS-BO,-0.2757070888749166
1011,42,BASS-BO,-0.2757070888749166
1011,43,BASS-BO,-0.2757070888749166
1011,44,BASS-BO,-0.2757070888749166
1011,45,BASS-BO,-0.2757070888749166
1011,46,BASS-BO,-0.2757070888749166
1011,47,BASS-BO,-0.2757070888749166
1011,48,BASS-BO,-0.2757070888749166
1011,49,BASS-BO,-0.2757070888749166
1011,50,BASS-BO,-0.2757070888749166
1011,51,BASS-BO,-0.2757070888749166
1011,52,BASS-BO,-0.2757070888749166
1011,53,BASS-BO,-0.2757070888749166
1011,54,BASS-BO,-0.2757070888749166
1011,55,BASS-BO,-0.2757070888749166
1011,56,BASS-BO,-0.2757070888749166
1011,57,BASS-BO,-0.2757070888749166
1011,58,BASS-BO,-0.2757070888749166
1011,59,BASS-BO,-0.2757070888749166
1011,60,BASS-BO,-0.2757070888749166
1011,61,BASS-BO,-0.2757070888749166
1011,62,BASS-BO,-0.2757070888749166
1011,63,BASS-BO,-0.2757070888749166
1011,64,BASS-BO,-0.2757070888749166
1011,65,BASS-BO,-0.2757070888749166
1011,66,BASS-BO,-0.2757070888749166
1011,67,BASS-BO,-0.2757070888749166
1011,68,BASS-BO,-0.2757070888749166
1011,69,BASS-BO,-0.2757070888749166
1011,70,BASS-BO,-0.2757070888749166
1011,71,BASS-BO,-0.2757070888749166
1011,72,BASS-BO,-0.2757070888749166
1011,73,BASS-BO,-0.2757070888749166
1011,74,BASS-BO,-0.2757070888749166
1011,75,BASS-BO,-0.2757070888749166
1011,76,BASS-BO,-0.2757070888749166
1011,77,BASS-BO,-0.2757070888749166
1011,78,BASS-BO,-0.2757070888749166
1011,79,BASS-BO,-0.2757070888749166
1011,80,BASS-BO,-0.2757070888749166
1011,0,GP-BO,-0.2757070888749166
1011,1,GP-BO,-0.2757070888749166
1011,2,GP-BO,-0.2757070888749166
1011,3,GP-BO,-0.2757070888749166
1011,4,GP-BO,-0.2757070888749166
1011,5,GP-BO,-0.2757070888749166
1011,6,GP-BO,-0.2757070888749166
1011,7,GP-BO,-0.2757070888749166
1011,8,GP-BO,-0.2757070888749166
1011,9,GP-BO,-0.2757070888749166
1011,10,GP-BO,-0.2757070888749166
1011,11,GP-BO,-0.2757070888749166
1011,12,GP-BO,-0.2757070888749166
1011,13,GP-BO,-0.2757070888749166
1011,14,GP-BO,-0.2757070888749166
1011,15,GP-BO,-0.2757070888749166
1011,16,GP-BO,-0.2757070888749166
1011,17,GP-BO,-0.2757070888749166
1011,18,GP-BO,-0.2757070888749166
1011,19,GP-BO,-0.2757070888749166
1011,20,GP-BO,-0.2757070888749166
1011,21,GP-BO,-0.2757070888749166
1011,22,GP-BO,-0.2757070888749166
1011,23,GP-BO,-0.2757070888749166
1011,24,GP-BO,-0.2757070888749166
1011,25,GP-BO,-0.2757070888749166
1011,26,GP-BO,-0.2757070888749166
1011,27,GP-BO,-0.2757070888749166
1011,28,GP-BO,-0.2757070888749166
1011,29,GP-BO,-0.2757070888749166
1011,30,GP-BO,-0.2757070888749166
1011,31,GP-BO,-0.2757070888749166
1011,32,GP-BO,-0.2757070888749166
1011,33,GP-BO,-0.29115286039845367
1011,34,GP-BO,-0.29115286039845367
1011,35,GP-BO,-0.29115286039845367
1011,36,GP-BO,-0.29115286039845367
1011,37,GP-BO,-0.29115286039845367
1011,38,GP-BO,-0.29115286039845367
1011,39,GP-BO,-0.29115286039845367
1011,40,GP-BO,-0.29115286039845367
1011,41,GP-BO,-0.29115286039845367
1011,42,GP-BO,-0.29115286039845367
1011,43,GP-BO,-0.29115286039845367
1011,44,GP-BO,-0.29115286039845367
1011,45,GP-BO,-0.29115286039845367
1011,46,GP-BO,-0.29115286039845367
1011,47,GP-BO,-0.29115286039845367
1011,48,GP-BO,-0.29115286039845367
1011,49,GP-BO,-0.29115286039845367
1011,50,GP-BO,-0.29115286039845367
1011,51,GP-BO,-0.29115286039845367
1011,52,GP-BO,-0.29115286039845367
1011,53,GP-BO,-0.29115286039845367
1011,54,GP-BO,-0.29115286039845367
1011,55,GP-BO,-0.29115286039845367
1011,56,GP-BO,-0.29115286039845367
1011,57,GP-BO,-0.29115286039845367
1011,58,GP-BO,-0.29115286039845367
1011,59,GP-BO,-0.29115286039845367
1011,60,GP-BO,-0.29115286039845367
1011,61,GP-BO,-0.29115286039845367
1011,62,GP-BO,-0.29115286039845367
1011,63,GP-BO,-0.29115286039845367
1011,64,GP-BO,-0.29115286039845367
1011,65,GP-BO,-0.29115286039845367
1011,66,GP-BO,-0.29115286039845367
1011,67,GP-BO,-0.29115286039845367
1011,68,GP-BO,-0.29115286039845367
1011,69,GP-BO,-0.2952158539209576
1011,70,GP-BO,-0.2952158539209576
1011,71,GP-BO,-0.2952158539209576
1011,72,GP-BO,-0.2952158539209576
1011,73,GP-BO,-0.2952158539209576
1011,74,GP-BO,-0.2952158539209576
1011,75,GP-BO,-0.2952158539209576
1011,76,GP-BO,-0.2952158539209576
1011,77,GP-BO,-0.2952158539209576
1011,78,GP-BO,-0.2952158539209576
1011,79,GP-BO,-0.2952158539209576
1011,80,GP-BO,-0.2952158539209576
1011,0,Random,-0.2757070888749166
1011,1,Random,-0.2757070888749166
1011,2,Random,-0.2757070888749166
1011,3,Random,-0.2757070888749166
1011,4,Random,-0.2757070888749166
1011,5,Random,-0.2757070888749166
1011,6,Random,-0.2757070888749166
1011,7,Random,-0.2757070888749166
1011,8,Random,-0.2757070888749166
1011,9,Random,-0.2757070888749166
1011,10,Random,-0.2757070888749166
1011,11,Random,-0.2757070888749166
1011,12,Random,-0.2757070888749166
1011,13,Random,-0.2757070888749166
1011,14,Random,-0.2757070888749166
1011,15,Random,-0.2757070888749166
1011,16,Random,-0.2757070888749166
1011,17,Random,-0.2757070888749166
1011,18,Random,-0.2757070888749166
1011,19,Random,-0.2757070888749166
1011,20,Random,-0.2757070888749166
1011,21,Random,-0.2757070888749166
1011,22,Random,-0.2757070888749166
1011,23,Random,-0.2757070888749166
1011,24,Random,-0.2757070888749166
1011,25,Random,-0.2757070888749166
1011,26,Random,-0.2757070888749166
1011,27,Random,-0.2757070888749166
1011,28,Random,-0.2757070888749166
1011,29,Random,-0.2757070888749166
1011,30,Random,-0.2757070888749166
1011,31,Random,-0.2757070888749166
1011,32,Random,-0.2757070888749166
1011,33,Random,-0.2757070888749166
1011,34,Random,-0.2757070888749166
1011,35,Random,-0.2757070888749166
1011,36,Random,-0.2757070888749166
1011,37,Random,-0.2757070888749166
1011,38,Random,-0.2757070888749166
1011,39,Random,-0.2757070888749166
1011,40,Random,-0.2757070888749166
1011,41,Random,-0.2757070888749166
1011,42,Random,-0.2757070888749166
1011,43,Random,-0.2757070888749166
1011,44,Random,-0.2757070888749166
1011,45,Random,-0.2757070888749166
1011,46,Random,-0.2757070888749166
1011,47,Random,-0.2757070888749166
1011,48,Random,-0.2757070888749166
1011,49,Random,-0.2757070888749166
1011,50,Random,-0.2757070888749166
1011,51,Random,-0.2757070888749166
1011,52,Random,-0.2757070888749166
1011,53,Random,-0.2757070888749166
1011,54,Random,-0.2757070888749166
1011,55,Random,-0.2757070888749166
1011,56,Random,-0.2757070888749166
1011,57,Random,-0.2757070888749166
1011,58,Random,-0.2757070888749166
1011,59,Random,-0.2757070888749166
1011,60,Random,-0.2757070888749166
1011,61,Random,-0.2757070888749166
1011,62,Random,-0.2757070888749166
1011,63,Random,-0.2757070888749166
1011,64,Random,-0.2757070888749166
1011,65,Random,-0.2757070888749166
1011,66,Random,-0.2757070888749166
1011,67,Random,-0.2757070888749166
1011,68,Random,-0.2757070888749166
1011,69,Random,-0.2757070888749166
1011,70,Random,-0.2757070888749166
1011,71,Random,-0.2757070888749166
1011,72,Random,-0.2757070888749166
1011,73,Random,-0.2757070888749166
1011,74,Random,-0.2757070888749166
1011,75,Random,-0.2757070888749166
1011,76,Random,-0.2757070888749166
1011,77,Random,-0.2757070888749166
1011,78,Random,-0.2757070888749166
1011,79,Random,-0.2757070888749166
1011,80,Random,-0.2757070888749166
1012,0,BASS-BO,0.561481448718437
1012,1,BASS-BO,0.561481448718437
1012,2,BASS-BO,0.561481448718437
1012,3,BASS-BO,0.561481448718437
1012,4,BASS-BO,0.561481448718437
1012,5,BASS-BO,0.561481448718437
1012,6,BASS-BO,0.561481448718437
1012,7,BASS-BO,0.561481448718437
1012,8,BASS-BO,0.561481448718437
1012,9,BASS-BO,0.057526643808781995
1012,10,BASS-BO,0.057526643808781995
1012,11,BASS-BO,0.057526643808781995
1012,12,BASS-BO,0.057526643808781995
1012,13,BASS-BO,0.057526643808781995
1012,14,BASS-BO,0.057526643808781995
1012,15,BASS-BO,0.057526643808781995
1012,16,BASS-BO,0.057526643808781995
1012,17,BASS-BO,0.04639804053917452
1012,18,BASS-BO,0.04639804053917452
1012,19,BASS-BO,0.04639804053917452
1012,20,BASS-BO,0.04639804053917452
1012,21,BASS-BO,0.04639804053917452
1012,22,BASS-BO,0.04639804053917452
1012,23,BASS-BO,0.04639804053917452
1012,24,BASS-BO,0.04639804053917452
1012,25,BASS-BO,0.04639804053917452
1012,26,BASS-BO,0.04639804053917452
1012,27,BASS-BO,0.04639804053917452
1012,28,BASS-BO,0.04639804053917452
1012,29,BASS-BO,0.04639804053917452
1012,30,BASS-BO,0.04639804053917452
1012,31,BASS-BO,0.04639804053917452
1012,32,BASS-BO,0.04639804053917452
1012,33,BASS-BO,0.04639804053917452
1012,34,BASS-BO,0.04639804053917452
1012,35,BASS-BO,0.04639804053917452
1012,36,BASS-BO,0.04639804053917452
1012,37,BASS-BO,0.04639804053917452
1012,38,BASS-BO,0.04639804053917452
1012,39,BASS-BO,0.04639804053917452
1012,40,BASS-BO,0.04639804053917452
1012,41,BASS-BO,0.04639804053917452
1012,42,BASS-BO,0.04639804053917452
1012,43,BASS-BO,0.04639804053917452
1012,44,BASS-BO,0.04639804053917452
1012,45,BASS-BO,0.04639804053917452
1012,46,BASS-BO,0.04639804053917452
1012,47,BASS-BO,0.04639804053917452
1012,48,BASS-BO,0.04639804053917452
1012,49,BASS-BO,0.04639804053917452
1012,50,BASS-BO,0.04639804053917452
1012,51,BASS-BO,0.04639804053917452
1012,52,BASS-BO,0.04639804053917452
1012,53,BASS-BO,0.04639804053917452
1012,54,BASS-BO,0.04639804053917452
1012,55,BASS-BO,0.04639804053917452
1012,56,BASS-BO,0.04639804053917452
1012,57,BASS-BO,0.04639804053917452
1012,58,BASS-BO,0.04639804053917452
1012,59,BASS-BO,0.04639804053917452
1012,60,BASS-BO,0.04639804053917452
1012,61,BASS-BO,0.04639804053917452
1012,62,BASS-BO,0.04639804053917452
1012,63,BASS-BO,0.04639804053917452
1012,64,BASS-BO,0.04639804053917452
1012,65,BASS-BO,0.04639804053917452
1012,66,BASS-BO,0.04639804053917452
1012,67,BASS-BO,0.04639804053917452
1012,68,BASS-BO,0.04639804053917452
1012,69,BASS-BO,0.04639804053917452
1012,70,BASS-BO,0.04639804053917452
1012,71,BASS-BO,0.04639804053917452
1012,72,BASS-BO,0.04639804053917452
1012,73,BASS-BO,0.04639804053917452
1012,74,BASS-BO,0.04639804053917452
1012,75,BASS-BO,0.04639804053917452
1012,76,BASS-BO,0.04639804053917452
1012,77,BASS-BO,0.04639804053917452
1012,78,BASS-BO,0.04639804053917452
1012,79,BASS-BO,0.04639804053917452
1012,80,BASS-BO,0.04639804053917452
1012,0,GP-BO,0.561481448718437
1012,1,GP-BO,0.27013618695803493
1012,2,GP-BO,0.27013618695803493
1012,3,GP-BO,0.27013618695803493
1012,4,GP-BO,0.27013618695803493
1012,5,GP-BO,0.27013618695803493
1012,6,GP-BO,0.27013618695803493
1012,7,GP-BO,0.27013618695803493
1012,8,GP-BO,0.27013618695803493
1012,9,GP-BO,0.27013618695803493
1012,10,GP-BO,0.27013618695803493
1012,11,GP-BO,0.27013618695803493
1012,12,GP-BO,0.27013618695803493
1012,13,GP-BO,0.27013618695803493
1012,14,GP-BO,0.27013618695803493
1012,15,GP-BO,0.27013618695803493
1012,16,GP-BO,0.27013618695803493
1012,17,GP-BO,0.27013618695803493
1012,18,GP-BO,0.27013618695803493
1012,19,GP-BO,0.27013618695803493
1012,20,GP-BO,0.27013618695803493
1012,21,GP-BO,0.27013618695803493
1012,22,GP-BO,0.27013618695803493
1012,23,GP-BO,0.27013618695803493
1012,24,GP-BO,0.27013618695803493
1012,25,GP-BO,0.27013618695803493
1012,26,GP-BO,0.27013618695803493
1012,27,GP-BO,0.27013618695803493
1012,28,GP-BO,0.27013618695803493
1012,29,GP-BO,0.27013618695803493
1012,30,GP-BO,0.27013618695803493
1012,31,GP-BO,0.27013618695803493
1012,32,GP-BO,0.27013618695803493
1012,33,GP-BO,0.27013618695803493
1012,34,GP-BO,0.27013618695803493
1012,35,GP-BO,0.27013618695803493
1012,36,GP-BO,0.27013618695803493
1012,37,GP-BO,0.27013618695803493
1012,38,GP-BO,0.27013618695803493
1012,39,GP-BO,0.27013618695803493
1012,40,GP-BO,0.27013618695803493
1012,41,GP-BO,0.27013618695803493
1012,42,GP-BO,0.27013618695803493
1012,43,GP-BO,0.27013618695803493
1012,44,GP-BO,0.27013618695803493
1012,45,GP-BO,0.27013618695803493
1012,46,GP-BO,0.27013618695803493
1012,47,GP-BO,0.27013618695803493
1012,48,GP-BO,0.27013618695803493
1012,49,GP-BO,0.27013618695803493
1012,50,GP-BO,0.27013618695803493
1012,51,GP-BO,0.27013618695803493
1012,52,GP-BO,0.27013618695803493
1012,53,GP-BO,0.27013618695803493
1012,54,GP-BO,0.27013618695803493
1012,55,GP-BO,0.20601631790335295
1012,56,GP-BO,0.20601631790335295
1012,57,GP-BO,0.20601631790335295
1012,58,GP-BO,0.20601631790335295
1012,59,GP-BO,0.20601631790335295
1012,60,GP-BO,0.20601631790335295
1012,61,GP-BO,0.1887145034670222
1012,62,GP-BO,0.16352992296235624
1012,63,GP-BO,0.16352992296235624
1012,64,GP-BO,0.16352992296235624
1012,65,GP-BO,0.16352992296235624
1012,66,GP-BO,0.16352992296235624
1012,67,GP-BO,0.16352992296235624
1012,68,GP-BO,0.15505667042861349
1012,69,GP-BO,0.15505667042861349
1012,70,GP-BO,-0.4237804055027156
1012,71,GP-BO,-0.4237804055027156
1012,72,GP-BO,-0.4237804055027156
1012,73,GP-BO,-0.4237804055027156
1012,74,GP-BO,-0.4237804055027156
1012,75,GP-BO,-0.4237804055027156
1012,76,GP-BO,-0.4237804055027156
1012,77,GP-BO,-0.4237804055027156
1012,78,GP-BO,-0.4237804055027156
1012,79,GP-BO,-0.4237804055027156
1012,80,GP-BO,-0.4237804055027156
1012,0,Random,0.561481448718437
1012,1,Random,0.561481448718437
1012,2,Random,0.561481448718437
1012,3,Random,0.561481448718437
1012,4,Random,0.2418040245716463
1012,5,Random,0.2418040245716463
1012,6,Random,0.2418040245716463
1012,7,Random,0.2418040245716463
1012,8,Random,0.2418040245716463
1012,9,Random,0.13380827597987272
1012,10,Random,0.13380827597987272
1012,11,Random,0.13380827597987272
1012,12,Random,0.13380827597987272
1012,13,Random,0.13380827597987272
1012,14,Random,0.13380827597987272
1012,15,Random,0.13380827597987272
1012,16,Random,0.13380827597987272
1012,17,Random,0.13380827597987272
1012,18,Random,0.13380827597987272
1012,19,Random,0.13380827597987272
1012,20,Random,0.13380827597987272
1012,21,Random,0.13380827597987272
1012,22,Random,0.13380827597987272
1012,23,Random,0.13380827597987272
1012,24,Random,0.13380827597987272
1012,25,Random,0.13380827597987272
1012,26,Random,0.13380827597987272
1012,27,Random,0.13380827597987272
1012,28,Random,0.13380827597987272
1012,29,Random,0.13380827597987272
1012,30,Random,0.13380827597987272
1012,31,Random,0.13380827597987272
1012,32,Random,0.13380827597987272
1012,33,Random,0.13380827597987272
1012,34,Random,0.13380827597987272
1012,35,Random,0.13380827597987272
1012,36,Random,0.13380827597987272
1012,37,Random,0.13380827597987272
1012,38,Random,0.13380827597987272
1012,39,Random,0.13380827597987272
1012,40,Random,0.13380827597987272
1012,41,Random,0.13380827597987272
1012,42,Random,0.13380827597987272
1012,43,Random,0.13380827597987272
1012,44,Random,0.13380827597987272
1012,45,Random,0.13380827597987272
1012,46,Random,0.13380827597987272
1012,47,Random,0.13380827597987272
1012,48,Random,0.13380827597987272
1012,49,Random,0.13380827597987272
1012,50,Random,0.13380827597987272
1012,51,Random,0.13380827597987272
1012,52,Random,0.11883291004265154
1012,53,Random,0.11883291004265154
1012,54,Random,0.11883291004265154
1012,55,Random,0.11883291004265154
1012,56,Random,0.11883291004265154
1012,57,Random,0.11883291004265154
1012,58,Random,0.11883291004265154
1012,59,Random,0.11883291004265154
1012,60,Random,0.11883291004265154
1012,61,Random,0.11883291004265154
1012,62,Random,0.11883291004265154
1012,63,Random,0.11883291004265154
1012,64,Random,0.11883291004265154
1012,65,Random,0.11883291004265154
1012,66,Random,0.11883291004265154
1012,67,Random,0.11883291004265154
1012,68,Random,0.11883291004265154
1012,69,Random,0.11883291004265154
1012,70,Random,0.11883291004265154
1012,71,Random,0.11883291004265154
1012,72,Random,0.11883291004265154
1012,73,Random,0.11883291004265154
1012,74,Random,0.11883291004265154
1012,75,Random,0.11883291004265154
1012,76,Random,0.11883291004265154
1012,77,Random,0.11883291004265154
1012,78,Random,0.11883291004265154
1012,79,Random,0.11883291004265154
1012,80,Random,0.11883291004265154
1013,0,BASS-BO,0.10822122184401195
1013,1,BASS-BO,0.10822122184401195
1013,2,BASS-BO,0.10822122184401195
1013,3,BASS-BO,0.10822122184401195
1013,4,BASS-BO,0.10822122184401195
1013,5,BASS-BO,0.10822122184401195
1013,6,BASS-BO,0.10822122184401195
1013,7,BASS-BO,0.10822122184401195
1013,8,BASS-BO,0.10822122184401195
1013,9,BASS-BO,0.10822122184401195
1013,10,BASS-BO,0.10822122184401195
1013,11,BASS-BO,0.10822122184401195
1013,12,BASS-BO,0.10822122184401195
1013,13,BASS-BO,0.10822122184401195
1013,14,BASS-BO,0.10822122184401195
1013,15,BASS-BO,0.10822122184401195
1013,16,BASS-BO,0.10822122184401195
1013,17,BASS-BO,0.10822122184401195
1013,18,BASS-BO,0.10822122184401195
1013,19,BASS-BO,0.10822122184401195
1013,20,BASS-BO,0.10822122184401195
1013,21,BASS-BO,0.10822122184401195
1013,22,BASS-BO,0.10822122184401195
1013,23,BASS-BO,0.10822122184401195
1013,24,BASS-BO,0.10822122184401195
1013,25,BASS-BO,0.10822122184401195
1013,26,BASS-BO,0.10822122184401195
1013,27,BASS-BO,0.10822122184401195
1013,28,BASS-BO,0.10822122184401195
1013,29,BASS-BO,0.10822122184401195
1013,30,BASS-BO,0.10822122184401195
1013,31,BASS-BO,0.10822122184401195
1013,32,BASS-BO,0.10822122184401195
1013,33,BASS-BO,0.10822122184401195
1013,34,BASS-BO,0.10822122184401195
1013,35,BASS-BO,0.10822122184401195
1013,36,BASS-BO,0.10822122184401195
1013,37,BASS-BO,0.10822122184401195
1013,38,BASS-BO,0.10822122184401195
1013,39,BASS-BO,0.10822122184401195
1013,40,BASS-BO,0.10822122184401195
1013,41,BASS-BO,0.10822122184401195
1013,42,BASS-BO,0.10822122184401195
1013,43,BASS-BO,0.10822122184401195
1013,44,BASS-BO,0.10822122184401195
1013,45,BASS-BO,0.10822122184401195
1013,46,BASS-BO,0.10822122184401195
1013,47,BASS-BO,0.10822122184401195
1013,48,BASS-BO,0.10822122184401195
1013,49,BASS-BO,0.10822122184401195
1013,50,BASS-BO,0.10822122184401195
1013,51,BASS-BO,0.10822122184401195
1013,52,BASS-BO,0.10822122184401195
1013,53,BASS-BO,0.10822122184401195
1013,54,BASS-BO,0.10822122184401195
1013,55,BASS-BO,0.10822122184401195
1013,56,BASS-BO,0.10822122184401195
1013,57,BASS-BO,0.10822122184401195
1013,58,BASS-BO,0.10822122184401195
1013,59,BASS-BO,0.10822122184401195
1013,60,BASS-BO,0.10822122184401195
1013,61,BASS-BO,0.10822122184401195
1013,62,BASS-BO,0.10822122184401195
1013,63,BASS-BO,0.10822122184401195
1013,64,BASS-BO,0.10822122184401195
1013,65,BASS-BO,0.10822122184401195
1013,66,BASS-BO,0.10822122184401195
1013,67,BASS-BO,0.10822122184401195
1013,68,BASS-BO,0.10822122184401195
1013,69,BASS-BO,0.10822122184401195
1013,70,BASS-BO,0.10822122184401195
1013,71,BASS-BO,0.10822122184401195
1013,72,BASS-BO,0.10822122184401195
1013,73,BASS-BO,0.10822122184401195
1013,74,BASS-BO,0.10822122184401195
1013,75,BASS-BO,0.10822122184401195
1013,76,BASS-BO,0.10822122184401195
1013,77,BASS-BO,0.10822122184401195
1013,78,BASS-BO,0.10822122184401195
1013,79,BASS-BO,0.10822122184401195
1013,80,BASS-BO,0.10822122184401195
1013,0,GP-BO,0.10822122184401195
1013,1,GP-BO,0.10822122184401195
1013,2,GP-BO,0.10822122184401195
1013,3,GP-BO,0.10822122184401195
1013,4,GP-BO,0.10822122184401195
1013,5,GP-BO,0.10822122184401195
1013,6,GP-BO,0.10822122184401195
1013,7,GP-BO,0.10822122184401195
1013,8,GP-BO,0.10822122184401195
1013,9,GP-BO,0.10822122184401195
1013,10,GP-BO,0.10822122184401195
1013,11,GP-BO,0.10822122184401195
1013,12,GP-BO,0.10822122184401195
1013,13,GP-BO,0.10822122184401195
1013,14,GP-BO,0.10822122184401195
1013,15,GP-BO,-0.3627611228980201
1013,16,GP-BO,-0.40304403334998123
1013,17,GP-BO,-0.40304403334998123
1013,18,GP-BO,-0.40304403334998123
1013,19,GP-BO,-0.40304403334998123
1013,20,GP-BO,-0.40304403334998123
1013,21,GP-BO,-0.40304403334998123
1013,22,GP-BO,-0.40304403334998123
1013,23,GP-BO,-0.40304403334998123
1013,24,GP-BO,-0.40304403334998123
1013,25,GP-BO,-0.4331789141966839
1013,26,GP-BO,-0.4331789141966839
1013,27,GP-BO,-0.4331789141966839
1013,28,GP-BO,-0.4331789141966839
1013,29,GP-BO,-0.4331789141966839
1013,30,GP-BO,-0.4331789141966839
1013,31,GP-BO,-0.4331789141966839
1013,32,GP-BO,-0.4331789141966839
1013,33,GP-BO,-0.4331789141966839
1013,34,GP-BO,-0.4331789141966839
1013,35,GP-BO,-0.721829040598513
1013,36,GP-BO,-0.721829040598513
1013,37,GP-BO,-0.721829040598513
1013,38,GP-BO,-0.721829040598513
1013,39,GP-BO,-0.721829040598513
1013,40,GP-BO,-0.721829040598513
1013,41,GP-BO,-0.721829040598513
1013,42,GP-BO,-0.721829040598513
1013,43,GP-BO,-0.721829040598513
1013,44,GP-BO,-0.721829040598513
1013,45,GP-BO,-0.721829040598513
1013,46,GP-BO,-0.721829040598513
1013,47,GP-BO,-0.721829040598513
1013,48,GP-BO,-0.721829040598513
1013,49,GP-BO,-0.721829040598513
1013,50,GP-BO,-0.721829040598513
1013,51,GP-BO,-0.721829040598513
1013,52,GP-BO,-0.721829040598513
1013,53,GP-BO,-0.721829040598513
1013,54,GP-BO,-0.721829040598513
1013,55,GP-BO,-0.721829040598513
1013,56,GP-BO,-0.721829040598513
1013,57,GP-BO,-0.721829040598513
1013,58,GP-BO,-0.721829040598513
1013,59,GP-BO,-0.721829040598513
1013,60,GP-BO,-0.721829040598513
1013,61,GP-BO,-0.721829040598513
1013,62,GP-BO,-0.721829040598513
1013,63,GP-BO,-0.721829040598513
1013,64,GP-BO,-0.7219429602880748
1013,65,GP-BO,-0.7219429602880748
1013,66,GP-BO,-0.7219557476492936
1013,67,GP-BO,-0.7219557476492936
1013,68,GP-BO,-0.7219557476492936
1013,69,GP-BO,-0.7219557476492936
1013,70,GP-BO,-0.7219557476492936
1013,71,GP-BO,-0.7219557476492936
1013,72,GP-BO,-0.7219557476492936
1013,73,GP-BO,-0.7219557476492936
1013,74,GP-BO,-0.7219557476492936
1013,75,GP-BO,-0.7219557476492936
1013,76,GP-BO,-0.7219557476492936
1013,77,GP-BO,-0.7219557476492936
1013,78,GP-BO,-0.7219557476492936
1013,79,GP-BO,-0.7219557476492936
1013,80,GP-BO,-0.7219557476492936
1013,0,Random,0.10822122184401195
1013,1,Random,0.10822122184401195
1013,2,Random,0.10822122184401195
1013,3,Random,0.10822122184401195
1013,4,Random,0.10822122184401195
1013,5,Random,0.10822122184401195
1013,6,Random,0.10822122184401195
1013,7,Random,0.10822122184401195
1013,8,Random,0.10822122184401195
1013,9,Random,0.10822122184401195
1013,10,Random,0.10822122184401195
1013,11,Random,0.10822122184401195
1013,12,Random,0.10822122184401195
1013,13,Random,0.10822122184401195
1013,14,Random,0.10822122184401195
1013,15,Random,0.10822122184401195
1013,16,Random,0.10822122184401195
1013,17,Random,0.10822122184401195
1013,18,Random,0.10822122184401195
1013,19,Random,0.10822122184401195
1013,20,Random,0.10822122184401195
1013,21,Random,0.10822122184401195
1013,22,Random,0.10822122184401195
1013,23,Random,0.10822122184401195
1013,24,Random,0.10822122184401195
1013,25,Random,0.10822122184401195
1013,26,Random,0.10822122184401195
1013,27,Random,0.10822122184401195
1013,28,Random,0.10822122184401195
1013,29,Random,0.10822122184401195
1013,30,Random,0.10822122184401195
1013,31,Random,0.10822122184401195
1013,32,Random,0.10822122184401195
1013,33,Random,0.10822122184401195
1013,34,Random,0.10822122184401195
1013,35,Random,0.10822122184401195
1013,36,Random,0.10822122184401195
1013,37,Random,0.10822122184401195
1013,38,Random,0.10822122184401195
1013,39,Random,0.10822122184401195
1013,40,Random,0.10822122184401195
1013,41,Random,0.10822122184401195
1013,42,Random,0.10822122184401195
1013,43,Random,0.10822122184401195
1013,44,Random,0.10822122184401195
1013,45,Random,8.095792231262241e-5
1013,46,Random,8.095792231262241e-5
1013,47,Random,8.095792231262241e-5
1013,48,Random,8.095792231262241e-5
1013,49,Random,8.095792231262241e-5
1013,50,Random,8.095792231262241e-5
1013,51,Random,8.095792231262241e-5
1013,52,Random,8.095792231262241e-5
1013,53,Random,8.095792231262241e-5
1013,54,Random,8.095792231262241e-5
1013,55,Random,8.095792231262241e-5
1013,56,Random,8.095792231262241e-5
1013,57,Random,8.095792231262241e-5
1013,58,Random,8.095792231262241e-5
1013,59,Random,8.095792231262241e-5
1013,60,Random,8.095792231262241e-5
1013,61,Random,8.095792231262241e-5
1013,62,Random,8.095792231262241e-5
1013,63,Random,8.095792231262241e-5
1013,64,Random,8.095792231262241e-5
1013,65,Random,8.095792231262241e-5
1013,66,Random,8.095792231262241e-5
1013,67,Random,8.095792231262241e-5
1013,68,Random,8.095792231262241e-5
1013,69,Random,8.095792231262241e-5
1013,70,Random,8.095792231262241e-5
1013,71,Random,8.095792231262241e-5
1013,72,Random,8.095792231262241e-5
1013,73,Random,8.095792231262241e-5
1013,74,Random,8.095792231262241e-5
1013,75,Random,8.095792231262241e-5
1013,76,Random,8.095792231262241e-5
1013,77,Random,8.095792231262241e-5
1013,78,Random,8.095792231262241e-5
1013,79,Random,8.095792231262241e-5
1013,80,Random,8.095792231262241e-5
1014,0,BASS-BO,0.0918050464581937
1014,1,BASS-BO,0.0918050464581937
1014,2,BASS-BO,0.0918050464581937
1014,3,BASS-BO,0.0918050464581937
1014,4,BASS-BO,0.0918050464581937
1014,5,BASS-BO,0.0918050464581937
1014,6,BASS-BO,0.0918050464581937
1014,7,BASS-BO,0.0918050464581937
1014,8,BASS-BO,0.0918050464581937
1014,9,BASS-BO,0.0918050464581937
1014,10,BASS-BO,0.0918050464581937
1014,11,BASS-BO,0.0918050464581937
1014,12,BASS-BO,0.0918050464581937
1014,13,BASS-BO,0.0918050464581937
1014,14,BASS-BO,0.0918050464581937
1014,15,BASS-BO,0.0918050464581937
1014,16,BASS-BO,0.0918050464581937
1014,17,BASS-BO,0.0918050464581937
1014,18,BASS-BO,0.0918050464581937
1014,19,BASS-BO,0.0918050464581937
1014,20,BASS-BO,0.0918050464581937
1014,21,BASS-BO,0.0918050464581937
1014,22,BASS-BO,0.0918050464581937
1014,23,BASS-BO,0.0918050464581937
1014,24,BASS-BO,0.0918050464581937
1014,25,BASS-BO,0.0918050464581937
1014,26,BASS-BO,0.0918050464581937
1014,27,BASS-BO,0.0918050464581937
1014,28,BASS-BO,0.0918050464581937
1014,29,BASS-BO,0.0918050464581937
1014,30,BASS-BO,0.0918050464581937
1014,31,BASS-BO,0.0918050464581937
1014,32,BASS-BO,0.0918050464581937
1014,33,BASS-BO,0.0918050464581937
1014,34,BASS-BO,0.0918050464581937
1014,35,BASS-BO,0.0918050464581937
1014,36,BASS-BO,0.0918050464581937
1014,37,BASS-BO,0.0918050464581937
1014,38,BASS-BO,0.0918050464581937
1014,39,BASS-BO,0.0918050464581937
1014,40,BASS-BO,0.0918050464581937
1014,41,BASS-BO,0.0918050464581937
1014,42,BASS-BO,0.0918050464581937
1014,43,BASS-BO,0.0918050464581937
1014,44,BASS-BO,0.0918050464581937
1014,45,BASS-BO,0.0918050464581937
1014,46,BASS-BO,0.0918050464581937
1014,47,BASS-BO,0.0918050464581937
1014,48,BASS-BO,0.0918050464581937
1014,49,BASS-BO,0.0918050464581937
1014,50,BASS-BO,0.0918050464581937
1014,51,BASS-BO,0.0918050464581937
1014,52,BASS-BO,0.0918050464581937
1014,53,BASS-BO,0.0918050464581937
1014,54,BASS-BO,0.0918050464581937
1014,55,BASS-BO,0.0918050464581937
1014,56,BASS-BO,0.0918050464581937
1014,57,BASS-BO,0.0918050464581937
1014,58,BASS-BO,0.0918050464581937
1014,59,BASS-BO,0.0918050464581937
1014,60,BASS-BO,0.0918050464581937
1014,61,BASS-BO,0.0918050464581937
1014,62,BASS-BO,0.0918050464581937
1014,63,BASS-BO,0.0918050464581937
1014,64,BASS-BO,0.0918050464581937
1014,65,BASS-BO,0.0918050464581937
1014,66,BASS-BO,0.0918050464581937
1014,67,BASS-BO,0.0918050464581937
1014,68,BASS-BO,0.0918050464581937
1014,69,BASS-BO,0.05876027355610976
1014,70,BASS-BO,0.05876027355610976
1014,71,BASS-BO,0.05876027355610976
1014,72,BASS-BO,0.05876027355610976
1014,73,BASS-BO,0.05876027355610976
1014,74,BASS-BO,0.05876027355610976
1014,75,BASS-BO,0.05876027355610976
1014,76,BASS-BO,0.05876027355610976
1014,77,BASS-BO,0.05876027355610976
1014,78,BASS-BO,0.05876027355610976
1014,79,BASS-BO,0.05876027355610976
1014,80,BASS-BO,0.05876027355610976
1014,0,GP-BO,0.0918050464581937
1014,1,GP-BO,0.0918050464581937
1014,2,GP-BO,0.0918050464581937
1014,3,GP-BO,0.0918050464581937
1014,4,GP-BO,0.0918050464581937
1014,5,GP-BO,0.0918050464581937
1014,6,GP-BO,0.0918050464581937
1014,7,GP-BO,0.0918050464581937
1014,8,GP-BO,0.0918050464581937
1014,9,GP-BO,0.0918050464581937
1014,10,GP-BO,0.0918050464581937
1014,11,GP-BO,0.0918050464581937
1014,12,GP-BO,0.0918050464581937
1014,13,GP-BO,0.002952510390487287
1014,14,GP-BO,0.002952510390487287
1014,15,GP-BO,0.002952510390487287
1014,16,GP-BO,0.002952510390487287
1014,17,GP-BO,0.002952510390487287
1014,18,GP-BO,0.002952510390487287
1014,19,GP-BO,0.002952510390487287
1014,20,GP-BO,0.002952510390487287
1014,21,GP-BO,0.002952510390487287
1014,22,GP-BO,0.002952510390487287
1014,23,GP-BO,0.002952510390487287
1014,24,GP-BO,-0.2679441234577761
1014,25,GP-BO,-0.2679441234577761
1014,26,GP-BO,-0.2679441234577761
1014,27,GP-BO,-0.2679441234577761
1014,28,GP-BO,-0.2679441234577761
1014,29,GP-BO,-0.2679441234577761
1014,30,GP-BO,-0.2679441234577761
1014,31,GP-BO,-0.2679441234577761
1014,32,GP-BO,-0.2679441234577761
1014,33,GP-BO,-0.2679441234577761
1014,34,GP-BO,-0.2679441234577761
1014,35,GP-BO,-0.2679441234577761
1014,36,GP-BO,-0.2679441234577761
1014,37,GP-BO,-0.2679441234577761
1014,38,GP-BO,-0.2679441234577761
1014,39,GP-BO,-0.2679441234577761
1014,40,GP-BO,-0.2679441234577761
1014,41,GP-BO,-0.2679441234577761
1014,42,GP-BO,-0.2679441234577761
1014,43,GP-BO,-0.2679441234577761
1014,44,GP-BO,-0.2679441234577761
1014,45,GP-BO,-0.2679441234577761
1014,46,GP-BO,-0.2679441234577761
1014,47,GP-BO,-0.2679441234577761
1014,48,GP-BO,-0.2679441234577761
1014,49,GP-BO,-0.2679441234577761
1014,50,GP-BO,-0.2679441234577761
1014,51,GP-BO,-0.2679441234577761
1014,52,GP-BO,-0.2679441234577761
1014,53,GP-BO,-0.2679441234577761
1014,54,GP-BO,-0.2679441234577761
1014,55,GP-BO,-0.2679441234577761
1014,56,GP-BO,-0.2679441234577761
1014,57,GP-BO,-0.2679441234577761
1014,58,GP-BO,-0.2679441234577761
1014,59,GP-BO,-0.2679441234577761
1014,60,GP-BO,-0.2679441234577761
1014,61,GP-BO,-0.2679441234577761
1014,62,GP-BO,-0.5826979600308655
1014,63,GP-BO,-0.5826979600308655
1014,64,GP-BO,-0.5826979600308655
1014,65,GP-BO,-0.5826979600308655
1014,66,GP-BO,-0.5826979600308655
1014,67,GP-BO,-0.5826979600308655
1014,68,GP-BO,-0.5826979600308655
1014,69,GP-BO,-0.5826979600308655
1014,70,GP-BO,-0.5826979600308655
1014,71,GP-BO,-0.5826979600308655
1014,72,GP-BO,-0.5826979600308655
1014,73,GP-BO,-0.5826979600308655
1014,74,GP-BO,-0.5826979600308655
1014,75,GP-BO,-0.5826979600308655
1014,76,GP-BO,-0.5826979600308655
1014,77,GP-BO,-0.5826979600308655
1014,78,GP-BO,-0.5826979600308655
1014,79,GP-BO,-0.5826979600308655
1014,80,GP-BO,-0.5826979600308655
1014,0,Random,0.0918050464581937
1014,1,Random,0.0918050464581937
1014,2,Random,0.0918050464581937
1014,3,Random,0.0918050464581937
1014,4,Random,0.0918050464581937
1014,5,Random,0.0918050464581937
1014,6,Random,0.0918050464581937
1014,7,Random,0.0918050464581937
1014,8,Random,0.0918050464581937
1014,9,Random,0.0918050464581937
1014,10,Random,0.0918050464581937
1014,11,Random,0.0918050464581937
1014,12,Random,0.0918050464581937
1014,13,Random,0.0918050464581937
1014,14,Random,0.0918050464581937
1014,15,Random,0.0918050464581937
1014,16,Random,0.0918050464581937
1014,17,Random,0.0918050464581937
1014,18,Random,0.0918050464581937
1014,19,Random,0.0918050464581937
1014,20,Random,0.0918050464581937
1014,21,Random,0.0918050464581937
1014,22,Random,0.0918050464581937
1014,23,Random,0.0918050464581937
1014,24,Random,0.0918050464581937
1014,25,Random,0.0918050464581937
1014,26,Random,0.0918050464581937
1014,27,Random,0.0918050464581937
1014,28,Random,0.0918050464581937
1014,29,Random,0.0918050464581937
1014,30,Random,0.0918050464581937
1014,31,Random,0.0918050464581937
1014,32,Random,0.0918050464581937
1014,33,Random,0.0918050464581937
1014,34,Random,0.08288462862007653
1014,35,Random,0.08288462862007653
1014,36,Random,0.08288462862007653
1014,37,Random,0.08288462862007653
1014,38,Random,0.08288462862007653
1014,39,Random,0.08288462862007653
1014,40,Random,0.08288462862007653
1014,41,Random,0.08288462862007653
1014,42,Random,0.08288462862007653
1014,43,Random,0.08288462862007653
1014,44,Random,0.08288462862007653
1014,45,Random,0.08288462862007653
1014,46,Random,0.08288462862007653
1014,47,Random,0.08288462862007653
1014,48,Random,0.08288462862007653
1014,49,Random,0.08288462862007653
1014,50,Random,0.08288462862007653
1014,51,Random,0.08288462862007653
1014,52,Random,0.08288462862007653
1014,53,Random,0.08288462862007653
1014,54,Random,0.08288462862007653
1014,55,Random,0.08288462862007653
1014,56,Random,0.08288462862007653
1014,57,Random,0.08288462862007653
1014,58,Random,0.08288462862007653
1014,59,Random,0.08288462862007653
1014,60,Random,0.08288462862007653
1014,61,Random,0.08288462862007653
1014,62,Random,0.08288462862007653
1014,63,Random,0.08288462862007653
1014,64,Random,0.08288462862007653
1014,65,Random,0.08288462862007653
1014,66,Random,0.08288462862007653
1014,67,Random,0.08288462862007653
1014,68,Random,0.08288462862007653
1014,69,Random,0.08288462862007653
1014,70,Random,0.08288462862007653
1014,71,Random,0.08288462862007653
1014,72,Random,0.08288462862007653
1014,73,Random,0.08288462862007653
1014,74,Random,0.08288462862007653
1014,75,Random,0.08288462862007653
1014,76,Random,0.08288462862007653
1014,77,Random,0.08288462862007653
1014,78,Random,0.08288462862007653
1014,79,Random,0.08288462862007653
1014,80,Random,0.08288462862007653
1015,0,BASS-BO,-0.011923545336789187
1015,1,BASS-BO,-0.011923545336789187
1015,2,BASS-BO,-0.011923545336789187
1015,3,BASS-BO,-0.011923545336789187
1015,4,BASS-BO,-0.011923545336789187
1015,5,BASS-BO,-0.011923545336789187
1015,6,BASS-BO,-0.011923545336789187
1015,7,BASS-BO,-0.011923545336789187
1015,8,BASS-BO,-0.011923545336789187
1015,9,BASS-BO,-0.011923545336789187
1015,10,BASS-BO,-0.011923545336789187
1015,11,BASS-BO,-0.011923545336789187
1015,12,BASS-BO,-0.011923545336789187
1015,13,BASS-BO,-0.011923545336789187
1015,14,BASS-BO,-0.011923545336789187
1015,15,BASS-BO,-0.011923545336789187
1015,16,BASS-BO,-0.011923545336789187
1015,17,BASS-BO,-0.011923545336789187
1015,18,BASS-BO,-0.011923545336789187
1015,19,BASS-BO,-0.011923545336789187
1015,20,BASS-BO,-0.011923545336789187
1015,21,BASS-BO,-0.011923545336789187
1015,22,BASS-BO,-0.011923545336789187
1015,23,BASS-BO,-0.011923545336789187
1015,24,BASS-BO,-0.011923545336789187
1015,25,BASS-BO,-0.011923545336789187
1015,26,BASS-BO,-0.011923545336789187
1015,27,BASS-BO,-0.011923545336789187
1015,28,BASS-BO,-0.011923545336789187
1015,29,BASS-BO,-0.011923545336789187
1015,30,BASS-BO,-0.011923545336789187
1015,31,BASS-BO,-0.011923545336789187
1015,32,BASS-BO,-0.011923545336789187
1015,33,BASS-BO,-0.011923545336789187
1015,34,BASS-BO,-0.011923545336789187
1015,35,BASS-BO,-0.011923545336789187
1015,36,BASS-BO,-0.011923545336789187
1015,37,BASS-BO,-0.21006879814864757
1015,38,BASS-BO,-0.21006879814864757
1015,39,BASS-BO,-0.21006879814864757
1015,40,BASS-BO,-0.21006879814864757
1015,41,BASS-BO,-0.21006879814864757
1015,42,BASS-BO,-0.21006879814864757
1015,43,BASS-BO,-0.21006879814864757
1015,44,BASS-BO,-0.21006879814864757
1015,45,BASS-BO,-0.21006879814864757
1015,46,BASS-BO,-0.21006879814864757
1015,47,BASS-BO,-0.21006879814864757
1015,48,BASS-BO,-0.21006879814864757
1015,49,BASS-BO,-0.21006879814864757
1015,50,BASS-BO,-0.21006879814864757
1015,51,BASS-BO,-0.21006879814864757
1015,52,BASS-BO,-0.21006879814864757
1015,53,BASS-BO,-0.21006879814864757
1015,54,BASS-BO,-0.21006879814864757
1015,55,BASS-BO,-0.21006879814864757
1015,56,BASS-BO,-0.21006879814864757
1015,57,BASS-BO,-0.21006879814864757
1015,58,BASS-BO,-0.21006879814864757
1015,59,BASS-BO,-0.21006879814864757
1015,60,BASS-BO,-0.21006879814864757
1015,61,BASS-BO,-0.21006879814864757
1015,62,BASS-BO,-0.21006879814864757
1015,63,BASS-BO,-0.21006879814864757
1015,64,BASS-BO,-0.21006879814864757
1015,65,BASS-BO,-0.21006879814864757
1015,66,BASS-BO,-0.21006879814864757
1015,67,BASS-BO,-0.21006879814864757
1015,68,BASS-BO,-0.21006879814864757
1015,69,BASS-BO,-0.21006879814864757
1015,70,BASS-BO,-0.21006879814864757
1015,71,BASS-BO,-0.21006879814864757
1015,72,BASS-BO,-0.21006879814864757
1015,73,BASS-BO,-0.21006879814864757
1015,74,BASS-BO,-0.21006879814864757
1015,75,BASS-BO,-0.21006879814864757
1015,76,BASS-BO,-0.21006879814864757
1015,77,BASS-BO,-0.21006879814864757
1015,78,BASS-BO,-0.21006879814864757
1015,79,BASS-BO,-0.21006879814864757
1015,80,BASS-BO,-0.21006879814864757
1015,0,GP-BO,-0.011923545336789187
1015,1,GP-BO,-0.011923545336789187
1015,2,GP-BO,-0.011923545336789187
1015,3,GP-BO,-0.011923545336789187
1015,4,GP-BO,-0.011923545336789187
1015,5,GP-BO,-0.011923545336789187
1015,6,GP-BO,-0.011923545336789187
1015,7,GP-BO,-0.011923545336789187
1015,8,GP-BO,-0.011923545336789187
1015,9,GP-BO,-0.011923545336789187
1015,10,GP-BO,-0.011923545336789187
1015,11,GP-BO,-0.011923545336789187
1015,12,GP-BO,-0.011923545336789187
1015,13,GP-BO,-0.011923545336789187
1015,14,GP-BO,-0.011923545336789187
1015,15,GP-BO,-0.011923545336789187
1015,16,GP-BO,-0.011923545336789187
1015,17,GP-BO,-0.011923545336789187
1015,18,GP-BO,-0.011923545336789187
1015,19,GP-BO,-0.011923545336789187
1015,20,GP-BO,-0.011923545336789187
1015,21,GP-BO,-0.013081680963509756
1015,22,GP-BO,-0.013081680963509756
1015,23,GP-BO,-0.013081680963509756
1015,24,GP-BO,-0.013081680963509756
1015,25,GP-BO,-0.013081680963509756
1015,26,GP-BO,-0.3708078507407515
1015,27,GP-BO,-0.3708078507407515
1015,28,GP-BO,-0.3708078507407515
1015,29,GP-BO,-0.3708078507407515
1015,30,GP-BO,-0.3708078507407515
1015,31,GP-BO,-0.3708078507407515
1015,32,GP-BO,-0.3708078507407515
1015,33,GP-BO,-0.45846541190824724
1015,34,GP-BO,-0.45846541190824724
1015,35,GP-BO,-0.45846541190824724
1015,36,GP-BO,-0.45846541190824724
1015,37,GP-BO,-0.45846541190824724
1015,38,GP-BO,-0.45846541190824724
1015,39,GP-BO,-0.45846541190824724
1015,40,GP-BO,-0.45846541190824724
1015,41,GP-BO,-0.45846541190824724
1015,42,GP-BO,-0.45846541190824724
1015,43,GP-BO,-0.45846541190824724
1015,44,GP-BO,-0.45846541190824724
1015,45,GP-BO,-0.45846541190824724
1015,46,GP-BO,-0.45846541190824724
1015,47,GP-BO,-0.45846541190824724
1015,48,GP-BO,-0.45846541190824724
1015,49,GP-BO,-0.45846541190824724
1015,50,GP-BO,-0.45846541190824724
1015,51,GP-BO,-0.45846541190824724
1015,52,GP-BO,-0.45846541190824724
1015,53,GP-BO,-0.45846541190824724
1015,54,GP-BO,-0.45846541190824724
1015,55,GP-BO,-0.45846541190824724
1015,56,GP-BO,-0.45846541190824724
1015,57,GP-BO,-0.45846541190824724
1015,58,GP-BO,-0.45846541190824724
1015,59,GP-BO,-0.45846541190824724
1015,60,GP-BO,-0.45846541190824724
1015,61,GP-BO,-0.45846541190824724
1015,62,GP-BO,-0.45846541190824724
1015,63,GP-BO,-0.45846541190824724
1015,64,GP-BO,-0.45846541190824724
1015,65,GP-BO,-0.45846541190824724
1015,66,GP-BO,-0.45846541190824724
1015,67,GP-BO,-0.45846541190824724
1015,68,GP-BO,-0.45846541190824724
1015,69,GP-BO,-0.45846541190824724
1015,70,GP-BO,-0.45846541190824724
1015,71,GP-BO,-0.45846541190824724
1015,72,GP-BO,-0.45846541190824724
1015,73,GP-BO,-0.45846541190824724
1015,74,GP-BO,-0.45846541190824724
1015,75,GP-BO,-0.45846541190824724
1015,76,GP-BO,-0.45846541190824724
1015,77,GP-BO,-0.45846541190824724
1015,78,GP-BO,-0.45846541190824724
1015,79,GP-BO,-0.45846541190824724
1015,80,GP-BO,-0.45846541190824724
1015,0,Random,-0.011923545336789187
1015,1,Random,-0.011923545336789187
1015,2,Random,-0.011923545336789187
1015,3,Random,-0.011923545336789187
1015,4,Random,-0.011923545336789187
1015,5,Random,-0.011923545336789187
1015,6,Random,-0.011923545336789187
1015,7,Random,-0.011923545336789187
1015,8,Random,-0.011923545336789187
1015,9,Random,-0.011923545336789187
1015,10,Random,-0.011923545336789187
1015,11,Random,-0.011923545336789187
1015,12,Random,-0.011923545336789187
1015,13,Random,-0.011923545336789187
1015,14,Random,-0.011923545336789187
1015,15,Random,-0.011923545336789187
1015,16,Random,-0.011923545336789187
1015,17,Random,-0.011923545336789187
1015,18,Random,-0.011923545336789187
1015,19,Random,-0.011923545336789187
1015,20,Random,-0.011923545336789187
1015,21,Random,-0.011923545336789187
1015,22,Random,-0.011923545336789187
1015,23,Random,-0.011923545336789187
1015,24,Random,-0.011923545336789187
1015,25,Random,-0.011923545336789187
1015,26,Random,-0.011923545336789187
1015,27,Random,-0.011923545336789187
1015,28,Random,-0.011923545336789187
1015,29,Random,-0.011923545336789187
1015,30,Random,-0.011923545336789187
1015,31,Random,-0.011923545336789187
1015,32,Random,-0.011923545336789187
1015,33,Random,-0.011923545336789187
1015,34,Random,-0.011923545336789187
1015,35,Random,-0.011923545336789187
1015,36,Random,-0.011923545336789187
1015,37,Random,-0.011923545336789187
1015,38,Random,-0.011923545336789187
1015,39,Random,-0.011923545336789187
1015,40,Random,-0.011923545336789187
1015,41,Random,-0.011923545336789187
1015,42,Random,-0.011923545336789187
1015,43,Random,-0.011923545336789187
1015,44,Random,-0.011923545336789187
1015,45,Random,-0.011923545336789187
1015,46,Random,-0.011923545336789187
1015,47,Random,-0.011923545336789187
1015,48,Random,-0.011923545336789187
1015,49,Random,-0.011923545336789187
1015,50,Random,-0.011923545336789187
1015,51,Random,-0.011923545336789187
1015,52,Random,-0.011923545336789187
1015,53,Random,-0.011923545336789187
1015,54,Random,-0.011923545336789187
1015,55,Random,-0.011923545336789187
1015,56,Random,-0.011923545336789187
1015,57,Random,-0.011923545336789187
1015,58,Random,-0.011923545336789187
1015,59,Random,-0.011923545336789187
1015,60,Random,-0.011923545336789187
1015,61,Random,-0.011923545336789187
1015,62,Random,-0.011923545336789187
1015,63,Random,-0.011923545336789187
1015,64,Random,-0.011923545336789187
1015,65,Random,-0.011923545336789187
1015,66,Random,-0.011923545336789187
1015,67,Random,-0.011923545336789187
1015,68,Random,-0.011923545336789187
1015,69,Random,-0.011923545336789187
1015,70,Random,-0.011923545336789187
1015,71,Random,-0.011923545336789187
1015,72,Random,-0.011923545336789187
1015,73,Random,-0.011923545336789187
1015,74,Random,-0.011923545336789187
1015,75,Random,-0.011923545336789187
1015,76,Random,-0.011923545336789187
1015,77,Random,-0.011923545336789187
1015,78,Random,-0.011923545336789187
1015,79,Random,-0.011923545336789187
1015,80,Random,-0.011923545336789187
1016,0,BASS-BO,0.8964639543246811
1016,1,BASS-BO,0.8964639543246811
1016,2,BASS-BO,0.8964639543246811
1016,3,BASS-BO,0.8964639543246811
1016,4,BASS-BO,0.8964639543246811
1016,5,BASS-BO,0.8964639543246811
1016,6,BASS-BO,0.8964639543246811
1016,7,BASS-BO,0.8964639543246811
1016,8,BASS-BO,0.8964639543246811
1016,9,BASS-BO,0.8964639543246811
1016,10,BASS-BO,0.8964639543246811
1016,11,BASS-BO,0.8964639543246811
1016,12,BASS-BO,0.8964639543246811
1016,13,BASS-BO,0.8964639543246811
1016,14,BASS-BO,0.8964639543246811
1016,15,BASS-BO,0.8964639543246811
1016,16,BASS-BO,0.8964639543246811
1016,17,BASS-BO,0.8964639543246811
1016,18,BASS-BO,0.8964639543246811
1016,19,BASS-BO,0.8964639543246811
1016,20,BASS-BO,0.8964639543246811
1016,21,BASS-BO,0.8964639543246811
1016,22,BASS-BO,0.8964639543246811
1016,23,BASS-BO,0.7009642688711909
1016,24,BASS-BO,0.7009642688711909
1016,25,BASS-BO,0.7009642688711909
1016,26,BASS-BO,0.7009642688711909
1016,27,BASS-BO,0.7009642688711909
1016,28,BASS-BO,0.7009642688711909
1016,29,BASS-BO,0.7009642688711909
1016,30,BASS-BO,0.7009642688711909
1016,31,BASS-BO,0.7009642688711909
1016,32,BASS-BO,0.7009642688711909
1016,33,BASS-BO,0.3673528199722584
1016,34,BASS-BO,0.3673528199722584
1016,35,BASS-BO,0.3673528199722584
1016,36,BASS-BO,0.3673528199722584
1016,37,BASS-BO,0.3673528199722584
1016,38,BASS-BO,0.3673528199722584
1016,39,BASS-BO,0.3673528199722584
1016,40,BASS-BO,0.3673528199722584
1016,41,BASS-BO,0.3673528199722584
1016,42,BASS-BO,0.3673528199722584
1016,43,BASS-BO,0.3673528199722584
1016,44,BASS-BO,0.3673528199722584
1016,45,BASS-BO,0.3673528199722584
1016,46,BASS-BO,0.3673528199722584
1016,47,BASS-BO,0.3673528199722584
1016,48,BASS-BO,0.3673528199722584
1016,49,BASS-BO,0.3673528199722584
1016,50,BASS-BO,0.3673528199722584
1016,51,BASS-BO,0.3673528199722584
1016,52,BASS-BO,0.3673528199722584
1016,53,BASS-BO,0.2756307026701483
1016,54,BASS-BO,0.2756307026701483
1016,55,BASS-BO,0.2756307026701483
1016,56,BASS-BO,0.2756307026701483
1016,57,BASS-BO,0.2756307026701483
1016,58,BASS-BO,0.2756307026701483
1016,59,BASS-BO,0.2756307026701483
1016,60,BASS-BO,0.2756307026701483
1016,61,BASS-BO,0.2756307026701483
1016,62,BASS-BO,0.2756307026701483
1016,63,BASS-BO,0.2756307026701483
1016,64,BASS-BO,0.2756307026701483
1016,65,BASS-BO,0.2756307026701483
1016,66,BASS-BO,0.2756307026701483
1016,67,BASS-BO,0.2756307026701483
1016,68,BASS-BO,0.2756307026701483
1016,69,BASS-BO,0.2756307026701483
1016,70,BASS-BO,0.2756307026701483
1016,71,BASS-BO,0.2756307026701483
1016,72,BASS-BO,0.2756307026701483
1016,73,BASS-BO,0.2756307026701483
1016,74,BASS-BO,0.12171804823420156
1016,75,BASS-BO,0.12171804823420156
1016,76,BASS-BO,0.12171804823420156
1016,77,BASS-BO,0.12171804823420156
1016,78,BASS-BO,0.12171804823420156
1016,79,BASS-BO,0.12171804823420156
1016,80,BASS-BO,0.12171804823420156
1016,0,GP-BO,0.8964639543246811
1016,1,GP-BO,0.8964639543246811
1016,2,GP-BO,0.8964639543246811
1016,3,GP-BO,0.25985585728245314
1016,4,GP-BO,0.25985585728245314
1016,5,GP-BO,0.25985585728245314
1016,6,GP-BO,0.03710194047602733
1016,7,GP-BO,0.03710194047602733
1016,8,GP-BO,0.03710194047602733
1016,9,GP-BO,0.03710194047602733
1016,10,GP-BO,0.03710194047602733
1016,11,GP-BO,0.03710194047602733
1016,12,GP-BO,0.03710194047602733
1016,13,GP-BO,0.03710194047602733
1016,14,GP-BO,0.03710194047602733
1016,15,GP-BO,0.03710194047602733
1016,16,GP-BO,0.03710194047602733
1016,17,GP-BO,0.03710194047602733
1016,18,GP-BO,0.03710194047602733
1016,19,GP-BO,0.03710194047602733
1016,20,GP-BO,0.03710194047602733
1016,21,GP-BO,0.03710194047602733
1016,22,GP-BO,0.03710194047602733
1016,23,GP-BO,0.03710194047602733
1016,24,GP-BO,0.03710194047602733
1016,25,GP-BO,0.03710194047602733
1016,26,GP-BO,0.03710194047602733
1016,27,GP-BO,0.03710194047602733
1016,28,GP-BO,0.03710194047602733
1016,29,GP-BO,0.03710194047602733
1016,30,GP-BO,0.03710194047602733
1016,31,GP-BO,0.03710194047602733
1016,32,GP-BO,0.03710194047602733
1016,33,GP-BO,0.03710194047602733
1016,34,GP-BO,0.03710194047602733
1016,35,GP-BO,0.03710194047602733
1016,36,GP-BO,-0.03226929601603665
1016,37,GP-BO,-0.03226929601603665
1016,38,GP-BO,-0.03226929601603665
1016,39,GP-BO,-0.03226929601603665
1016,40,GP-BO,-0.03226929601603665
1016,41,GP-BO,-0.03226929601603665
1016,42,GP-BO,-0.03226929601603665
1016,43,GP-BO,-0.1388703901365866
1016,44,GP-BO,-0.1388703901365866
1016,45,GP-BO,-0.1388703901365866
1016,46,GP-BO,-0.1388703901365866
1016,47,GP-BO,-0.1388703901365866
1016,48,GP-BO,-0.1388703901365866
1016,49,GP-BO,-0.1388703901365866
1016,50,GP-BO,-0.1388703901365866
1016,51,GP-BO,-0.1388703901365866
1016,52,GP-BO,-0.1388703901365866
1016,53,GP-BO,-0.1388703901365866
1016,54,GP-BO,-0.1388703901365866
1016,55,GP-BO,-0.1388703901365866
1016,56,GP-BO,-0.1388703901365866
1016,57,GP-BO,-0.1388703901365866
1016,58,GP-BO,-0.1388703901365866
1016,59,GP-BO,-0.3480206274687574
1016,60,GP-BO,-0.3480206274687574
1016,61,GP-BO,-0.3480206274687574
1016,62,GP-BO,-0.3480206274687574
1016,63,GP-BO,-0.3480206274687574
1016,64,GP-BO,-0.3480206274687574
1016,65,GP-BO,-0.3480206274687574
1016,66,GP-BO,-0.3480206274687574
1016,67,GP-BO,-0.3480206274687574
1016,68,GP-BO,-0.3717889446222209
1016,69,GP-BO,-0.3717889446222209
1016,70,GP-BO,-0.3717889446222209
1016,71,GP-BO,-0.3717889446222209
1016,72,GP-BO,-0.3717889446222209
1016,73,GP-BO,-0.3717889446222209
1016,74,GP-BO,-0.3717889446222209
1016,75,GP-BO,-0.3717889446222209
1016,76,GP-BO,-0.3717889446222209
1016,77,GP-BO,-0.3717889446222209
1016,78,GP-BO,-0.3717889446222209
1016,79,GP-BO,-0.3717889446222209
1016,80,GP-BO,-0.3717889446222209
1016,0,Random,0.8964639543246811
1016,1,Random,0.8964639543246811
1016,2,Random,0.7239698597799981
1016,3,Random,0.7239698597799981
1016,4,Random,0.7239698597799981
1016,5,Random,0.7239698597799981
1016,6,Random,0.7239698597799981
1016,7,Random,0.7239698597799981
1016,8,Random,0.7239698597799981
1016,9,Random,0.7239698597799981
1016,10,Random,0.7239698597799981
1016,11,Random,0.7239698597799981
1016,12,Random,0.568716419226516
1016,13,Random,0.568716419226516
1016,14,Random,0.5635328715140251
1016,15,Random,0.5635328715140251
1016,16,Random,0.5635328715140251
1016,17,Random,0.5635328715140251
1016,18,Random,0.38537300175814354
1016,19,Random,0.38537300175814354
1016,20,Random,0.3611351038063027
1016,21,Random,0.3611351038063027
1016,22,Random,0.12315246981195213
1016,23,Random,0.12315246981195213
1016,24,Random,0.12315246981195213
1016,25,Random,0.12315246981195213
1016,26,Random,0.12315246981195213
1016,27,Random,0.12315246981195213
1016,28,Random,0.12315246981195213
1016,29,Random,0.12315246981195213
1016,30,Random,0.12315246981195213
1016,31,Random,0.12315246981195213
1016,32,Random,0.12315246981195213
1016,33,Random,0.12315246981195213
1016,34,Random,0.12315246981195213
1016,35,Random,0.12315246981195213
1016,36,Random,0.12315246981195213
1016,37,Random,0.12315246981195213
1016,38,Random,0.12315246981195213
1016,39,Random,0.12315246981195213
1016,40,Random,0.12315246981195213
1016,41,Random,0.12315246981195213
1016,42,Random,0.12315246981195213
1016,43,Random,0.12315246981195213
1016,44,Random,0.12315246981195213
1016,45,Random,0.12315246981195213
1016,46,Random,0.12315246981195213
1016,47,Random,0.12315246981195213
1016,48,Random,0.12315246981195213
1016,49,Random,0.12315246981195213
1016,50,Random,0.12315246981195213
1016,51,Random,0.12315246981195213
1016,52,Random,0.12315246981195213
1016,53,Random,0.12315246981195213
1016,54,Random,0.12315246981195213
1016,55,Random,0.12315246981195213
1016,56,Random,0.12315246981195213
1016,57,Random,0.12315246981195213
1016,58,Random,0.12315246981195213
1016,59,Random,0.12315246981195213
1016,60,Random,0.12315246981195213
1016,61,Random,0.12315246981195213
1016,62,Random,0.12315246981195213
1016,63,Random,0.12315246981195213
1016,64,Random,0.12315246981195213
1016,65,Random,0.12315246981195213
1016,66,Random,0.12315246981195213
1016,67,Random,0.12315246981195213
1016,68,Random,0.12315246981195213
1016,69,Random,0.12315246981195213
1016,70,Random,0.12315246981195213
1016,71,Random,0.12315246981195213
1016,72,Random,0.12315246981195213
1016,73,Random,0.12315246981195213
1016,74,Random,0.12315246981195213
1016,75,Random,0.12315246981195213
1016,76,Random,0.12315246981195213
1016,77,Random,0.12315246981195213
1016,78,Random,0.12315246981195213
1016,79,Random,0.12315246981195213
1016,80,Random,0.12315246981195213
1017,0,BASS-BO,0.18480608789797073
1017,1,BASS-BO,0.18480608789797073
1017,2,BASS-BO,0.18480608789797073
1017,3,BASS-BO,0.18480608789797073
1017,4,BASS-BO,0.18480608789797073
1017,5,BASS-BO,0.18480608789797073
1017,6,BASS-BO,0.18480608789797073
1017,7,BASS-BO,0.18480608789797073
1017,8,BASS-BO,0.18480608789797073
1017,9,BASS-BO,0.18480608789797073
1017,10,BASS-BO,0.18480608789797073
1017,11,BASS-BO,0.18480608789797073
1017,12,BASS-BO,0.18480608789797073
1017,13,BASS-BO,0.18480608789797073
1017,14,BASS-BO,0.18480608789797073
1017,15,BASS-BO,0.18480608789797073
1017,16,BASS-BO,0.18480608789797073
1017,17,BASS-BO,0.18480608789797073
1017,18,BASS-BO,0.18480608789797073
1017,19,BASS-BO,0.18480608789797073
1017,20,BASS-BO,0.18480608789797073
1017,21,BASS-BO,0.18480608789797073
1017,22,BASS-BO,0.18480608789797073
1017,23,BASS-BO,0.18480608789797073
1017,24,BASS-BO,0.18480608789797073
1017,25,BASS-BO,0.18480608789797073
1017,26,BASS-BO,0.18480608789797073
1017,27,BASS-BO,0.17357838705966352
1017,28,BASS-BO,0.17357838705966352
1017,29,BASS-BO,0.17357838705966352
1017,30,BASS-BO,0.17357838705966352
1017,31,BASS-BO,0.17357838705966352
1017,32,BASS-BO,0.17357838705966352
1017,33,BASS-BO,0.17357838705966352
1017,34,BASS-BO,0.17357838705966352
1017,35,BASS-BO,0.17357838705966352
1017,36,BASS-BO,0.17357838705966352
1017,37,BASS-BO,0.17357838705966352
1017,38,BASS-BO,0.17357838705966352
1017,39,BASS-BO,0.17357838705966352
1017,40,BASS-BO,0.17357838705966352
1017,41,BASS-BO,0.17357838705966352
1017,42,BASS-BO,0.17357838705966352
1017,43,BASS-BO,0.17357838705966352
1017,44,BASS-BO,0.17357838705966352
1017,45,BASS-BO,0.06580402115940465
1017,46,BASS-BO,0.06580402115940465
1017,47,BASS-BO,0.06580402115940465
1017,48,BASS-BO,0.06580402115940465
1017,49,BASS-BO,0.06580402115940465
1017,50,BASS-BO,0.06580402115940465
1017,51,BASS-BO,0.06580402115940465
1017,52,BASS-BO,0.06580402115940465
1017,53,BASS-BO,0.06580402115940465
1017,54,BASS-BO,0.06580402115940465
1017,55,BASS-BO,0.06580402115940465
1017,56,BASS-BO,0.06580402115940465
1017,57,BASS-BO,0.06580402115940465
1017,58,BASS-BO,0.06580402115940465
1017,59,BASS-BO,0.06580402115940465
1017,60,BASS-BO,0.06580402115940465
1017,61,BASS-BO,0.06580402115940465
1017,62,BASS-BO,0.06580402115940465
1017,63,BASS-BO,0.06580402115940465
1017,64,BASS-BO,0.06580402115940465
1017,65,BASS-BO,0.06580402115940465
1017,66,BASS-BO,0.06580402115940465
1017,67,BASS-BO,0.06580402115940465
1017,68,BASS-BO,0.06580402115940465
1017,69,BASS-BO,0.06580402115940465
1017,70,BASS-BO,0.06580402115940465
1017,71,BASS-BO,0.06580402115940465
1017,72,BASS-BO,0.06580402115940465
1017,73,BASS-BO,0.06580402115940465
1017,74,BASS-BO,0.06580402115940465
1017,75,BASS-BO,0.06580402115940465
1017,76,BASS-BO,0.06580402115940465
1017,77,BASS-BO,0.06580402115940465
1017,78,BASS-BO,0.06580402115940465
1017,79,BASS-BO,0.06580402115940465
1017,80,BASS-BO,0.06580402115940465
1017,0,GP-BO,0.18480608789797073
1017,1,GP-BO,0.18480608789797073
1017,2,GP-BO,0.18480608789797073
1017,3,GP-BO,0.18480608789797073
1017,4,GP-BO,0.18480608789797073
1017,5,GP-BO,0.18480608789797073
1017,6,GP-BO,0.18480608789797073
1017,7,GP-BO,0.18480608789797073
1017,8,GP-BO,0.18480608789797073
1017,9,GP-BO,0.18480608789797073
1017,10,GP-BO,0.18480608789797073
1017,11,GP-BO,0.18480608789797073
1017,12,GP-BO,0.18480608789797073
1017,13,GP-BO,-0.015222963014047353
1017,14,GP-BO,-0.015222963014047353
1017,15,GP-BO,-0.015222963014047353
1017,16,GP-BO,-0.015222963014047353
1017,17,GP-BO,-0.015222963014047353
1017,18,GP-BO,-0.015222963014047353
1017,19,GP-BO,-0.015222963014047353
1017,20,GP-BO,-0.015222963014047353
1017,21,GP-BO,-0.015222963014047353
1017,22,GP-BO,-0.015222963014047353
1017,23,GP-BO,-0.015222963014047353
1017,24,GP-BO,-0.015222963014047353
1017,25,GP-BO,-0.015222963014047353
1017,26,GP-BO,-0.015222963014047353
1017,27,GP-BO,-0.015222963014047353
1017,28,GP-BO,-0.015222963014047353
1017,29,GP-BO,-0.015222963014047353
1017,30,GP-BO,-0.015222963014047353
1017,31,GP-BO,-0.015222963014047353
1017,32,GP-BO,-0.015222963014047353
1017,33,GP-BO,-0.015222963014047353
1017,34,GP-BO,-0.015222963014047353
1017,35,GP-BO,-0.015222963014047353
1017,36,GP-BO,-0.015222963014047353
1017,37,GP-BO,-0.015222963014047353
1017,38,GP-BO,-0.015222963014047353
1017,39,GP-BO,-0.015222963014047353
1017,40,GP-BO,-0.015222963014047353
1017,41,GP-BO,-0.015222963014047353
1017,42,GP-BO,-0.015222963014047353
1017,43,GP-BO,-0.015222963014047353
1017,44,GP-BO,-0.015222963014047353
1017,45,GP-BO,-0.015222963014047353
1017,46,GP-BO,-0.015222963014047353
1017,47,GP-BO,-0.015222963014047353
1017,48,GP-BO,-0.22192170259873042
1017,49,GP-BO,-0.22192170259873042
1017,50,GP-BO,-0.22192170259873042
1017,51,GP-BO,-0.22192170259873042
1017,52,GP-BO,-0.22192170259873042
1017,53,GP-BO,-0.22192170259873042
1017,54,GP-BO,-0.22192170259873042
1017,55,GP-BO,-0.22192170259873042
1017,56,GP-BO,-0.22192170259873042
1017,57,GP-BO,-0.22192170259873042
1017,58,GP-BO,-0.22192170259873042
1017,59,GP-BO,-0.22192170259873042
1017,60,GP-BO,-0.22192170259873042
1017,61,GP-BO,-0.22192170259873042
1017,62,GP-BO,-0.22192170259873042
1017,63,GP-BO,-0.22192170259873042
1017,64,GP-BO,-0.22192170259873042
1017,65,GP-BO,-0.22192170259873042
1017,66,GP-BO,-0.22192170259873042
1017,67,GP-BO,-0.22192170259873042
1017,68,GP-BO,-0.22192170259873042
1017,69,GP-BO,-0.22192170259873042
1017,70,GP-BO,-0.22192170259873042
1017,71,GP-BO,-0.22192170259873042
1017,72,GP-BO,-0.22192170259873042
1017,73,GP-BO,-0.3680998342441532
1017,74,GP-BO,-0.3680998342441532
1017,75,GP-BO,-0.3680998342441532
1017,76,GP-BO,-0.3680998342441532
1017,77,GP-BO,-0.3680998342441532
1017,78,GP-BO,-0.3680998342441532
1017,79,GP-BO,-0.3680998342441532
1017,80,GP-BO,-0.3680998342441532
1017,0,Random,0.18480608789797073
1017,1,Random,0.18480608789797073
1017,2,Random,0.18480608789797073
1017,3,Random,0.18480608789797073
1017,4,Random,0.18480608789797073
1017,5,Random,0.18480608789797073
1017,6,Random,0.18480608789797073
1017,7,Random,0.18480608789797073
1017,8,Random,0.18480608789797073
1017,9,Random,0.18480608789797073
1017,10,Random,0.18480608789797073
1017,11,Random,0.18480608789797073
1017,12,Random,0.14610816703235247
1017,13,Random,0.14610816703235247
1017,14,Random,0.14610816703235247
1017,15,Random,0.14610816703235247
1017,16,Random,0.14610816703235247
1017,17,Random,0.14610816703235247
1017,18,Random,0.14610816703235247
1017,19,Random,0.14610816703235247
1017,20,Random,0.14610816703235247
1017,21,Random,0.14610816703235247
1017,22,Random,0.14610816703235247
1017,23,Random,0.14610816703235247
1017,24,Random,0.14610816703235247
1017,25,Random,0.14610816703235247
1017,26,Random,0.14610816703235247
1017,27,Random,0.14610816703235247
1017,28,Random,0.14610816703235247
1017,29,Random,0.14610816703235247
1017,30,Random,0.14610816703235247
1017,31,Random,0.14610816703235247
1017,32,Random,0.14610816703235247
1017,33,Random,0.02817128018178247
1017,34,Random,0.02817128018178247
1017,35,Random,0.02817128018178247
1017,36,Random,0.02817128018178247
1017,37,Random,0.02817128018178247
1017,38,Random,0.02817128018178247
1017,39,Random,0.02817128018178247
1017,40,Random,0.02817128018178247
1017,41,Random,0.02817128018178247
1017,42,Random,0.02817128018178247
1017,43,Random,0.02817128018178247
1017,44,Random,0.02817128018178247
1017,45,Random,0.02817128018178247
1017,46,Random,0.02817128018178247
1017,47,Random,0.02817128018178247
1017,48,Random,0.02817128018178247
1017,49,Random,0.02817128018178247
1017,50,Random,0.02817128018178247
1017,51,Random,0.02817128018178247
1017,52,Random,0.02817128018178247
1017,53,Random,0.02817128018178247
1017,54,Random,0.02817128018178247
1017,55,Random,0.02817128018178247
1017,56,Random,0.02817128018178247
1017,57,Random,0.02817128018178247
1017,58,Random,0.02817128018178247
1017,59,Random,0.02817128018178247
1017,60,Random,0.02817128018178247
1017,61,Random,0.02817128018178247
1017,62,Random,0.02817128018178247
1017,63,Random,0.02817128018178247
1017,64,Random,0.02817128018178247
1017,65,Random,0.02817128018178247
1017,66,Random,0.02817128018178247
1017,67,Random,0.02817128018178247
1017,68,Random,0.02817128018178247
1017,69,Random,0.02817128018178247
1017,70,Random,0.02817128018178247
1017,71,Random,0.02817128018178247
1017,72,Random,0.02817128018178247
1017,73,Random,0.02817128018178247
1017,74,Random,0.02817128018178247
1017,75,Random,0.02817128018178247
1017,76,Random,0.02817128018178247
1017,77,Random,0.02817128018178247
1017,78,Random,0.02817128018178247
1017,79,Random,0.02817128018178247
1017,80,Random,0.02817128018178247
1018,0,BASS-BO,0.8002025330363529
1018,1,BASS-BO,0.8002025330363529
1018,2,BASS-BO,0.8002025330363529
1018,3,BASS-BO,0.8002025330363529
1018,4,BASS-BO,0.8002025330363529
1018,5,BASS-BO,0.8002025330363529
1018,6,BASS-BO,0.8002025330363529
1018,7,BASS-BO,0.8002025330363529
1018,8,BASS-BO,0.8002025330363529
1018,9,BASS-BO,0.8002025330363529
1018,10,BASS-BO,0.8002025330363529
1018,11,BASS-BO,0.8002025330363529
1018,12,BASS-BO,0.8002025330363529
1018,13,BASS-BO,0.8002025330363529
1018,14,BASS-BO,0.8002025330363529
1018,15,BASS-BO,0.8002025330363529
1018,16,BASS-BO,0.8002025330363529
1018,17,BASS-BO,0.8002025330363529
1018,18,BASS-BO,0.8002025330363529
1018,19,BASS-BO,0.8002025330363529
1018,20,BASS-BO,0.8002025330363529
1018,21,BASS-BO,0.8002025330363529
1018,22,BASS-BO,0.8002025330363529
1018,23,BASS-BO,0.8002025330363529
1018,24,BASS-BO,0.8002025330363529
1018,25,BASS-BO,0.8002025330363529
1018,26,BASS-BO,0.8002025330363529
1018,27,BASS-BO,0.6904068957696228
1018,28,BASS-BO,0.6904068957696228
1018,29,BASS-BO,0.6904068957696228
1018,30,BASS-BO,0.6904068957696228
1018,31,BASS-BO,0.6904068957696228
1018,32,BASS-BO,0.6904068957696228
1018,33,BASS-BO,0.6904068957696228
1018,34,BASS-BO,0.6904068957696228
1018,35,BASS-BO,0.6904068957696228
1018,36,BASS-BO,0.6904068957696228
1018,37,BASS-BO,0.6904068957696228
1018,38,BASS-BO,0.6904068957696228
1018,39,BASS-BO,0.6904068957696228
1018,40,BASS-BO,0.6904068957696228
1018,41,BASS-BO,0.6904068957696228
1018,42,BASS-BO,0.6904068957696228
1018,43,BASS-BO,0.6904068957696228
1018,44,BASS-BO,0.6904068957696228
1018,45,BASS-BO,0.6904068957696228
1018,46,BASS-BO,0.6904068957696228
1018,47,BASS-BO,0.6904068957696228
1018,48,BASS-BO,0.6904068957696228
1018,49,BASS-BO,0.6904068957696228
1018,50,BASS-BO,0.6904068957696228
1018,51,BASS-BO,0.6904068957696228
1018,52,BASS-BO,0.49877914817327057
1018,53,BASS-BO,0.49877914817327057
1018,54,BASS-BO,0.4106067662810633
1018,55,BASS-BO,0.4106067662810633
1018,56,BASS-BO,0.4106067662810633
1018,57,BASS-BO,0.4106067662810633
1018,58,BASS-BO,0.4106067662810633
1018,59,BASS-BO,0.4106067662810633
1018,60,BASS-BO,0.4106067662810633
1018,61,BASS-BO,0.4106067662810633
1018,62,BASS-BO,0.4106067662810633
1018,63,BASS-BO,0.4106067662810633
1018,64,BASS-BO,0.4106067662810633
1018,65,BASS-BO,0.4106067662810633
1018,66,BASS-BO,0.4106067662810633
1018,67,BASS-BO,-0.14027829193510322
1018,68,BASS-BO,-0.14027829193510322
1018,69,BASS-BO,-0.14027829193510322
1018,70,BASS-BO,-0.14027829193510322
1018,71,BASS-BO,-0.14027829193510322
1018,72,BASS-BO,-0.14027829193510322
1018,73,BASS-BO,-0.14027829193510322
1018,74,BASS-BO,-0.14027829193510322
1018,75,BASS-BO,-0.14027829193510322
1018,76,BASS-BO,-0.14027829193510322
1018,77,BASS-BO,-0.14027829193510322
1018,78,BASS-BO,-0.14027829193510322
1018,79,BASS-BO,-0.14027829193510322
1018,80,BASS-BO,-0.14027829193510322
1018,0,GP-BO,0.8002025330363529
1018,1,GP-BO,0.8002025330363529
1018,2,GP-BO,0.8002025330363529
1018,3,GP-BO,0.8002025330363529
1018,4,GP-BO,0.34349211488132875
1018,5,GP-BO,0.34349211488132875
1018,6,GP-BO,0.34349211488132875
1018,7,GP-BO,0.34349211488132875
1018,8,GP-BO,0.34349211488132875
1018,9,GP-BO,0.34349211488132875
1018,10,GP-BO,0.34349211488132875
1018,11,GP-BO,0.34349211488132875
1018,12,GP-BO,0.2366536887122964
1018,13,GP-BO,0.2366536887122964
1018,14,GP-BO,0.2366536887122964
1018,15,GP-BO,0.2366536887122964
1018,16,GP-BO,0.2366536887122964
1018,17,GP-BO,0.2366536887122964
1018,18,GP-BO,0.2366536887122964
1018,19,GP-BO,0.2366536887122964
1018,20,GP-BO,0.2366536887122964
1018,21,GP-BO,0.2366536887122964
1018,22,GP-BO,0.2366536887122964
1018,23,GP-BO,0.2366536887122964
1018,24,GP-BO,0.2366536887122964
1018,25,GP-BO,0.2366536887122964
1018,26,GP-BO,0.2366536887122964
1018,27,GP-BO,0.2366536887122964
1018,28,GP-BO,0.2366536887122964
1018,29,GP-BO,0.2366536887122964
1018,30,GP-BO,-0.13682565269053915
1018,31,GP-BO,-0.13682565269053915
1018,32,GP-BO,-0.13682565269053915
1018,33,GP-BO,-0.13682565269053915
1018,34,GP-BO,-0.13682565269053915
1018,35,GP-BO,-0.13682565269053915
1018,36,GP-BO,-0.13682565269053915
1018,37,GP-BO,-0.13682565269053915
1018,38,GP-BO,-0.13682565269053915
1018,39,GP-BO,-0.13682565269053915
1018,40,GP-BO,-0.13682565269053915
1018,41,GP-BO,-0.13682565269053915
1018,42,GP-BO,-0.13682565269053915
1018,43,GP-BO,-0.2992143561939473
1018,44,GP-BO,-0.2992143561939473
1018,45,GP-BO,-0.2992143561939473
1018,46,GP-BO,-0.2992143561939473
1018,47,GP-BO,-0.2992143561939473
1018,48,GP-BO,-0.2992143561939473
1018,49,GP-BO,-0.2992143561939473
1018,50,GP-BO,-0.2992143561939473
1018,51,GP-BO,-0.2992143561939473
1018,52,GP-BO,-0.2992143561939473
1018,53,GP-BO,-0.2992143561939473
1018,54,GP-BO,-0.2992143561939473
1018,55,GP-BO,-0.2992143561939473
1018,56,GP-BO,-0.3460363181255066
1018,57,GP-BO,-0.3460363181255066
1018,58,GP-BO,-0.3460363181255066
1018,59,GP-BO,-0.3460363181255066
1018,60,GP-BO,-0.41245342067288604
1018,61,GP-BO,-0.41245342067288604
1018,62,GP-BO,-0.41245342067288604
1018,63,GP-BO,-0.41245342067288604
1018,64,GP-BO,-0.41245342067288604
1018,65,GP-BO,-0.41245342067288604
1018,66,GP-BO,-0.41245342067288604
1018,67,GP-BO,-0.41245342067288604
1018,68,GP-BO,-0.41245342067288604
1018,69,GP-BO,-0.41245342067288604
1018,70,GP-BO,-0.41245342067288604
1018,71,GP-BO,-0.41245342067288604
1018,72,GP-BO,-0.41245342067288604
1018,73,GP-BO,-0.41245342067288604
1018,74,GP-BO,-0.41245342067288604
1018,75,GP-BO,-0.41245342067288604
1018,76,GP-BO,-0.41245342067288604
1018,77,GP-BO,-0.41245342067288604
1018,78,GP-BO,-0.41245342067288604
1018,79,GP-BO,-0.41245342067288604
1018,80,GP-BO,-0.41245342067288604
1018,0,Random,0.8002025330363529
1018,1,Random,0.8002025330363529
1018,2,Random,0.6754700214885053
1018,3,Random,0.6754700214885053
1018,4,Random,0.6754700214885053
1018,5,Random,0.6754700214885053
1018,6,Random,0.6754700214885053
1018,7,Random,0.6754700214885053
1018,8,Random,0.6754700214885053
1018,9,Random,0.6754700214885053
1018,10,Random,0.6754700214885053
1018,11,Random,0.6754700214885053
1018,12,Random,0.6754700214885053
1018,13,Random,0.6754700214885053
1018,14,Random,0.5756337701103512
1018,15,Random,0.5517493777740221
1018,16,Random,0.5517493777740221
1018,17,Random,0.5517493777740221
1018,18,Random,0.5517493777740221
1018,19,Random,0.5517493777740221
1018,20,Random,0.5517493777740221
1018,21,Random,0.09789318351337795
1018,22,Random,0.09789318351337795
1018,23,Random,0.09789318351337795
1018,24,Random,0.09789318351337795
1018,25,Random,0.09789318351337795
1018,26,Random,0.09789318351337795
1018,27,Random,0.09789318351337795
1018,28,Random,0.09789318351337795
1018,29,Random,0.09789318351337795
1018,30,Random,0.09789318351337795
1018,31,Random,0.09789318351337795
1018,32,Random,0.09789318351337795
1018,33,Random,0.09789318351337795
1018,34,Random,0.09789318351337795
1018,35,Random,0.09789318351337795
1018,36,Random,0.09789318351337795
1018,37,Random,0.09789318351337795
1018,38,Random,0.09789318351337795
1018,39,Random,0.09789318351337795
1018,40,Random,0.09789318351337795
1018,41,Random,0.09789318351337795
1018,42,Random,0.09789318351337795
1018,43,Random,0.09789318351337795
1018,44,Random,0.09789318351337795
1018,45,Random,0.09789318351337795
1018,46,Random,-0.30313988891705046
1018,47,Random,-0.30313988891705046
1018,48,Random,-0.30313988891705046
1018,49,Random,-0.30313988891705046
1018,50,Random,-0.30313988891705046
1018,51,Random,-0.30313988891705046
1018,52,Random,-0.30313988891705046
1018,53,Random,-0.30313988891705046
1018,54,Random,-0.30313988891705046
1018,55,Random,-0.30313988891705046
1018,56,Random,-0.30313988891705046
1018,57,Random,-0.30313988891705046
1018,58,Random,-0.30313988891705046
1018,59,Random,-0.30313988891705046
1018,60,Random,-0.30313988891705046
1018,61,Random,-0.30313988891705046
1018,62,Random,-0.30313988891705046
1018,63,Random,-0.30313988891705046
1018,64,Random,-0.30313988891705046
1018,65,Random,-0.30313988891705046
1018,66,Random,-0.30313988891705046
1018,67,Random,-0.30313988891705046
1018,68,Random,-0.30313988891705046
1018,69,Random,-0.30313988891705046
1018,70,Random,-0.30313988891705046
1018,71,Random,-0.30313988891705046
1018,72,Random,-0.30313988891705046
1018,73,Random,-0.30313988891705046
1018,74,Random,-0.30313988891705046
1018,75,Random,-0.30313988891705046
1018,76,Random,-0.30313988891705046
1018,77,Random,-0.30313988891705046
1018,78,Random,-0.30313988891705046
1018,79,Random,-0.30313988891705046
1018,80,Random,-0.30313988891705046
1019,0,BASS-BO,0.3500298901279344
1019,1,BASS-BO,0.3500298901279344
1019,2,BASS-BO,0.3500298901279344
1019,3,BASS-BO,0.3500298901279344
1019,4,BASS-BO,0.3500298901279344
1019,5,BASS-BO,0.3500298901279344
1019,6,BASS-BO,0.3500298901279344
1019,7,BASS-BO,0.3500298901279344
1019,8,BASS-BO,0.3500298901279344
1019,9,BASS-BO,0.3500298901279344
1019,10,BASS-BO,0.3500298901279344
1019,11,BASS-BO,0.3500298901279344
1019,12,BASS-BO,0.3500298901279344
1019,13,BASS-BO,0.3500298901279344
1019,14,BASS-BO,0.3500298901279344
1019,15,BASS-BO,0.3500298901279344
1019,16,BASS-BO,0.3500298901279344
1019,17,BASS-BO,0.3500298901279344
1019,18,BASS-BO,0.3500298901279344
1019,19,BASS-BO,0.3500298901279344
1019,20,BASS-BO,0.3500298901279344
1019,21,BASS-BO,0.3500298901279344
1019,22,BASS-BO,0.3500298901279344
1019,23,BASS-BO,0.3500298901279344
1019,24,BASS-BO,0.3500298901279344
1019,25,BASS-BO,0.3500298901279344
1019,26,BASS-BO,0.3500298901279344
1019,27,BASS-BO,0.3500298901279344
1019,28,BASS-BO,0.3500298901279344
1019,29,BASS-BO,0.3500298901279344
1019,30,BASS-BO,0.3500298901279344
1019,31,BASS-BO,0.3500298901279344
1019,32,BASS-BO,0.3500298901279344
1019,33,BASS-BO,0.3500298901279344
1019,34,BASS-BO,0.3500298901279344
1019,35,BASS-BO,0.3500298901279344
1019,36,BASS-BO,0.3500298901279344
1019,37,BASS-BO,0.3500298901279344
1019,38,BASS-BO,0.3500298901279344
1019,39,BASS-BO,0.3500298901279344
1019,40,BASS-BO,0.3500298901279344
1019,41,BASS-BO,0.3500298901279344
1019,42,BASS-BO,0.3500298901279344
1019,43,BASS-BO,0.3500298901279344
1019,44,BASS-BO,0.3500298901279344
1019,45,BASS-BO,0.3500298901279344
1019,46,BASS-BO,0.3500298901279344
1019,47,BASS-BO,0.2873064416370571
1019,48,BASS-BO,0.2873064416370571
1019,49,BASS-BO,0.23951244306245206
1019,50,BASS-BO,0.23951244306245206
1019,51,BASS-BO,-0.2732239409780771
1019,52,BASS-BO,-0.2732239409780771
1019,53,BASS-BO,-0.2732239409780771
1019,54,BASS-BO,-0.2732239409780771
1019,55,BASS-BO,-0.2732239409780771
1019,56,BASS-BO,-0.2732239409780771
1019,57,BASS-BO,-0.2732239409780771
1019,58,BASS-BO,-0.2732239409780771
1019,59,BASS-BO,-0.2732239409780771
1019,60,BASS-BO,-0.2732239409780771
1019,61,BASS-BO,-0.2732239409780771
1019,62,BASS-BO,-0.2732239409780771
1019,63,BASS-BO,-0.2732239409780771
1019,64,BASS-BO,-0.2732239409780771
1019,65,BASS-BO,-0.2732239409780771
1019,66,BASS-BO,-0.2732239409780771
1019,67,BASS-BO,-0.2732239409780771
1019,68,BASS-BO,-0.2732239409780771
1019,69,BASS-BO,-0.2732239409780771
1019,70,BASS-BO,-0.2732239409780771
1019,71,BASS-BO,-0.2732239409780771
1019,72,BASS-BO,-0.2732239409780771
1019,73,BASS-BO,-0.2732239409780771
1019,74,BASS-BO,-0.2732239409780771
1019,75,BASS-BO,-0.2732239409780771
1019,76,BASS-BO,-0.2732239409780771
1019,77,BASS-BO,-0.2732239409780771
1019,78,BASS-BO,-0.2732239409780771
1019,79,BASS-BO,-0.2732239409780771
1019,80,BASS-BO,-0.2732239409780771
1019,0,GP-BO,0.3500298901279344
1019,1,GP-BO,0.3500298901279344
1019,2,GP-BO,0.3500298901279344
1019,3,GP-BO,0.3500298901279344
1019,4,GP-BO,0.3500298901279344
1019,5,GP-BO,0.3341228260164232
1019,6,GP-BO,0.3341228260164232
1019,7,GP-BO,0.3341228260164232
1019,8,GP-BO,0.3341228260164232
1019,9,GP-BO,0.3341228260164232
1019,10,GP-BO,0.3341228260164232
1019,11,GP-BO,0.3341228260164232
1019,12,GP-BO,0.3341228260164232
1019,13,GP-BO,0.3341228260164232
1019,14,GP-BO,0.3341228260164232
1019,15,GP-BO,0.3341228260164232
1019,16,GP-BO,0.3341228260164232
1019,17,GP-BO,0.3341228260164232
1019,18,GP-BO,0.3341228260164232
1019,19,GP-BO,0.3341228260164232
1019,20,GP-BO,0.029630609030096983
1019,21,GP-BO,0.029630609030096983
1019,22,GP-BO,0.029630609030096983
1019,23,GP-BO,0.029630609030096983
1019,24,GP-BO,0.029630609030096983
1019,25,GP-BO,0.029630609030096983
1019,26,GP-BO,0.029630609030096983
1019,27,GP-BO,0.029630609030096983
1019,28,GP-BO,0.029630609030096983
1019,29,GP-BO,0.029630609030096983
1019,30,GP-BO,0.029630609030096983
1019,31,GP-BO,0.029630609030096983
1019,32,GP-BO,0.029630609030096983
1019,33,GP-BO,0.029630609030096983
1019,34,GP-BO,0.029630609030096983
1019,35,GP-BO,0.029630609030096983
1019,36,GP-BO,0.02155619114794921
1019,37,GP-BO,-0.16609883791602342
1019,38,GP-BO,-0.16609883791602342
1019,39,GP-BO,-0.16609883791602342
1019,40,GP-BO,-0.16609883791602342
1019,41,GP-BO,-0.16609883791602342
1019,42,GP-BO,-0.2442261606397259
1019,43,GP-BO,-0.30359399991134317
1019,44,GP-BO,-0.30359399991134317
1019,45,GP-BO,-0.30359399991134317
1019,46,GP-BO,-0.30359399991134317
1019,47,GP-BO,-0.30359399991134317
1019,48,GP-BO,-0.30359399991134317
1019,49,GP-BO,-0.30359399991134317
1019,50,GP-BO,-0.30359399991134317
1019,51,GP-BO,-0.30359399991134317
1019,52,GP-BO,-0.30359399991134317
1019,53,GP-BO,-0.30359399991134317
1019,54,GP-BO,-0.30359399991134317
1019,55,GP-BO,-0.30359399991134317
1019,56,GP-BO,-0.30359399991134317
1019,57,GP-BO,-0.30359399991134317
1019,58,GP-BO,-0.30359399991134317
1019,59,GP-BO,-0.30359399991134317
1019,60,GP-BO,-0.30359399991134317
1019,61,GP-BO,-0.30359399991134317
1019,62,GP-BO,-0.30359399991134317
1019,63,GP-BO,-0.30359399991134317
1019,64,GP-BO,-0.30359399991134317
1019,65,GP-BO,-0.30359399991134317
1019,66,GP-BO,-0.30359399991134317
1019,67,GP-BO,-0.30359399991134317
1019,68,GP-BO,-0.30359399991134317
1019,69,GP-BO,-0.30359399991134317
1019,70,GP-BO,-0.30359399991134317
1019,71,GP-BO,-0.30359399991134317
1019,72,GP-BO,-0.30359399991134317
1019,73,GP-BO,-0.30359399991134317
1019,74,GP-BO,-0.30359399991134317
1019,75,GP-BO,-0.35030585975044637
1019,76,GP-BO,-0.35030585975044637
1019,77,GP-BO,-0.35030585975044637
1019,78,GP-BO,-0.35030585975044637
1019,79,GP-BO,-0.35030585975044637
1019,80,GP-BO,-0.35030585975044637
1019,0,Random,0.3500298901279344
1019,1,Random,0.3500298901279344
1019,2,Random,0.3500298901279344
1019,3,Random,0.3500298901279344
1019,4,Random,0.3500298901279344
1019,5,Random,0.3500298901279344
1019,6,Random,0.3500298901279344
1019,7,Random,0.3500298901279344
1019,8,Random,0.3500298901279344
1019,9,Random,0.3500298901279344
1019,10,Random,0.3500298901279344
1019,11,Random,0.3500298901279344
1019,12,Random,0.3500298901279344
1019,13,Random,0.3500298901279344
1019,14,Random,0.3500298901279344
1019,15,Random,0.3500298901279344
1019,16,Random,0.3500298901279344
1019,17,Random,0.3500298901279344
1019,18,Random,0.3500298901279344
1019,19,Random,0.3500298901279344
1019,20,Random,0.3500298901279344
1019,21,Random,0.3500298901279344
1019,22,Random,0.3500298901279344
1019,23,Random,0.3500298901279344
1019,24,Random,0.3500298901279344
1019,25,Random,0.3500298901279344
1019,26,Random,0.3500298901279344
1019,27,Random,0.3500298901279344
1019,28,Random,0.3500298901279344
1019,29,Random,0.3500298901279344
1019,30,Random,0.3500298901279344
1019,31,Random,0.3500298901279344
1019,32,Random,0.3500298901279344
1019,33,Random,0.3500298901279344
1019,34,Random,0.3500298901279344
1019,35,Random,0.3500298901279344
1019,36,Random,0.03199991990734222
1019,37,Random,0.03199991990734222
1019,38,Random,0.03199991990734222
1019,39,Random,0.03199991990734222
1019,40,Random,0.03199991990734222
1019,41,Random,0.03199991990734222
1019,42,Random,0.03199991990734222
1019,43,Random,0.03199991990734222
1019,44,Random,0.03199991990734222
1019,45,Random,0.03199991990734222
1019,46,Random,0.03199991990734222
1019,47,Random,0.03199991990734222
1019,48,Random,0.03199991990734222
1019,49,Random,0.03199991990734222
1019,50,Random,0.03199991990734222
1019,51,Random,0.03199991990734222
1019,52,Random,0.03199991990734222
1019,53,Random,0.03199991990734222
1019,54,Random,0.03199991990734222
1019,55,Random,0.03199991990734222
1019,56,Random,0.03199991990734222
1019,57,Random,0.03199991990734222
1019,58,Random,0.03199991990734222
1019,59,Random,0.03199991990734222
1019,60,Random,0.03199991990734222
1019,61,Random,0.03199991990734222
1019,62,Random,0.03199991990734222
1019,63,Random,0.03199991990734222
1019,64,Random,0.03199991990734222
1019,65,Random,0.03199991990734222
1019,66,Random,0.03199991990734222
1019,67,Random,0.03199991990734222
1019,68,Random,0.03199991990734222
1019,69,Random,0.03199991990734222
1019,70,Random,0.03199991990734222
1019,71,Random,0.03199991990734222
1019,72,Random,0.03199991990734222
1019,73,Random,0.03199991990734222
1019,74,Random,0.03199991990734222
1019,75,Random,0.03199991990734222
1019,76,Random,0.03199991990734222
1019,77,Random,0.03199991990734222
1019,78,Random,0.03199991990734222
1019,79,Random,0.03199991990734222
1019,80,Random,0.03199991990734222
1020,0,BASS-BO,0.500538030000912
1020,1,BASS-BO,0.500538030000912
1020,2,BASS-BO,0.500538030000912
1020,3,BASS-BO,0.500538030000912
1020,4,BASS-BO,0.500538030000912
1020,5,BASS-BO,0.500538030000912
1020,6,BASS-BO,0.500538030000912
1020,7,BASS-BO,0.500538030000912
1020,8,BASS-BO,0.500538030000912
1020,9,BASS-BO,0.500538030000912
1020,10,BASS-BO,0.500538030000912
1020,11,BASS-BO,0.500538030000912
1020,12,BASS-BO,0.500538030000912
1020,13,BASS-BO,0.500538030000912
1020,14,BASS-BO,0.500538030000912
1020,15,BASS-BO,0.500538030000912
1020,16,BASS-BO,0.500538030000912
1020,17,BASS-BO,0.500538030000912
1020,18,BASS-BO,0.500538030000912
1020,19,BASS-BO,0.500538030000912
1020,20,BASS-BO,0.500538030000912
1020,21,BASS-BO,0.500538030000912
1020,22,BASS-BO,0.23045232092452694
1020,23,BASS-BO,0.23045232092452694
1020,24,BASS-BO,0.23045232092452694
1020,25,BASS-BO,0.23045232092452694
1020,26,BASS-BO,0.23045232092452694
1020,27,BASS-BO,0.23045232092452694
1020,28,BASS-BO,0.23045232092452694
1020,29,BASS-BO,0.23045232092452694
1020,30,BASS-BO,0.23045232092452694
1020,31,BASS-BO,0.23045232092452694
1020,32,BASS-BO,0.23045232092452694
1020,33,BASS-BO,0.23045232092452694
1020,34,BASS-BO,0.23045232092452694
1020,35,BASS-BO,0.23045232092452694
1020,36,BASS-BO,0.23045232092452694
1020,37,BASS-BO,0.23045232092452694
1020,38,BASS-BO,0.23045232092452694
1020,39,BASS-BO,0.23045232092452694
1020,40,BASS-BO,0.23045232092452694
1020,41,BASS-BO,0.23045232092452694
1020,42,BASS-BO,0.23045232092452694
1020,43,BASS-BO,0.23045232092452694
1020,44,BASS-BO,0.23045232092452694
1020,45,BASS-BO,0.23045232092452694
1020,46,BASS-BO,0.23045232092452694
1020,47,BASS-BO,0.23045232092452694
1020,48,BASS-BO,0.23045232092452694
1020,49,BASS-BO,0.23045232092452694
1020,50,BASS-BO,0.23045232092452694
1020,51,BASS-BO,0.23045232092452694
1020,52,BASS-BO,0.23045232092452694
1020,53,BASS-BO,0.23045232092452694
1020,54,BASS-BO,0.23045232092452694
1020,55,BASS-BO,0.23045232092452694
1020,56,BASS-BO,0.1288019252311492
1020,57,BASS-BO,0.1288019252311492
1020,58,BASS-BO,0.1288019252311492
1020,59,BASS-BO,0.1288019252311492
1020,60,BASS-BO,0.1288019252311492
1020,61,BASS-BO,0.1288019252311492
1020,62,BASS-BO,0.11126344336600837
1020,63,BASS-BO,0.11126344336600837
1020,64,BASS-BO,0.11126344336600837
1020,65,BASS-BO,0.11126344336600837
1020,66,BASS-BO,0.11126344336600837
1020,67,BASS-BO,0.11126344336600837
1020,68,BASS-BO,0.11126344336600837
1020,69,BASS-BO,0.11126344336600837
1020,70,BASS-BO,0.11126344336600837
1020,71,BASS-BO,0.11126344336600837
1020,72,BASS-BO,0.11126344336600837
1020,73,BASS-BO,0.11126344336600837
1020,74,BASS-BO,0.11126344336600837
1020,75,BASS-BO,0.11126344336600837
1020,76,BASS-BO,0.11126344336600837
1020,77,BASS-BO,0.11126344336600837
1020,78,BASS-BO,0.11126344336600837
1020,79,BASS-BO,0.11126344336600837
1020,80,BASS-BO,0.11126344336600837
1020,0,GP-BO,0.500538030000912
1020,1,GP-BO,0.500538030000912
1020,2,GP-BO,0.500538030000912
1020,3,GP-BO,0.500538030000912
1020,4,GP-BO,0.500538030000912
1020,5,GP-BO,0.500538030000912
1020,6,GP-BO,0.500538030000912
1020,7,GP-BO,0.500538030000912
1020,8,GP-BO,0.500538030000912
1020,9,GP-BO,0.500538030000912
1020,10,GP-BO,0.500538030000912
1020,11,GP-BO,0.500538030000912
1020,12,GP-BO,0.500538030000912
1020,13,GP-BO,0.500538030000912
1020,14,GP-BO,0.500538030000912
1020,15,GP-BO,0.15944953034112236
1020,16,GP-BO,0.15944953034112236
1020,17,GP-BO,0.15944953034112236
1020,18,GP-BO,0.15944953034112236
1020,19,GP-BO,0.15944953034112236
1020,20,GP-BO,0.15944953034112236
1020,21,GP-BO,0.15944953034112236
1020,22,GP-BO,0.15944953034112236
1020,23,GP-BO,0.15944953034112236
1020,24,GP-BO,0.15944953034112236
1020,25,GP-BO,0.15699728949624125
1020,26,GP-BO,0.15699728949624125
1020,27,GP-BO,0.14809275187240434
1020,28,GP-BO,0.14809275187240434
1020,29,GP-BO,0.10758405038075143
1020,30,GP-BO,0.06092390746715791
1020,31,GP-BO,0.06092390746715791
1020,32,GP-BO,0.05917007706079616
1020,33,GP-BO,0.05917007706079616
1020,34,GP-BO,0.05917007706079616
1020,35,GP-BO,-0.30530662907822426
1020,36,GP-BO,-0.30530662907822426
1020,37,GP-BO,-0.30530662907822426
1020,38,GP-BO,-0.30530662907822426
1020,39,GP-BO,-0.30657109053833054
1020,40,GP-BO,-0.30657109053833054
1020,41,GP-BO,-0.30657109053833054
1020,42,GP-BO,-0.30657109053833054
1020,43,GP-BO,-0.30657109053833054
1020,44,GP-BO,-0.30657109053833054
1020,45,GP-BO,-0.30657109053833054
1020,46,GP-BO,-0.30657109053833054
1020,47,GP-BO,-0.6835093618208603
1020,48,GP-BO,-0.6835093618208603
1020,49,GP-BO,-0.6835093618208603
1020,50,GP-BO,-0.6835093618208603
1020,51,GP-BO,-0.6835093618208603
1020,52,GP-BO,-0.6835093618208603
1020,53,GP-BO,-0.6835093618208603
1020,54,GP-BO,-0.6835093618208603
1020,55,GP-BO,-0.6835093618208603
1020,56,GP-BO,-0.6835093618208603
1020,57,GP-BO,-0.6835093618208603
1020,58,GP-BO,-0.6835093618208603
1020,59,GP-BO,-0.6835093618208603
1020,60,GP-BO,-0.6835093618208603
1020,61,GP-BO,-0.6994329604760138
1020,62,GP-BO,-0.6994329604760138
1020,63,GP-BO,-0.6994329604760138
1020,64,GP-BO,-0.6994329604760138
1020,65,GP-BO,-0.6994329604760138
1020,66,GP-BO,-0.6994329604760138
1020,67,GP-BO,-0.6994329604760138
1020,68,GP-BO,-0.6994329604760138
1020,69,GP-BO,-0.6994329604760138
1020,70,GP-BO,-0.6994329604760138
1020,71,GP-BO,-0.6994329604760138
1020,72,GP-BO,-0.7207089434031209
1020,73,GP-BO,-0.7207089434031209
1020,74,GP-BO,-0.7207089434031209
1020,75,GP-BO,-0.7207089434031209
1020,76,GP-BO,-0.7207089434031209
1020,77,GP-BO,-0.7207089434031209
1020,78,GP-BO,-0.7207089434031209
1020,79,GP-BO,-0.7207089434031209
1020,80,GP-BO,-0.7207089434031209
1020,0,Random,0.500538030000912
1020,1,Random,0.500538030000912
1020,2,Random,0.500538030000912
1020,3,Random,0.500538030000912
1020,4,Random,0.3383237340208845
1020,5,Random,0.3383237340208845
1020,6,Random,0.3383237340208845
1020,7,Random,0.3383237340208845
1020,8,Random,0.3383237340208845
1020,9,Random,0.3383237340208845
1020,10,Random,0.3383237340208845
1020,11,Random,0.19113859850219084
1020,12,Random,0.19113859850219084
1020,13,Random,0.19113859850219084
1020,14,Random,0.19113859850219084
1020,15,Random,0.19113859850219084
1020,16,Random,0.19113859850219084
1020,17,Random,0.19113859850219084
1020,18,Random,0.19113859850219084
1020,19,Random,0.19113859850219084
1020,20,Random,0.19113859850219084
1020,21,Random,0.026623890861060207
1020,22,Random,0.026623890861060207
1020,23,Random,0.026623890861060207
1020,24,Random,0.026623890861060207
1020,25,Random,0.026623890861060207
1020,26,Random,0.026623890861060207
1020,27,Random,0.026623890861060207
1020,28,Random,0.026623890861060207
1020,29,Random,0.026623890861060207
1020,30,Random,0.026623890861060207
1020,31,Random,0.026623890861060207
1020,32,Random,0.026623890861060207
1020,33,Random,0.026623890861060207
1020,34,Random,0.026623890861060207
1020,35,Random,0.026623890861060207
1020,36,Random,0.026623890861060207
1020,37,Random,0.026623890861060207
1020,38,Random,0.026623890861060207
1020,39,Random,0.026623890861060207
1020,40,Random,0.026623890861060207
1020,41,Random,0.026623890861060207
1020,42,Random,0.026623890861060207
1020,43,Random,0.026623890861060207
1020,44,Random,0.026623890861060207
1020,45,Random,0.026623890861060207
1020,46,Random,0.026623890861060207
1020,47,Random,0.026623890861060207
1020,48,Random,0.026623890861060207
1020,49,Random,0.026623890861060207
1020,50,Random,0.026623890861060207
1020,51,Random,0.026623890861060207
1020,52,Random,0.026623890861060207
1020,53,Random,0.026623890861060207
1020,54,Random,0.026623890861060207
1020,55,Random,0.026623890861060207
1020,56,Random,0.026623890861060207
1020,57,Random,0.026623890861060207
1020,58,Random,0.026623890861060207
1020,59,Random,0.026623890861060207
1020,60,Random,0.026623890861060207
1020,61,Random,0.026623890861060207
1020,62,Random,0.026623890861060207
1020,63,Random,0.026623890861060207
1020,64,Random,0.026623890861060207
1020,65,Random,0.026623890861060207
1020,66,Random,0.026623890861060207
1020,67,Random,0.026623890861060207
1020,68,Random,0.026623890861060207
1020,69,Random,0.026623890861060207
1020,70,Random,0.026623890861060207
1020,71,Random,0.026623890861060207
1020,72,Random,0.026623890861060207
1020,73,Random,0.026623890861060207
1020,74,Random,0.026623890861060207
1020,75,Random,0.026623890861060207
1020,76,Random,0.026623890861060207
1020,77,Random,0.026623890861060207
1020,78,Random,0.026623890861060207
1020,79,Random,0.026623890861060207
1020,80,Random,0.026623890861060207
1021,0,BASS-BO,0.2718163701172871
1021,1,BASS-BO,0.2718163701172871
1021,2,BASS-BO,0.2718163701172871
1021,3,BASS-BO,0.2718163701172871
1021,4,BASS-BO,0.2718163701172871
1021,5,BASS-BO,0.2718163701172871
1021,6,BASS-BO,0.2718163701172871
1021,7,BASS-BO,0.2718163701172871
1021,8,BASS-BO,0.2718163701172871
1021,9,BASS-BO,0.2718163701172871
1021,10,BASS-BO,0.2718163701172871
1021,11,BASS-BO,0.2718163701172871
1021,12,BASS-BO,0.2718163701172871
1021,13,BASS-BO,0.2718163701172871
1021,14,BASS-BO,0.2718163701172871
1021,15,BASS-BO,0.2718163701172871
1021,16,BASS-BO,0.2718163701172871
1021,17,BASS-BO,0.2718163701172871
1021,18,BASS-BO,0.2718163701172871
1021,19,BASS-BO,0.2718163701172871
1021,20,BASS-BO,0.2718163701172871
1021,21,BASS-BO,0.2718163701172871
1021,22,BASS-BO,0.2718163701172871
1021,23,BASS-BO,0.2718163701172871
1021,24,BASS-BO,0.2718163701172871
1021,25,BASS-BO,0.2718163701172871
1021,26,BASS-BO,0.2718163701172871
1021,27,BASS-BO,0.2718163701172871
1021,28,BASS-BO,0.2718163701172871
1021,29,BASS-BO,0.2718163701172871
1021,30,BASS-BO,0.2718163701172871
1021,31,BASS-BO,0.2718163701172871
1021,32,BASS-BO,0.2718163701172871
1021,33,BASS-BO,0.2718163701172871
1021,34,BASS-BO,0.2718163701172871
1021,35,BASS-BO,0.2718163701172871
1021,36,BASS-BO,0.2718163701172871
1021,37,BASS-BO,0.1211819171168497
1021,38,BASS-BO,0.1211819171168497
1021,39,BASS-BO,0.1211819171168497
1021,40,BASS-BO,0.09086625135799693
1021,41,BASS-BO,0.09086625135799693
1021,42,BASS-BO,0.09086625135799693
1021,43,BASS-BO,0.09086625135799693
1021,44,BASS-BO,0.09086625135799693
1021,45,BASS-BO,0.09086625135799693
1021,46,BASS-BO,0.09086625135799693
1021,47,BASS-BO,0.09086625135799693
1021,48,BASS-BO,0.09086625135799693
1021,49,BASS-BO,0.09086625135799693
1021,50,BASS-BO,0.09086625135799693
1021,51,BASS-BO,0.09086625135799693
1021,52,BASS-BO,0.09086625135799693
1021,53,BASS-BO,0.09086625135799693
1021,54,BASS-BO,0.09086625135799693
1021,55,BASS-BO,0.09086625135799693
1021,56,BASS-BO,0.09086625135799693
1021,57,BASS-BO,0.09086625135799693
1021,58,BASS-BO,0.09086625135799693
1021,59,BASS-BO,0.09086625135799693
1021,60,BASS-BO,0.09086625135799693
1021,61,BASS-BO,0.09086625135799693
1021,62,BASS-BO,0.09086625135799693
1021,63,BASS-BO,0.09086625135799693
1021,64,BASS-BO,0.09086625135799693
1021,65,BASS-BO,0.09086625135799693
1021,66,BASS-BO,0.09086625135799693
1021,67,BASS-BO,0.09086625135799693
1021,68,BASS-BO,0.09086625135799693
1021,69,BASS-BO,0.09086625135799693
1021,70,BASS-BO,0.09086625135799693
1021,71,BASS-BO,0.09086625135799693
1021,72,BASS-BO,0.09086625135799693
1021,73,BASS-BO,0.09086625135799693
1021,74,BASS-BO,0.09086625135799693
1021,75,BASS-BO,0.09086625135799693
1021,76,BASS-BO,0.09086625135799693
1021,77,BASS-BO,0.09086625135799693
1021,78,BASS-BO,0.09086625135799693
1021,79,BASS-BO,0.09086625135799693
1021,80,BASS-BO,0.09086625135799693
1021,0,GP-BO,0.2718163701172871
1021,1,GP-BO,0.2718163701172871
1021,2,GP-BO,0.2718163701172871
1021,3,GP-BO,0.2718163701172871
1021,4,GP-BO,0.2718163701172871
1021,5,GP-BO,0.2718163701172871
1021,6,GP-BO,0.2718163701172871
1021,7,GP-BO,0.2718163701172871
1021,8,GP-BO,0.2718163701172871
1021,9,GP-BO,0.08935479565665677
1021,10,GP-BO,0.08935479565665677
1021,11,GP-BO,0.08935479565665677
1021,12,GP-BO,0.08935479565665677
1021,13,GP-BO,0.08935479565665677
1021,14,GP-BO,0.08935479565665677
1021,15,GP-BO,0.08935479565665677
1021,16,GP-BO,0.08935479565665677
1021,17,GP-BO,0.08935479565665677
1021,18,GP-BO,0.08935479565665677
1021,19,GP-BO,0.08935479565665677
1021,20,GP-BO,0.08935479565665677
1021,21,GP-BO,-0.1526383364421296
1021,22,GP-BO,-0.1526383364421296
1021,23,GP-BO,-0.1526383364421296
1021,24,GP-BO,-0.1526383364421296
1021,25,GP-BO,-0.1526383364421296
1021,26,GP-BO,-0.1526383364421296
1021,27,GP-BO,-0.1526383364421296
1021,28,GP-BO,-0.1526383364421296
1021,29,GP-BO,-0.1526383364421296
1021,30,GP-BO,-0.1526383364421296
1021,31,GP-BO,-0.1526383364421296
1021,32,GP-BO,-0.1526383364421296
1021,33,GP-BO,-0.1526383364421296
1021,34,GP-BO,-0.1526383364421296
1021,35,GP-BO,-0.1526383364421296
1021,36,GP-BO,-0.1526383364421296
1021,37,GP-BO,-0.1526383364421296
1021,38,GP-BO,-0.1526383364421296
1021,39,GP-BO,-0.1526383364421296
1021,40,GP-BO,-0.1526383364421296
1021,41,GP-BO,-0.1526383364421296
1021,42,GP-BO,-0.1526383364421296
1021,43,GP-BO,-0.1526383364421296
1021,44,GP-BO,-0.1526383364421296
1021,45,GP-BO,-0.1526383364421296
1021,46,GP-BO,-0.1526383364421296
1021,47,GP-BO,-0.1526383364421296
1021,48,GP-BO,-0.1526383364421296
1021,49,GP-BO,-0.1526383364421296
1021,50,GP-BO,-0.1526383364421296
1021,51,GP-BO,-0.1526383364421296
1021,52,GP-BO,-0.1526383364421296
1021,53,GP-BO,-0.1526383364421296
1021,54,GP-BO,-0.1526383364421296
1021,55,GP-BO,-0.1526383364421296
1021,56,GP-BO,-0.3559261045616515
1021,57,GP-BO,-0.3559261045616515
1021,58,GP-BO,-0.3559261045616515
1021,59,GP-BO,-0.3559261045616515
1021,60,GP-BO,-0.3559261045616515
1021,61,GP-BO,-0.3559261045616515
1021,62,GP-BO,-0.3559261045616515
1021,63,GP-BO,-0.3559261045616515
1021,64,GP-BO,-0.3559261045616515
1021,65,GP-BO,-0.3559261045616515
1021,66,GP-BO,-0.3559261045616515
1021,67,GP-BO,-0.3559261045616515
1021,68,GP-BO,-0.3559261045616515
1021,69,GP-BO,-0.3559261045616515
1021,70,GP-BO,-0.3559261045616515
1021,71,GP-BO,-0.3559261045616515
1021,72,GP-BO,-0.3559261045616515
1021,73,GP-BO,-0.3559261045616515
1021,74,GP-BO,-0.3559261045616515
1021,75,GP-BO,-0.3559261045616515
1021,76,GP-BO,-0.3559261045616515
1021,77,GP-BO,-0.3559261045616515
1021,78,GP-BO,-0.3559261045616515
1021,79,GP-BO,-0.3559261045616515
1021,80,GP-BO,-0.3559261045616515
1021,0,Random,0.2718163701172871
1021,1,Random,0.2718163701172871
1021,2,Random,0.25146257378085435
1021,3,Random,0.25146257378085435
1021,4,Random,0.25146257378085435
1021,5,Random,0.25146257378085435
1021,6,Random,0.25146257378085435
1021,7,Random,0.25146257378085435
1021,8,Random,0.25146257378085435
1021,9,Random,0.25146257378085435
1021,10,Random,0.25146257378085435
1021,11,Random,0.25146257378085435
1021,12,Random,0.25146257378085435
1021,13,Random,0.25146257378085435
1021,14,Random,0.25146257378085435
1021,15,Random,0.25146257378085435
1021,16,Random,0.25146257378085435
1021,17,Random,0.25146257378085435
1021,18,Random,0.25146257378085435
1021,19,Random,0.25146257378085435
1021,20,Random,0.25146257378085435
1021,21,Random,0.25146257378085435
1021,22,Random,0.25146257378085435
1021,23,Random,0.25146257378085435
1021,24,Random,0.25146257378085435
1021,25,Random,0.25146257378085435
1021,26,Random,0.25146257378085435
1021,27,Random,0.25146257378085435
1021,28,Random,0.25146257378085435
1021,29,Random,0.25146257378085435
1021,30,Random,0.25146257378085435
1021,31,Random,0.25146257378085435
1021,32,Random,0.25146257378085435
1021,33,Random,0.25146257378085435
1021,34,Random,0.25146257378085435
1021,35,Random,0.25146257378085435
1021,36,Random,0.25146257378085435
1021,37,Random,0.25146257378085435
1021,38,Random,0.25146257378085435
1021,39,Random,0.25146257378085435
1021,40,Random,0.25146257378085435
1021,41,Random,0.25146257378085435
1021,42,Random,0.25146257378085435
1021,43,Random,0.25146257378085435
1021,44,Random,0.25146257378085435
1021,45,Random,0.25146257378085435
1021,46,Random,0.25146257378085435
1021,47,Random,0.25146257378085435
1021,48,Random,0.25146257378085435
1021,49,Random,0.25146257378085435
1021,50,Random,0.25146257378085435
1021,51,Random,0.25146257378085435
1021,52,Random,0.25146257378085435
1021,53,Random,0.25146257378085435
1021,54,Random,0.25146257378085435
1021,55,Random,0.25146257378085435
1021,56,Random,0.25146257378085435
1021,57,Random,0.25146257378085435
1021,58,Random,0.25146257378085435
1021,59,Random,0.25146257378085435
1021,60,Random,0.25146257378085435
1021,61,Random,0.25146257378085435
1021,62,Random,0.25146257378085435
1021,63,Random,0.25146257378085435
1021,64,Random,0.25146257378085435
1021,65,Random,0.25146257378085435
1021,66,Random,0.25146257378085435
1021,67,Random,0.25146257378085435
1021,68,Random,0.25146257378085435
1021,69,Random,0.25146257378085435
1021,70,Random,0.25146257378085435
1021,71,Random,0.18203209178605284
1021,72,Random,0.18203209178605284
1021,73,Random,0.18203209178605284
1021,74,Random,0.18203209178605284
1021,75,Random,0.18203209178605284
1021,76,Random,0.18203209178605284
1021,77,Random,0.09746543412099623
1021,78,Random,0.09746543412099623
1021,79,Random,0.09746543412099623
1021,80,Random,0.09746543412099623
1022,0,BASS-BO,0.06441905758762015
1022,1,BASS-BO,0.06441905758762015
1022,2,BASS-BO,0.06441905758762015
1022,3,BASS-BO,0.06441905758762015
1022,4,BASS-BO,0.06441905758762015
1022,5,BASS-BO,0.06441905758762015
1022,6,BASS-BO,0.06441905758762015
1022,7,BASS-BO,0.06441905758762015
1022,8,BASS-BO,0.06441905758762015
1022,9,BASS-BO,0.06441905758762015
1022,10,BASS-BO,0.06441905758762015
1022,11,BASS-BO,0.06441905758762015
1022,12,BASS-BO,0.06441905758762015
1022,13,BASS-BO,0.06441905758762015
1022,14,BASS-BO,0.06441905758762015
1022,15,BASS-BO,0.06441905758762015
1022,16,BASS-BO,0.06441905758762015
1022,17,BASS-BO,0.06441905758762015
1022,18,BASS-BO,0.06441905758762015
1022,19,BASS-BO,0.06441905758762015
1022,20,BASS-BO,0.06441905758762015
1022,21,BASS-BO,0.06441905758762015
1022,22,BASS-BO,0.06441905758762015
1022,23,BASS-BO,0.06441905758762015
1022,24,BASS-BO,0.06441905758762015
1022,25,BASS-BO,0.06441905758762015
1022,26,BASS-BO,0.06441905758762015
1022,27,BASS-BO,0.06441905758762015
1022,28,BASS-BO,0.06441905758762015
1022,29,BASS-BO,0.06441905758762015
1022,30,BASS-BO,0.06441905758762015
1022,31,BASS-BO,0.06441905758762015
1022,32,BASS-BO,0.06441905758762015
1022,33,BASS-BO,0.06441905758762015
1022,34,BASS-BO,0.06441905758762015
1022,35,BASS-BO,0.06441905758762015
1022,36,BASS-BO,0.06441905758762015
1022,37,BASS-BO,0.06441905758762015
1022,38,BASS-BO,0.06441905758762015
1022,39,BASS-BO,0.06441905758762015
1022,40,BASS-BO,0.06441905758762015
1022,41,BASS-BO,0.06441905758762015
1022,42,BASS-BO,0.06441905758762015
1022,43,BASS-BO,0.06441905758762015
1022,44,BASS-BO,0.06441905758762015
1022,45,BASS-BO,0.06441905758762015
1022,46,BASS-BO,0.06441905758762015
1022,47,BASS-BO,0.06441905758762015
1022,48,BASS-BO,0.06441905758762015
1022,49,BASS-BO,0.06441905758762015
1022,50,BASS-BO,0.06441905758762015
1022,51,BASS-BO,0.06441905758762015
1022,52,BASS-BO,0.06441905758762015
1022,53,BASS-BO,0.06441905758762015
1022,54,BASS-BO,0.06441905758762015
1022,55,BASS-BO,0.06441905758762015
1022,56,BASS-BO,0.06441905758762015
1022,57,BASS-BO,0.06441905758762015
1022,58,BASS-BO,0.06441905758762015
1022,59,BASS-BO,0.06441905758762015
1022,60,BASS-BO,0.06441905758762015
1022,61,BASS-BO,0.06441905758762015
1022,62,BASS-BO,0.06441905758762015
1022,63,BASS-BO,0.06441905758762015
1022,64,BASS-BO,0.06441905758762015
1022,65,BASS-BO,0.06441905758762015
1022,66,BASS-BO,0.06441905758762015
1022,67,BASS-BO,0.06441905758762015
1022,68,BASS-BO,0.06441905758762015
1022,69,BASS-BO,0.06441905758762015
1022,70,BASS-BO,0.06441905758762015
1022,71,BASS-BO,0.06441905758762015
1022,72,BASS-BO,0.06441905758762015
1022,73,BASS-BO,0.06441905758762015
1022,74,BASS-BO,0.06441905758762015
1022,75,BASS-BO,0.06441905758762015
1022,76,BASS-BO,0.06441905758762015
1022,77,BASS-BO,0.06441905758762015
1022,78,BASS-BO,0.06441905758762015
1022,79,BASS-BO,0.06441905758762015
1022,80,BASS-BO,0.06441905758762015
1022,0,GP-BO,0.06441905758762015
1022,1,GP-BO,0.06441905758762015
1022,2,GP-BO,0.06441905758762015
1022,3,GP-BO,0.06441905758762015
1022,4,GP-BO,0.06441905758762015
1022,5,GP-BO,0.06441905758762015
1022,6,GP-BO,0.06441905758762015
1022,7,GP-BO,0.06441905758762015
1022,8,GP-BO,0.06441905758762015
1022,9,GP-BO,0.06441905758762015
1022,10,GP-BO,0.06441905758762015
1022,11,GP-BO,0.06441905758762015
1022,12,GP-BO,0.06441905758762015
1022,13,GP-BO,0.06441905758762015
1022,14,GP-BO,0.06441905758762015
1022,15,GP-BO,0.06441905758762015
1022,16,GP-BO,0.06441905758762015
1022,17,GP-BO,0.01793367998756895
1022,18,GP-BO,0.01793367998756895
1022,19,GP-BO,0.01793367998756895
1022,20,GP-BO,0.01793367998756895
1022,21,GP-BO,0.01793367998756895
1022,22,GP-BO,0.01793367998756895
1022,23,GP-BO,0.01793367998756895
1022,24,GP-BO,0.01793367998756895
1022,25,GP-BO,0.01793367998756895
1022,26,GP-BO,0.01793367998756895
1022,27,GP-BO,0.01793367998756895
1022,28,GP-BO,-0.2673935419635358
1022,29,GP-BO,-0.2673935419635358
1022,30,GP-BO,-0.2673935419635358
1022,31,GP-BO,-0.2673935419635358
1022,32,GP-BO,-0.2673935419635358
1022,33,GP-BO,-0.2673935419635358
1022,34,GP-BO,-0.2673935419635358
1022,35,GP-BO,-0.2673935419635358
1022,36,GP-BO,-0.2673935419635358
1022,37,GP-BO,-0.2673935419635358
1022,38,GP-BO,-0.2673935419635358
1022,39,GP-BO,-0.2673935419635358
1022,40,GP-BO,-0.2673935419635358
1022,41,GP-BO,-0.2673935419635358
1022,42,GP-BO,-0.2673935419635358
1022,43,GP-BO,-0.2673935419635358
1022,44,GP-BO,-0.2673935419635358
1022,45,GP-BO,-0.2673935419635358
1022,46,GP-BO,-0.2673935419635358
1022,47,GP-BO,-0.2673935419635358
1022,48,GP-BO,-0.2673935419635358
1022,49,GP-BO,-0.2673935419635358
1022,50,GP-BO,-0.2673935419635358
1022,51,GP-BO,-0.2673935419635358
1022,52,GP-BO,-0.2673935419635358
1022,53,GP-BO,-0.2673935419635358
1022,54,GP-BO,-0.2673935419635358
1022,55,GP-BO,-0.2673935419635358
1022,56,GP-BO,-0.2673935419635358
1022,57,GP-BO,-0.2673935419635358
1022,58,GP-BO,-0.2673935419635358
1022,59,GP-BO,-0.2673935419635358
1022,60,GP-BO,-0.2673935419635358
1022,61,GP-BO,-0.2673935419635358
1022,62,GP-BO,-0.2673935419635358
1022,63,GP-BO,-0.2673935419635358
1022,64,GP-BO,-0.2673935419635358
1022,65,GP-BO,-0.2673935419635358
1022,66,GP-BO,-0.2673935419635358
1022,67,GP-BO,-0.2673935419635358
1022,68,GP-BO,-0.2673935419635358
1022,69,GP-BO,-0.2673935419635358
1022,70,GP-BO,-0.2673935419635358
1022,71,GP-BO,-0.2673935419635358
1022,72,GP-BO,-0.2673935419635358
1022,73,GP-BO,-0.2673935419635358
1022,74,GP-BO,-0.2673935419635358
1022,75,GP-BO,-0.2673935419635358
1022,76,GP-BO,-0.2673935419635358
1022,77,GP-BO,-0.2673935419635358
1022,78,GP-BO,-0.2673935419635358
1022,79,GP-BO,-0.2673935419635358
1022,80,GP-BO,-0.2673935419635358
1022,0,Random,0.06441905758762015
1022,1,Random,0.06441905758762015
1022,2,Random,0.06441905758762015
1022,3,Random,0.06441905758762015
1022,4,Random,0.06441905758762015
1022,5,Random,0.06441905758762015
1022,6,Random,0.06441905758762015
1022,7,Random,0.06441905758762015
1022,8,Random,0.06441905758762015
1022,9,Random,0.06441905758762015
1022,10,Random,0.06441905758762015
1022,11,Random,0.06441905758762015
1022,12,Random,0.06441905758762015
1022,13,Random,0.06441905758762015
1022,14,Random,0.06441905758762015
1022,15,Random,0.06441905758762015
1022,16,Random,0.06441905758762015
1022,17,Random,0.06441905758762015
1022,18,Random,0.06441905758762015
1022,19,Random,0.06441905758762015
1022,20,Random,0.06441905758762015
1022,21,Random,0.06441905758762015
1022,22,Random,0.06441905758762015
1022,23,Random,0.06441905758762015
1022,24,Random,0.06441905758762015
1022,25,Random,0.06441905758762015
1022,26,Random,0.06441905758762015
1022,27,Random,0.06441905758762015
1022,28,Random,0.06441905758762015
1022,29,Random,0.06441905758762015
1022,30,Random,0.06441905758762015
1022,31,Random,0.06441905758762015
1022,32,Random,0.06441905758762015
1022,33,Random,0.06441905758762015
1022,34,Random,0.06441905758762015
1022,35,Random,0.06441905758762015
1022,36,Random,0.06441905758762015
1022,37,Random,0.06441905758762015
1022,38,Random,0.06441905758762015
1022,39,Random,0.06441905758762015
1022,40,Random,0.06441905758762015
1022,41,Random,0.06441905758762015
1022,42,Random,0.06441905758762015
1022,43,Random,0.06441905758762015
1022,44,Random,0.06441905758762015
1022,45,Random,0.06441905758762015
1022,46,Random,0.06441905758762015
1022,47,Random,0.06441905758762015
1022,48,Random,0.06441905758762015
1022,49,Random,0.06441905758762015
1022,50,Random,0.06441905758762015
1022,51,Random,0.06441905758762015
1022,52,Random,0.06441905758762015
1022,53,Random,0.06441905758762015
1022,54,Random,0.06441905758762015
1022,55,Random,0.06441905758762015
1022,56,Random,0.06441905758762015
1022,57,Random,0.06441905758762015
1022,58,Random,0.06441905758762015
1022,59,Random,0.06441905758762015
1022,60,Random,0.06441905758762015
1022,61,Random,0.06441905758762015
1022,62,Random,0.06441905758762015
1022,63,Random,0.06441905758762015
1022,64,Random,0.06441905758762015
1022,65,Random,0.06441905758762015
1022,66,Random,0.06441905758762015
1022,67,Random,0.06441905758762015
1022,68,Random,0.06441905758762015
1022,69,Random,0.06441905758762015
1022,70,Random,0.06441905758762015
1022,71,Random,0.06441905758762015
1022,72,Random,0.06441905758762015
1022,73,Random,0.06441905758762015
1022,74,Random,0.06441905758762015
1022,75,Random,0.06441905758762015
1022,76,Random,0.06441905758762015
1022,77,Random,0.06441905758762015
1022,78,Random,0.06441905758762015
1022,79,Random,0.06441905758762015
1022,80,Random,0.06441905758762015
1023,0,BASS-BO,0.5190098528333306
1023,1,BASS-BO,0.5190098528333306
1023,2,BASS-BO,0.5190098528333306
1023,3,BASS-BO,0.5190098528333306
1023,4,BASS-BO,0.5190098528333306
1023,5,BASS-BO,0.5190098528333306
1023,6,BASS-BO,0.5190098528333306
1023,7,BASS-BO,0.5190098528333306
1023,8,BASS-BO,0.5190098528333306
1023,9,BASS-BO,0.5190098528333306
1023,10,BASS-BO,0.5190098528333306
1023,11,BASS-BO,0.5190098528333306
1023,12,BASS-BO,0.5190098528333306
1023,13,BASS-BO,0.5190098528333306
1023,14,BASS-BO,0.5190098528333306
1023,15,BASS-BO,0.5190098528333306
1023,16,BASS-BO,0.5190098528333306
1023,17,BASS-BO,0.5190098528333306
1023,18,BASS-BO,0.48391145600284163
1023,19,BASS-BO,0.48391145600284163
1023,20,BASS-BO,0.48391145600284163
1023,21,BASS-BO,0.48391145600284163
1023,22,BASS-BO,0.2442750517974072
1023,23,BASS-BO,0.2442750517974072
1023,24,BASS-BO,0.2442750517974072
1023,25,BASS-BO,0.2442750517974072
1023,26,BASS-BO,0.2442750517974072
1023,27,BASS-BO,0.2442750517974072
1023,28,BASS-BO,0.2442750517974072
1023,29,BASS-BO,0.2442750517974072
1023,30,BASS-BO,0.2442750517974072
1023,31,BASS-BO,0.2442750517974072
1023,32,BASS-BO,0.2442750517974072
1023,33,BASS-BO,0.2442750517974072
1023,34,BASS-BO,0.2442750517974072
1023,35,BASS-BO,0.2442750517974072
1023,36,BASS-BO,0.2442750517974072
1023,37,BASS-BO,0.2442750517974072
1023,38,BASS-BO,0.2442750517974072
1023,39,BASS-BO,0.2442750517974072
1023,40,BASS-BO,0.2442750517974072
1023,41,BASS-BO,0.2442750517974072
1023,42,BASS-BO,0.2442750517974072
1023,43,BASS-BO,0.2442750517974072
1023,44,BASS-BO,0.2442750517974072
1023,45,BASS-BO,0.2442750517974072
1023,46,BASS-BO,0.2442750517974072
1023,47,BASS-BO,0.2442750517974072
1023,48,BASS-BO,0.2442750517974072
1023,49,BASS-BO,0.2442750517974072
1023,50,BASS-BO,0.2442750517974072
1023,51,BASS-BO,0.2442750517974072
1023,52,BASS-BO,0.2442750517974072
1023,53,BASS-BO,0.2442750517974072
1023,54,BASS-BO,0.2442750517974072
1023,55,BASS-BO,0.2442750517974072
1023,56,BASS-BO,0.2442750517974072
1023,57,BASS-BO,0.2442750517974072
1023,58,BASS-BO,0.2442750517974072
1023,59,BASS-BO,0.2442750517974072
1023,60,BASS-BO,0.2442750517974072
1023,61,BASS-BO,0.2442750517974072
1023,62,BASS-BO,0.2442750517974072
1023,63,BASS-BO,0.2442750517974072
1023,64,BASS-BO,0.2442750517974072
1023,65,BASS-BO,0.2442750517974072
1023,66,BASS-BO,0.2442750517974072
1023,67,BASS-BO,0.2442750517974072
1023,68,BASS-BO,0.2442750517974072
1023,69,BASS-BO,0.2442750517974072
1023,70,BASS-BO,0.2442750517974072
1023,71,BASS-BO,0.2442750517974072
1023,72,BASS-BO,0.2442750517974072
1023,73,BASS-BO,0.2442750517974072
1023,74,BASS-BO,0.2442750517974072
1023,75,BASS-BO,0.2442750517974072
1023,76,BASS-BO,0.2442750517974072
1023,77,BASS-BO,0.2442750517974072
1023,78,BASS-BO,0.2442750517974072
1023,79,BASS-BO,0.2442750517974072
1023,80,BASS-BO,0.2442750517974072
1023,0,GP-BO,0.5190098528333306
1023,1,GP-BO,0.5190098528333306
1023,2,GP-BO,0.5190098528333306
1023,3,GP-BO,0.215275911204457
1023,4,GP-BO,0.215275911204457
1023,5,GP-BO,0.215275911204457
1023,6,GP-BO,0.215275911204457
1023,7,GP-BO,0.215275911204457
1023,8,GP-BO,0.215275911204457
1023,9,GP-BO,0.215275911204457
1023,10,GP-BO,0.0717422023700004
1023,11,GP-BO,0.0717422023700004
1023,12,GP-BO,0.0717422023700004
1023,13,GP-BO,0.0717422023700004
1023,14,GP-BO,0.0717422023700004
1023,15,GP-BO,0.0717422023700004
1023,16,GP-BO,0.0717422023700004
1023,17,GP-BO,0.0717422023700004
1023,18,GP-BO,0.0717422023700004
1023,19,GP-BO,0.0717422023700004
1023,20,GP-BO,0.0717422023700004
1023,21,GP-BO,0.0717422023700004
1023,22,GP-BO,0.0717422023700004
1023,23,GP-BO,0.0717422023700004
1023,24,GP-BO,0.0717422023700004
1023,25,GP-BO,0.0717422023700004
1023,26,GP-BO,0.0717422023700004
1023,27,GP-BO,0.0717422023700004
1023,28,GP-BO,0.0717422023700004
1023,29,GP-BO,0.0717422023700004
1023,30,GP-BO,0.0717422023700004
1023,31,GP-BO,0.0717422023700004
1023,32,GP-BO,0.0717422023700004
1023,33,GP-BO,0.0717422023700004
1023,34,GP-BO,0.0717422023700004
1023,35,GP-BO,0.0717422023700004
1023,36,GP-BO,0.0717422023700004
1023,37,GP-BO,0.0717422023700004
1023,38,GP-BO,0.0717422023700004
1023,39,GP-BO,0.0717422023700004
1023,40,GP-BO,0.0717422023700004
1023,41,GP-BO,0.0717422023700004
1023,42,GP-BO,0.0717422023700004
1023,43,GP-BO,0.0717422023700004
1023,44,GP-BO,0.0717422023700004
1023,45,GP-BO,0.0717422023700004
1023,46,GP-BO,0.0717422023700004
1023,47,GP-BO,0.0717422023700004
1023,48,GP-BO,0.0717422023700004
1023,49,GP-BO,0.0717422023700004
1023,50,GP-BO,0.0717422023700004
1023,51,GP-BO,0.0717422023700004
1023,52,GP-BO,0.0717422023700004
1023,53,GP-BO,0.0717422023700004
1023,54,GP-BO,0.0717422023700004
1023,55,GP-BO,0.0717422023700004
1023,56,GP-BO,0.0717422023700004
1023,57,GP-BO,-0.6183127328036979
1023,58,GP-BO,-0.6183127328036979
1023,59,GP-BO,-0.6183127328036979
1023,60,GP-BO,-0.6183127328036979
1023,61,GP-BO,-0.6183127328036979
1023,62,GP-BO,-0.6183127328036979
1023,63,GP-BO,-0.6183127328036979
1023,64,GP-BO,-0.6183127328036979
1023,65,GP-BO,-0.6183127328036979
1023,66,GP-BO,-0.6183127328036979
1023,67,GP-BO,-0.6183127328036979
1023,68,GP-BO,-0.6183127328036979
1023,69,GP-BO,-0.6183127328036979
1023,70,GP-BO,-0.6183127328036979
1023,71,GP-BO,-0.6183127328036979
1023,72,GP-BO,-0.6183127328036979
1023,73,GP-BO,-0.6183127328036979
1023,74,GP-BO,-0.6183127328036979
1023,75,GP-BO,-0.6183127328036979
1023,76,GP-BO,-0.6183127328036979
1023,77,GP-BO,-0.6183127328036979
1023,78,GP-BO,-0.6183127328036979
1023,79,GP-BO,-0.6183127328036979
1023,80,GP-BO,-0.6183127328036979
1023,0,Random,0.5190098528333306
1023,1,Random,0.45623743365961994
1023,2,Random,0.45623743365961994
1023,3,Random,0.45623743365961994
1023,4,Random,0.45623743365961994
1023,5,Random,0.45623743365961994
1023,6,Random,0.45623743365961994
1023,7,Random,0.45623743365961994
1023,8,Random,0.41014461345954667
1023,9,Random,0.41014461345954667
1023,10,Random,0.41014461345954667
1023,11,Random,0.41014461345954667
1023,12,Random,0.41014461345954667
1023,13,Random,0.41014461345954667
1023,14,Random,0.41014461345954667
1023,15,Random,0.41014461345954667
1023,16,Random,0.037050107130286225
1023,17,Random,0.037050107130286225
1023,18,Random,0.037050107130286225
1023,19,Random,0.037050107130286225
1023,20,Random,0.037050107130286225
1023,21,Random,0.037050107130286225
1023,22,Random,0.037050107130286225
1023,23,Random,0.037050107130286225
1023,24,Random,0.037050107130286225
1023,25,Random,0.037050107130286225
1023,26,Random,0.037050107130286225
1023,27,Random,0.037050107130286225
1023,28,Random,0.037050107130286225
1023,29,Random,0.037050107130286225
1023,30,Random,0.037050107130286225
1023,31,Random,0.037050107130286225
1023,32,Random,0.037050107130286225
1023,33,Random,0.037050107130286225
1023,34,Random,0.037050107130286225
1023,35,Random,0.037050107130286225
1023,36,Random,0.037050107130286225
1023,37,Random,0.037050107130286225
1023,38,Random,0.037050107130286225
1023,39,Random,0.037050107130286225
1023,40,Random,0.037050107130286225
1023,41,Random,0.037050107130286225
1023,42,Random,0.037050107130286225
1023,43,Random,0.037050107130286225
1023,44,Random,0.037050107130286225
1023,45,Random,0.037050107130286225
1023,46,Random,0.037050107130286225
1023,47,Random,0.037050107130286225
1023,48,Random,0.037050107130286225
1023,49,Random,0.037050107130286225
1023,50,Random,0.037050107130286225
1023,51,Random,0.037050107130286225
1023,52,Random,0.037050107130286225
1023,53,Random,0.037050107130286225
1023,54,Random,0.037050107130286225
1023,55,Random,0.037050107130286225
1023,56,Random,0.037050107130286225
1023,57,Random,0.037050107130286225
1023,58,Random,0.037050107130286225
1023,59,Random,0.037050107130286225
1023,60,Random,0.037050107130286225
1023,61,Random,0.037050107130286225
1023,62,Random,0.037050107130286225
1023,63,Random,0.037050107130286225
1023,64,Random,0.037050107130286225
1023,65,Random,0.037050107130286225
1023,66,Random,0.037050107130286225
1023,67,Random,0.037050107130286225
1023,68,Random,0.037050107130286225
1023,69,Random,0.037050107130286225
1023,70,Random,0.037050107130286225
1023,71,Random,0.037050107130286225
1023,72,Random,0.037050107130286225
1023,73,Random,0.037050107130286225
1023,74,Random,0.037050107130286225
1023,75,Random,0.037050107130286225
1023,76,Random,0.037050107130286225
1023,77,Random,0.037050107130286225
1023,78,Random,0.037050107130286225
1023,79,Random,0.037050107130286225
1023,80,Random,0.037050107130286225
1024,0,BASS-BO,0.1392361442654606
1024,1,BASS-BO,0.1392361442654606
1024,2,BASS-BO,0.1392361442654606
1024,3,BASS-BO,0.1392361442654606
1024,4,BASS-BO,0.1392361442654606
1024,5,BASS-BO,0.1392361442654606
1024,6,BASS-BO,0.1392361442654606
1024,7,BASS-BO,0.1392361442654606
1024,8,BASS-BO,0.1392361442654606
1024,9,BASS-BO,0.1392361442654606
1024,10,BASS-BO,0.1392361442654606
1024,11,BASS-BO,0.1392361442654606
1024,12,BASS-BO,0.1392361442654606
1024,13,BASS-BO,0.1392361442654606
1024,14,BASS-BO,0.1392361442654606
1024,15,BASS-BO,0.1392361442654606
1024,16,BASS-BO,0.1392361442654606
1024,17,BASS-BO,0.1392361442654606
1024,18,BASS-BO,0.1392361442654606
1024,19,BASS-BO,0.1392361442654606
1024,20,BASS-BO,0.1392361442654606
1024,21,BASS-BO,0.1392361442654606
1024,22,BASS-BO,0.1392361442654606
1024,23,BASS-BO,0.1392361442654606
1024,24,BASS-BO,0.1392361442654606
1024,25,BASS-BO,0.1392361442654606
1024,26,BASS-BO,0.1392361442654606
1024,27,BASS-BO,0.1392361442654606
1024,28,BASS-BO,0.1392361442654606
1024,29,BASS-BO,0.1392361442654606
1024,30,BASS-BO,0.1392361442654606
1024,31,BASS-BO,0.1392361442654606
1024,32,BASS-BO,0.1392361442654606
1024,33,BASS-BO,0.1392361442654606
1024,34,BASS-BO,0.1392361442654606
1024,35,BASS-BO,0.1392361442654606
1024,36,BASS-BO,0.1392361442654606
1024,37,BASS-BO,0.1392361442654606
1024,38,BASS-BO,0.1392361442654606
1024,39,BASS-BO,0.1392361442654606
1024,40,BASS-BO,0.04336468392624343
1024,41,BASS-BO,0.04336468392624343
1024,42,BASS-BO,0.04336468392624343
1024,43,BASS-BO,0.04336468392624343
1024,44,BASS-BO,0.04336468392624343
1024,45,BASS-BO,0.04336468392624343
1024,46,BASS-BO,0.04336468392624343
1024,47,BASS-BO,0.04336468392624343
1024,48,BASS-BO,0.04336468392624343
1024,49,BASS-BO,0.04336468392624343
1024,50,BASS-BO,0.04336468392624343
1024,51,BASS-BO,0.04336468392624343
1024,52,BASS-BO,0.04336468392624343
1024,53,BASS-BO,0.04336468392624343
1024,54,BASS-BO,0.04336468392624343
1024,55,BASS-BO,0.04336468392624343
1024,56,BASS-BO,0.04336468392624343
1024,57,BASS-BO,0.04336468392624343
1024,58,BASS-BO,0.04336468392624343
1024,59,BASS-BO,0.04336468392624343
1024,60,BASS-BO,0.04336468392624343
1024,61,BASS-BO,0.04336468392624343
1024,62,BASS-BO,0.04336468392624343
1024,63,BASS-BO,0.04336468392624343
1024,64,BASS-BO,0.04336468392624343
1024,65,BASS-BO,0.04336468392624343
1024,66,BASS-BO,0.04336468392624343
1024,67,BASS-BO,0.04336468392624343
1024,68,BASS-BO,0.04336468392624343
1024,69,BASS-BO,0.04336468392624343
1024,70,BASS-BO,0.04336468392624343
1024,71,BASS-BO,0.04336468392624343
1024,72,BASS-BO,0.04336468392624343
1024,73,BASS-BO,0.04336468392624343
1024,74,BASS-BO,0.04336468392624343
1024,75,BASS-BO,0.04336468392624343
1024,76,BASS-BO,0.04336468392624343
1024,77,BASS-BO,0.04336468392624343
1024,78,BASS-BO,0.04336468392624343
1024,79,BASS-BO,0.04336468392624343
1024,80,BASS-BO,0.04336468392624343
1024,0,GP-BO,0.1392361442654606
1024,1,GP-BO,0.1392361442654606
1024,2,GP-BO,0.1392361442654606
1024,3,GP-BO,0.1392361442654606
1024,4,GP-BO,0.1392361442654606
1024,5,GP-BO,0.1392361442654606
1024,6,GP-BO,0.1392361442654606
1024,7,GP-BO,0.1392361442654606
1024,8,GP-BO,0.1392361442654606
1024,9,GP-BO,0.1392361442654606
1024,10,GP-BO,0.1392361442654606
1024,11,GP-BO,0.1392361442654606
1024,12,GP-BO,0.1392361442654606
1024,13,GP-BO,0.1392361442654606
1024,14,GP-BO,0.1392361442654606
1024,15,GP-BO,0.1392361442654606
1024,16,GP-BO,0.1392361442654606
1024,17,GP-BO,0.1392361442654606
1024,18,GP-BO,0.1392361442654606
1024,19,GP-BO,0.1392361442654606
1024,20,GP-BO,0.1392361442654606
1024,21,GP-BO,0.1392361442654606
1024,22,GP-BO,0.13388743447766827
1024,23,GP-BO,0.13388743447766827
1024,24,GP-BO,0.13388743447766827
1024,25,GP-BO,0.13388743447766827
1024,26,GP-BO,0.13388743447766827
1024,27,GP-BO,-0.24000480218283038
1024,28,GP-BO,-0.24000480218283038
1024,29,GP-BO,-0.24000480218283038
1024,30,GP-BO,-0.24000480218283038
1024,31,GP-BO,-0.24000480218283038
1024,32,GP-BO,-0.24000480218283038
1024,33,GP-BO,-0.24000480218283038
1024,34,GP-BO,-0.24000480218283038
1024,35,GP-BO,-0.24000480218283038
1024,36,GP-BO,-0.24000480218283038
1024,37,GP-BO,-0.24000480218283038
1024,38,GP-BO,-0.24000480218283038
1024,39,GP-BO,-0.24000480218283038
1024,40,GP-BO,-0.24000480218283038
1024,41,GP-BO,-0.24000480218283038
1024,42,GP-BO,-0.24000480218283038
1024,43,GP-BO,-0.24000480218283038
1024,44,GP-BO,-0.24000480218283038
1024,45,GP-BO,-0.24000480218283038
1024,46,GP-BO,-0.2714712948933345
1024,47,GP-BO,-0.2714712948933345
1024,48,GP-BO,-0.2714712948933345
1024,49,GP-BO,-0.2714712948933345
1024,50,GP-BO,-0.2714712948933345
1024,51,GP-BO,-0.2714712948933345
1024,52,GP-BO,-0.2714712948933345
1024,53,GP-BO,-0.2714712948933345
1024,54,GP-BO,-0.2714712948933345
1024,55,GP-BO,-0.2714712948933345
1024,56,GP-BO,-0.2714712948933345
1024,57,GP-BO,-0.2714712948933345
1024,58,GP-BO,-0.6152050781763516
1024,59,GP-BO,-0.6152050781763516
1024,60,GP-BO,-0.6662520558827447
1024,61,GP-BO,-0.6662520558827447
1024,62,GP-BO,-0.6662520558827447
1024,63,GP-BO,-0.6662520558827447
1024,64,GP-BO,-0.6917295209116279
1024,65,GP-BO,-0.6917295209116279
1024,66,GP-BO,-0.6917295209116279
1024,67,GP-BO,-0.6917295209116279
1024,68,GP-BO,-0.6917295209116279
1024,69,GP-BO,-0.6917295209116279
1024,70,GP-BO,-0.6917295209116279
1024,71,GP-BO,-0.6917295209116279
1024,72,GP-BO,-0.6917295209116279
1024,73,GP-BO,-0.6917295209116279
1024,74,GP-BO,-0.6917295209116279
1024,75,GP-BO,-0.6917295209116279
1024,76,GP-BO,-0.6917295209116279
1024,77,GP-BO,-0.6917295209116279
1024,78,GP-BO,-0.6917295209116279
1024,79,GP-BO,-0.6917295209116279
1024,80,GP-BO,-0.6917295209116279
1024,0,Random,0.1392361442654606
1024,1,Random,0.1392361442654606
1024,2,Random,0.1392361442654606
1024,3,Random,0.1392361442654606
1024,4,Random,0.1392361442654606
1024,5,Random,0.1392361442654606
1024,6,Random,-0.02592264543885084
1024,7,Random,-0.02592264543885084
1024,8,Random,-0.02592264543885084
1024,9,Random,-0.02592264543885084
1024,10,Random,-0.02592264543885084
1024,11,Random,-0.02592264543885084
1024,12,Random,-0.02592264543885084
1024,13,Random,-0.02592264543885084
1024,14,Random,-0.02592264543885084
1024,15,Random,-0.02592264543885084
1024,16,Random,-0.02592264543885084
1024,17,Random,-0.02592264543885084
1024,18,Random,-0.02592264543885084
1024,19,Random,-0.02592264543885084
1024,20,Random,-0.02592264543885084
1024,21,Random,-0.02592264543885084
1024,22,Random,-0.02592264543885084
1024,23,Random,-0.02592264543885084
1024,24,Random,-0.02592264543885084
1024,25,Random,-0.02592264543885084
1024,26,Random,-0.02592264543885084
1024,27,Random,-0.02592264543885084
1024,28,Random,-0.02592264543885084
1024,29,Random,-0.02592264543885084
1024,30,Random,-0.02592264543885084
1024,31,Random,-0.02592264543885084
1024,32,Random,-0.02592264543885084
1024,33,Random,-0.02592264543885084
1024,34,Random,-0.02592264543885084
1024,35,Random,-0.02592264543885084
1024,36,Random,-0.02592264543885084
1024,37,Random,-0.02592264543885084
1024,38,Random,-0.02592264543885084
1024,39,Random,-0.02592264543885084
1024,40,Random,-0.02592264543885084
1024,41,Random,-0.02592264543885084
1024,42,Random,-0.02592264543885084
1024,43,Random,-0.02592264543885084
1024,44,Random,-0.02592264543885084
1024,45,Random,-0.02592264543885084
1024,46,Random,-0.02592264543885084
1024,47,Random,-0.02592264543885084
1024,48,Random,-0.02592264543885084
1024,49,Random,-0.02592264543885084
1024,50,Random,-0.02592264543885084
1024,51,Random,-0.02592264543885084
1024,52,Random,-0.02592264543885084
1024,53,Random,-0.02592264543885084
1024,54,Random,-0.02592264543885084
1024,55,Random,-0.02592264543885084
1024,56,Random,-0.02592264543885084
1024,57,Random,-0.02592264543885084
1024,58,Random,-0.02592264543885084
1024,59,Random,-0.02592264543885084
1024,60,Random,-0.02592264543885084
1024,61,Random,-0.02592264543885084
1024,62,Random,-0.02592264543885084
1024,63,Random,-0.02592264543885084
1024,64,Random,-0.02592264543885084
1024,65,Random,-0.02592264543885084
1024,66,Random,-0.02592264543885084
1024,67,Random,-0.02592264543885084
1024,68,Random,-0.02592264543885084
1024,69,Random,-0.02592264543885084
1024,70,Random,-0.02592264543885084
1024,71,Random,-0.02592264543885084
1024,72,Random,-0.02592264543885084
1024,73,Random,-0.02592264543885084
1024,74,Random,-0.02592264543885084
1024,75,Random,-0.02592264543885084
1024,76,Random,-0.02592264543885084
1024,77,Random,-0.02592264543885084
1024,78,Random,-0.02592264543885084
1024,79,Random,-0.02592264543885084
1024,80,Random,-0.02592264543885084
1025,0,BASS-BO,0.2169352040525106
1025,1,BASS-BO,0.2169352040525106
1025,2,BASS-BO,0.2169352040525106
1025,3,BASS-BO,0.2169352040525106
1025,4,BASS-BO,0.2169352040525106
1025,5,BASS-BO,0.2169352040525106
1025,6,BASS-BO,0.2169352040525106
1025,7,BASS-BO,0.2169352040525106
1025,8,BASS-BO,0.2169352040525106
1025,9,BASS-BO,0.2169352040525106
1025,10,BASS-BO,0.2169352040525106
1025,11,BASS-BO,0.2169352040525106
1025,12,BASS-BO,0.2169352040525106
1025,13,BASS-BO,0.2169352040525106
1025,14,BASS-BO,0.2169352040525106
1025,15,BASS-BO,0.2169352040525106
1025,16,BASS-BO,0.2169352040525106
1025,17,BASS-BO,0.2169352040525106
1025,18,BASS-BO,0.2169352040525106
1025,19,BASS-BO,0.2169352040525106
1025,20,BASS-BO,0.2169352040525106
1025,21,BASS-BO,0.2169352040525106
1025,22,BASS-BO,0.2169352040525106
1025,23,BASS-BO,0.2169352040525106
1025,24,BASS-BO,0.2169352040525106
1025,25,BASS-BO,0.2169352040525106
1025,26,BASS-BO,0.2169352040525106
1025,27,BASS-BO,0.2169352040525106
1025,28,BASS-BO,0.2169352040525106
1025,29,BASS-BO,0.2169352040525106
1025,30,BASS-BO,0.182874638066143
1025,31,BASS-BO,0.182874638066143
1025,32,BASS-BO,0.182874638066143
1025,33,BASS-BO,0.182874638066143
1025,34,BASS-BO,0.182874638066143
1025,35,BASS-BO,0.182874638066143
1025,36,BASS-BO,0.182874638066143
1025,37,BASS-BO,0.182874638066143
1025,38,BASS-BO,0.182874638066143
1025,39,BASS-BO,0.182874638066143
1025,40,BASS-BO,0.182874638066143
1025,41,BASS-BO,0.182874638066143
1025,42,BASS-BO,0.182874638066143
1025,43,BASS-BO,0.182874638066143
1025,44,BASS-BO,0.182874638066143
1025,45,BASS-BO,0.182874638066143
1025,46,BASS-BO,0.182874638066143
1025,47,BASS-BO,0.182874638066143
1025,48,BASS-BO,0.182874638066143
1025,49,BASS-BO,0.182874638066143
1025,50,BASS-BO,0.182874638066143
1025,51,BASS-BO,0.182874638066143
1025,52,BASS-BO,0.182874638066143
1025,53,BASS-BO,0.182874638066143
1025,54,BASS-BO,0.182874638066143
1025,55,BASS-BO,0.182874638066143
1025,56,BASS-BO,0.182874638066143
1025,57,BASS-BO,0.182874638066143
1025,58,BASS-BO,0.182874638066143
1025,59,BASS-BO,0.182874638066143
1025,60,BASS-BO,0.182874638066143
1025,61,BASS-BO,0.182874638066143
1025,62,BASS-BO,0.182874638066143
1025,63,BASS-BO,0.182874638066143
1025,64,BASS-BO,0.182874638066143
1025,65,BASS-BO,0.182874638066143
1025,66,BASS-BO,0.182874638066143
1025,67,BASS-BO,0.182874638066143
1025,68,BASS-BO,0.182874638066143
1025,69,BASS-BO,0.182874638066143
1025,70,BASS-BO,0.182874638066143
1025,71,BASS-BO,0.182874638066143
1025,72,BASS-BO,0.182874638066143
1025,73,BASS-BO,0.182874638066143
1025,74,BASS-BO,0.182874638066143
1025,75,BASS-BO,0.182874638066143
1025,76,BASS-BO,0.182874638066143
1025,77,BASS-BO,0.182874638066143
1025,78,BASS-BO,0.182874638066143
1025,79,BASS-BO,0.182874638066143
1025,80,BASS-BO,0.182874638066143
1025,0,GP-BO,0.2169352040525106
1025,1,GP-BO,0.2169352040525106
1025,2,GP-BO,0.2169352040525106
1025,3,GP-BO,0.2169352040525106
1025,4,GP-BO,0.18757543670706778
1025,5,GP-BO,-0.35417723003083984
1025,6,GP-BO,-0.35417723003083984
1025,7,GP-BO,-0.35417723003083984
1025,8,GP-BO,-0.35417723003083984
1025,9,GP-BO,-0.35417723003083984
1025,10,GP-BO,-0.35417723003083984
1025,11,GP-BO,-0.35417723003083984
1025,12,GP-BO,-0.35417723003083984
1025,13,GP-BO,-0.35417723003083984
1025,14,GP-BO,-0.35417723003083984
1025,15,GP-BO,-0.35417723003083984
1025,16,GP-BO,-0.35417723003083984
1025,17,GP-BO,-0.35417723003083984
1025,18,GP-BO,-0.35417723003083984
1025,19,GP-BO,-0.35417723003083984
1025,20,GP-BO,-0.35417723003083984
1025,21,GP-BO,-0.35417723003083984
1025,22,GP-BO,-0.35417723003083984
1025,23,GP-BO,-0.35417723003083984
1025,24,GP-BO,-0.35417723003083984
1025,25,GP-BO,-0.35417723003083984
1025,26,GP-BO,-0.35417723003083984
1025,27,GP-BO,-0.35417723003083984
1025,28,GP-BO,-0.6345879137042281
1025,29,GP-BO,-0.6345879137042281
1025,30,GP-BO,-0.6729000365930898
1025,31,GP-BO,-0.6729000365930898
1025,32,GP-BO,-0.6729000365930898
1025,33,GP-BO,-0.6729000365930898
1025,34,GP-BO,-0.6729000365930898
1025,35,GP-BO,-0.6729000365930898
1025,36,GP-BO,-0.6729000365930898
1025,37,GP-BO,-0.6729000365930898
1025,38,GP-BO,-0.6729000365930898
1025,39,GP-BO,-0.6729000365930898
1025,40,GP-BO,-0.6729000365930898
1025,41,GP-BO,-0.6729000365930898
1025,42,GP-BO,-0.6729000365930898
1025,43,GP-BO,-0.6729000365930898
1025,44,GP-BO,-0.6729000365930898
1025,45,GP-BO,-0.6729000365930898
1025,46,GP-BO,-0.6729000365930898
1025,47,GP-BO,-0.6729000365930898
1025,48,GP-BO,-0.6820650142447298
1025,49,GP-BO,-0.6820650142447298
1025,50,GP-BO,-0.6820650142447298
1025,51,GP-BO,-0.6820650142447298
1025,52,GP-BO,-0.6820650142447298
1025,53,GP-BO,-0.6820650142447298
1025,54,GP-BO,-0.7111389080475503
1025,55,GP-BO,-0.7209730141873534
1025,56,GP-BO,-0.7209730141873534
1025,57,GP-BO,-0.7209730141873534
1025,58,GP-BO,-0.7209730141873534
1025,59,GP-BO,-0.7209730141873534
1025,60,GP-BO,-0.7209730141873534
1025,61,GP-BO,-0.7216402262636299
1025,62,GP-BO,-0.7216402262636299
1025,63,GP-BO,-0.7216402262636299
1025,64,GP-BO,-0.7216402262636299
1025,65,GP-BO,-0.7216402262636299
1025,66,GP-BO,-0.7216402262636299
1025,67,GP-BO,-0.7216402262636299
1025,68,GP-BO,-0.7216402262636299
1025,69,GP-BO,-0.7216402262636299
1025,70,GP-BO,-0.7216402262636299
1025,71,GP-BO,-0.7216402262636299
1025,72,GP-BO,-0.7216402262636299
1025,73,GP-BO,-0.7216402262636299
1025,74,GP-BO,-0.7216402262636299
1025,75,GP-BO,-0.7216402262636299
1025,76,GP-BO,-0.7216402262636299
1025,77,GP-BO,-0.7216402262636299
1025,78,GP-BO,-0.7216402262636299
1025,79,GP-BO,-0.7216402262636299
1025,80,GP-BO,-0.7216402262636299
1025,0,Random,0.2169352040525106
1025,1,Random,0.2169352040525106
1025,2,Random,0.2169352040525106
1025,3,Random,0.2169352040525106
1025,4,Random,0.2169352040525106
1025,5,Random,0.2169352040525106
1025,6,Random,0.2169352040525106
1025,7,Random,0.12232902909862348
1025,8,Random,0.12232902909862348
1025,9,Random,0.12232902909862348
1025,10,Random,0.12232902909862348
1025,11,Random,0.12232902909862348
1025,12,Random,0.12232902909862348
1025,13,Random,0.12232902909862348
1025,14,Random,0.12232902909862348
1025,15,Random,0.12232902909862348
1025,16,Random,0.12232902909862348
1025,17,Random,0.12232902909862348
1025,18,Random,0.12232902909862348
1025,19,Random,0.12232902909862348
1025,20,Random,0.12232902909862348
1025,21,Random,0.12232902909862348
1025,22,Random,0.12232902909862348
1025,23,Random,0.12232902909862348
1025,24,Random,0.12232902909862348
1025,25,Random,0.12232902909862348
1025,26,Random,0.12232902909862348
1025,27,Random,0.12232902909862348
1025,28,Random,0.12232902909862348
1025,29,Random,0.12232902909862348
1025,30,Random,0.12232902909862348
1025,31,Random,0.12232902909862348
1025,32,Random,0.12232902909862348
1025,33,Random,0.12232902909862348
1025,34,Random,0.12232902909862348
1025,35,Random,0.12232902909862348
1025,36,Random,0.12232902909862348
1025,37,Random,0.12232902909862348
1025,38,Random,0.12232902909862348
1025,39,Random,0.12232902909862348
1025,40,Random,0.12232902909862348
1025,41,Random,0.12232902909862348
1025,42,Random,0.12232902909862348
1025,43,Random,0.12232902909862348
1025,44,Random,0.12232902909862348
1025,45,Random,0.12232902909862348
1025,46,Random,0.12232902909862348
1025,47,Random,0.12232902909862348
1025,48,Random,0.12232902909862348
1025,49,Random,0.12232902909862348
1025,50,Random,0.12232902909862348
1025,51,Random,0.12232902909862348
1025,52,Random,0.12232902909862348
1025,53,Random,0.12232902909862348
1025,54,Random,0.12232902909862348
1025,55,Random,0.12232902909862348
1025,56,Random,0.12232902909862348
1025,57,Random,0.12232902909862348
1025,58,Random,0.12232902909862348
1025,59,Random,0.12232902909862348
1025,60,Random,0.12232902909862348
1025,61,Random,0.12232902909862348
1025,62,Random,0.12232902909862348
1025,63,Random,0.12232902909862348
1025,64,Random,0.12232902909862348
1025,65,Random,0.05891913798984994
1025,66,Random,0.05891913798984994
1025,67,Random,0.05891913798984994
1025,68,Random,0.05891913798984994
1025,69,Random,0.05891913798984994
1025,70,Random,0.05891913798984994
1025,71,Random,0.05891913798984994
1025,72,Random,0.05891913798984994
1025,73,Random,0.05891913798984994
1025,74,Random,0.05891913798984994
1025,75,Random,0.05891913798984994
1025,76,Random,0.05891913798984994
1025,77,Random,0.05891913798984994
1025,78,Random,0.05891913798984994
1025,79,Random,0.05891913798984994
1025,80,Random,0.05891913798984994
1001,0,TPE,0.06606315993071493
1001,1,TPE,0.06606315993071493
1001,2,TPE,0.06606315993071493
1001,3,TPE,0.06606315993071493
1001,4,TPE,0.06606315993071493
1001,5,TPE,0.06606315993071493
1001,6,TPE,0.06606315993071493
1001,7,TPE,0.06606315993071493
1001,8,TPE,0.06606315993071493
1001,9,TPE,0.06606315993071493
1001,10,TPE,0.06606315993071493
1001,11,TPE,0.06606315993071493
1001,12,TPE,0.06606315993071493
1001,13,TPE,0.06606315993071493
1001,14,TPE,0.06606315993071493
1001,15,TPE,0.06606315993071493
1001,16,TPE,0.06606315993071493
1001,17,TPE,0.06606315993071493
1001,18,TPE,0.06606315993071493
1001,19,TPE,0.06606315993071493
1001,20,TPE,0.06606315993071493
1001,21,TPE,0.06606315993071493
1001,22,TPE,0.06606315993071493
1001,23,TPE,-0.03175196308706352
1001,24,TPE,-0.05219266096508185
1001,25,TPE,-0.05219266096508185
1001,26,TPE,-0.05219266096508185
1001,27,TPE,-0.05219266096508185
1001,28,TPE,-0.05219266096508185
1001,29,TPE,-0.05219266096508185
1001,30,TPE,-0.05219266096508185
1001,31,TPE,-0.43730222092705595
1001,32,TPE,-0.43730222092705595
1001,33,TPE,-0.43730222092705595
1001,34,TPE,-0.43730222092705595
1001,35,TPE,-0.43730222092705595
1001,36,TPE,-0.43730222092705595
1001,37,TPE,-0.43730222092705595
1001,38,TPE,-0.43730222092705595
1001,39,TPE,-0.43730222092705595
1001,40,TPE,-0.43730222092705595
1001,41,TPE,-0.43730222092705595
1001,42,TPE,-0.43730222092705595
1001,43,TPE,-0.43730222092705595
1001,44,TPE,-0.43730222092705595
1001,45,TPE,-0.43730222092705595
1001,46,TPE,-0.43730222092705595
1001,47,TPE,-0.43730222092705595
1001,48,TPE,-0.43730222092705595
1001,49,TPE,-0.43730222092705595
1001,50,TPE,-0.43730222092705595
1001,51,TPE,-0.43730222092705595
1001,52,TPE,-0.43730222092705595
1001,53,TPE,-0.43730222092705595
1001,54,TPE,-0.43730222092705595
1001,55,TPE,-0.43730222092705595
1001,56,TPE,-0.43730222092705595
1001,57,TPE,-0.43730222092705595
1001,58,TPE,-0.43730222092705595
1001,59,TPE,-0.43730222092705595
1001,60,TPE,-0.43730222092705595
1001,61,TPE,-0.43730222092705595
1001,62,TPE,-0.43730222092705595
1001,63,TPE,-0.43730222092705595
1001,64,TPE,-0.43730222092705595
1001,65,TPE,-0.43730222092705595
1001,66,TPE,-0.43730222092705595
1001,67,TPE,-0.43730222092705595
1001,68,TPE,-0.43730222092705595
1001,69,TPE,-0.43730222092705595
1001,70,TPE,-0.43730222092705595
1001,71,TPE,-0.43730222092705595
1001,72,TPE,-0.43730222092705595
1001,73,TPE,-0.43730222092705595
1001,74,TPE,-0.43730222092705595
1001,75,TPE,-0.43730222092705595
1001,76,TPE,-0.43730222092705595
1001,77,TPE,-0.43730222092705595
1001,78,TPE,-0.43730222092705595
1001,79,TPE,-0.43730222092705595
1001,80,TPE,-0.4401076270373685
1002,0,TPE,0.6295877400896233
1002,1,TPE,0.5067125463437214
1002,2,TPE,0.5067125463437214
1002,3,TPE,0.5067125463437214
1002,4,TPE,0.5067125463437214
1002,5,TPE,0.5067125463437214
1002,6,TPE,0.5067125463437214
1002,7,TPE,0.5067125463437214
1002,8,TPE,0.5067125463437214
1002,9,TPE,0.5067125463437214
1002,10,TPE,0.5067125463437214
1002,11,TPE,0.5067125463437214
1002,12,TPE,0.5067125463437214
1002,13,TPE,0.5067125463437214
1002,14,TPE,0.5067125463437214
1002,15,TPE,0.5067125463437214
1002,16,TPE,0.5067125463437214
1002,17,TPE,0.44799877091380147
1002,18,TPE,0.44799877091380147
1002,19,TPE,0.44799877091380147
1002,20,TPE,0.44799877091380147
1002,21,TPE,0.44799877091380147
1002,22,TPE,0.44799877091380147
1002,23,TPE,0.44799877091380147
1002,24,TPE,0.44799877091380147
1002,25,TPE,0.16947263854828087
1002,26,TPE,0.16947263854828087
1002,27,TPE,-0.40647103828064796
1002,28,TPE,-0.40647103828064796
1002,29,TPE,-0.40647103828064796
1002,30,TPE,-0.40647103828064796
1002,31,TPE,-0.40647103828064796
1002,32,TPE,-0.40647103828064796
1002,33,TPE,-0.40647103828064796
1002,34,TPE,-0.40647103828064796
1002,35,TPE,-0.40647103828064796
1002,36,TPE,-0.40647103828064796
1002,37,TPE,-0.40647103828064796
1002,38,TPE,-0.40647103828064796
1002,39,TPE,-0.40647103828064796
1002,40,TPE,-0.40647103828064796
1002,41,TPE,-0.40647103828064796
1002,42,TPE,-0.40647103828064796
1002,43,TPE,-0.40647103828064796
1002,44,TPE,-0.40647103828064796
1002,45,TPE,-0.40647103828064796
1002,46,TPE,-0.40647103828064796
1002,47,TPE,-0.40647103828064796
1002,48,TPE,-0.40647103828064796
1002,49,TPE,-0.40647103828064796
1002,50,TPE,-0.40647103828064796
1002,51,TPE,-0.40647103828064796
1002,52,TPE,-0.40647103828064796
1002,53,TPE,-0.40647103828064796
1002,54,TPE,-0.40647103828064796
1002,55,TPE,-0.40647103828064796
1002,56,TPE,-0.40647103828064796
1002,57,TPE,-0.40647103828064796
1002,58,TPE,-0.40647103828064796
1002,59,TPE,-0.40647103828064796
1002,60,TPE,-0.40647103828064796
1002,61,TPE,-0.40647103828064796
1002,62,TPE,-0.40647103828064796
1002,63,TPE,-0.40647103828064796
1002,64,TPE,-0.40647103828064796
1002,65,TPE,-0.40647103828064796
1002,66,TPE,-0.40647103828064796
1002,67,TPE,-0.40647103828064796
1002,68,TPE,-0.40647103828064796
1002,69,TPE,-0.40647103828064796
1002,70,TPE,-0.40647103828064796
1002,71,TPE,-0.40647103828064796
1002,72,TPE,-0.40647103828064796
1002,73,TPE,-0.40647103828064796
1002,74,TPE,-0.40647103828064796
1002,75,TPE,-0.40647103828064796
1002,76,TPE,-0.40647103828064796
1002,77,TPE,-0.40647103828064796
1002,78,TPE,-0.40647103828064796
1002,79,TPE,-0.40647103828064796
1002,80,TPE,-0.40647103828064796
1003,0,TPE,0.4638908838269465
1003,1,TPE,0.4638908838269465
1003,2,TPE,0.4638908838269465
1003,3,TPE,0.4638908838269465
1003,4,TPE,0.4638908838269465
1003,5,TPE,0.4638908838269465
1003,6,TPE,0.4638908838269465
1003,7,TPE,0.4638908838269465
1003,8,TPE,0.4638908838269465
1003,9,TPE,0.4630487087605742
1003,10,TPE,0.4630487087605742
1003,11,TPE,0.4630487087605742
1003,12,TPE,0.19006482317005363
1003,13,TPE,0.19006482317005363
1003,14,TPE,0.19006482317005363
1003,15,TPE,0.19006482317005363
1003,16,TPE,0.19006482317005363
1003,17,TPE,0.19006482317005363
1003,18,TPE,0.19006482317005363
1003,19,TPE,0.19006482317005363
1003,20,TPE,0.19006482317005363
1003,21,TPE,0.19006482317005363
1003,22,TPE,0.19006482317005363
1003,23,TPE,0.19006482317005363
1003,24,TPE,0.19006482317005363
1003,25,TPE,0.19006482317005363
1003,26,TPE,0.19006482317005363
1003,27,TPE,0.19006482317005363
1003,28,TPE,0.19006482317005363
1003,29,TPE,0.19006482317005363
1003,30,TPE,0.19006482317005363
1003,31,TPE,0.19006482317005363
1003,32,TPE,0.19006482317005363
1003,33,TPE,0.15235068891834147
1003,34,TPE,0.15235068891834147
1003,35,TPE,0.15235068891834147
1003,36,TPE,0.15235068891834147
1003,37,TPE,0.15235068891834147
1003,38,TPE,0.15235068891834147
1003,39,TPE,0.15235068891834147
1003,40,TPE,0.15235068891834147
1003,41,TPE,0.15235068891834147
1003,42,TPE,0.15235068891834147
1003,43,TPE,0.15235068891834147
1003,44,TPE,0.15235068891834147
1003,45,TPE,-0.0012112200258613394
1003,46,TPE,-0.0012112200258613394
1003,47,TPE,-0.0012112200258613394
1003,48,TPE,-0.0012112200258613394
1003,49,TPE,-0.0012112200258613394
1003,50,TPE,-0.0012112200258613394
1003,51,TPE,-0.0012112200258613394
1003,52,TPE,-0.0012112200258613394
1003,53,TPE,-0.0012112200258613394
1003,54,TPE,-0.0012112200258613394
1003,55,TPE,-0.0012112200258613394
1003,56,TPE,-0.0012112200258613394
1003,57,TPE,-0.17749903641781364
1003,58,TPE,-0.17749903641781364
1003,59,TPE,-0.17749903641781364
1003,60,TPE,-0.17749903641781364
1003,61,TPE,-0.17749903641781364
1003,62,TPE,-0.17749903641781364
1003,63,TPE,-0.17749903641781364
1003,64,TPE,-0.17749903641781364
1003,65,TPE,-0.3187562906676811
1003,66,TPE,-0.3187562906676811
1003,67,TPE,-0.3187562906676811
1003,68,TPE,-0.3187562906676811
1003,69,TPE,-0.3187562906676811
1003,70,TPE,-0.3187562906676811
1003,71,TPE,-0.3187562906676811
1003,72,TPE,-0.3187562906676811
1003,73,TPE,-0.3187562906676811
1003,74,TPE,-0.3187562906676811
1003,75,TPE,-0.3187562906676811
1003,76,TPE,-0.3187562906676811
1003,77,TPE,-0.3187562906676811
1003,78,TPE,-0.3187562906676811
1003,79,TPE,-0.3187562906676811
1003,80,TPE,-0.3187562906676811
1004,0,TPE,-0.36137615403148543
1004,1,TPE,-0.36137615403148543
1004,2,TPE,-0.36137615403148543
1004,3,TPE,-0.36137615403148543
1004,4,TPE,-0.36137615403148543
1004,5,TPE,-0.36137615403148543
1004,6,TPE,-0.36137615403148543
1004,7,TPE,-0.36137615403148543
1004,8,TPE,-0.36137615403148543
1004,9,TPE,-0.36137615403148543
1004,10,TPE,-0.36137615403148543
1004,11,TPE,-0.36137615403148543
1004,12,TPE,-0.36137615403148543
1004,13,TPE,-0.36137615403148543
1004,14,TPE,-0.36137615403148543
1004,15,TPE,-0.36137615403148543
1004,16,TPE,-0.36137615403148543
1004,17,TPE,-0.36137615403148543
1004,18,TPE,-0.36137615403148543
1004,19,TPE,-0.36137615403148543
1004,20,TPE,-0.36137615403148543
1004,21,TPE,-0.36137615403148543
1004,22,TPE,-0.36137615403148543
1004,23,TPE,-0.36137615403148543
1004,24,TPE,-0.36137615403148543
1004,25,TPE,-0.36137615403148543
1004,26,TPE,-0.36137615403148543
1004,27,TPE,-0.36137615403148543
1004,28,TPE,-0.36137615403148543
1004,29,TPE,-0.36137615403148543
1004,30,TPE,-0.36137615403148543
1004,31,TPE,-0.36137615403148543
1004,32,TPE,-0.36137615403148543
1004,33,TPE,-0.36137615403148543
1004,34,TPE,-0.36137615403148543
1004,35,TPE,-0.36137615403148543
1004,36,TPE,-0.36137615403148543
1004,37,TPE,-0.36137615403148543
1004,38,TPE,-0.36137615403148543
1004,39,TPE,-0.36137615403148543
1004,40,TPE,-0.36137615403148543
1004,41,TPE,-0.36570894323531816
1004,42,TPE,-0.36570894323531816
1004,43,TPE,-0.36570894323531816
1004,44,TPE,-0.36570894323531816
1004,45,TPE,-0.36570894323531816
1004,46,TPE,-0.36570894323531816
1004,47,TPE,-0.36570894323531816
1004,48,TPE,-0.36570894323531816
1004,49,TPE,-0.36570894323531816
1004,50,TPE,-0.36570894323531816
1004,51,TPE,-0.36570894323531816
1004,52,TPE,-0.36570894323531816
1004,53,TPE,-0.36570894323531816
1004,54,TPE,-0.36570894323531816
1004,55,TPE,-0.36570894323531816
1004,56,TPE,-0.36570894323531816
1004,57,TPE,-0.36570894323531816
1004,58,TPE,-0.36570894323531816
1004,59,TPE,-0.36570894323531816
1004,60,TPE,-0.36570894323531816
1004,61,TPE,-0.36570894323531816
1004,62,TPE,-0.36570894323531816
1004,63,TPE,-0.36570894323531816
1004,64,TPE,-0.690785662966942
1004,65,TPE,-0.690785662966942
1004,66,TPE,-0.690785662966942
1004,67,TPE,-0.690785662966942
1004,68,TPE,-0.690785662966942
1004,69,TPE,-0.690785662966942
1004,70,TPE,-0.690785662966942
1004,71,TPE,-0.690785662966942
1004,72,TPE,-0.690785662966942
1004,73,TPE,-0.690785662966942
1004,74,TPE,-0.690785662966942
1004,75,TPE,-0.690785662966942
1004,76,TPE,-0.690785662966942
1004,77,TPE,-0.690785662966942
1004,78,TPE,-0.690785662966942
1004,79,TPE,-0.690785662966942
1004,80,TPE,-0.690785662966942
1005,0,TPE,-0.24701273703077548
1005,1,TPE,-0.24701273703077548
1005,2,TPE,-0.24701273703077548
1005,3,TPE,-0.24701273703077548
1005,4,TPE,-0.24701273703077548
1005,5,TPE,-0.24701273703077548
1005,6,TPE,-0.24701273703077548
1005,7,TPE,-0.24701273703077548
1005,8,TPE,-0.24701273703077548
1005,9,TPE,-0.24701273703077548
1005,10,TPE,-0.24701273703077548
1005,11,TPE,-0.24701273703077548
1005,12,TPE,-0.24701273703077548
1005,13,TPE,-0.24701273703077548
1005,14,TPE,-0.24701273703077548
1005,15,TPE,-0.24701273703077548
1005,16,TPE,-0.24701273703077548
1005,17,TPE,-0.24701273703077548
1005,18,TPE,-0.24701273703077548
1005,19,TPE,-0.24701273703077548
1005,20,TPE,-0.24701273703077548
1005,21,TPE,-0.24701273703077548
1005,22,TPE,-0.24701273703077548
1005,23,TPE,-0.24701273703077548
1005,24,TPE,-0.24701273703077548
1005,25,TPE,-0.24701273703077548
1005,26,TPE,-0.24701273703077548
1005,27,TPE,-0.24701273703077548
1005,28,TPE,-0.24701273703077548
1005,29,TPE,-0.24701273703077548
1005,30,TPE,-0.24701273703077548
1005,31,TPE,-0.24701273703077548
1005,32,TPE,-0.24701273703077548
1005,33,TPE,-0.24701273703077548
1005,34,TPE,-0.24701273703077548
1005,35,TPE,-0.24701273703077548
1005,36,TPE,-0.24701273703077548
1005,37,TPE,-0.24701273703077548
1005,38,TPE,-0.24701273703077548
1005,39,TPE,-0.24701273703077548
1005,40,TPE,-0.24701273703077548
1005,41,TPE,-0.24701273703077548
1005,42,TPE,-0.24701273703077548
1005,43,TPE,-0.24701273703077548
1005,44,TPE,-0.24701273703077548
1005,45,TPE,-0.24701273703077548
1005,46,TPE,-0.24701273703077548
1005,47,TPE,-0.24701273703077548
1005,48,TPE,-0.24701273703077548
1005,49,TPE,-0.24701273703077548
1005,50,TPE,-0.24701273703077548
1005,51,TPE,-0.24701273703077548
1005,52,TPE,-0.24701273703077548
1005,53,TPE,-0.24701273703077548
1005,54,TPE,-0.24701273703077548
1005,55,TPE,-0.31748210259374776
1005,56,TPE,-0.31748210259374776
1005,57,TPE,-0.31748210259374776
1005,58,TPE,-0.31748210259374776
1005,59,TPE,-0.31748210259374776
1005,60,TPE,-0.31748210259374776
1005,61,TPE,-0.31748210259374776
1005,62,TPE,-0.31748210259374776
1005,63,TPE,-0.31748210259374776
1005,64,TPE,-0.31748210259374776
1005,65,TPE,-0.31748210259374776
1005,66,TPE,-0.31748210259374776
1005,67,TPE,-0.31748210259374776
1005,68,TPE,-0.31748210259374776
1005,69,TPE,-0.31748210259374776
1005,70,TPE,-0.31748210259374776
1005,71,TPE,-0.31748210259374776
1005,72,TPE,-0.31748210259374776
1005,73,TPE,-0.31748210259374776
1005,74,TPE,-0.31748210259374776
1005,75,TPE,-0.31748210259374776
1005,76,TPE,-0.31748210259374776
1005,77,TPE,-0.3251622046144771
1005,78,TPE,-0.3251622046144771
1005,79,TPE,-0.3251622046144771
1005,80,TPE,-0.3251622046144771
1006,0,TPE,0.0673858546291839
1006,1,TPE,0.0673858546291839
1006,2,TPE,0.0673858546291839
1006,3,TPE,0.0673858546291839
1006,4,TPE,0.0673858546291839
1006,5,TPE,0.0673858546291839
1006,6,TPE,0.0673858546291839
1006,7,TPE,0.0673858546291839
1006,8,TPE,0.0673858546291839
1006,9,TPE,0.0673858546291839
1006,10,TPE,0.0673858546291839
1006,11,TPE,0.0673858546291839
1006,12,TPE,0.0673858546291839
1006,13,TPE,0.0673858546291839
1006,14,TPE,0.0673858546291839
1006,15,TPE,0.0673858546291839
1006,16,TPE,0.0673858546291839
1006,17,TPE,0.0673858546291839
1006,18,TPE,0.0673858546291839
1006,19,TPE,0.0673858546291839
1006,20,TPE,0.0673858546291839
1006,21,TPE,0.0673858546291839
1006,22,TPE,0.0673858546291839
1006,23,TPE,0.0673858546291839
1006,24,TPE,0.0673858546291839
1006,25,TPE,0.0673858546291839
1006,26,TPE,0.0673858546291839
1006,27,TPE,0.0673858546291839
1006,28,TPE,0.0673858546291839
1006,29,TPE,0.0673858546291839
1006,30,TPE,0.0673858546291839
1006,31,TPE,0.0673858546291839
1006,32,TPE,0.0673858546291839
1006,33,TPE,0.0673858546291839
1006,34,TPE,0.0673858546291839
1006,35,TPE,0.0673858546291839
1006,36,TPE,0.0673858546291839
1006,37,TPE,0.0673858546291839
1006,38,TPE,0.0673858546291839
1006,39,TPE,0.0673858546291839
1006,40,TPE,0.0673858546291839
1006,41,TPE,0.0673858546291839
1006,42,TPE,0.0673858546291839
1006,43,TPE,0.0673858546291839
1006,44,TPE,0.0673858546291839
1006,45,TPE,0.0673858546291839
1006,46,TPE,0.0673858546291839
1006,47,TPE,0.0673858546291839
1006,48,TPE,0.0673858546291839
1006,49,TPE,0.0673858546291839
1006,50,TPE,0.0673858546291839
1006,51,TPE,0.0673858546291839
1006,52,TPE,0.0673858546291839
1006,53,TPE,0.0673858546291839
1006,54,TPE,0.0673858546291839
1006,55,TPE,0.0673858546291839
1006,56,TPE,0.0673858546291839
1006,57,TPE,0.0673858546291839
1006,58,TPE,0.0673858546291839
1006,59,TPE,0.0673858546291839
1006,60,TPE,0.0673858546291839
1006,61,TPE,0.0673858546291839
1006,62,TPE,0.0673858546291839
1006,63,TPE,0.0673858546291839
1006,64,TPE,0.0673858546291839
1006,65,TPE,0.0673858546291839
1006,66,TPE,0.0673858546291839
1006,67,TPE,0.0673858546291839
1006,68,TPE,0.0673858546291839
1006,69,TPE,0.0673858546291839
1006,70,TPE,0.0673858546291839
1006,71,TPE,0.0673858546291839
1006,72,TPE,0.0673858546291839
1006,73,TPE,0.0673858546291839
1006,74,TPE,0.0673858546291839
1006,75,TPE,0.0673858546291839
1006,76,TPE,0.0673858546291839
1006,77,TPE,0.0673858546291839
1006,78,TPE,0.0673858546291839
1006,79,TPE,0.0673858546291839
1006,80,TPE,0.0673858546291839
1007,0,TPE,-0.03406172203441836
1007,1,TPE,-0.03406172203441836
1007,2,TPE,-0.03406172203441836
1007,3,TPE,-0.10903980538937161
1007,4,TPE,-0.3391883032636617
1007,5,TPE,-0.3391883032636617
1007,6,TPE,-0.3391883032636617
1007,7,TPE,-0.3391883032636617
1007,8,TPE,-0.3391883032636617
1007,9,TPE,-0.3391883032636617
1007,10,TPE,-0.3391883032636617
1007,11,TPE,-0.3391883032636617
1007,12,TPE,-0.7002120261974245
1007,13,TPE,-0.7002120261974245
1007,14,TPE,-0.7002120261974245
1007,15,TPE,-0.7002120261974245
1007,16,TPE,-0.7002120261974245
1007,17,TPE,-0.7002120261974245
1007,18,TPE,-0.7002120261974245
1007,19,TPE,-0.7002120261974245
1007,20,TPE,-0.7002120261974245
1007,21,TPE,-0.7002120261974245
1007,22,TPE,-0.7002120261974245
1007,23,TPE,-0.7002120261974245
1007,24,TPE,-0.7002120261974245
1007,25,TPE,-0.7002120261974245
1007,26,TPE,-0.7002120261974245
1007,27,TPE,-0.7002120261974245
1007,28,TPE,-0.7002120261974245
1007,29,TPE,-0.7002120261974245
1007,30,TPE,-0.7002120261974245
1007,31,TPE,-0.7002120261974245
1007,32,TPE,-0.7002120261974245
1007,33,TPE,-0.7002120261974245
1007,34,TPE,-0.7002120261974245
1007,35,TPE,-0.7002120261974245
1007,36,TPE,-0.7002120261974245
1007,37,TPE,-0.7002120261974245
1007,38,TPE,-0.7002120261974245
1007,39,TPE,-0.7002120261974245
1007,40,TPE,-0.7002120261974245
1007,41,TPE,-0.7002120261974245
1007,42,TPE,-0.7002120261974245
1007,43,TPE,-0.7002120261974245
1007,44,TPE,-0.7002120261974245
1007,45,TPE,-0.7002120261974245
1007,46,TPE,-0.7002120261974245
1007,47,TPE,-0.7002120261974245
1007,48,TPE,-0.7002120261974245
1007,49,TPE,-0.7002120261974245
1007,50,TPE,-0.7002120261974245
1007,51,TPE,-0.7002120261974245
1007,52,TPE,-0.7002120261974245
1007,53,TPE,-0.7002120261974245
1007,54,TPE,-0.7002120261974245
1007,55,TPE,-0.7002120261974245
1007,56,TPE,-0.7002120261974245
1007,57,TPE,-0.7002120261974245
1007,58,TPE,-0.7002120261974245
1007,59,TPE,-0.7002120261974245
1007,60,TPE,-0.7002120261974245
1007,61,TPE,-0.7002120261974245
1007,62,TPE,-0.7002120261974245
1007,63,TPE,-0.7002120261974245
1007,64,TPE,-0.7002120261974245
1007,65,TPE,-0.7002120261974245
1007,66,TPE,-0.7002120261974245
1007,67,TPE,-0.7002120261974245
1007,68,TPE,-0.7002120261974245
1007,69,TPE,-0.7002120261974245
1007,70,TPE,-0.7002120261974245
1007,71,TPE,-0.7002120261974245
1007,72,TPE,-0.7002120261974245
1007,73,TPE,-0.7002120261974245
1007,74,TPE,-0.7002120261974245
1007,75,TPE,-0.7002120261974245
1007,76,TPE,-0.7002120261974245
1007,77,TPE,-0.7002120261974245
1007,78,TPE,-0.7002120261974245
1007,79,TPE,-0.7002120261974245
1007,80,TPE,-0.7002120261974245
1008,0,TPE,0.34275917216610585
1008,1,TPE,0.34275917216610585
1008,2,TPE,0.34275917216610585
1008,3,TPE,0.34275917216610585
1008,4,TPE,0.34275917216610585
1008,5,TPE,0.34275917216610585
1008,6,TPE,0.34275917216610585
1008,7,TPE,0.34275917216610585
1008,8,TPE,0.34275917216610585
1008,9,TPE,0.34275917216610585
1008,10,TPE,0.34275917216610585
1008,11,TPE,0.34275917216610585
1008,12,TPE,0.2762511018800802
1008,13,TPE,0.2762511018800802
1008,14,TPE,0.2762511018800802
1008,15,TPE,0.2762511018800802
1008,16,TPE,0.2762511018800802
1008,17,TPE,0.2762511018800802
1008,18,TPE,0.2762511018800802
1008,19,TPE,0.2762511018800802
1008,20,TPE,0.2762511018800802
1008,21,TPE,0.2762511018800802
1008,22,TPE,0.2762511018800802
1008,23,TPE,0.2762511018800802
1008,24,TPE,0.2762511018800802
1008,25,TPE,0.2762511018800802
1008,26,TPE,0.2762511018800802
1008,27,TPE,0.2762511018800802
1008,28,TPE,0.2762511018800802
1008,29,TPE,0.2762511018800802
1008,30,TPE,0.06082237042695711
1008,31,TPE,0.06082237042695711
1008,32,TPE,0.06082237042695711
1008,33,TPE,0.06082237042695711
1008,34,TPE,0.06082237042695711
1008,35,TPE,0.060694781695285194
1008,36,TPE,0.060694781695285194
1008,37,TPE,0.060694781695285194
1008,38,TPE,0.060694781695285194
1008,39,TPE,0.060694781695285194
1008,40,TPE,0.060694781695285194
1008,41,TPE,0.060694781695285194
1008,42,TPE,0.058445120681017704
1008,43,TPE,0.04065370899300239
1008,44,TPE,0.04065370899300239
1008,45,TPE,0.04065370899300239
1008,46,TPE,0.04065370899300239
1008,47,TPE,0.04065370899300239
1008,48,TPE,0.04065370899300239
1008,49,TPE,0.04065370899300239
1008,50,TPE,0.014500992639054341
1008,51,TPE,0.013814593786942754
1008,52,TPE,0.013814593786942754
1008,53,TPE,0.013814593786942754
1008,54,TPE,0.013814593786942754
1008,55,TPE,0.013814593786942754
1008,56,TPE,0.013814593786942754
1008,57,TPE,0.013814593786942754
1008,58,TPE,0.013814593786942754
1008,59,TPE,0.013814593786942754
1008,60,TPE,0.013814593786942754
1008,61,TPE,0.013814593786942754
1008,62,TPE,0.013814593786942754
1008,63,TPE,0.013814593786942754
1008,64,TPE,0.013814593786942754
1008,65,TPE,0.013814593786942754
1008,66,TPE,0.013814593786942754
1008,67,TPE,0.013814593786942754
1008,68,TPE,0.013814593786942754
1008,69,TPE,0.013814593786942754
1008,70,TPE,0.013814593786942754
1008,71,TPE,0.013814593786942754
1008,72,TPE,0.013814593786942754
1008,73,TPE,0.013814593786942754
1008,74,TPE,0.013814593786942754
1008,75,TPE,0.013814593786942754
1008,76,TPE,0.013814593786942754
1008,77,TPE,-0.08644968118124725
1008,78,TPE,-0.08644968118124725
1008,79,TPE,-0.08644968118124725
1008,80,TPE,-0.08644968118124725
1009,0,TPE,0.5615745778354169
1009,1,TPE,0.5615745778354169
1009,2,TPE,0.49088590596946274
1009,3,TPE,0.49088590596946274
1009,4,TPE,0.49088590596946274
1009,5,TPE,0.3501678682113636
1009,6,TPE,0.34049608598301745
1009,7,TPE,0.34049608598301745
1009,8,TPE,0.32313492975078734
1009,9,TPE,0.32313492975078734
1009,10,TPE,0.32313492975078734
1009,11,TPE,0.32313492975078734
1009,12,TPE,0.32313492975078734
1009,13,TPE,0.32313492975078734
1009,14,TPE,0.32313492975078734
1009,15,TPE,0.32313492975078734
1009,16,TPE,0.32313492975078734
1009,17,TPE,0.32313492975078734
1009,18,TPE,0.32313492975078734
1009,19,TPE,0.32313492975078734
1009,20,TPE,0.32313492975078734
1009,21,TPE,0.32313492975078734
1009,22,TPE,0.32313492975078734
1009,23,TPE,0.32313492975078734
1009,24,TPE,0.300201000979895
1009,25,TPE,0.300201000979895
1009,26,TPE,0.300201000979895
1009,27,TPE,0.300201000979895
1009,28,TPE,0.300201000979895
1009,29,TPE,0.300201000979895
1009,30,TPE,0.300201000979895
1009,31,TPE,0.300201000979895
1009,32,TPE,0.300201000979895
1009,33,TPE,0.300201000979895
1009,34,TPE,0.300201000979895
1009,35,TPE,0.300201000979895
1009,36,TPE,0.300201000979895
1009,37,TPE,0.300201000979895
1009,38,TPE,0.300201000979895
1009,39,TPE,0.300201000979895
1009,40,TPE,0.300201000979895
1009,41,TPE,0.300201000979895
1009,42,TPE,0.25633018601037194
1009,43,TPE,0.25633018601037194
1009,44,TPE,0.25633018601037194
1009,45,TPE,0.25633018601037194
1009,46,TPE,0.019883329706716545
1009,47,TPE,0.019883329706716545
1009,48,TPE,0.019883329706716545
1009,49,TPE,0.019883329706716545
1009,50,TPE,0.019883329706716545
1009,51,TPE,-0.0759894548822744
1009,52,TPE,-0.2211878737521554
1009,53,TPE,-0.2211878737521554
1009,54,TPE,-0.2211878737521554
1009,55,TPE,-0.2211878737521554
1009,56,TPE,-0.2211878737521554
1009,57,TPE,-0.2211878737521554
1009,58,TPE,-0.2211878737521554
1009,59,TPE,-0.2211878737521554
1009,60,TPE,-0.2211878737521554
1009,61,TPE,-0.2211878737521554
1009,62,TPE,-0.2211878737521554
1009,63,TPE,-0.2211878737521554
1009,64,TPE,-0.2211878737521554
1009,65,TPE,-0.2211878737521554
1009,66,TPE,-0.2211878737521554
1009,67,TPE,-0.2211878737521554
1009,68,TPE,-0.224382791792272
1009,69,TPE,-0.224382791792272
1009,70,TPE,-0.224382791792272
1009,71,TPE,-0.224382791792272
1009,72,TPE,-0.224382791792272
1009,73,TPE,-0.224382791792272
1009,74,TPE,-0.224382791792272
1009,75,TPE,-0.224382791792272
1009,76,TPE,-0.224382791792272
1009,77,TPE,-0.224382791792272
1009,78,TPE,-0.224382791792272
1009,79,TPE,-0.224382791792272
1009,80,TPE,-0.224382791792272
1010,0,TPE,0.049425087511376094
1010,1,TPE,0.049425087511376094
1010,2,TPE,0.049425087511376094
1010,3,TPE,0.049425087511376094
1010,4,TPE,0.049425087511376094
1010,5,TPE,0.049425087511376094
1010,6,TPE,0.049425087511376094
1010,7,TPE,0.049425087511376094
1010,8,TPE,0.049425087511376094
1010,9,TPE,0.049425087511376094
1010,10,TPE,0.049425087511376094
1010,11,TPE,0.049425087511376094
1010,12,TPE,0.049425087511376094
1010,13,TPE,0.049425087511376094
1010,14,TPE,0.049425087511376094
1010,15,TPE,0.049425087511376094
1010,16,TPE,0.049425087511376094
1010,17,TPE,0.049425087511376094
1010,18,TPE,0.049425087511376094
1010,19,TPE,0.049425087511376094
1010,20,TPE,0.049425087511376094
1010,21,TPE,0.049425087511376094
1010,22,TPE,0.049425087511376094
1010,23,TPE,0.049425087511376094
1010,24,TPE,0.049425087511376094
1010,25,TPE,0.049425087511376094
1010,26,TPE,0.049425087511376094
1010,27,TPE,0.049425087511376094
1010,28,TPE,0.049425087511376094
1010,29,TPE,0.049425087511376094
1010,30,TPE,0.049425087511376094
1010,31,TPE,0.049425087511376094
1010,32,TPE,0.049425087511376094
1010,33,TPE,0.049425087511376094
1010,34,TPE,0.049425087511376094
1010,35,TPE,0.049425087511376094
1010,36,TPE,0.049425087511376094
1010,37,TPE,0.049425087511376094
1010,38,TPE,0.049425087511376094
1010,39,TPE,0.049425087511376094
1010,40,TPE,0.049425087511376094
1010,41,TPE,0.049425087511376094
1010,42,TPE,0.049425087511376094
1010,43,TPE,0.049425087511376094
1010,44,TPE,0.049425087511376094
1010,45,TPE,0.049425087511376094
1010,46,TPE,0.049425087511376094
1010,47,TPE,0.049425087511376094
1010,48,TPE,0.049425087511376094
1010,49,TPE,0.049425087511376094
1010,50,TPE,0.049425087511376094
1010,51,TPE,0.049425087511376094
1010,52,TPE,0.049425087511376094
1010,53,TPE,0.049425087511376094
1010,54,TPE,0.049425087511376094
1010,55,TPE,0.049425087511376094
1010,56,TPE,0.049425087511376094
1010,57,TPE,0.049425087511376094
1010,58,TPE,0.049425087511376094
1010,59,TPE,0.049425087511376094
1010,60,TPE,0.049425087511376094
1010,61,TPE,0.049425087511376094
1010,62,TPE,0.049425087511376094
1010,63,TPE,0.049425087511376094
1010,64,TPE,0.049425087511376094
1010,65,TPE,0.049425087511376094
1010,66,TPE,0.049425087511376094
1010,67,TPE,0.049425087511376094
1010,68,TPE,0.049425087511376094
1010,69,TPE,0.049425087511376094
1010,70,TPE,0.049425087511376094
1010,71,TPE,0.049425087511376094
1010,72,TPE,0.049425087511376094
1010,73,TPE,0.049425087511376094
1010,74,TPE,0.049425087511376094
1010,75,TPE,0.049425087511376094
1010,76,TPE,0.049425087511376094
1010,77,TPE,0.049425087511376094
1010,78,TPE,0.049425087511376094
1010,79,TPE,0.049425087511376094
1010,80,TPE,0.049425087511376094
1011,0,TPE,-0.2757070888749166
1011,1,TPE,-0.2757070888749166
1011,2,TPE,-0.2757070888749166
1011,3,TPE,-0.2757070888749166
1011,4,TPE,-0.2757070888749166
1011,5,TPE,-0.2757070888749166
1011,6,TPE,-0.2757070888749166
1011,7,TPE,-0.2757070888749166
1011,8,TPE,-0.2757070888749166
1011,9,TPE,-0.2757070888749166
1011,10,TPE,-0.2757070888749166
1011,11,TPE,-0.2757070888749166
1011,12,TPE,-0.2757070888749166
1011,13,TPE,-0.2757070888749166
1011,14,TPE,-0.2757070888749166
1011,15,TPE,-0.2757070888749166
1011,16,TPE,-0.2757070888749166
1011,17,TPE,-0.2757070888749166
1011,18,TPE,-0.2757070888749166
1011,19,TPE,-0.2757070888749166
1011,20,TPE,-0.2757070888749166
1011,21,TPE,-0.2757070888749166
1011,22,TPE,-0.2757070888749166
1011,23,TPE,-0.2757070888749166
1011,24,TPE,-0.2757070888749166
1011,25,TPE,-0.2757070888749166
1011,26,TPE,-0.2757070888749166
1011,27,TPE,-0.2757070888749166
1011,28,TPE,-0.2757070888749166
1011,29,TPE,-0.2757070888749166
1011,30,TPE,-0.2757070888749166
1011,31,TPE,-0.2757070888749166
1011,32,TPE,-0.2757070888749166
1011,33,TPE,-0.2757070888749166
1011,34,TPE,-0.2757070888749166
1011,35,TPE,-0.2757070888749166
1011,36,TPE,-0.2757070888749166
1011,37,TPE,-0.2757070888749166
1011,38,TPE,-0.2757070888749166
1011,39,TPE,-0.2757070888749166
1011,40,TPE,-0.2757070888749166
1011,41,TPE,-0.2757070888749166
1011,42,TPE,-0.2757070888749166
1011,43,TPE,-0.2757070888749166
1011,44,TPE,-0.2757070888749166
1011,45,TPE,-0.2757070888749166
1011,46,TPE,-0.2757070888749166
1011,47,TPE,-0.2757070888749166
1011,48,TPE,-0.2757070888749166
1011,49,TPE,-0.2757070888749166
1011,50,TPE,-0.2757070888749166
1011,51,TPE,-0.2757070888749166
1011,52,TPE,-0.2757070888749166
1011,53,TPE,-0.2757070888749166
1011,54,TPE,-0.2757070888749166
1011,55,TPE,-0.2757070888749166
1011,56,TPE,-0.2757070888749166
1011,57,TPE,-0.2757070888749166
1011,58,TPE,-0.2757070888749166
1011,59,TPE,-0.2757070888749166
1011,60,TPE,-0.2757070888749166
1011,61,TPE,-0.2757070888749166
1011,62,TPE,-0.2757070888749166
1011,63,TPE,-0.2757070888749166
1011,64,TPE,-0.2757070888749166
1011,65,TPE,-0.2757070888749166
1011,66,TPE,-0.2757070888749166
1011,67,TPE,-0.2757070888749166
1011,68,TPE,-0.2757070888749166
1011,69,TPE,-0.2757070888749166
1011,70,TPE,-0.2757070888749166
1011,71,TPE,-0.2757070888749166
1011,72,TPE,-0.2757070888749166
1011,73,TPE,-0.2757070888749166
1011,74,TPE,-0.2757070888749166
1011,75,TPE,-0.2757070888749166
1011,76,TPE,-0.2757070888749166
1011,77,TPE,-0.2757070888749166
1011,78,TPE,-0.2757070888749166
1011,79,TPE,-0.2757070888749166
1011,80,TPE,-0.2757070888749166
1012,0,TPE,0.561481448718437
1012,1,TPE,0.561481448718437
1012,2,TPE,0.561481448718437
1012,3,TPE,0.561481448718437
1012,4,TPE,0.561481448718437
1012,5,TPE,0.561481448718437
1012,6,TPE,0.3086761404883712
1012,7,TPE,0.29871311218355967
1012,8,TPE,0.29871311218355967
1012,9,TPE,0.21366181780789
1012,10,TPE,0.21366181780789
1012,11,TPE,0.20532771903792318
1012,12,TPE,0.20532771903792318
1012,13,TPE,0.20532771903792318
1012,14,TPE,0.20532771903792318
1012,15,TPE,0.20532771903792318
1012,16,TPE,0.20532771903792318
1012,17,TPE,0.20532771903792318
1012,18,TPE,0.20532771903792318
1012,19,TPE,0.20532771903792318
1012,20,TPE,0.20532771903792318
1012,21,TPE,0.20532771903792318
1012,22,TPE,0.20532771903792318
1012,23,TPE,0.20532771903792318
1012,24,TPE,0.20532771903792318
1012,25,TPE,0.20532771903792318
1012,26,TPE,0.20532771903792318
1012,27,TPE,0.20532771903792318
1012,28,TPE,0.20532771903792318
1012,29,TPE,0.20532771903792318
1012,30,TPE,0.20532771903792318
1012,31,TPE,0.20532771903792318
1012,32,TPE,0.20532771903792318
1012,33,TPE,0.20532771903792318
1012,34,TPE,0.11999115148894428
1012,35,TPE,0.11999115148894428
1012,36,TPE,0.11999115148894428
1012,37,TPE,0.11999115148894428
1012,38,TPE,0.11999115148894428
1012,39,TPE,0.11999115148894428
1012,40,TPE,0.11999115148894428
1012,41,TPE,0.11999115148894428
1012,42,TPE,0.11999115148894428
1012,43,TPE,0.11999115148894428
1012,44,TPE,0.11999115148894428
1012,45,TPE,0.11999115148894428
1012,46,TPE,0.11999115148894428
1012,47,TPE,0.11999115148894428
1012,48,TPE,0.11999115148894428
1012,49,TPE,0.11999115148894428
1012,50,TPE,0.11999115148894428
1012,51,TPE,0.11999115148894428
1012,52,TPE,0.11999115148894428
1012,53,TPE,0.11999115148894428
1012,54,TPE,0.11999115148894428
1012,55,TPE,0.11999115148894428
1012,56,TPE,0.11999115148894428
1012,57,TPE,0.11999115148894428
1012,58,TPE,0.11999115148894428
1012,59,TPE,0.11999115148894428
1012,60,TPE,0.11999115148894428
1012,61,TPE,0.11999115148894428
1012,62,TPE,0.11999115148894428
1012,63,TPE,0.11999115148894428
1012,64,TPE,0.08482839402944638
1012,65,TPE,0.05631696504652099
1012,66,TPE,0.05631696504652099
1012,67,TPE,0.05631696504652099
1012,68,TPE,0.05631696504652099
1012,69,TPE,0.05631696504652099
1012,70,TPE,0.05631696504652099
1012,71,TPE,0.05631696504652099
1012,72,TPE,0.05631696504652099
1012,73,TPE,0.05631696504652099
1012,74,TPE,0.05631696504652099
1012,75,TPE,0.05631696504652099
1012,76,TPE,0.05631696504652099
1012,77,TPE,0.05631696504652099
1012,78,TPE,0.05631696504652099
1012,79,TPE,0.05631696504652099
1012,80,TPE,0.05631696504652099
1013,0,TPE,0.10822122184401195
1013,1,TPE,-0.24868412424752734
1013,2,TPE,-0.24868412424752734
1013,3,TPE,-0.24868412424752734
1013,4,TPE,-0.24868412424752734
1013,5,TPE,-0.24868412424752734
1013,6,TPE,-0.24868412424752734
1013,7,TPE,-0.24868412424752734
1013,8,TPE,-0.24868412424752734
1013,9,TPE,-0.24868412424752734
1013,10,TPE,-0.24868412424752734
1013,11,TPE,-0.24868412424752734
1013,12,TPE,-0.29705476289869426
1013,13,TPE,-0.29705476289869426
1013,14,TPE,-0.29705476289869426
1013,15,TPE,-0.29705476289869426
1013,16,TPE,-0.29705476289869426
1013,17,TPE,-0.29705476289869426
1013,18,TPE,-0.29705476289869426
1013,19,TPE,-0.29705476289869426
1013,20,TPE,-0.29705476289869426
1013,21,TPE,-0.4557109580902149
1013,22,TPE,-0.4557109580902149
1013,23,TPE,-0.4557109580902149
1013,24,TPE,-0.4557109580902149
1013,25,TPE,-0.4557109580902149
1013,26,TPE,-0.4557109580902149
1013,27,TPE,-0.4557109580902149
1013,28,TPE,-0.4557109580902149
1013,29,TPE,-0.4557109580902149
1013,30,TPE,-0.4557109580902149
1013,31,TPE,-0.4557109580902149
1013,32,TPE,-0.4557109580902149
1013,33,TPE,-0.4557109580902149
1013,34,TPE,-0.4557109580902149
1013,35,TPE,-0.4557109580902149
1013,36,TPE,-0.4557109580902149
1013,37,TPE,-0.4557109580902149
1013,38,TPE,-0.4557109580902149
1013,39,TPE,-0.4557109580902149
1013,40,TPE,-0.4557109580902149
1013,41,TPE,-0.4557109580902149
1013,42,TPE,-0.4557109580902149
1013,43,TPE,-0.4557109580902149
1013,44,TPE,-0.4557109580902149
1013,45,TPE,-0.4557109580902149
1013,46,TPE,-0.4557109580902149
1013,47,TPE,-0.4557109580902149
1013,48,TPE,-0.4557109580902149
1013,49,TPE,-0.4557109580902149
1013,50,TPE,-0.4557109580902149
1013,51,TPE,-0.4557109580902149
1013,52,TPE,-0.4557109580902149
1013,53,TPE,-0.4557109580902149
1013,54,TPE,-0.4557109580902149
1013,55,TPE,-0.4557109580902149
1013,56,TPE,-0.4557109580902149
1013,57,TPE,-0.4557109580902149
1013,58,TPE,-0.4557109580902149
1013,59,TPE,-0.4557109580902149
1013,60,TPE,-0.4557109580902149
1013,61,TPE,-0.45611151288132995
1013,62,TPE,-0.45611151288132995
1013,63,TPE,-0.45611151288132995
1013,64,TPE,-0.45611151288132995
1013,65,TPE,-0.45611151288132995
1013,66,TPE,-0.45611151288132995
1013,67,TPE,-0.45611151288132995
1013,68,TPE,-0.45611151288132995
1013,69,TPE,-0.45611151288132995
1013,70,TPE,-0.45611151288132995
1013,71,TPE,-0.45611151288132995
1013,72,TPE,-0.45611151288132995
1013,73,TPE,-0.45611151288132995
1013,74,TPE,-0.45611151288132995
1013,75,TPE,-0.45611151288132995
1013,76,TPE,-0.45611151288132995
1013,77,TPE,-0.45611151288132995
1013,78,TPE,-0.45611151288132995
1013,79,TPE,-0.45611151288132995
1013,80,TPE,-0.45611151288132995
1014,0,TPE,0.0918050464581937
1014,1,TPE,0.0918050464581937
1014,2,TPE,0.0918050464581937
1014,3,TPE,0.08769696378775255
1014,4,TPE,0.08769696378775255
1014,5,TPE,0.083227675350521
1014,6,TPE,0.083227675350521
1014,7,TPE,0.083227675350521
1014,8,TPE,0.083227675350521
1014,9,TPE,0.083227675350521
1014,10,TPE,0.083227675350521
1014,11,TPE,0.05354968228483333
1014,12,TPE,0.049633797180266157
1014,13,TPE,0.049633797180266157
1014,14,TPE,0.049633797180266157
1014,15,TPE,0.049633797180266157
1014,16,TPE,-0.025776591052267123
1014,17,TPE,-0.025776591052267123
1014,18,TPE,-0.025776591052267123
1014,19,TPE,-0.025776591052267123
1014,20,TPE,-0.025776591052267123
1014,21,TPE,-0.025776591052267123
1014,22,TPE,-0.025776591052267123
1014,23,TPE,-0.025776591052267123
1014,24,TPE,-0.09436157358781722
1014,25,TPE,-0.09436157358781722
1014,26,TPE,-0.09436157358781722
1014,27,TPE,-0.09436157358781722
1014,28,TPE,-0.09436157358781722
1014,29,TPE,-0.09436157358781722
1014,30,TPE,-0.09436157358781722
1014,31,TPE,-0.09436157358781722
1014,32,TPE,-0.09436157358781722
1014,33,TPE,-0.09436157358781722
1014,34,TPE,-0.09436157358781722
1014,35,TPE,-0.09436157358781722
1014,36,TPE,-0.09436157358781722
1014,37,TPE,-0.09436157358781722
1014,38,TPE,-0.24541857894605587
1014,39,TPE,-0.24541857894605587
1014,40,TPE,-0.24541857894605587
1014,41,TPE,-0.4948312242393024
1014,42,TPE,-0.6035483847429308
1014,43,TPE,-0.6035483847429308
1014,44,TPE,-0.6035483847429308
1014,45,TPE,-0.6035483847429308
1014,46,TPE,-0.6035483847429308
1014,47,TPE,-0.6035483847429308
1014,48,TPE,-0.6035483847429308
1014,49,TPE,-0.6035483847429308
1014,50,TPE,-0.6035483847429308
1014,51,TPE,-0.6035483847429308
1014,52,TPE,-0.6035483847429308
1014,53,TPE,-0.6035483847429308
1014,54,TPE,-0.6035483847429308
1014,55,TPE,-0.6035483847429308
1014,56,TPE,-0.6035483847429308
1014,57,TPE,-0.6035483847429308
1014,58,TPE,-0.6035483847429308
1014,59,TPE,-0.6035483847429308
1014,60,TPE,-0.6035483847429308
1014,61,TPE,-0.6035483847429308
1014,62,TPE,-0.6035483847429308
1014,63,TPE,-0.6035483847429308
1014,64,TPE,-0.6035483847429308
1014,65,TPE,-0.6035483847429308
1014,66,TPE,-0.6035483847429308
1014,67,TPE,-0.6035483847429308
1014,68,TPE,-0.6035483847429308
1014,69,TPE,-0.6035483847429308
1014,70,TPE,-0.6035483847429308
1014,71,TPE,-0.6035483847429308
1014,72,TPE,-0.6035483847429308
1014,73,TPE,-0.6035483847429308
1014,74,TPE,-0.6035483847429308
1014,75,TPE,-0.6035483847429308
1014,76,TPE,-0.6035483847429308
1014,77,TPE,-0.6035483847429308
1014,78,TPE,-0.6035483847429308
1014,79,TPE,-0.6035483847429308
1014,80,TPE,-0.6035483847429308
1015,0,TPE,-0.011923545336789187
1015,1,TPE,-0.011923545336789187
1015,2,TPE,-0.011923545336789187
1015,3,TPE,-0.011923545336789187
1015,4,TPE,-0.011923545336789187
1015,5,TPE,-0.011923545336789187
1015,6,TPE,-0.011923545336789187
1015,7,TPE,-0.011923545336789187
1015,8,TPE,-0.011923545336789187
1015,9,TPE,-0.011923545336789187
1015,10,TPE,-0.011923545336789187
1015,11,TPE,-0.011923545336789187
1015,12,TPE,-0.011923545336789187
1015,13,TPE,-0.011923545336789187
1015,14,TPE,-0.011923545336789187
1015,15,TPE,-0.011923545336789187
1015,16,TPE,-0.011923545336789187
1015,17,TPE,-0.011923545336789187
1015,18,TPE,-0.011923545336789187
1015,19,TPE,-0.011923545336789187
1015,20,TPE,-0.09932109490244162
1015,21,TPE,-0.09932109490244162
1015,22,TPE,-0.09932109490244162
1015,23,TPE,-0.09932109490244162
1015,24,TPE,-0.09932109490244162
1015,25,TPE,-0.3046166011433326
1015,26,TPE,-0.3046166011433326
1015,27,TPE,-0.3046166011433326
1015,28,TPE,-0.3046166011433326
1015,29,TPE,-0.3046166011433326
1015,30,TPE,-0.3046166011433326
1015,31,TPE,-0.3046166011433326
1015,32,TPE,-0.3046166011433326
1015,33,TPE,-0.3046166011433326
1015,34,TPE,-0.3046166011433326
1015,35,TPE,-0.3046166011433326
1015,36,TPE,-0.3046166011433326
1015,37,TPE,-0.3046166011433326
1015,38,TPE,-0.3046166011433326
1015,39,TPE,-0.3046166011433326
1015,40,TPE,-0.3046166011433326
1015,41,TPE,-0.33704518828979063
1015,42,TPE,-0.33704518828979063
1015,43,TPE,-0.33704518828979063
1015,44,TPE,-0.33704518828979063
1015,45,TPE,-0.33704518828979063
1015,46,TPE,-0.33704518828979063
1015,47,TPE,-0.33704518828979063
1015,48,TPE,-0.33704518828979063
1015,49,TPE,-0.33704518828979063
1015,50,TPE,-0.33704518828979063
1015,51,TPE,-0.33704518828979063
1015,52,TPE,-0.33704518828979063
1015,53,TPE,-0.33704518828979063
1015,54,TPE,-0.33704518828979063
1015,55,TPE,-0.33704518828979063
1015,56,TPE,-0.33704518828979063
1015,57,TPE,-0.33704518828979063
1015,58,TPE,-0.33704518828979063
1015,59,TPE,-0.33704518828979063
1015,60,TPE,-0.33704518828979063
1015,61,TPE,-0.33704518828979063
1015,62,TPE,-0.33704518828979063
1015,63,TPE,-0.33704518828979063
1015,64,TPE,-0.33704518828979063
1015,65,TPE,-0.33704518828979063
1015,66,TPE,-0.33704518828979063
1015,67,TPE,-0.33704518828979063
1015,68,TPE,-0.33704518828979063
1015,69,TPE,-0.33704518828979063
1015,70,TPE,-0.33704518828979063
1015,71,TPE,-0.33704518828979063
1015,72,TPE,-0.33704518828979063
1015,73,TPE,-0.33704518828979063
1015,74,TPE,-0.33704518828979063
1015,75,TPE,-0.33704518828979063
1015,76,TPE,-0.33704518828979063
1015,77,TPE,-0.33704518828979063
1015,78,TPE,-0.33704518828979063
1015,79,TPE,-0.3495208253899298
1015,80,TPE,-0.3495208253899298
1016,0,TPE,0.8964639543246811
1016,1,TPE,0.2312487114699323
1016,2,TPE,0.2312487114699323
1016,3,TPE,0.2312487114699323
1016,4,TPE,0.2312487114699323
1016,5,TPE,0.13953479676874148
1016,6,TPE,0.13953479676874148
1016,7,TPE,0.13953479676874148
1016,8,TPE,0.13953479676874148
1016,9,TPE,0.13953479676874148
1016,10,TPE,0.13953479676874148
1016,11,TPE,0.04320783670505468
1016,12,TPE,-0.027282827776146767
1016,13,TPE,-0.027282827776146767
1016,14,TPE,-0.027282827776146767
1016,15,TPE,-0.027282827776146767
1016,16,TPE,-0.027282827776146767
1016,17,TPE,-0.027282827776146767
1016,18,TPE,-0.027282827776146767
1016,19,TPE,-0.027282827776146767
1016,20,TPE,-0.027282827776146767
1016,21,TPE,-0.027282827776146767
1016,22,TPE,-0.027282827776146767
1016,23,TPE,-0.027282827776146767
1016,24,TPE,-0.027282827776146767
1016,25,TPE,-0.027282827776146767
1016,26,TPE,-0.027282827776146767
1016,27,TPE,-0.027282827776146767
1016,28,TPE,-0.027282827776146767
1016,29,TPE,-0.027282827776146767
1016,30,TPE,-0.027282827776146767
1016,31,TPE,-0.027282827776146767
1016,32,TPE,-0.027282827776146767
1016,33,TPE,-0.027282827776146767
1016,34,TPE,-0.027282827776146767
1016,35,TPE,-0.027282827776146767
1016,36,TPE,-0.027282827776146767
1016,37,TPE,-0.027282827776146767
1016,38,TPE,-0.027282827776146767
1016,39,TPE,-0.027282827776146767
1016,40,TPE,-0.027282827776146767
1016,41,TPE,-0.027282827776146767
1016,42,TPE,-0.027282827776146767
1016,43,TPE,-0.027282827776146767
1016,44,TPE,-0.027282827776146767
1016,45,TPE,-0.027282827776146767
1016,46,TPE,-0.027282827776146767
1016,47,TPE,-0.027282827776146767
1016,48,TPE,-0.027282827776146767
1016,49,TPE,-0.027282827776146767
1016,50,TPE,-0.027282827776146767
1016,51,TPE,-0.027282827776146767
1016,52,TPE,-0.027282827776146767
1016,53,TPE,-0.027282827776146767
1016,54,TPE,-0.027282827776146767
1016,55,TPE,-0.027282827776146767
1016,56,TPE,-0.3538369163134081
1016,57,TPE,-0.3538369163134081
1016,58,TPE,-0.3538369163134081
1016,59,TPE,-0.3538369163134081
1016,60,TPE,-0.6441439139669476
1016,61,TPE,-0.6441439139669476
1016,62,TPE,-0.6441439139669476
1016,63,TPE,-0.6441439139669476
1016,64,TPE,-0.6441439139669476
1016,65,TPE,-0.6441439139669476
1016,66,TPE,-0.6441439139669476
1016,67,TPE,-0.6441439139669476
1016,68,TPE,-0.6441439139669476
1016,69,TPE,-0.6441439139669476
1016,70,TPE,-0.6441439139669476
1016,71,TPE,-0.6441439139669476
1016,72,TPE,-0.6441439139669476
1016,73,TPE,-0.6441439139669476
1016,74,TPE,-0.6441439139669476
1016,75,TPE,-0.6441439139669476
1016,76,TPE,-0.6441439139669476
1016,77,TPE,-0.6441439139669476
1016,78,TPE,-0.6441439139669476
1016,79,TPE,-0.6441439139669476
1016,80,TPE,-0.6441439139669476
1017,0,TPE,0.18480608789797073
1017,1,TPE,0.18480608789797073
1017,2,TPE,0.18480608789797073
1017,3,TPE,0.18480608789797073
1017,4,TPE,0.18480608789797073
1017,5,TPE,0.18480608789797073
1017,6,TPE,0.18480608789797073
1017,7,TPE,0.18480608789797073
1017,8,TPE,0.18480608789797073
1017,9,TPE,0.18480608789797073
1017,10,TPE,0.18480608789797073
1017,11,TPE,0.18480608789797073
1017,12,TPE,0.18480608789797073
1017,13,TPE,0.18480608789797073
1017,14,TPE,0.18480608789797073
1017,15,TPE,0.18480608789797073
1017,16,TPE,0.18480608789797073
1017,17,TPE,0.18480608789797073
1017,18,TPE,0.18480608789797073
1017,19,TPE,0.18480608789797073
1017,20,TPE,0.18480608789797073
1017,21,TPE,0.18480608789797073
1017,22,TPE,0.18480608789797073
1017,23,TPE,0.18480608789797073
1017,24,TPE,0.18480608789797073
1017,25,TPE,0.18480608789797073
1017,26,TPE,0.18480608789797073
1017,27,TPE,0.18480608789797073
1017,28,TPE,0.18480608789797073
1017,29,TPE,0.18480608789797073
1017,30,TPE,0.18480608789797073
1017,31,TPE,0.18480608789797073
1017,32,TPE,0.18480608789797073
1017,33,TPE,0.18480608789797073
1017,34,TPE,0.18480608789797073
1017,35,TPE,0.09567338072531027
1017,36,TPE,0.09567338072531027
1017,37,TPE,0.09567338072531027
1017,38,TPE,0.09567338072531027
1017,39,TPE,0.09567338072531027
1017,40,TPE,0.09567338072531027
1017,41,TPE,0.09567338072531027
1017,42,TPE,0.09567338072531027
1017,43,TPE,0.0899334658880776
1017,44,TPE,0.07643752650096475
1017,45,TPE,0.07643752650096475
1017,46,TPE,0.07643752650096475
1017,47,TPE,0.07643752650096475
1017,48,TPE,0.07643752650096475
1017,49,TPE,0.07643752650096475
1017,50,TPE,0.07643752650096475
1017,51,TPE,0.061073511524284155
1017,52,TPE,0.061073511524284155
1017,53,TPE,0.05965528755232599
1017,54,TPE,0.05965528755232599
1017,55,TPE,0.05965528755232599
1017,56,TPE,0.05965528755232599
1017,57,TPE,0.05965528755232599
1017,58,TPE,0.05965528755232599
1017,59,TPE,0.05965528755232599
1017,60,TPE,0.05965528755232599
1017,61,TPE,0.05965528755232599
1017,62,TPE,0.05965528755232599
1017,63,TPE,0.05965528755232599
1017,64,TPE,0.05965528755232599
1017,65,TPE,0.05965528755232599
1017,66,TPE,0.05965528755232599
1017,67,TPE,0.05965528755232599
1017,68,TPE,0.05965528755232599
1017,69,TPE,0.05965528755232599
1017,70,TPE,0.05965528755232599
1017,71,TPE,0.05965528755232599
1017,72,TPE,0.05965528755232599
1017,73,TPE,0.05965528755232599
1017,74,TPE,0.05965528755232599
1017,75,TPE,0.05965528755232599
1017,76,TPE,0.05965528755232599
1017,77,TPE,0.05965528755232599
1017,78,TPE,0.05965528755232599
1017,79,TPE,0.05965528755232599
1017,80,TPE,0.05965528755232599
1018,0,TPE,0.8002025330363529
1018,1,TPE,0.7255220290692785
1018,2,TPE,0.7255220290692785
1018,3,TPE,0.37261479584376794
1018,4,TPE,0.03293759602867975
1018,5,TPE,-0.03207395990507217
1018,6,TPE,-0.4107146490443759
1018,7,TPE,-0.4107146490443759
1018,8,TPE,-0.4107146490443759
1018,9,TPE,-0.4107146490443759
1018,10,TPE,-0.4107146490443759
1018,11,TPE,-0.4107146490443759
1018,12,TPE,-0.4107146490443759
1018,13,TPE,-0.4107146490443759
1018,14,TPE,-0.4107146490443759
1018,15,TPE,-0.4107146490443759
1018,16,TPE,-0.4107146490443759
1018,17,TPE,-0.4107146490443759
1018,18,TPE,-0.4107146490443759
1018,19,TPE,-0.4107146490443759
1018,20,TPE,-0.4107146490443759
1018,21,TPE,-0.4107146490443759
1018,22,TPE,-0.4107146490443759
1018,23,TPE,-0.4107146490443759
1018,24,TPE,-0.4107146490443759
1018,25,TPE,-0.4107146490443759
1018,26,TPE,-0.4107146490443759
1018,27,TPE,-0.4107146490443759
1018,28,TPE,-0.4107146490443759
1018,29,TPE,-0.4107146490443759
1018,30,TPE,-0.4107146490443759
1018,31,TPE,-0.4107146490443759
1018,32,TPE,-0.4107146490443759
1018,33,TPE,-0.4107146490443759
1018,34,TPE,-0.4107146490443759
1018,35,TPE,-0.4107146490443759
1018,36,TPE,-0.4107146490443759
1018,37,TPE,-0.4107146490443759
1018,38,TPE,-0.4107146490443759
1018,39,TPE,-0.4107146490443759
1018,40,TPE,-0.4107146490443759
1018,41,TPE,-0.4107146490443759
1018,42,TPE,-0.4107146490443759
1018,43,TPE,-0.4107146490443759
1018,44,TPE,-0.4107146490443759
1018,45,TPE,-0.4107146490443759
1018,46,TPE,-0.4107146490443759
1018,47,TPE,-0.4107146490443759
1018,48,TPE,-0.4107146490443759
1018,49,TPE,-0.4107146490443759
1018,50,TPE,-0.4107146490443759
1018,51,TPE,-0.4107146490443759
1018,52,TPE,-0.4107146490443759
1018,53,TPE,-0.4107146490443759
1018,54,TPE,-0.4107146490443759
1018,55,TPE,-0.4107146490443759
1018,56,TPE,-0.4107146490443759
1018,57,TPE,-0.4107146490443759
1018,58,TPE,-0.4107146490443759
1018,59,TPE,-0.4107146490443759
1018,60,TPE,-0.4107146490443759
1018,61,TPE,-0.4107146490443759
1018,62,TPE,-0.4107146490443759
1018,63,TPE,-0.4107146490443759
1018,64,TPE,-0.4107146490443759
1018,65,TPE,-0.4107146490443759
1018,66,TPE,-0.4107146490443759
1018,67,TPE,-0.4107146490443759
1018,68,TPE,-0.4107146490443759
1018,69,TPE,-0.4107146490443759
1018,70,TPE,-0.5094764089433794
1018,71,TPE,-0.5094764089433794
1018,72,TPE,-0.5094764089433794
1018,73,TPE,-0.5094764089433794
1018,74,TPE,-0.5094764089433794
1018,75,TPE,-0.5094764089433794
1018,76,TPE,-0.5094764089433794
1018,77,TPE,-0.5094764089433794
1018,78,TPE,-0.5094764089433794
1018,79,TPE,-0.5094764089433794
1018,80,TPE,-0.5094764089433794
1019,0,TPE,0.3500298901279344
1019,1,TPE,0.3500298901279344
1019,2,TPE,0.3500298901279344
1019,3,TPE,0.3500298901279344
1019,4,TPE,0.3500298901279344
1019,5,TPE,0.252242458557327
1019,6,TPE,0.21909299764779955
1019,7,TPE,0.21909299764779955
1019,8,TPE,0.21909299764779955
1019,9,TPE,0.21909299764779955
1019,10,TPE,0.21909299764779955
1019,11,TPE,0.21909299764779955
1019,12,TPE,0.21909299764779955
1019,13,TPE,0.21909299764779955
1019,14,TPE,0.21909299764779955
1019,15,TPE,0.13032283252177487
1019,16,TPE,0.05675176995857735
1019,17,TPE,0.05675176995857735
1019,18,TPE,0.05675176995857735
1019,19,TPE,0.05675176995857735
1019,20,TPE,-0.239516859568421
1019,21,TPE,-0.37930654215838244
1019,22,TPE,-0.37930654215838244
1019,23,TPE,-0.37930654215838244
1019,24,TPE,-0.37930654215838244
1019,25,TPE,-0.37930654215838244
1019,26,TPE,-0.37930654215838244
1019,27,TPE,-0.37930654215838244
1019,28,TPE,-0.37930654215838244
1019,29,TPE,-0.37930654215838244
1019,30,TPE,-0.37930654215838244
1019,31,TPE,-0.37930654215838244
1019,32,TPE,-0.37930654215838244
1019,33,TPE,-0.37930654215838244
1019,34,TPE,-0.37930654215838244
1019,35,TPE,-0.7004281911958405
1019,36,TPE,-0.7004281911958405
1019,37,TPE,-0.7004281911958405
1019,38,TPE,-0.7004281911958405
1019,39,TPE,-0.7069097364411139
1019,40,TPE,-0.7069097364411139
1019,41,TPE,-0.7069097364411139
1019,42,TPE,-0.7069097364411139
1019,43,TPE,-0.7069097364411139
1019,44,TPE,-0.7069097364411139
1019,45,TPE,-0.7069097364411139
1019,46,TPE,-0.7069097364411139
1019,47,TPE,-0.7069097364411139
1019,48,TPE,-0.7069097364411139
1019,49,TPE,-0.7069097364411139
1019,50,TPE,-0.7069097364411139
1019,51,TPE,-0.7069097364411139
1019,52,TPE,-0.7069097364411139
1019,53,TPE,-0.7144944106951098
1019,54,TPE,-0.7144944106951098
1019,55,TPE,-0.7144944106951098
1019,56,TPE,-0.7144944106951098
1019,57,TPE,-0.7144944106951098
1019,58,TPE,-0.7144944106951098
1019,59,TPE,-0.7144944106951098
1019,60,TPE,-0.7144944106951098
1019,61,TPE,-0.7144944106951098
1019,62,TPE,-0.7144944106951098
1019,63,TPE,-0.7144944106951098
1019,64,TPE,-0.7144944106951098
1019,65,TPE,-0.7144944106951098
1019,66,TPE,-0.7144944106951098
1019,67,TPE,-0.7144944106951098
1019,68,TPE,-0.7144944106951098
1019,69,TPE,-0.7144944106951098
1019,70,TPE,-0.7144944106951098
1019,71,TPE,-0.7144944106951098
1019,72,TPE,-0.7144944106951098
1019,73,TPE,-0.7144944106951098
1019,74,TPE,-0.7144944106951098
1019,75,TPE,-0.7144944106951098
1019,76,TPE,-0.7144944106951098
1019,77,TPE,-0.7144944106951098
1019,78,TPE,-0.7144944106951098
1019,79,TPE,-0.7144944106951098
1019,80,TPE,-0.7144944106951098
1020,0,TPE,0.500538030000912
1020,1,TPE,0.500538030000912
1020,2,TPE,0.41381327431525716
1020,3,TPE,0.3788607616154974
1020,4,TPE,0.33568159004118164
1020,5,TPE,0.33568159004118164
1020,6,TPE,0.33568159004118164
1020,7,TPE,0.32035914239372343
1020,8,TPE,0.32035914239372343
1020,9,TPE,0.32035914239372343
1020,10,TPE,0.32035914239372343
1020,11,TPE,0.32035914239372343
1020,12,TPE,0.32035914239372343
1020,13,TPE,0.32035914239372343
1020,14,TPE,0.3013834161061111
1020,15,TPE,0.11019344205071535
1020,16,TPE,0.11019344205071535
1020,17,TPE,0.11019344205071535
1020,18,TPE,0.11019344205071535
1020,19,TPE,0.11019344205071535
1020,20,TPE,0.11019344205071535
1020,21,TPE,0.11019344205071535
1020,22,TPE,0.11019344205071535
1020,23,TPE,0.11019344205071535
1020,24,TPE,0.11019344205071535
1020,25,TPE,0.11019344205071535
1020,26,TPE,0.11019344205071535
1020,27,TPE,0.11019344205071535
1020,28,TPE,0.11019344205071535
1020,29,TPE,0.11019344205071535
1020,30,TPE,0.11019344205071535
1020,31,TPE,0.11019344205071535
1020,32,TPE,0.11019344205071535
1020,33,TPE,0.11019344205071535
1020,34,TPE,0.025494606304347998
1020,35,TPE,0.025494606304347998
1020,36,TPE,0.025494606304347998
1020,37,TPE,0.025494606304347998
1020,38,TPE,0.025494606304347998
1020,39,TPE,0.025494606304347998
1020,40,TPE,0.025494606304347998
1020,41,TPE,0.025494606304347998
1020,42,TPE,0.025494606304347998
1020,43,TPE,0.016354672610883393
1020,44,TPE,0.016354672610883393
1020,45,TPE,0.013305842573803442
1020,46,TPE,0.013305842573803442
1020,47,TPE,0.013305842573803442
1020,48,TPE,0.013305842573803442
1020,49,TPE,0.013305842573803442
1020,50,TPE,0.013305842573803442
1020,51,TPE,0.013145348183624112
1020,52,TPE,0.010848262614669481
1020,53,TPE,0.010848262614669481
1020,54,TPE,0.010848262614669481
1020,55,TPE,0.010848262614669481
1020,56,TPE,0.010848262614669481
1020,57,TPE,0.010848262614669481
1020,58,TPE,0.010848262614669481
1020,59,TPE,0.010848262614669481
1020,60,TPE,0.010848262614669481
1020,61,TPE,0.010848262614669481
1020,62,TPE,0.010848262614669481
1020,63,TPE,0.010848262614669481
1020,64,TPE,0.010848262614669481
1020,65,TPE,-0.1743244688076112
1020,66,TPE,-0.3621768072516529
1020,67,TPE,-0.3621768072516529
1020,68,TPE,-0.3621768072516529
1020,69,TPE,-0.3621768072516529
1020,70,TPE,-0.3621768072516529
1020,71,TPE,-0.36375192206473167
1020,72,TPE,-0.36375192206473167
1020,73,TPE,-0.36375192206473167
1020,74,TPE,-0.36375192206473167
1020,75,TPE,-0.36375192206473167
1020,76,TPE,-0.36375192206473167
1020,77,TPE,-0.36375192206473167
1020,78,TPE,-0.36375192206473167
1020,79,TPE,-0.36375192206473167
1020,80,TPE,-0.36375192206473167
1021,0,TPE,0.2718163701172871
1021,1,TPE,0.07656906556700711
1021,2,TPE,0.05536618923510094
1021,3,TPE,0.05536618923510094
1021,4,TPE,0.05536618923510094
1021,5,TPE,0.05536618923510094
1021,6,TPE,0.05536618923510094
1021,7,TPE,0.05536618923510094
1021,8,TPE,0.05536618923510094
1021,9,TPE,0.05536618923510094
1021,10,TPE,0.05536618923510094
1021,11,TPE,0.05536618923510094
1021,12,TPE,0.05536618923510094
1021,13,TPE,0.05536618923510094
1021,14,TPE,0.05536618923510094
1021,15,TPE,0.05536618923510094
1021,16,TPE,0.05536618923510094
1021,17,TPE,0.05536618923510094
1021,18,TPE,0.05536618923510094
1021,19,TPE,0.05536618923510094
1021,20,TPE,0.05536618923510094
1021,21,TPE,0.05536618923510094
1021,22,TPE,0.05536618923510094
1021,23,TPE,0.05536618923510094
1021,24,TPE,0.05536618923510094
1021,25,TPE,0.05536618923510094
1021,26,TPE,0.05536618923510094
1021,27,TPE,0.05536618923510094
1021,28,TPE,0.05536618923510094
1021,29,TPE,0.05536618923510094
1021,30,TPE,0.05536618923510094
1021,31,TPE,0.05536618923510094
1021,32,TPE,0.05536618923510094
1021,33,TPE,0.05536618923510094
1021,34,TPE,0.05536618923510094
1021,35,TPE,0.05536618923510094
1021,36,TPE,0.05536618923510094
1021,37,TPE,0.05536618923510094
1021,38,TPE,0.05536618923510094
1021,39,TPE,0.05536618923510094
1021,40,TPE,0.05536618923510094
1021,41,TPE,0.05536618923510094
1021,42,TPE,0.05536618923510094
1021,43,TPE,0.05536618923510094
1021,44,TPE,0.05536618923510094
1021,45,TPE,0.05536618923510094
1021,46,TPE,0.05536618923510094
1021,47,TPE,0.05536618923510094
1021,48,TPE,0.05536618923510094
1021,49,TPE,0.05536618923510094
1021,50,TPE,0.05536618923510094
1021,51,TPE,0.05536618923510094
1021,52,TPE,0.05536618923510094
1021,53,TPE,0.05536618923510094
1021,54,TPE,0.05536618923510094
1021,55,TPE,0.05536618923510094
1021,56,TPE,0.05536618923510094
1021,57,TPE,0.05536618923510094
1021,58,TPE,0.05536618923510094
1021,59,TPE,0.05536618923510094
1021,60,TPE,0.05536618923510094
1021,61,TPE,0.05536618923510094
1021,62,TPE,0.05536618923510094
1021,63,TPE,0.05536618923510094
1021,64,TPE,0.05536618923510094
1021,65,TPE,0.05536618923510094
1021,66,TPE,0.05536618923510094
1021,67,TPE,0.05536618923510094
1021,68,TPE,0.05536618923510094
1021,69,TPE,0.05536618923510094
1021,70,TPE,0.05536618923510094
1021,71,TPE,0.05536618923510094
1021,72,TPE,0.05536618923510094
1021,73,TPE,0.05536618923510094
1021,74,TPE,0.05536618923510094
1021,75,TPE,0.05536618923510094
1021,76,TPE,0.05536618923510094
1021,77,TPE,0.05536618923510094
1021,78,TPE,0.05536618923510094
1021,79,TPE,0.05536618923510094
1021,80,TPE,0.05536618923510094
1022,0,TPE,0.06441905758762015
1022,1,TPE,0.06441905758762015
1022,2,TPE,0.06441905758762015
1022,3,TPE,-0.6989301434242126
1022,4,TPE,-0.6989301434242126
1022,5,TPE,-0.6989301434242126
1022,6,TPE,-0.6989301434242126
1022,7,TPE,-0.6989301434242126
1022,8,TPE,-0.6989301434242126
1022,9,TPE,-0.6989301434242126
1022,10,TPE,-0.6989301434242126
1022,11,TPE,-0.6989301434242126
1022,12,TPE,-0.6989301434242126
1022,13,TPE,-0.6989301434242126
1022,14,TPE,-0.6989301434242126
1022,15,TPE,-0.6989301434242126
1022,16,TPE,-0.6989301434242126
1022,17,TPE,-0.6989301434242126
1022,18,TPE,-0.6989301434242126
1022,19,TPE,-0.6989301434242126
1022,20,TPE,-0.6989301434242126
1022,21,TPE,-0.6989301434242126
1022,22,TPE,-0.6989301434242126
1022,23,TPE,-0.6989301434242126
1022,24,TPE,-0.6989301434242126
1022,25,TPE,-0.6989301434242126
1022,26,TPE,-0.6989301434242126
1022,27,TPE,-0.6989301434242126
1022,28,TPE,-0.6989301434242126
1022,29,TPE,-0.6989301434242126
1022,30,TPE,-0.6989301434242126
1022,31,TPE,-0.6989301434242126
1022,32,TPE,-0.6989301434242126
1022,33,TPE,-0.6989301434242126
1022,34,TPE,-0.6989301434242126
1022,35,TPE,-0.6989301434242126
1022,36,TPE,-0.6989301434242126
1022,37,TPE,-0.6989301434242126
1022,38,TPE,-0.6989301434242126
1022,39,TPE,-0.6989301434242126
1022,40,TPE,-0.6989301434242126
1022,41,TPE,-0.6989301434242126
1022,42,TPE,-0.6989301434242126
1022,43,TPE,-0.6989301434242126
1022,44,TPE,-0.6989301434242126
1022,45,TPE,-0.6989301434242126
1022,46,TPE,-0.6989301434242126
1022,47,TPE,-0.6989301434242126
1022,48,TPE,-0.6989301434242126
1022,49,TPE,-0.6989301434242126
1022,50,TPE,-0.6989301434242126
1022,51,TPE,-0.6989301434242126
1022,52,TPE,-0.6989301434242126
1022,53,TPE,-0.6989301434242126
1022,54,TPE,-0.6989301434242126
1022,55,TPE,-0.6989301434242126
1022,56,TPE,-0.6989301434242126
1022,57,TPE,-0.6989301434242126
1022,58,TPE,-0.6989301434242126
1022,59,TPE,-0.6989301434242126
1022,60,TPE,-0.6989301434242126
1022,61,TPE,-0.6989301434242126
1022,62,TPE,-0.6989301434242126
1022,63,TPE,-0.6989301434242126
1022,64,TPE,-0.6989301434242126
1022,65,TPE,-0.6989301434242126
1022,66,TPE,-0.6989301434242126
1022,67,TPE,-0.6989301434242126
1022,68,TPE,-0.6989301434242126
1022,69,TPE,-0.6989301434242126
1022,70,TPE,-0.6989301434242126
1022,71,TPE,-0.6989301434242126
1022,72,TPE,-0.6989301434242126
1022,73,TPE,-0.6989301434242126
1022,74,TPE,-0.6989301434242126
1022,75,TPE,-0.6989301434242126
1022,76,TPE,-0.6989301434242126
1022,77,TPE,-0.6989301434242126
1022,78,TPE,-0.6989301434242126
1022,79,TPE,-0.7191324203294407
1022,80,TPE,-0.7191324203294407
1023,0,TPE,0.5190098528333306
1023,1,TPE,0.5190098528333306
1023,2,TPE,-0.2822949835154944
1023,3,TPE,-0.5425431903555471
1023,4,TPE,-0.6559871684927661
1023,5,TPE,-0.6559871684927661
1023,6,TPE,-0.6559871684927661
1023,7,TPE,-0.6559871684927661
1023,8,TPE,-0.6559871684927661
1023,9,TPE,-0.6559871684927661
1023,10,TPE,-0.6559871684927661
1023,11,TPE,-0.6559871684927661
1023,12,TPE,-0.6559871684927661
1023,13,TPE,-0.6559871684927661
1023,14,TPE,-0.6559871684927661
1023,15,TPE,-0.6559871684927661
1023,16,TPE,-0.6559871684927661
1023,17,TPE,-0.6559871684927661
1023,18,TPE,-0.6559871684927661
1023,19,TPE,-0.6559871684927661
1023,20,TPE,-0.6559871684927661
1023,21,TPE,-0.6559871684927661
1023,22,TPE,-0.6559871684927661
1023,23,TPE,-0.6559871684927661
1023,24,TPE,-0.715496363711643
1023,25,TPE,-0.715496363711643
1023,26,TPE,-0.715496363711643
1023,27,TPE,-0.715496363711643
1023,28,TPE,-0.715496363711643
1023,29,TPE,-0.715496363711643
1023,30,TPE,-0.715496363711643
1023,31,TPE,-0.715496363711643
1023,32,TPE,-0.715496363711643
1023,33,TPE,-0.715496363711643
1023,34,TPE,-0.715496363711643
1023,35,TPE,-0.715496363711643
1023,36,TPE,-0.715496363711643
1023,37,TPE,-0.715496363711643
1023,38,TPE,-0.715496363711643
1023,39,TPE,-0.715496363711643
1023,40,TPE,-0.715496363711643
1023,41,TPE,-0.715496363711643
1023,42,TPE,-0.715496363711643
1023,43,TPE,-0.715496363711643
1023,44,TPE,-0.715496363711643
1023,45,TPE,-0.715496363711643
1023,46,TPE,-0.715496363711643
1023,47,TPE,-0.715496363711643
1023,48,TPE,-0.715496363711643
1023,49,TPE,-0.715496363711643
1023,50,TPE,-0.715496363711643
1023,51,TPE,-0.715496363711643
1023,52,TPE,-0.715496363711643
1023,53,TPE,-0.715496363711643
1023,54,TPE,-0.715496363711643
1023,55,TPE,-0.715496363711643
1023,56,TPE,-0.715496363711643
1023,57,TPE,-0.715496363711643
1023,58,TPE,-0.715496363711643
1023,59,TPE,-0.715496363711643
1023,60,TPE,-0.715496363711643
1023,61,TPE,-0.715496363711643
1023,62,TPE,-0.715496363711643
1023,63,TPE,-0.715496363711643
1023,64,TPE,-0.715496363711643
1023,65,TPE,-0.715496363711643
1023,66,TPE,-0.715496363711643
1023,67,TPE,-0.715496363711643
1023,68,TPE,-0.715496363711643
1023,69,TPE,-0.715496363711643
1023,70,TPE,-0.715496363711643
1023,71,TPE,-0.715496363711643
1023,72,TPE,-0.715496363711643
1023,73,TPE,-0.715496363711643
1023,74,TPE,-0.715496363711643
1023,75,TPE,-0.715496363711643
1023,76,TPE,-0.715496363711643
1023,77,TPE,-0.715496363711643
1023,78,TPE,-0.715496363711643
1023,79,TPE,-0.715496363711643
1023,80,TPE,-0.715496363711643
1024,0,TPE,0.1392361442654606
1024,1,TPE,0.1392361442654606
1024,2,TPE,0.1392361442654606
1024,3,TPE,0.1392361442654606
1024,4,TPE,0.1392361442654606
1024,5,TPE,0.1392361442654606
1024,6,TPE,0.1392361442654606
1024,7,TPE,-0.26358321342309143
1024,8,TPE,-0.2867590378607344
1024,9,TPE,-0.2867590378607344
1024,10,TPE,-0.2867590378607344
1024,11,TPE,-0.2867590378607344
1024,12,TPE,-0.2867590378607344
1024,13,TPE,-0.2867590378607344
1024,14,TPE,-0.2867590378607344
1024,15,TPE,-0.2867590378607344
1024,16,TPE,-0.2867590378607344
1024,17,TPE,-0.2867590378607344
1024,18,TPE,-0.2867590378607344
1024,19,TPE,-0.2867590378607344
1024,20,TPE,-0.2867590378607344
1024,21,TPE,-0.2867590378607344
1024,22,TPE,-0.2867590378607344
1024,23,TPE,-0.3675198888069755
1024,24,TPE,-0.3675198888069755
1024,25,TPE,-0.3675198888069755
1024,26,TPE,-0.3675198888069755
1024,27,TPE,-0.3675198888069755
1024,28,TPE,-0.3675198888069755
1024,29,TPE,-0.3675198888069755
1024,30,TPE,-0.3675198888069755
1024,31,TPE,-0.3675198888069755
1024,32,TPE,-0.38245092269018843
1024,33,TPE,-0.38245092269018843
1024,34,TPE,-0.38245092269018843
1024,35,TPE,-0.38245092269018843
1024,36,TPE,-0.38245092269018843
1024,37,TPE,-0.38245092269018843
1024,38,TPE,-0.38245092269018843
1024,39,TPE,-0.38245092269018843
1024,40,TPE,-0.38245092269018843
1024,41,TPE,-0.38245092269018843
1024,42,TPE,-0.5978450167269067
1024,43,TPE,-0.6191677819633348
1024,44,TPE,-0.6852576693872019
1024,45,TPE,-0.6852576693872019
1024,46,TPE,-0.6852576693872019
1024,47,TPE,-0.6852576693872019
1024,48,TPE,-0.6852576693872019
1024,49,TPE,-0.6852576693872019
1024,50,TPE,-0.6852576693872019
1024,51,TPE,-0.6852576693872019
1024,52,TPE,-0.6852576693872019
1024,53,TPE,-0.6852576693872019
1024,54,TPE,-0.6852576693872019
1024,55,TPE,-0.6852576693872019
1024,56,TPE,-0.6852576693872019
1024,57,TPE,-0.6852576693872019
1024,58,TPE,-0.6852576693872019
1024,59,TPE,-0.6852576693872019
1024,60,TPE,-0.6852576693872019
1024,61,TPE,-0.6852576693872019
1024,62,TPE,-0.6852576693872019
1024,63,TPE,-0.6852576693872019
1024,64,TPE,-0.6852576693872019
1024,65,TPE,-0.6852576693872019
1024,66,TPE,-0.6852576693872019
1024,67,TPE,-0.6852576693872019
1024,68,TPE,-0.6852576693872019
1024,69,TPE,-0.6852576693872019
1024,70,TPE,-0.6852576693872019
1024,71,TPE,-0.6852576693872019
1024,72,TPE,-0.6852576693872019
1024,73,TPE,-0.6852576693872019
1024,74,TPE,-0.6852576693872019
1024,75,TPE,-0.6852576693872019
1024,76,TPE,-0.6852576693872019
1024,77,TPE,-0.6852576693872019
1024,78,TPE,-0.6852576693872019
1024,79,TPE,-0.6852576693872019
1024,80,TPE,-0.6852576693872019
1025,0,TPE,0.2169352040525106
1025,1,TPE,0.2169352040525106
1025,2,TPE,0.21221830793275254
1025,3,TPE,0.21221830793275254
1025,4,TPE,0.21221830793275254
1025,5,TPE,0.21221830793275254
1025,6,TPE,0.21221830793275254
1025,7,TPE,0.21221830793275254
1025,8,TPE,0.21221830793275254
1025,9,TPE,0.21221830793275254
1025,10,TPE,0.21221830793275254
1025,11,TPE,0.21221830793275254
1025,12,TPE,0.21221830793275254
1025,13,TPE,0.21221830793275254
1025,14,TPE,0.21221830793275254
1025,15,TPE,0.21221830793275254
1025,16,TPE,0.21221830793275254
1025,17,TPE,0.21221830793275254
1025,18,TPE,0.21221830793275254
1025,19,TPE,0.21221830793275254
1025,20,TPE,0.014083846827508656
1025,21,TPE,0.01292160976188414
1025,22,TPE,0.01292160976188414
1025,23,TPE,0.01292160976188414
1025,24,TPE,0.01292160976188414
1025,25,TPE,0.01292160976188414
1025,26,TPE,0.01292160976188414
1025,27,TPE,0.01292160976188414
1025,28,TPE,0.01292160976188414
1025,29,TPE,0.01292160976188414
1025,30,TPE,0.01292160976188414
1025,31,TPE,0.01292160976188414
1025,32,TPE,0.01292160976188414
1025,33,TPE,0.01292160976188414
1025,34,TPE,0.01292160976188414
1025,35,TPE,0.01292160976188414
1025,36,TPE,0.01292160976188414
1025,37,TPE,0.01292160976188414
1025,38,TPE,0.01292160976188414
1025,39,TPE,0.01292160976188414
1025,40,TPE,0.01292160976188414
1025,41,TPE,0.01292160976188414
1025,42,TPE,0.01292160976188414
1025,43,TPE,0.01292160976188414
1025,44,TPE,0.01292160976188414
1025,45,TPE,0.01292160976188414
1025,46,TPE,0.01292160976188414
1025,47,TPE,0.01292160976188414
1025,48,TPE,-0.36760497066412795
1025,49,TPE,-0.36760497066412795
1025,50,TPE,-0.36760497066412795
1025,51,TPE,-0.36760497066412795
1025,52,TPE,-0.36760497066412795
1025,53,TPE,-0.36760497066412795
1025,54,TPE,-0.36760497066412795
1025,55,TPE,-0.36760497066412795
1025,56,TPE,-0.36760497066412795
1025,57,TPE,-0.36760497066412795
1025,58,TPE,-0.36760497066412795
1025,59,TPE,-0.36760497066412795
1025,60,TPE,-0.36760497066412795
1025,61,TPE,-0.36760497066412795
1025,62,TPE,-0.36760497066412795
1025,63,TPE,-0.36760497066412795
1025,64,TPE,-0.36760497066412795
1025,65,TPE,-0.36760497066412795
1025,66,TPE,-0.36760497066412795
1025,67,TPE,-0.36760497066412795
1025,68,TPE,-0.36760497066412795
1025,69,TPE,-0.36760497066412795
1025,70,TPE,-0.36760497066412795
1025,71,TPE,-0.36760497066412795
1025,72,TPE,-0.36760497066412795
1025,73,TPE,-0.36760497066412795
1025,74,TPE,-0.36760497066412795
1025,75,TPE,-0.36760497066412795
1025,76,TPE,-0.36760497066412795
1025,77,TPE,-0.36760497066412795
1025,78,TPE,-0.36760497066412795
1025,79,TPE,-0.36760497066412795
1025,80,TPE,-0.36760497066412795
