seed,iter,method,best
1001,0,BASS-BO,48.37849685039696
1001,1,BASS-BO,48.37849685039696
1001,2,BASS-BO,48.37849685039696
1001,3,BASS-BO,48.37849685039696
1001,4,BASS-BO,48.37849685039696
1001,5,BASS-BO,48.37849685039696
1001,6,BASS-BO,48.37849685039696
1001,7,BASS-BO,48.37849685039696
1001,8,BASS-BO,48.37849685039696
1001,9,BASS-BO,48.37849685039696
1001,10,BASS-BO,48.37849685039696
1001,11,BASS-BO,48.37849685039696
1001,12,BASS-BO,48.37849685039696
1001,13,BASS-BO,48.37849685039696
1001,14,BASS-BO,48.37849685039696
1001,15,BASS-BO,48.37849685039696
1001,16,BASS-BO,48.37849685039696
1001,17,BASS-BO,48.37849685039696
1001,18,BASS-BO,48.37849685039696
1001,19,BASS-BO,48.37849685039696
1001,20,BASS-BO,48.37849685039696
1001,21,BASS-BO,48.37849685039696
1001,22,BASS-BO,48.37849685039696
1001,23,BASS-BO,48.37849685039696
1001,24,BASS-BO,48.37849685039696
1001,25,BASS-BO,45.066768551257475
1001,26,BASS-BO,45.066768551257475
1001,27,BASS-BO,45.066768551257475
1001,28,BASS-BO,45.066768551257475
1001,29,BASS-BO,45.066768551257475
1001,30,BASS-BO,45.066768551257475
1001,31,BASS-BO,45.066768551257475
1001,32,BASS-BO,45.066768551257475
1001,33,BASS-BO,45.066768551257475
1001,34,BASS-BO,45.066768551257475
1001,35,BASS-BO,45.066768551257475
1001,36,BASS-BO,45.066768551257475
1001,37,BASS-BO,45.066768551257475
1001,38,BASS-BO,36.89324304578187
1001,39,BASS-BO,36.89324304578187
1001,40,BASS-BO,36.89324304578187
1001,41,BASS-BO,36.89324304578187
1001,42,BASS-BO,36.89324304578187
1001,43,BASS-BO,36.89324304578187
1001,44,BASS-BO,36.89324304578187
1001,45,BASS-BO,36.89324304578187
1001,46,BASS-BO,33.7715032529892
1001,47,BASS-BO,33.7715032529892
1001,48,BASS-BO,33.7715032529892
1001,49,BASS-BO,33.7715032529892
1001,50,BASS-BO,33.7715032529892
1001,51,BASS-BO,33.7715032529892
1001,52,BASS-BO,33.7715032529892
1001,53,BASS-BO,33.7715032529892
1001,54,BASS-BO,33.7715032529892
1001,55,BASS-BO,30.998649738091583
1001,56,BASS-BO,30.998649738091583
1001,57,BASS-BO,30.998649738091583
1001,58,BASS-BO,30.998649738091583
1001,59,BASS-BO,30.998649738091583
1001,60,BASS-BO,30.998649738091583
1001,61,BASS-BO,30.998649738091583
1001,62,BASS-BO,30.998649738091583
1001,63,BASS-BO,30.998649738091583
1001,64,BASS-BO,30.998649738091583
1001,65,BASS-BO,30.998649738091583
1001,66,BASS-BO,30.998649738091583
1001,67,BASS-BO,30.998649738091583
1001,68,BASS-BO,30.998649738091583
1001,69,BASS-BO,30.998649738091583
1001,70,BASS-BO,30.998649738091583
1001,71,BASS-BO,30.998649738091583
1001,72,BASS-BO,30.998649738091583
1001,73,BASS-BO,30.998649738091583
1001,74,BASS-BO,30.998649738091583
1001,75,BASS-BO,30.998649738091583
1001,76,BASS-BO,30.998649738091583
1001,77,BASS-BO,30.998649738091583
1001,78,BASS-BO,30.998649738091583
1001,79,BASS-BO,30.998649738091583
1001,80,BASS-BO,30.998649738091583
1001,0,GP-BO,48.37849685039696
1001,1,GP-BO,48.37849685039696
1001,2,GP-BO,48.37849685039696
1001,3,GP-BO,30.52615004911873
1001,4,GP-BO,30.52615004911873
1001,5,GP-BO,30.52615004911873
1001,6,GP-BO,30.52615004911873
1001,7,GP-BO,30.52615004911873
1001,8,GP-BO,30.52615004911873
1001,9,GP-BO,30.52615004911873
1001,10,GP-BO,30.52615004911873
1001,11,GP-BO,30.52615004911873
1001,12,GP-BO,30.52615004911873
1001,13,GP-BO,30.52615004911873
1001,14,GP-BO,30.52615004911873
1001,15,GP-BO,30.52615004911873
1001,16,GP-BO,30.52615004911873
1001,17,GP-BO,30.52615004911873
1001,18,GP-BO,30.52615004911873
1001,19,GP-BO,30.52615004911873
1001,20,GP-BO,30.52615004911873
1001,21,GP-BO,30.52615004911873
1001,22,GP-BO,30.52615004911873
1001,23,GP-BO,30.52615004911873
1001,24,GP-BO,30.52615004911873
1001,25,GP-BO,30.52615004911873
1001,26,GP-BO,30.52615004911873
1001,27,GP-BO,29.949708622143095
1001,28,GP-BO,29.949708622143095
1001,29,GP-BO,29.949708622143095
1001,30,GP-BO,29.949708622143095
1001,31,GP-BO,29.949708622143095
1001,32,GP-BO,29.949708622143095
1001,33,GP-BO,29.949708622143095
1001,34,GP-BO,29.949708622143095
1001,35,GP-BO,26.174699042840558
1001,36,GP-BO,26.174699042840558
1001,37,GP-BO,26.174699042840558
1001,38,GP-BO,26.174699042840558
1001,39,GP-BO,26.174699042840558
1001,40,GP-BO,26.174699042840558
1001,41,GP-BO,26.174699042840558
1001,42,GP-BO,24.05884161226578
1001,43,GP-BO,24.05884161226578
1001,44,GP-BO,21.966534139289514
1001,45,GP-BO,21.966534139289514
1001,46,GP-BO,21.966534139289514
1001,47,GP-BO,21.966534139289514
1001,48,GP-BO,21.966534139289514
1001,49,GP-BO,21.966534139289514
1001,50,GP-BO,21.966534139289514
1001,51,GP-BO,21.966534139289514
1001,52,GP-BO,21.966534139289514
1001,53,GP-BO,21.966534139289514
1001,54,GP-BO,21.966534139289514
1001,55,GP-BO,21.966534139289514
1001,56,GP-BO,21.966534139289514
1001,57,GP-BO,21.966534139289514
1001,58,GP-BO,21.966534139289514
1001,59,GP-BO,21.966534139289514
1001,60,GP-BO,21.966534139289514
1001,61,GP-BO,21.966534139289514
1001,62,GP-BO,21.966534139289514
1001,63,GP-BO,21.966534139289514
1001,64,GP-BO,21.966534139289514
1001,65,GP-BO,21.966534139289514
1001,66,GP-BO,21.966534139289514
1001,67,GP-BO,21.966534139289514
1001,68,GP-BO,21.966534139289514
1001,69,GP-BO,21.966534139289514
1001,70,GP-BO,21.966534139289514
1001,71,GP-BO,21.966534139289514
1001,72,GP-BO,21.966534139289514
1001,73,GP-BO,21.966534139289514
1001,74,GP-BO,21.966534139289514
1001,75,GP-BO,21.966534139289514
1001,76,GP-BO,21.966534139289514
1001,77,GP-BO,21.966534139289514
1001,78,GP-BO,21.966534139289514
1001,79,GP-BO,21.966534139289514
1001,80,GP-BO,21.966534139289514
1001,0,Random,48.37849685039696
1001,1,Random,44.142826184209675
1001,2,Random,44.142826184209675
1001,3,Random,44.142826184209675
1001,4,Random,44.142826184209675
1001,5,Random,41.03194877715591
1001,6,Random,41.03194877715591
1001,7,Random,41.03194877715591
1001,8,Random,41.03194877715591
1001,9,Random,41.03194877715591
1001,10,Random,41.03194877715591
1001,11,Random,41.03194877715591
1001,12,Random,29.207691183175726
1001,13,Random,29.207691183175726
1001,14,Random,29.207691183175726
1001,15,Random,29.207691183175726
1001,16,Random,29.207691183175726
1001,17,Random,29.207691183175726
1001,18,Random,29.207691183175726
1001,19,Random,29.207691183175726
1001,20,Random,29.207691183175726
1001,21,Random,29.207691183175726
1001,22,Random,29.207691183175726
1001,23,Random,29.207691183175726
1001,24,Random,29.207691183175726
1001,25,Random,29.207691183175726
1001,26,Random,29.207691183175726
1001,27,Random,29.207691183175726
1001,28,Random,29.207691183175726
1001,29,Random,29.207691183175726
1001,30,Random,29.207691183175726
1001,31,Random,29.207691183175726
1001,32,Random,29.207691183175726
1001,33,Random,29.207691183175726
1001,34,Random,29.207691183175726
1001,35,Random,29.207691183175726
1001,36,Random,29.207691183175726
1001,37,Random,29.207691183175726
1001,38,Random,29.207691183175726
1001,39,Random,29.207691183175726
1001,40,Random,29.207691183175726
1001,41,Random,29.207691183175726
1001,42,Random,29.207691183175726
1001,43,Random,29.207691183175726
1001,44,Random,29.207691183175726
1001,45,Random,29.207691183175726
1001,46,Random,29.207691183175726
1001,47,Random,29.207691183175726
1001,48,Random,29.207691183175726
1001,49,Random,29.207691183175726
1001,50,Random,29.207691183175726
1001,51,Random,29.207691183175726
1001,52,Random,29.207691183175726
1001,53,Random,29.207691183175726
1001,54,Random,29.207691183175726
1001,55,Random,29.207691183175726
1001,56,Random,29.207691183175726
1001,57,Random,29.207691183175726
1001,58,Random,29.207691183175726
1001,59,Random,29.207691183175726
1001,60,Random,29.207691183175726
1001,61,Random,29.207691183175726
1001,62,Random,29.207691183175726
1001,63,Random,21.083288261886512
1001,64,Random,21.083288261886512
1001,65,Random,21.083288261886512
1001,66,Random,21.083288261886512
1001,67,Random,21.083288261886512
1001,68,Random,21.083288261886512
1001,69,Random,21.083288261886512
1001,70,Random,21.083288261886512
1001,71,Random,21.083288261886512
1001,72,Random,21.083288261886512
1001,73,Random,21.083288261886512
1001,74,Random,21.083288261886512
1001,75,Random,21.083288261886512
1001,76,Random,21.083288261886512
1001,77,Random,21.083288261886512
1001,78,Random,21.083288261886512
1001,79,Random,21.083288261886512
1001,80,Random,21.083288261886512
1002,0,BASS-BO,32.25636340621378
1002,1,BASS-BO,32.25636340621378
1002,2,BASS-BO,32.25636340621378
1002,3,BASS-BO,32.25636340621378
1002,4,BASS-BO,32.25636340621378
1002,5,BASS-BO,32.25636340621378
1002,6,BASS-BO,32.25636340621378
1002,7,BASS-BO,32.25636340621378
1002,8,BASS-BO,32.25636340621378
1002,9,BASS-BO,32.25636340621378
1002,10,BASS-BO,32.25636340621378
1002,11,BASS-BO,32.25636340621378
1002,12,BASS-BO,32.25636340621378
1002,13,BASS-BO,32.25636340621378
1002,14,BASS-BO,32.25636340621378
1002,15,BASS-BO,32.25636340621378
1002,16,BASS-BO,32.25636340621378
1002,17,BASS-BO,32.25636340621378
1002,18,BASS-BO,32.25636340621378
1002,19,BASS-BO,32.25636340621378
1002,20,BASS-BO,32.25636340621378
1002,21,BASS-BO,32.25636340621378
1002,22,BASS-BO,32.25636340621378
1002,23,BASS-BO,32.25636340621378
1002,24,BASS-BO,32.25636340621378
1002,25,BASS-BO,32.25636340621378
1002,26,BASS-BO,32.25636340621378
1002,27,BASS-BO,32.25636340621378
1002,28,BASS-BO,32.25636340621378
1002,29,BASS-BO,32.25636340621378
1002,30,BASS-BO,32.25636340621378
1002,31,BASS-BO,32.25636340621378
1002,32,BASS-BO,32.25636340621378
1002,33,BASS-BO,32.25636340621378
1002,34,BASS-BO,32.25636340621378
1002,35,BASS-BO,32.25636340621378
1002,36,BASS-BO,32.25636340621378
1002,37,BASS-BO,32.25636340621378
1002,38,BASS-BO,32.25636340621378
1002,39,BASS-BO,32.25636340621378
1002,40,BASS-BO,32.25636340621378
1002,41,BASS-BO,32.25636340621378
1002,42,BASS-BO,32.25636340621378
1002,43,BASS-BO,32.25636340621378
1002,44,BASS-BO,32.25636340621378
1002,45,BASS-BO,32.25636340621378
1002,46,BASS-BO,32.25636340621378
1002,47,BASS-BO,32.25636340621378
1002,48,BASS-BO,32.25636340621378
1002,49,BASS-BO,32.25636340621378
1002,50,BASS-BO,32.25636340621378
1002,51,BASS-BO,32.25636340621378
1002,52,BASS-BO,32.25636340621378
1002,53,BASS-BO,32.25636340621378
1002,54,BASS-BO,32.25636340621378
1002,55,BASS-BO,32.25636340621378
1002,56,BASS-BO,32.25636340621378
1002,57,BASS-BO,32.25636340621378
1002,58,BASS-BO,32.25636340621378
1002,59,BASS-BO,32.25636340621378
1002,60,BASS-BO,32.25636340621378
1002,61,BASS-BO,32.25636340621378
1002,62,BASS-BO,32.25636340621378
1002,63,BASS-BO,32.25636340621378
1002,64,BASS-BO,32.25636340621378
1002,65,BASS-BO,32.25636340621378
1002,66,BASS-BO,32.25636340621378
1002,67,BASS-BO,32.25636340621378
1002,68,BASS-BO,32.25636340621378
1002,69,BASS-BO,32.25636340621378
1002,70,BASS-BO,32.25636340621378
1002,71,BASS-BO,32.25636340621378
1002,72,BASS-BO,32.25636340621378
1002,73,BASS-BO,32.25636340621378
1002,74,BASS-BO,32.25636340621378
1002,75,BASS-BO,32.25636340621378
1002,76,BASS-BO,32.25636340621378
1002,77,BASS-BO,32.25636340621378
1002,78,BASS-BO,32.25636340621378
1002,79,BASS-BO,32.01655476130597
1002,80,BASS-BO,22.20090853144682
1002,0,GP-BO,32.25636340621378
1002,1,GP-BO,32.25636340621378
1002,2,GP-BO,32.25636340621378
1002,3,GP-BO,32.25636340621378
1002,4,GP-BO,32.25636340621378
1002,5,GP-BO,32.25636340621378
1002,6,GP-BO,32.25636340621378
1002,7,GP-BO,32.25636340621378
1002,8,GP-BO,32.25636340621378
1002,9,GP-BO,32.25636340621378
1002,10,GP-BO,32.25636340621378
1002,11,GP-BO,32.25636340621378
1002,12,GP-BO,32.25636340621378
1002,13,GP-BO,32.25636340621378
1002,14,GP-BO,32.25636340621378
1002,15,GP-BO,32.25636340621378
1002,16,GP-BO,32.25636340621378
1002,17,GP-BO,32.25636340621378
1002,18,GP-BO,16.924323810695686
1002,19,GP-BO,16.924323810695686
1002,20,GP-BO,16.924323810695686
1002,21,GP-BO,16.924323810695686
1002,22,GP-BO,16.924323810695686
1002,23,GP-BO,16.924323810695686
1002,24,GP-BO,16.924323810695686
1002,25,GP-BO,16.924323810695686
1002,26,GP-BO,16.924323810695686
1002,27,GP-BO,16.924323810695686
1002,28,GP-BO,14.580429470896735
1002,29,GP-BO,14.058992159423113
1002,30,GP-BO,14.058992159423113
1002,31,GP-BO,13.368354213089415
1002,32,GP-BO,13.113627208642171
1002,33,GP-BO,13.113627208642171
1002,34,GP-BO,13.113627208642171
1002,35,GP-BO,13.113627208642171
1002,36,GP-BO,13.113627208642171
1002,37,GP-BO,13.113627208642171
1002,38,GP-BO,13.113627208642171
1002,39,GP-BO,13.113627208642171
1002,40,GP-BO,12.998635322180174
1002,41,GP-BO,12.998635322180174
1002,42,GP-BO,12.998635322180174
1002,43,GP-BO,12.95766389033616
1002,44,GP-BO,12.95766389033616
1002,45,GP-BO,12.95766389033616
1002,46,GP-BO,12.95766389033616
1002,47,GP-BO,12.95766389033616
1002,48,GP-BO,12.95766389033616
1002,49,GP-BO,12.95766389033616
1002,50,GP-BO,12.95766389033616
1002,51,GP-BO,12.95766389033616
1002,52,GP-BO,12.95766389033616
1002,53,GP-BO,12.95766389033616
1002,54,GP-BO,12.95766389033616
1002,55,GP-BO,12.95766389033616
1002,56,GP-BO,12.95766389033616
1002,57,GP-BO,12.95766389033616
1002,58,GP-BO,12.95766389033616
1002,59,GP-BO,12.95766389033616
1002,60,GP-BO,12.95766389033616
1002,61,GP-BO,12.95766389033616
1002,62,GP-BO,12.95766389033616
1002,63,GP-BO,12.95766389033616
1002,64,GP-BO,12.95766389033616
1002,65,GP-BO,12.95766389033616
1002,66,GP-BO,12.95766389033616
1002,67,GP-BO,12.95766389033616
1002,68,GP-BO,12.95766389033616
1002,69,GP-BO,12.95766389033616
1002,70,GP-BO,12.95766389033616
1002,71,GP-BO,12.95766389033616
1002,72,GP-BO,12.95766389033616
1002,73,GP-BO,12.95766389033616
1002,74,GP-BO,12.95766389033616
1002,75,GP-BO,12.95766389033616
1002,76,GP-BO,12.95766389033616
1002,77,GP-BO,12.95766389033616
1002,78,GP-BO,12.95766389033616
1002,79,GP-BO,12.95766389033616
1002,80,GP-BO,12.95766389033616
1002,0,Random,32.25636340621378
1002,1,Random,32.25636340621378
1002,2,Random,32.25636340621378
1002,3,Random,32.25636340621378
1002,4,Random,32.25636340621378
1002,5,Random,32.25636340621378
1002,6,Random,32.25636340621378
1002,7,Random,32.25636340621378
1002,8,Random,32.25636340621378
1002,9,Random,32.25636340621378
1002,10,Random,32.25636340621378
1002,11,Random,32.25636340621378
1002,12,Random,32.25636340621378
1002,13,Random,32.25636340621378
1002,14,Random,32.25636340621378
1002,15,Random,32.25636340621378
1002,16,Random,32.25636340621378
1002,17,Random,32.25636340621378
1002,18,Random,32.25636340621378
1002,19,Random,32.25636340621378
1002,20,Random,32.25636340621378
1002,21,Random,32.25636340621378
1002,22,Random,32.25636340621378
1002,23,Random,32.25636340621378
1002,24,Random,32.25636340621378
1002,25,Random,32.25636340621378
1002,26,Random,32.25636340621378
1002,27,Random,32.25636340621378
1002,28,Random,32.25636340621378
1002,29,Random,32.25636340621378
1002,30,Random,32.25636340621378
1002,31,Random,32.25636340621378
1002,32,Random,32.25636340621378
1002,33,Random,32.25636340621378
1002,34,Random,32.25636340621378
1002,35,Random,32.25636340621378
1002,36,Random,32.25636340621378
1002,37,Random,32.25636340621378
1002,38,Random,32.25636340621378
1002,39,Random,32.25636340621378
1002,40,Random,32.25636340621378
1002,41,Random,32.25636340621378
1002,42,Random,32.25636340621378
1002,43,Random,32.25636340621378
1002,44,Random,32.25636340621378
1002,45,Random,32.25636340621378
1002,46,Random,32.25636340621378
1002,47,Random,32.25636340621378
1002,48,Random,32.25636340621378
1002,49,Random,32.25636340621378
1002,50,Random,32.25636340621378
1002,51,Random,32.25636340621378
1002,52,Random,32.25636340621378
1002,53,Random,32.25636340621378
1002,54,Random,32.25636340621378
1002,55,Random,32.25636340621378
1002,56,Random,32.25636340621378
1002,57,Random,32.25636340621378
1002,58,Random,32.25636340621378
1002,59,Random,32.25636340621378
1002,60,Random,32.25636340621378
1002,61,Random,32.25636340621378
1002,62,Random,32.25636340621378
1002,63,Random,32.25636340621378
1002,64,Random,32.25636340621378
1002,65,Random,32.25636340621378
1002,66,Random,32.25636340621378
1002,67,Random,32.25636340621378
1002,68,Random,32.25636340621378
1002,69,Random,32.25636340621378
1002,70,Random,32.25636340621378
1002,71,Random,32.25636340621378
1002,72,Random,32.25636340621378
1002,73,Random,32.25636340621378
1002,74,Random,32.25636340621378
1002,75,Random,32.25636340621378
1002,76,Random,32.25636340621378
1002,77,Random,32.25636340621378
1002,78,Random,32.25636340621378
1002,79,Random,32.25636340621378
1002,80,Random,32.25636340621378
1003,0,BASS-BO,41.51352301006946
1003,1,BASS-BO,41.51352301006946
1003,2,BASS-BO,41.51352301006946
1003,3,BASS-BO,41.51352301006946
1003,4,BASS-BO,41.51352301006946
1003,5,BASS-BO,41.51352301006946
1003,6,BASS-BO,41.51352301006946
1003,7,BASS-BO,41.51352301006946
1003,8,BASS-BO,41.51352301006946
1003,9,BASS-BO,41.51352301006946
1003,10,BASS-BO,41.51352301006946
1003,11,BASS-BO,41.51352301006946
1003,12,BASS-BO,41.51352301006946
1003,13,BASS-BO,41.51352301006946
1003,14,BASS-BO,41.51352301006946
1003,15,BASS-BO,41.51352301006946
1003,16,BASS-BO,41.51352301006946
1003,17,BASS-BO,41.51352301006946
1003,18,BASS-BO,41.51352301006946
1003,19,BASS-BO,41.51352301006946
1003,20,BASS-BO,41.51352301006946
1003,21,BASS-BO,29.410768183977563
1003,22,BASS-BO,29.410768183977563
1003,23,BASS-BO,29.410768183977563
1003,24,BASS-BO,29.410768183977563
1003,25,BASS-BO,29.410768183977563
1003,26,BASS-BO,29.410768183977563
1003,27,BASS-BO,29.410768183977563
1003,28,BASS-BO,29.410768183977563
1003,29,BASS-BO,29.410768183977563
1003,30,BASS-BO,29.410768183977563
1003,31,BASS-BO,29.410768183977563
1003,32,BASS-BO,29.410768183977563
1003,33,BASS-BO,29.410768183977563
1003,34,BASS-BO,29.410768183977563
1003,35,BASS-BO,29.410768183977563
1003,36,BASS-BO,29.410768183977563
1003,37,BASS-BO,29.410768183977563
1003,38,BASS-BO,29.410768183977563
1003,39,BASS-BO,29.410768183977563
1003,40,BASS-BO,29.410768183977563
1003,41,BASS-BO,29.410768183977563
1003,42,BASS-BO,29.410768183977563
1003,43,BASS-BO,29.410768183977563
1003,44,BASS-BO,29.410768183977563
1003,45,BASS-BO,29.410768183977563
1003,46,BASS-BO,29.410768183977563
1003,47,BASS-BO,29.410768183977563
1003,48,BASS-BO,29.410768183977563
1003,49,BASS-BO,29.410768183977563
1003,50,BASS-BO,29.410768183977563
1003,51,BASS-BO,29.410768183977563
1003,52,BASS-BO,29.410768183977563
1003,53,BASS-BO,29.410768183977563
1003,54,BASS-BO,29.410768183977563
1003,55,BASS-BO,29.410768183977563
1003,56,BASS-BO,29.410768183977563
1003,57,BASS-BO,29.410768183977563
1003,58,BASS-BO,29.410768183977563
1003,59,BASS-BO,29.410768183977563
1003,60,BASS-BO,29.410768183977563
1003,61,BASS-BO,29.410768183977563
1003,62,BASS-BO,29.410768183977563
1003,63,BASS-BO,29.410768183977563
1003,64,BASS-BO,29.410768183977563
1003,65,BASS-BO,29.410768183977563
1003,66,BASS-BO,29.410768183977563
1003,67,BASS-BO,29.410768183977563
1003,68,BASS-BO,29.410768183977563
1003,69,BASS-BO,29.410768183977563
1003,70,BASS-BO,29.410768183977563
1003,71,BASS-BO,29.410768183977563
1003,72,BASS-BO,29.410768183977563
1003,73,BASS-BO,29.410768183977563
1003,74,BASS-BO,29.410768183977563
1003,75,BASS-BO,29.410768183977563
1003,76,BASS-BO,29.410768183977563
1003,77,BASS-BO,29.410768183977563
1003,78,BASS-BO,29.410768183977563
1003,79,BASS-BO,29.410768183977563
1003,80,BASS-BO,29.410768183977563
1003,0,GP-BO,41.51352301006946
1003,1,GP-BO,41.51352301006946
1003,2,GP-BO,41.51352301006946
1003,3,GP-BO,41.51352301006946
1003,4,GP-BO,41.51352301006946
1003,5,GP-BO,41.51352301006946
1003,6,GP-BO,41.51352301006946
1003,7,GP-BO,41.51352301006946
1003,8,GP-BO,41.51352301006946
1003,9,GP-BO,41.51352301006946
1003,10,GP-BO,41.51352301006946
1003,11,GP-BO,41.51352301006946
1003,12,GP-BO,41.51352301006946
1003,13,GP-BO,41.51352301006946
1003,14,GP-BO,41.51352301006946
1003,15,GP-BO,41.51352301006946
1003,16,GP-BO,41.51352301006946
1003,17,GP-BO,41.51352301006946
1003,18,GP-BO,41.51352301006946
1003,19,GP-BO,36.91922320785683
1003,20,GP-BO,36.91922320785683
1003,21,GP-BO,36.91922320785683
1003,22,GP-BO,36.91922320785683
1003,23,GP-BO,36.91922320785683
1003,24,GP-BO,36.91922320785683
1003,25,GP-BO,33.90416430508867
1003,26,GP-BO,25.314555753164406
1003,27,GP-BO,25.314555753164406
1003,28,GP-BO,25.314555753164406
1003,29,GP-BO,25.314555753164406
1003,30,GP-BO,25.314555753164406
1003,31,GP-BO,25.314555753164406
1003,32,GP-BO,25.314555753164406
1003,33,GP-BO,25.23917534216254
1003,34,GP-BO,25.018756525825157
1003,35,GP-BO,24.93873785986962
1003,36,GP-BO,24.93873785986962
1003,37,GP-BO,24.93873785986962
1003,38,GP-BO,24.93873785986962
1003,39,GP-BO,24.93873785986962
1003,40,GP-BO,24.93873785986962
1003,41,GP-BO,24.93873785986962
1003,42,GP-BO,24.93873785986962
1003,43,GP-BO,24.93873785986962
1003,44,GP-BO,24.93873785986962
1003,45,GP-BO,24.93873785986962
1003,46,GP-BO,24.93873785986962
1003,47,GP-BO,24.93873785986962
1003,48,GP-BO,24.93873785986962
1003,49,GP-BO,24.93873785986962
1003,50,GP-BO,24.93873785986962
1003,51,GP-BO,24.93873785986962
1003,52,GP-BO,24.93873785986962
1003,53,GP-BO,24.93873785986962
1003,54,GP-BO,24.93873785986962
1003,55,GP-BO,24.93873785986962
1003,56,GP-BO,24.93873785986962
1003,57,GP-BO,24.93873785986962
1003,58,GP-BO,24.903470277688744
1003,59,GP-BO,24.903470277688744
1003,60,GP-BO,24.903470277688744
1003,61,GP-BO,24.903470277688744
1003,62,GP-BO,24.903470277688744
1003,63,GP-BO,24.903470277688744
1003,64,GP-BO,24.903470277688744
1003,65,GP-BO,24.903470277688744
1003,66,GP-BO,24.903470277688744
1003,67,GP-BO,24.903470277688744
1003,68,GP-BO,24.88505642119589
1003,69,GP-BO,24.88505642119589
1003,70,GP-BO,24.88505642119589
1003,71,GP-BO,24.88505642119589
1003,72,GP-BO,24.88505642119589
1003,73,GP-BO,24.88505642119589
1003,74,GP-BO,24.88505642119589
1003,75,GP-BO,24.88505642119589
1003,76,GP-BO,24.88505642119589
1003,77,GP-BO,24.88505642119589
1003,78,GP-BO,24.88505642119589
1003,79,GP-BO,24.88505642119589
1003,80,GP-BO,24.88505642119589
1003,0,Random,41.51352301006946
1003,1,Random,41.51352301006946
1003,2,Random,41.51352301006946
1003,3,Random,41.51352301006946
1003,4,Random,41.51352301006946
1003,5,Random,41.51352301006946
1003,6,Random,41.51352301006946
1003,7,Random,41.51352301006946
1003,8,Random,41.51352301006946
1003,9,Random,41.51352301006946
1003,10,Random,41.51352301006946
1003,11,Random,41.51352301006946
1003,12,Random,41.51352301006946
1003,13,Random,41.51352301006946
1003,14,Random,41.51352301006946
1003,15,Random,41.51352301006946
1003,16,Random,41.51352301006946
1003,17,Random,41.51352301006946
1003,18,Random,41.51352301006946
1003,19,Random,41.51352301006946
1003,20,Random,41.51352301006946
1003,21,Random,41.51352301006946
1003,22,Random,41.51352301006946
1003,23,Random,41.51352301006946
1003,24,Random,41.51352301006946
1003,25,Random,41.51352301006946
1003,26,Random,41.51352301006946
1003,27,Random,41.51352301006946
1003,28,Random,41.51352301006946
1003,29,Random,41.51352301006946
1003,30,Random,41.51352301006946
1003,31,Random,37.075593586457
1003,32,Random,37.075593586457
1003,33,Random,37.075593586457
1003,34,Random,37.075593586457
1003,35,Random,37.075593586457
1003,36,Random,37.075593586457
1003,37,Random,37.075593586457
1003,38,Random,37.075593586457
1003,39,Random,37.075593586457
1003,40,Random,37.075593586457
1003,41,Random,37.06953073882839
1003,42,Random,37.06953073882839
1003,43,Random,37.06953073882839
1003,44,Random,37.06953073882839
1003,45,Random,37.06953073882839
1003,46,Random,37.06953073882839
1003,47,Random,37.06953073882839
1003,48,Random,37.06953073882839
1003,49,Random,37.06953073882839
1003,50,Random,37.06953073882839
1003,51,Random,37.06953073882839
1003,52,Random,37.06953073882839
1003,53,Random,37.06953073882839
1003,54,Random,37.06953073882839
1003,55,Random,37.06953073882839
1003,56,Random,37.06953073882839
1003,57,Random,37.06953073882839
1003,58,Random,37.06953073882839
1003,59,Random,37.06953073882839
1003,60,Random,37.06953073882839
1003,61,Random,37.06953073882839
1003,62,Random,37.06953073882839
1003,63,Random,37.06953073882839
1003,64,Random,37.06953073882839
1003,65,Random,37.06953073882839
1003,66,Random,37.06953073882839
1003,67,Random,37.06953073882839
1003,68,Random,37.06953073882839
1003,69,Random,37.06953073882839
1003,70,Random,37.06953073882839
1003,71,Random,37.06953073882839
1003,72,Random,37.06953073882839
1003,73,Random,37.06953073882839
1003,74,Random,37.06953073882839
1003,75,Random,37.06953073882839
1003,76,Random,37.06953073882839
1003,77,Random,34.412895525730995
1003,78,Random,34.412895525730995
1003,79,Random,34.412895525730995
1003,80,Random,34.412895525730995
1004,0,BASS-BO,38.05060206573254
1004,1,BASS-BO,38.05060206573254
1004,2,BASS-BO,38.05060206573254
1004,3,BASS-BO,38.05060206573254
1004,4,BASS-BO,38.05060206573254
1004,5,BASS-BO,38.05060206573254
1004,6,BASS-BO,38.05060206573254
1004,7,BASS-BO,38.05060206573254
1004,8,BASS-BO,38.05060206573254
1004,9,BASS-BO,38.05060206573254
1004,10,BASS-BO,38.05060206573254
1004,11,BASS-BO,38.05060206573254
1004,12,BASS-BO,38.05060206573254
1004,13,BASS-BO,38.05060206573254
1004,14,BASS-BO,27.543332052516952
1004,15,BASS-BO,27.543332052516952
1004,16,BASS-BO,27.543332052516952
1004,17,BASS-BO,27.543332052516952
1004,18,BASS-BO,27.543332052516952
1004,19,BASS-BO,27.543332052516952
1004,20,BASS-BO,27.543332052516952
1004,21,BASS-BO,27.543332052516952
1004,22,BASS-BO,27.543332052516952
1004,23,BASS-BO,27.543332052516952
1004,24,BASS-BO,27.543332052516952
1004,25,BASS-BO,27.543332052516952
1004,26,BASS-BO,27.543332052516952
1004,27,BASS-BO,27.543332052516952
1004,28,BASS-BO,27.543332052516952
1004,29,BASS-BO,27.543332052516952
1004,30,BASS-BO,27.187048185102412
1004,31,BASS-BO,27.187048185102412
1004,32,BASS-BO,27.187048185102412
1004,33,BASS-BO,27.187048185102412
1004,34,BASS-BO,27.187048185102412
1004,35,BASS-BO,27.187048185102412
1004,36,BASS-BO,27.187048185102412
1004,37,BASS-BO,27.187048185102412
1004,38,BASS-BO,27.187048185102412
1004,39,BASS-BO,27.187048185102412
1004,40,BASS-BO,27.187048185102412
1004,41,BASS-BO,27.187048185102412
1004,42,BASS-BO,27.187048185102412
1004,43,BASS-BO,27.187048185102412
1004,44,BASS-BO,27.187048185102412
1004,45,BASS-BO,27.187048185102412
1004,46,BASS-BO,27.187048185102412
1004,47,BASS-BO,27.187048185102412
1004,48,BASS-BO,27.187048185102412
1004,49,BASS-BO,27.187048185102412
1004,50,BASS-BO,27.187048185102412
1004,51,BASS-BO,27.187048185102412
1004,52,BASS-BO,27.187048185102412
1004,53,BASS-BO,27.187048185102412
1004,54,BASS-BO,27.187048185102412
1004,55,BASS-BO,27.187048185102412
1004,56,BASS-BO,27.187048185102412
1004,57,BASS-BO,27.187048185102412
1004,58,BASS-BO,27.187048185102412
1004,59,BASS-BO,27.187048185102412
1004,60,BASS-BO,27.187048185102412
1004,61,BASS-BO,27.187048185102412
1004,62,BASS-BO,27.187048185102412
1004,63,BASS-BO,27.187048185102412
1004,64,BASS-BO,27.187048185102412
1004,65,BASS-BO,27.187048185102412
1004,66,BASS-BO,27.187048185102412
1004,67,BASS-BO,27.187048185102412
1004,68,BASS-BO,27.187048185102412
1004,69,BASS-BO,27.187048185102412
1004,70,BASS-BO,27.187048185102412
1004,71,BASS-BO,27.187048185102412
1004,72,BASS-BO,27.187048185102412
1004,73,BASS-BO,27.187048185102412
1004,74,BASS-BO,27.187048185102412
1004,75,BASS-BO,27.187048185102412
1004,76,BASS-BO,27.187048185102412
1004,77,BASS-BO,27.187048185102412
1004,78,BASS-BO,27.187048185102412
1004,79,BASS-BO,27.187048185102412
1004,80,BASS-BO,27.187048185102412
1004,0,GP-BO,38.05060206573254
1004,1,GP-BO,38.05060206573254
1004,2,GP-BO,26.70174723147162
1004,3,GP-BO,26.70174723147162
1004,4,GP-BO,26.70174723147162
1004,5,GP-BO,26.70174723147162
1004,6,GP-BO,26.70174723147162
1004,7,GP-BO,26.70174723147162
1004,8,GP-BO,19.30286210810032
1004,9,GP-BO,19.30286210810032
1004,10,GP-BO,19.30286210810032
1004,11,GP-BO,19.30286210810032
1004,12,GP-BO,19.30286210810032
1004,13,GP-BO,19.30286210810032
1004,14,GP-BO,19.30286210810032
1004,15,GP-BO,19.30286210810032
1004,16,GP-BO,19.30286210810032
1004,17,GP-BO,19.30286210810032
1004,18,GP-BO,19.30286210810032
1004,19,GP-BO,19.30286210810032
1004,20,GP-BO,19.30286210810032
1004,21,GP-BO,19.30286210810032
1004,22,GP-BO,12.337621408826411
1004,23,GP-BO,12.337621408826411
1004,24,GP-BO,12.337621408826411
1004,25,GP-BO,12.337621408826411
1004,26,GP-BO,12.337621408826411
1004,27,GP-BO,5.689557314461787
1004,28,GP-BO,5.689557314461787
1004,29,GP-BO,5.689557314461787
1004,30,GP-BO,5.689557314461787
1004,31,GP-BO,5.375011362986939
1004,32,GP-BO,5.147666669773763
1004,33,GP-BO,5.147666669773763
1004,34,GP-BO,5.147666669773763
1004,35,GP-BO,5.147666669773763
1004,36,GP-BO,5.147666669773763
1004,37,GP-BO,5.055685886272272
1004,38,GP-BO,5.052808313610122
1004,39,GP-BO,5.041562293733428
1004,40,GP-BO,5.041562293733428
1004,41,GP-BO,5.041562293733428
1004,42,GP-BO,5.041562293733428
1004,43,GP-BO,5.041562293733428
1004,44,GP-BO,5.041562293733428
1004,45,GP-BO,5.041562293733428
1004,46,GP-BO,5.041562293733428
1004,47,GP-BO,5.041562293733428
1004,48,GP-BO,5.041562293733428
1004,49,GP-BO,4.985333545225046
1004,50,GP-BO,4.985333545225046
1004,51,GP-BO,4.985333545225046
1004,52,GP-BO,4.985333545225046
1004,53,GP-BO,4.985333545225046
1004,54,GP-BO,4.985333545225046
1004,55,GP-BO,4.985333545225046
1004,56,GP-BO,4.985333545225046
1004,57,GP-BO,4.985333545225046
1004,58,GP-BO,4.985333545225046
1004,59,GP-BO,4.985333545225046
1004,60,GP-BO,4.985333545225046
1004,61,GP-BO,4.985333545225046
1004,62,GP-BO,4.985333545225046
1004,63,GP-BO,4.985333545225046
1004,64,GP-BO,4.985333545225046
1004,65,GP-BO,4.985333545225046
1004,66,GP-BO,4.985333545225046
1004,67,GP-BO,4.985333545225046
1004,68,GP-BO,4.985333545225046
1004,69,GP-BO,4.985333545225046
1004,70,GP-BO,4.985333545225046
1004,71,GP-BO,4.985333545225046
1004,72,GP-BO,4.985333545225046
1004,73,GP-BO,4.985333545225046
1004,74,GP-BO,4.985333545225046
1004,75,GP-BO,4.985333545225046
1004,76,GP-BO,4.985333545225046
1004,77,GP-BO,4.985333545225046
1004,78,GP-BO,4.985333545225046
1004,79,GP-BO,4.985333545225046
1004,80,GP-BO,4.985333545225046
1004,0,Random,38.05060206573254
1004,1,Random,38.05060206573254
1004,2,Random,38.05060206573254
1004,3,Random,38.05060206573254
1004,4,Random,38.05060206573254
1004,5,Random,38.05060206573254
1004,6,Random,38.05060206573254
1004,7,Random,38.05060206573254
1004,8,Random,38.05060206573254
1004,9,Random,38.05060206573254
1004,10,Random,38.05060206573254
1004,11,Random,35.00049223652657
1004,12,Random,35.00049223652657
1004,13,Random,35.00049223652657
1004,14,Random,35.00049223652657
1004,15,Random,35.00049223652657
1004,16,Random,35.00049223652657
1004,17,Random,35.00049223652657
1004,18,Random,35.00049223652657
1004,19,Random,35.00049223652657
1004,20,Random,35.00049223652657
1004,21,Random,35.00049223652657
1004,22,Random,35.00049223652657
1004,23,Random,35.00049223652657
1004,24,Random,35.00049223652657
1004,25,Random,35.00049223652657
1004,26,Random,35.00049223652657
1004,27,Random,35.00049223652657
1004,28,Random,35.00049223652657
1004,29,Random,35.00049223652657
1004,30,Random,35.00049223652657
1004,31,Random,35.00049223652657
1004,32,Random,35.00049223652657
1004,33,Random,35.00049223652657
1004,34,Random,35.00049223652657
1004,35,Random,35.00049223652657
1004,36,Random,35.00049223652657
1004,37,Random,35.00049223652657
1004,38,Random,35.00049223652657
1004,39,Random,35.00049223652657
1004,40,Random,35.00049223652657
1004,41,Random,35.00049223652657
1004,42,Random,35.00049223652657
1004,43,Random,35.00049223652657
1004,44,Random,35.00049223652657
1004,45,Random,35.00049223652657
1004,46,Random,35.00049223652657
1004,47,Random,35.00049223652657
1004,48,Random,35.00049223652657
1004,49,Random,35.00049223652657
1004,50,Random,35.00049223652657
1004,51,Random,35.00049223652657
1004,52,Random,35.00049223652657
1004,53,Random,35.00049223652657
1004,54,Random,35.00049223652657
1004,55,Random,35.00049223652657
1004,56,Random,35.00049223652657
1004,57,Random,35.00049223652657
1004,58,Random,35.00049223652657
1004,59,Random,35.00049223652657
1004,60,Random,35.00049223652657
1004,61,Random,35.00049223652657
1004,62,Random,35.00049223652657
1004,63,Random,35.00049223652657
1004,64,Random,35.00049223652657
1004,65,Random,35.00049223652657
1004,66,Random,35.00049223652657
1004,67,Random,35.00049223652657
1004,68,Random,35.00049223652657
1004,69,Random,35.00049223652657
1004,70,Random,35.00049223652657
1004,71,Random,35.00049223652657
1004,72,Random,35.00049223652657
1004,73,Random,35.00049223652657
1004,74,Random,35.00049223652657
1004,75,Random,35.00049223652657
1004,76,Random,35.00049223652657
1004,77,Random,35.00049223652657
1004,78,Random,35.00049223652657
1004,79,Random,35.00049223652657
1004,80,Random,29.78674545313436
1005,0,BASS-BO,43.50835457984783
1005,1,BASS-BO,43.50835457984783
1005,2,BASS-BO,43.50835457984783
1005,3,BASS-BO,43.50835457984783
1005,4,BASS-BO,43.50835457984783
1005,5,BASS-BO,43.50835457984783
1005,6,BASS-BO,43.50835457984783
1005,7,BASS-BO,43.50835457984783
1005,8,BASS-BO,43.50835457984783
1005,9,BASS-BO,43.50835457984783
1005,10,BASS-BO,43.50835457984783
1005,11,BASS-BO,43.50835457984783
1005,12,BASS-BO,43.50835457984783
1005,13,BASS-BO,43.50835457984783
1005,14,BASS-BO,43.50835457984783
1005,15,BASS-BO,43.50835457984783
1005,16,BASS-BO,43.50835457984783
1005,17,BASS-BO,43.50835457984783
1005,18,BASS-BO,43.50835457984783
1005,19,BASS-BO,43.50835457984783
1005,20,BASS-BO,43.50835457984783
1005,21,BASS-BO,43.50835457984783
1005,22,BASS-BO,43.50835457984783
1005,23,BASS-BO,43.50835457984783
1005,24,BASS-BO,43.50835457984783
1005,25,BASS-BO,43.50835457984783
1005,26,BASS-BO,41.79833898326463
1005,27,BASS-BO,41.79833898326463
1005,28,BASS-BO,41.79833898326463
1005,29,BASS-BO,41.79833898326463
1005,30,BASS-BO,41.79833898326463
1005,31,BASS-BO,41.79833898326463
1005,32,BASS-BO,41.79833898326463
1005,33,BASS-BO,41.79833898326463
1005,34,BASS-BO,31.991775238722877
1005,35,BASS-BO,31.991775238722877
1005,36,BASS-BO,31.991775238722877
1005,37,BASS-BO,31.991775238722877
1005,38,BASS-BO,31.991775238722877
1005,39,BASS-BO,31.991775238722877
1005,40,BASS-BO,31.991775238722877
1005,41,BASS-BO,31.991775238722877
1005,42,BASS-BO,31.991775238722877
1005,43,BASS-BO,31.991775238722877
1005,44,BASS-BO,31.991775238722877
1005,45,BASS-BO,31.991775238722877
1005,46,BASS-BO,31.991775238722877
1005,47,BASS-BO,31.991775238722877
1005,48,BASS-BO,31.991775238722877
1005,49,BASS-BO,31.991775238722877
1005,50,BASS-BO,31.991775238722877
1005,51,BASS-BO,31.991775238722877
1005,52,BASS-BO,31.991775238722877
1005,53,BASS-BO,31.991775238722877
1005,54,BASS-BO,31.991775238722877
1005,55,BASS-BO,31.991775238722877
1005,56,BASS-BO,31.991775238722877
1005,57,BASS-BO,31.991775238722877
1005,58,BASS-BO,31.991775238722877
1005,59,BASS-BO,31.991775238722877
1005,60,BASS-BO,31.991775238722877
1005,61,BASS-BO,31.991775238722877
1005,62,BASS-BO,31.991775238722877
1005,63,BASS-BO,31.991775238722877
1005,64,BASS-BO,31.991775238722877
1005,65,BASS-BO,31.991775238722877
1005,66,BASS-BO,31.991775238722877
1005,67,BASS-BO,31.991775238722877
1005,68,BASS-BO,31.991775238722877
1005,69,BASS-BO,31.991775238722877
1005,70,BASS-BO,31.991775238722877
1005,71,BASS-BO,31.991775238722877
1005,72,BASS-BO,31.991775238722877
1005,73,BASS-BO,31.991775238722877
1005,74,BASS-BO,31.991775238722877
1005,75,BASS-BO,31.991775238722877
1005,76,BASS-BO,31.991775238722877
1005,77,BASS-BO,31.991775238722877
1005,78,BASS-BO,31.991775238722877
1005,79,BASS-BO,31.991775238722877
1005,80,BASS-BO,31.991775238722877
1005,0,GP-BO,43.50835457984783
1005,1,GP-BO,43.50835457984783
1005,2,GP-BO,43.50835457984783
1005,3,GP-BO,43.50835457984783
1005,4,GP-BO,43.50835457984783
1005,5,GP-BO,43.50835457984783
1005,6,GP-BO,43.50835457984783
1005,7,GP-BO,43.50835457984783
1005,8,GP-BO,43.50835457984783
1005,9,GP-BO,43.50835457984783
1005,10,GP-BO,43.50835457984783
1005,11,GP-BO,43.50835457984783
1005,12,GP-BO,43.50835457984783
1005,13,GP-BO,43.50835457984783
1005,14,GP-BO,43.50835457984783
1005,15,GP-BO,43.50835457984783
1005,16,GP-BO,43.50835457984783
1005,17,GP-BO,43.50835457984783
1005,18,GP-BO,43.50835457984783
1005,19,GP-BO,42.45594262053528
1005,20,GP-BO,42.45594262053528
1005,21,GP-BO,42.45594262053528
1005,22,GP-BO,42.45594262053528
1005,23,GP-BO,42.45594262053528
1005,24,GP-BO,42.45594262053528
1005,25,GP-BO,31.956406241281726
1005,26,GP-BO,31.956406241281726
1005,27,GP-BO,31.956406241281726
1005,28,GP-BO,31.956406241281726
1005,29,GP-BO,31.956406241281726
1005,30,GP-BO,31.956406241281726
1005,31,GP-BO,31.956406241281726
1005,32,GP-BO,31.956406241281726
1005,33,GP-BO,31.956406241281726
1005,34,GP-BO,31.956406241281726
1005,35,GP-BO,31.956406241281726
1005,36,GP-BO,28.32215854781788
1005,37,GP-BO,28.32215854781788
1005,38,GP-BO,28.32215854781788
1005,39,GP-BO,28.32215854781788
1005,40,GP-BO,28.32215854781788
1005,41,GP-BO,28.32215854781788
1005,42,GP-BO,28.32215854781788
1005,43,GP-BO,22.17793907524925
1005,44,GP-BO,22.17793907524925
1005,45,GP-BO,22.17793907524925
1005,46,GP-BO,22.17793907524925
1005,47,GP-BO,22.17793907524925
1005,48,GP-BO,22.17793907524925
1005,49,GP-BO,22.17793907524925
1005,50,GP-BO,17.68033518664646
1005,51,GP-BO,17.68033518664646
1005,52,GP-BO,17.68033518664646
1005,53,GP-BO,17.68033518664646
1005,54,GP-BO,17.267062850617098
1005,55,GP-BO,17.267062850617098
1005,56,GP-BO,17.041336896080946
1005,57,GP-BO,17.041336896080946
1005,58,GP-BO,17.041336896080946
1005,59,GP-BO,17.041336896080946
1005,60,GP-BO,17.041336896080946
1005,61,GP-BO,17.041336896080946
1005,62,GP-BO,17.041336896080946
1005,63,GP-BO,16.960576474781867
1005,64,GP-BO,16.960576474781867
1005,65,GP-BO,16.960576474781867
1005,66,GP-BO,16.960576474781867
1005,67,GP-BO,16.960576474781867
1005,68,GP-BO,16.960576474781867
1005,69,GP-BO,16.960576474781867
1005,70,GP-BO,16.960576474781867
1005,71,GP-BO,16.960576474781867
1005,72,GP-BO,16.960576474781867
1005,73,GP-BO,16.960576474781867
1005,74,GP-BO,16.960576474781867
1005,75,GP-BO,16.960576474781867
1005,76,GP-BO,16.960576474781867
1005,77,GP-BO,16.960576474781867
1005,78,GP-BO,16.960576474781867
1005,79,GP-BO,16.960576474781867
1005,80,GP-BO,16.960576474781867
1005,0,Random,43.50835457984783
1005,1,Random,43.50835457984783
1005,2,Random,43.50835457984783
1005,3,Random,32.52685766990012
1005,4,Random,32.52685766990012
1005,5,Random,32.52685766990012
1005,6,Random,32.52685766990012
1005,7,Random,32.52685766990012
1005,8,Random,32.52685766990012
1005,9,Random,32.52685766990012
1005,10,Random,32.52685766990012
1005,11,Random,32.52685766990012
1005,12,Random,32.52685766990012
1005,13,Random,32.52685766990012
1005,14,Random,32.52685766990012
1005,15,Random,32.52685766990012
1005,16,Random,32.52685766990012
1005,17,Random,32.52685766990012
1005,18,Random,32.52685766990012
1005,19,Random,32.52685766990012
1005,20,Random,32.52685766990012
1005,21,Random,32.52685766990012
1005,22,Random,32.52685766990012
1005,23,Random,32.52685766990012
1005,24,Random,32.52685766990012
1005,25,Random,32.52685766990012
1005,26,Random,32.52685766990012
1005,27,Random,32.52685766990012
1005,28,Random,32.52685766990012
1005,29,Random,32.52685766990012
1005,30,Random,32.52685766990012
1005,31,Random,32.52685766990012
1005,32,Random,32.52685766990012
1005,33,Random,32.52685766990012
1005,34,Random,32.52685766990012
1005,35,Random,32.52685766990012
1005,36,Random,32.52685766990012
1005,37,Random,32.52685766990012
1005,38,Random,32.52685766990012
1005,39,Random,32.52685766990012
1005,40,Random,32.52685766990012
1005,41,Random,32.52685766990012
1005,42,Random,32.52685766990012
1005,43,Random,32.52685766990012
1005,44,Random,32.52685766990012
1005,45,Random,32.52685766990012
1005,46,Random,32.52685766990012
1005,47,Random,32.52685766990012
1005,48,Random,32.52685766990012
1005,49,Random,32.52685766990012
1005,50,Random,32.52685766990012
1005,51,Random,32.52685766990012
1005,52,Random,32.52685766990012
1005,53,Random,32.52685766990012
1005,54,Random,32.52685766990012
1005,55,Random,32.52685766990012
1005,56,Random,32.52685766990012
1005,57,Random,32.52685766990012
1005,58,Random,32.52685766990012
1005,59,Random,32.52685766990012
1005,60,Random,32.52685766990012
1005,61,Random,32.52685766990012
1005,62,Random,32.52685766990012
1005,63,Random,32.52685766990012
1005,64,Random,32.52685766990012
1005,65,Random,32.52685766990012
1005,66,Random,29.11661309089604
1005,67,Random,29.11661309089604
1005,68,Random,29.11661309089604
1005,69,Random,29.11661309089604
1005,70,Random,29.11661309089604
1005,71,Random,29.11661309089604
1005,72,Random,29.11661309089604
1005,73,Random,29.11661309089604
1005,74,Random,29.11661309089604
1005,75,Random,29.11661309089604
1005,76,Random,29.11661309089604
1005,77,Random,29.11661309089604
1005,78,Random,29.11661309089604
1005,79,Random,29.11661309089604
1005,80,Random,29.11661309089604
1006,0,BASS-BO,38.78526850133778
1006,1,BASS-BO,38.78526850133778
1006,2,BASS-BO,38.78526850133778
1006,3,BASS-BO,38.78526850133778
1006,4,BASS-BO,38.78526850133778
1006,5,BASS-BO,38.78526850133778
1006,6,BASS-BO,38.78526850133778
1006,7,BASS-BO,38.78526850133778
1006,8,BASS-BO,38.78526850133778
1006,9,BASS-BO,38.78526850133778
1006,10,BASS-BO,38.78526850133778
1006,11,BASS-BO,38.78526850133778
1006,12,BASS-BO,38.78526850133778
1006,13,BASS-BO,38.78526850133778
1006,14,BASS-BO,38.78526850133778
1006,15,BASS-BO,38.78526850133778
1006,16,BASS-BO,38.78526850133778
1006,17,BASS-BO,38.78526850133778
1006,18,BASS-BO,38.78526850133778
1006,19,BASS-BO,38.78526850133778
1006,20,BASS-BO,38.78526850133778
1006,21,BASS-BO,38.78526850133778
1006,22,BASS-BO,38.78526850133778
1006,23,BASS-BO,38.78526850133778
1006,24,BASS-BO,38.78526850133778
1006,25,BASS-BO,38.78526850133778
1006,26,BASS-BO,38.78526850133778
1006,27,BASS-BO,38.78526850133778
1006,28,BASS-BO,38.78526850133778
1006,29,BASS-BO,38.78526850133778
1006,30,BASS-BO,38.78526850133778
1006,31,BASS-BO,38.78526850133778
1006,32,BASS-BO,38.78526850133778
1006,33,BASS-BO,38.78526850133778
1006,34,BASS-BO,38.78526850133778
1006,35,BASS-BO,38.78526850133778
1006,36,BASS-BO,38.78526850133778
1006,37,BASS-BO,31.089667878519204
1006,38,BASS-BO,31.089667878519204
1006,39,BASS-BO,31.089667878519204
1006,40,BASS-BO,31.089667878519204
1006,41,BASS-BO,31.089667878519204
1006,42,BASS-BO,31.089667878519204
1006,43,BASS-BO,31.089667878519204
1006,44,BASS-BO,31.089667878519204
1006,45,BASS-BO,31.089667878519204
1006,46,BASS-BO,31.089667878519204
1006,47,BASS-BO,31.089667878519204
1006,48,BASS-BO,31.089667878519204
1006,49,BASS-BO,31.089667878519204
1006,50,BASS-BO,31.089667878519204
1006,51,BASS-BO,31.089667878519204
1006,52,BASS-BO,31.089667878519204
1006,53,BASS-BO,31.089667878519204
1006,54,BASS-BO,31.089667878519204
1006,55,BASS-BO,25.10063697184355
1006,56,BASS-BO,25.10063697184355
1006,57,BASS-BO,25.10063697184355
1006,58,BASS-BO,25.10063697184355
1006,59,BASS-BO,25.10063697184355
1006,60,BASS-BO,25.10063697184355
1006,61,BASS-BO,25.10063697184355
1006,62,BASS-BO,25.10063697184355
1006,63,BASS-BO,25.10063697184355
1006,64,BASS-BO,25.10063697184355
1006,65,BASS-BO,25.10063697184355
1006,66,BASS-BO,25.10063697184355
1006,67,BASS-BO,25.10063697184355
1006,68,BASS-BO,25.10063697184355
1006,69,BASS-BO,25.10063697184355
1006,70,BASS-BO,25.10063697184355
1006,71,BASS-BO,25.10063697184355
1006,72,BASS-BO,25.10063697184355
1006,73,BASS-BO,25.10063697184355
1006,74,BASS-BO,25.10063697184355
1006,75,BASS-BO,25.10063697184355
1006,76,BASS-BO,25.10063697184355
1006,77,BASS-BO,25.10063697184355
1006,78,BASS-BO,25.10063697184355
1006,79,BASS-BO,25.10063697184355
1006,80,BASS-BO,25.10063697184355
1006,0,GP-BO,38.78526850133778
1006,1,GP-BO,38.78526850133778
1006,2,GP-BO,38.78526850133778
1006,3,GP-BO,38.78526850133778
1006,4,GP-BO,38.78526850133778
1006,5,GP-BO,38.78526850133778
1006,6,GP-BO,38.78526850133778
1006,7,GP-BO,38.78526850133778
1006,8,GP-BO,38.78526850133778
1006,9,GP-BO,38.78526850133778
1006,10,GP-BO,38.78526850133778
1006,11,GP-BO,38.78526850133778
1006,12,GP-BO,38.78526850133778
1006,13,GP-BO,38.78526850133778
1006,14,GP-BO,38.78526850133778
1006,15,GP-BO,38.78526850133778
1006,16,GP-BO,38.78526850133778
1006,17,GP-BO,35.53449750827799
1006,18,GP-BO,35.53449750827799
1006,19,GP-BO,35.53449750827799
1006,20,GP-BO,35.53449750827799
1006,21,GP-BO,31.8332688046509
1006,22,GP-BO,31.8332688046509
1006,23,GP-BO,31.37996646789926
1006,24,GP-BO,31.37996646789926
1006,25,GP-BO,31.37996646789926
1006,26,GP-BO,31.37996646789926
1006,27,GP-BO,27.969914418931925
1006,28,GP-BO,18.7119008894173
1006,29,GP-BO,17.359390943464984
1006,30,GP-BO,17.359390943464984
1006,31,GP-BO,17.359390943464984
1006,32,GP-BO,17.359390943464984
1006,33,GP-BO,17.359390943464984
1006,34,GP-BO,13.48408433797233
1006,35,GP-BO,13.48408433797233
1006,36,GP-BO,13.48408433797233
1006,37,GP-BO,13.235377531931555
1006,38,GP-BO,13.235377531931555
1006,39,GP-BO,13.197776683634366
1006,40,GP-BO,13.141709286386686
1006,41,GP-BO,13.141709286386686
1006,42,GP-BO,12.963357244892862
1006,43,GP-BO,12.963357244892862
1006,44,GP-BO,12.963357244892862
1006,45,GP-BO,12.963357244892862
1006,46,GP-BO,12.963357244892862
1006,47,GP-BO,12.963357244892862
1006,48,GP-BO,12.963357244892862
1006,49,GP-BO,12.963357244892862
1006,50,GP-BO,12.946100606459005
1006,51,GP-BO,12.946100606459005
1006,52,GP-BO,12.946100606459005
1006,53,GP-BO,12.946100606459005
1006,54,GP-BO,12.946100606459005
1006,55,GP-BO,12.946100606459005
1006,56,GP-BO,12.946100606459005
1006,57,GP-BO,12.946100606459005
1006,58,GP-BO,12.946100606459005
1006,59,GP-BO,12.946100606459005
1006,60,GP-BO,12.946100606459005
1006,61,GP-BO,12.946100606459005
1006,62,GP-BO,12.946100606459005
1006,63,GP-BO,12.946100606459005
1006,64,GP-BO,12.946100606459005
1006,65,GP-BO,12.946100606459005
1006,66,GP-BO,12.946100606459005
1006,67,GP-BO,12.946100606459005
1006,68,GP-BO,12.946100606459005
1006,69,GP-BO,12.946100606459005
1006,70,GP-BO,12.946100606459005
1006,71,GP-BO,12.946100606459005
1006,72,GP-BO,12.946100606459005
1006,73,GP-BO,12.946100606459005
1006,74,GP-BO,12.946100606459005
1006,75,GP-BO,12.946100606459005
1006,76,GP-BO,12.946100606459005
1006,77,GP-BO,12.946100606459005
1006,78,GP-BO,12.946100606459005
1006,79,GP-BO,12.946100606459005
1006,80,GP-BO,12.946100606459005
1006,0,Random,38.78526850133778
1006,1,Random,38.78526850133778
1006,2,Random,38.78526850133778
1006,3,Random,38.78526850133778
1006,4,Random,38.78526850133778
1006,5,Random,38.78526850133778
1006,6,Random,38.78526850133778
1006,7,Random,38.78526850133778
1006,8,Random,38.78526850133778
1006,9,Random,38.78526850133778
1006,10,Random,38.78526850133778
1006,11,Random,38.78526850133778
1006,12,Random,38.78526850133778
1006,13,Random,38.78526850133778
1006,14,Random,38.78526850133778
1006,15,Random,38.78526850133778
1006,16,Random,38.78526850133778
1006,17,Random,38.78526850133778
1006,18,Random,34.73193099490813
1006,19,Random,34.73193099490813
1006,20,Random,34.73193099490813
1006,21,Random,34.73193099490813
1006,22,Random,34.73193099490813
1006,23,Random,34.73193099490813
1006,24,Random,34.73193099490813
1006,25,Random,34.73193099490813
1006,26,Random,26.809005784598796
1006,27,Random,26.809005784598796
1006,28,Random,26.809005784598796
1006,29,Random,26.809005784598796
1006,30,Random,26.809005784598796
1006,31,Random,26.809005784598796
1006,32,Random,26.809005784598796
1006,33,Random,26.809005784598796
1006,34,Random,26.809005784598796
1006,35,Random,26.809005784598796
1006,36,Random,26.809005784598796
1006,37,Random,26.809005784598796
1006,38,Random,26.809005784598796
1006,39,Random,26.809005784598796
1006,40,Random,26.809005784598796
1006,41,Random,26.809005784598796
1006,42,Random,26.809005784598796
1006,43,Random,26.809005784598796
1006,44,Random,26.809005784598796
1006,45,Random,26.809005784598796
1006,46,Random,26.809005784598796
1006,47,Random,26.809005784598796
1006,48,Random,26.809005784598796
1006,49,Random,26.809005784598796
1006,50,Random,26.809005784598796
1006,51,Random,26.809005784598796
1006,52,Random,26.809005784598796
1006,53,Random,26.809005784598796
1006,54,Random,26.809005784598796
1006,55,Random,26.809005784598796
1006,56,Random,26.809005784598796
1006,57,Random,26.809005784598796
1006,58,Random,26.809005784598796
1006,59,Random,26.809005784598796
1006,60,Random,26.809005784598796
1006,61,Random,26.809005784598796
1006,62,Random,26.809005784598796
1006,63,Random,26.809005784598796
1006,64,Random,26.809005784598796
1006,65,Random,26.809005784598796
1006,66,Random,26.809005784598796
1006,67,Random,26.809005784598796
1006,68,Random,26.809005784598796
1006,69,Random,26.809005784598796
1006,70,Random,26.809005784598796
1006,71,Random,26.809005784598796
1006,72,Random,26.809005784598796
1006,73,Random,26.809005784598796
1006,74,Random,26.809005784598796
1006,75,Random,26.809005784598796
1006,76,Random,26.809005784598796
1006,77,Random,26.809005784598796
1006,78,Random,26.809005784598796
1006,79,Random,26.809005784598796
1006,80,Random,26.809005784598796
1007,0,BASS-BO,40.11650088195296
1007,1,BASS-BO,40.11650088195296
1007,2,BASS-BO,40.11650088195296
1007,3,BASS-BO,40.11650088195296
1007,4,BASS-BO,40.11650088195296
1007,5,BASS-BO,40.11650088195296
1007,6,BASS-BO,40.11650088195296
1007,7,BASS-BO,40.11650088195296
1007,8,BASS-BO,40.11650088195296
1007,9,BASS-BO,40.11650088195296
1007,10,BASS-BO,40.11650088195296
1007,11,BASS-BO,40.11650088195296
1007,12,BASS-BO,40.11650088195296
1007,13,BASS-BO,40.11650088195296
1007,14,BASS-BO,40.11650088195296
1007,15,BASS-BO,40.11650088195296
1007,16,BASS-BO,40.11650088195296
1007,17,BASS-BO,40.11650088195296
1007,18,BASS-BO,40.11650088195296
1007,19,BASS-BO,40.11650088195296
1007,20,BASS-BO,40.11650088195296
1007,21,BASS-BO,40.11650088195296
1007,22,BASS-BO,40.11650088195296
1007,23,BASS-BO,40.11650088195296
1007,24,BASS-BO,40.11650088195296
1007,25,BASS-BO,40.11650088195296
1007,26,BASS-BO,40.11650088195296
1007,27,BASS-BO,40.11650088195296
1007,28,BASS-BO,40.11650088195296
1007,29,BASS-BO,40.11650088195296
1007,30,BASS-BO,40.11650088195296
1007,31,BASS-BO,40.11650088195296
1007,32,BASS-BO,40.11650088195296
1007,33,BASS-BO,40.11650088195296
1007,34,BASS-BO,40.11650088195296
1007,35,BASS-BO,39.92696097067048
1007,36,BASS-BO,39.92696097067048
1007,37,BASS-BO,39.92696097067048
1007,38,BASS-BO,39.92696097067048
1007,39,BASS-BO,32.09937092992488
1007,40,BASS-BO,32.09937092992488
1007,41,BASS-BO,32.09937092992488
1007,42,BASS-BO,32.09937092992488
1007,43,BASS-BO,32.09937092992488
1007,44,BASS-BO,32.09937092992488
1007,45,BASS-BO,32.09937092992488
1007,46,BASS-BO,32.09937092992488
1007,47,BASS-BO,32.09937092992488
1007,48,BASS-BO,32.09937092992488
1007,49,BASS-BO,32.09937092992488
1007,50,BASS-BO,32.09937092992488
1007,51,BASS-BO,22.81327054316139
1007,52,BASS-BO,22.81327054316139
1007,53,BASS-BO,22.81327054316139
1007,54,BASS-BO,22.81327054316139
1007,55,BASS-BO,22.81327054316139
1007,56,BASS-BO,22.81327054316139
1007,57,BASS-BO,22.81327054316139
1007,58,BASS-BO,22.81327054316139
1007,59,BASS-BO,22.81327054316139
1007,60,BASS-BO,22.81327054316139
1007,61,BASS-BO,22.81327054316139
1007,62,BASS-BO,22.81327054316139
1007,63,BASS-BO,22.81327054316139
1007,64,BASS-BO,22.81327054316139
1007,65,BASS-BO,22.81327054316139
1007,66,BASS-BO,22.81327054316139
1007,67,BASS-BO,22.81327054316139
1007,68,BASS-BO,22.81327054316139
1007,69,BASS-BO,22.81327054316139
1007,70,BASS-BO,22.81327054316139
1007,71,BASS-BO,22.81327054316139
1007,72,BASS-BO,22.81327054316139
1007,73,BASS-BO,22.81327054316139
1007,74,BASS-BO,22.81327054316139
1007,75,BASS-BO,22.81327054316139
1007,76,BASS-BO,22.81327054316139
1007,77,BASS-BO,22.81327054316139
1007,78,BASS-BO,22.81327054316139
1007,79,BASS-BO,22.81327054316139
1007,80,BASS-BO,22.81327054316139
1007,0,GP-BO,40.11650088195296
1007,1,GP-BO,40.11650088195296
1007,2,GP-BO,40.11650088195296
1007,3,GP-BO,40.11650088195296
1007,4,GP-BO,40.11650088195296
1007,5,GP-BO,40.11650088195296
1007,6,GP-BO,40.11650088195296
1007,7,GP-BO,40.11650088195296
1007,8,GP-BO,40.11650088195296
1007,9,GP-BO,40.11650088195296
1007,10,GP-BO,40.11650088195296
1007,11,GP-BO,40.11650088195296
1007,12,GP-BO,40.11650088195296
1007,13,GP-BO,40.11650088195296
1007,14,GP-BO,40.11650088195296
1007,15,GP-BO,40.11650088195296
1007,16,GP-BO,40.11650088195296
1007,17,GP-BO,40.11650088195296
1007,18,GP-BO,40.11650088195296
1007,19,GP-BO,36.34157807882188
1007,20,GP-BO,36.34157807882188
1007,21,GP-BO,36.34157807882188
1007,22,GP-BO,36.34157807882188
1007,23,GP-BO,36.34157807882188
1007,24,GP-BO,36.34157807882188
1007,25,GP-BO,36.34157807882188
1007,26,GP-BO,36.34157807882188
1007,27,GP-BO,36.34157807882188
1007,28,GP-BO,36.34157807882188
1007,29,GP-BO,36.34157807882188
1007,30,GP-BO,36.34157807882188
1007,31,GP-BO,36.34157807882188
1007,32,GP-BO,28.312687688632025
1007,33,GP-BO,28.312687688632025
1007,34,GP-BO,28.312687688632025
1007,35,GP-BO,28.312687688632025
1007,36,GP-BO,28.312687688632025
1007,37,GP-BO,28.312687688632025
1007,38,GP-BO,28.312687688632025
1007,39,GP-BO,28.312687688632025
1007,40,GP-BO,28.312687688632025
1007,41,GP-BO,28.312687688632025
1007,42,GP-BO,28.312687688632025
1007,43,GP-BO,28.312687688632025
1007,44,GP-BO,28.312687688632025
1007,45,GP-BO,28.312687688632025
1007,46,GP-BO,28.312687688632025
1007,47,GP-BO,16.044972683584252
1007,48,GP-BO,16.044972683584252
1007,49,GP-BO,16.044972683584252
1007,50,GP-BO,16.044972683584252
1007,51,GP-BO,16.044972683584252
1007,52,GP-BO,16.044972683584252
1007,53,GP-BO,16.044972683584252
1007,54,GP-BO,16.044972683584252
1007,55,GP-BO,16.044972683584252
1007,56,GP-BO,16.044972683584252
1007,57,GP-BO,16.044972683584252
1007,58,GP-BO,16.044972683584252
1007,59,GP-BO,16.044972683584252
1007,60,GP-BO,16.044972683584252
1007,61,GP-BO,16.044972683584252
1007,62,GP-BO,16.044972683584252
1007,63,GP-BO,16.044972683584252
1007,64,GP-BO,16.044972683584252
1007,65,GP-BO,16.044972683584252
1007,66,GP-BO,16.044972683584252
1007,67,GP-BO,16.044972683584252
1007,68,GP-BO,16.044972683584252
1007,69,GP-BO,16.044972683584252
1007,70,GP-BO,16.044972683584252
1007,71,GP-BO,16.044972683584252
1007,72,GP-BO,16.044972683584252
1007,73,GP-BO,7.300470064160862
1007,74,GP-BO,7.300470064160862
1007,75,GP-BO,7.300470064160862
1007,76,GP-BO,7.300470064160862
1007,77,GP-BO,7.300470064160862
1007,78,GP-BO,7.300470064160862
1007,79,GP-BO,7.300470064160862
1007,80,GP-BO,7.300470064160862
1007,0,Random,40.11650088195296
1007,1,Random,40.11650088195296
1007,2,Random,40.11650088195296
1007,3,Random,40.11650088195296
1007,4,Random,40.11650088195296
1007,5,Random,40.11650088195296
1007,6,Random,40.11650088195296
1007,7,Random,40.11650088195296
1007,8,Random,40.11650088195296
1007,9,Random,40.11650088195296
1007,10,Random,40.11650088195296
1007,11,Random,40.11650088195296
1007,12,Random,37.88924319007556
1007,13,Random,37.88924319007556
1007,14,Random,37.88924319007556
1007,15,Random,37.88924319007556
1007,16,Random,37.88924319007556
1007,17,Random,37.88924319007556
1007,18,Random,37.88924319007556
1007,19,Random,37.88924319007556
1007,20,Random,37.88924319007556
1007,21,Random,37.88924319007556
1007,22,Random,37.88924319007556
1007,23,Random,37.88924319007556
1007,24,Random,37.88924319007556
1007,25,Random,37.88924319007556
1007,26,Random,37.88924319007556
1007,27,Random,37.88924319007556
1007,28,Random,37.88924319007556
1007,29,Random,37.88924319007556
1007,30,Random,37.88924319007556
1007,31,Random,34.27985075736731
1007,32,Random,34.27985075736731
1007,33,Random,34.27985075736731
1007,34,Random,34.27985075736731
1007,35,Random,34.27985075736731
1007,36,Random,34.27985075736731
1007,37,Random,34.27985075736731
1007,38,Random,34.27985075736731
1007,39,Random,34.27985075736731
1007,40,Random,34.27985075736731
1007,41,Random,34.27985075736731
1007,42,Random,34.27985075736731
1007,43,Random,34.27985075736731
1007,44,Random,34.27985075736731
1007,45,Random,34.27985075736731
1007,46,Random,34.27985075736731
1007,47,Random,34.27985075736731
1007,48,Random,34.27985075736731
1007,49,Random,34.27985075736731
1007,50,Random,34.27985075736731
1007,51,Random,34.27985075736731
1007,52,Random,34.27985075736731
1007,53,Random,34.27985075736731
1007,54,Random,34.27985075736731
1007,55,Random,34.27985075736731
1007,56,Random,34.27985075736731
1007,57,Random,34.27985075736731
1007,58,Random,34.27985075736731
1007,59,Random,34.27985075736731
1007,60,Random,34.27985075736731
1007,61,Random,34.27985075736731
1007,62,Random,34.27985075736731
1007,63,Random,34.27985075736731
1007,64,Random,34.27985075736731
1007,65,Random,34.27985075736731
1007,66,Random,34.27985075736731
1007,67,Random,34.27985075736731
1007,68,Random,34.27985075736731
1007,69,Random,34.27985075736731
1007,70,Random,33.70660280015244
1007,71,Random,33.70660280015244
1007,72,Random,33.70660280015244
1007,73,Random,33.70660280015244
1007,74,Random,33.70660280015244
1007,75,Random,33.70660280015244
1007,76,Random,33.70660280015244
1007,77,Random,33.70660280015244
1007,78,Random,33.70660280015244
1007,79,Random,33.70660280015244
1007,80,Random,33.70660280015244
1008,0,BASS-BO,42.3064546044422
1008,1,BASS-BO,42.3064546044422
1008,2,BASS-BO,42.3064546044422
1008,3,BASS-BO,42.3064546044422
1008,4,BASS-BO,42.3064546044422
1008,5,BASS-BO,42.3064546044422
1008,6,BASS-BO,42.3064546044422
1008,7,BASS-BO,42.3064546044422
1008,8,BASS-BO,42.3064546044422
1008,9,BASS-BO,42.3064546044422
1008,10,BASS-BO,42.3064546044422
1008,11,BASS-BO,42.3064546044422
1008,12,BASS-BO,42.3064546044422
1008,13,BASS-BO,42.3064546044422
1008,14,BASS-BO,42.3064546044422
1008,15,BASS-BO,42.3064546044422
1008,16,BASS-BO,42.3064546044422
1008,17,BASS-BO,42.3064546044422
1008,18,BASS-BO,42.3064546044422
1008,19,BASS-BO,42.3064546044422
1008,20,BASS-BO,42.3064546044422
1008,21,BASS-BO,42.3064546044422
1008,22,BASS-BO,42.3064546044422
1008,23,BASS-BO,42.3064546044422
1008,24,BASS-BO,42.3064546044422
1008,25,BASS-BO,42.3064546044422
1008,26,BASS-BO,42.3064546044422
1008,27,BASS-BO,42.3064546044422
1008,28,BASS-BO,42.3064546044422
1008,29,BASS-BO,42.3064546044422
1008,30,BASS-BO,42.3064546044422
1008,31,BASS-BO,42.3064546044422
1008,32,BASS-BO,42.3064546044422
1008,33,BASS-BO,42.3064546044422
1008,34,BASS-BO,42.3064546044422
1008,35,BASS-BO,42.3064546044422
1008,36,BASS-BO,42.3064546044422
1008,37,BASS-BO,42.3064546044422
1008,38,BASS-BO,42.3064546044422
1008,39,BASS-BO,42.3064546044422
1008,40,BASS-BO,42.3064546044422
1008,41,BASS-BO,42.3064546044422
1008,42,BASS-BO,42.3064546044422
1008,43,BASS-BO,42.3064546044422
1008,44,BASS-BO,42.3064546044422
1008,45,BASS-BO,42.3064546044422
1008,46,BASS-BO,42.3064546044422
1008,47,BASS-BO,42.3064546044422
1008,48,BASS-BO,42.3064546044422
1008,49,BASS-BO,42.3064546044422
1008,50,BASS-BO,42.3064546044422
1008,51,BASS-BO,42.3064546044422
1008,52,BASS-BO,42.3064546044422
1008,53,BASS-BO,42.3064546044422
1008,54,BASS-BO,42.3064546044422
1008,55,BASS-BO,42.3064546044422
1008,56,BASS-BO,42.3064546044422
1008,57,BASS-BO,42.3064546044422
1008,58,BASS-BO,42.3064546044422
1008,59,BASS-BO,42.3064546044422
1008,60,BASS-BO,42.3064546044422
1008,61,BASS-BO,42.3064546044422
1008,62,BASS-BO,35.321588212231944
1008,63,BASS-BO,18.791654132163558
1008,64,BASS-BO,18.791654132163558
1008,65,BASS-BO,18.791654132163558
1008,66,BASS-BO,18.791654132163558
1008,67,BASS-BO,18.791654132163558
1008,68,BASS-BO,18.791654132163558
1008,69,BASS-BO,18.791654132163558
1008,70,BASS-BO,18.791654132163558
1008,71,BASS-BO,18.791654132163558
1008,72,BASS-BO,18.791654132163558
1008,73,BASS-BO,18.791654132163558
1008,74,BASS-BO,18.791654132163558
1008,75,BASS-BO,18.791654132163558
1008,76,BASS-BO,17.43227196107833
1008,77,BASS-BO,17.43227196107833
1008,78,BASS-BO,17.43227196107833
1008,79,BASS-BO,17.43227196107833
1008,80,BASS-BO,17.43227196107833
1008,0,GP-BO,42.3064546044422
1008,1,GP-BO,42.3064546044422
1008,2,GP-BO,42.3064546044422
1008,3,GP-BO,42.3064546044422
1008,4,GP-BO,42.3064546044422
1008,5,GP-BO,42.3064546044422
1008,6,GP-BO,42.3064546044422
1008,7,GP-BO,42.3064546044422
1008,8,GP-BO,42.3064546044422
1008,9,GP-BO,42.3064546044422
1008,10,GP-BO,42.3064546044422
1008,11,GP-BO,42.3064546044422
1008,12,GP-BO,26.2037173258427
1008,13,GP-BO,26.2037173258427
1008,14,GP-BO,26.2037173258427
1008,15,GP-BO,24.860329207906727
1008,16,GP-BO,24.860329207906727
1008,17,GP-BO,24.860329207906727
1008,18,GP-BO,21.695427060370022
1008,19,GP-BO,21.695427060370022
1008,20,GP-BO,21.695427060370022
1008,21,GP-BO,18.97827959061951
1008,22,GP-BO,18.97827959061951
1008,23,GP-BO,18.97827959061951
1008,24,GP-BO,18.97827959061951
1008,25,GP-BO,18.97827959061951
1008,26,GP-BO,18.97827959061951
1008,27,GP-BO,18.97827959061951
1008,28,GP-BO,18.97827959061951
1008,29,GP-BO,18.97827959061951
1008,30,GP-BO,18.97827959061951
1008,31,GP-BO,18.97827959061951
1008,32,GP-BO,18.97827959061951
1008,33,GP-BO,18.97827959061951
1008,34,GP-BO,18.97827959061951
1008,35,GP-BO,18.97827959061951
1008,36,GP-BO,18.97827959061951
1008,37,GP-BO,18.97827959061951
1008,38,GP-BO,18.97827959061951
1008,39,GP-BO,15.831751948997852
1008,40,GP-BO,15.831751948997852
1008,41,GP-BO,15.831751948997852
1008,42,GP-BO,8.229418758273951
1008,43,GP-BO,8.229418758273951
1008,44,GP-BO,8.229418758273951
1008,45,GP-BO,3.607998156740969
1008,46,GP-BO,3.607998156740969
1008,47,GP-BO,3.258783278710496
1008,48,GP-BO,3.258783278710496
1008,49,GP-BO,2.2814888465925023
1008,50,GP-BO,2.0688533488653107
1008,51,GP-BO,2.0688533488653107
1008,52,GP-BO,2.0688533488653107
1008,53,GP-BO,2.0688533488653107
1008,54,GP-BO,2.014969834157334
1008,55,GP-BO,2.014969834157334
1008,56,GP-BO,2.014969834157334
1008,57,GP-BO,2.014969834157334
1008,58,GP-BO,2.014969834157334
1008,59,GP-BO,2.014969834157334
1008,60,GP-BO,2.014969834157334
1008,61,GP-BO,2.014969834157334
1008,62,GP-BO,2.014969834157334
1008,63,GP-BO,2.014969834157334
1008,64,GP-BO,2.014969834157334
1008,65,GP-BO,2.014969834157334
1008,66,GP-BO,2.014969834157334
1008,67,GP-BO,2.014969834157334
1008,68,GP-BO,2.014969834157334
1008,69,GP-BO,2.014969834157334
1008,70,GP-BO,2.014969834157334
1008,71,GP-BO,2.014969834157334
1008,72,GP-BO,2.014969834157334
1008,73,GP-BO,2.014969834157334
1008,74,GP-BO,2.014969834157334
1008,75,GP-BO,2.014969834157334
1008,76,GP-BO,2.014969834157334
1008,77,GP-BO,2.014969834157334
1008,78,GP-BO,2.014969834157334
1008,79,GP-BO,2.014969834157334
1008,80,GP-BO,2.014969834157334
1008,0,Random,42.3064546044422
1008,1,Random,42.3064546044422
1008,2,Random,42.3064546044422
1008,3,Random,42.3064546044422
1008,4,Random,42.3064546044422
1008,5,Random,42.3064546044422
1008,6,Random,40.280564999394414
1008,7,Random,40.280564999394414
1008,8,Random,40.280564999394414
1008,9,Random,40.280564999394414
1008,10,Random,40.280564999394414
1008,11,Random,40.280564999394414
1008,12,Random,40.280564999394414
1008,13,Random,40.280564999394414
1008,14,Random,40.280564999394414
1008,15,Random,40.280564999394414
1008,16,Random,40.280564999394414
1008,17,Random,40.280564999394414
1008,18,Random,40.280564999394414
1008,19,Random,40.280564999394414
1008,20,Random,40.280564999394414
1008,21,Random,40.280564999394414
1008,22,Random,40.280564999394414
1008,23,Random,40.280564999394414
1008,24,Random,40.280564999394414
1008,25,Random,40.280564999394414
1008,26,Random,40.280564999394414
1008,27,Random,40.280564999394414
1008,28,Random,40.280564999394414
1008,29,Random,40.280564999394414
1008,30,Random,40.280564999394414
1008,31,Random,40.280564999394414
1008,32,Random,40.280564999394414
1008,33,Random,40.280564999394414
1008,34,Random,40.280564999394414
1008,35,Random,40.280564999394414
1008,36,Random,40.280564999394414
1008,37,Random,40.280564999394414
1008,38,Random,40.280564999394414
1008,39,Random,40.280564999394414
1008,40,Random,40.280564999394414
1008,41,Random,40.280564999394414
1008,42,Random,40.280564999394414
1008,43,Random,40.280564999394414
1008,44,Random,40.280564999394414
1008,45,Random,40.280564999394414
1008,46,Random,40.280564999394414
1008,47,Random,40.280564999394414
1008,48,Random,40.280564999394414
1008,49,Random,40.280564999394414
1008,50,Random,40.280564999394414
1008,51,Random,40.280564999394414
1008,52,Random,40.280564999394414
1008,53,Random,40.280564999394414
1008,54,Random,40.280564999394414
1008,55,Random,40.280564999394414
1008,56,Random,40.280564999394414
1008,57,Random,40.280564999394414
1008,58,Random,40.280564999394414
1008,59,Random,40.280564999394414
1008,60,Random,40.280564999394414
1008,61,Random,40.280564999394414
1008,62,Random,40.280564999394414
1008,63,Random,40.280564999394414
1008,64,Random,40.280564999394414
1008,65,Random,40.280564999394414
1008,66,Random,40.280564999394414
1008,67,Random,40.280564999394414
1008,68,Random,40.280564999394414
1008,69,Random,40.280564999394414
1008,70,Random,40.280564999394414
1008,71,Random,40.280564999394414
1008,72,Random,40.280564999394414
1008,73,Random,40.280564999394414
1008,74,Random,40.280564999394414
1008,75,Random,40.280564999394414
1008,76,Random,40.280564999394414
1008,77,Random,40.280564999394414
1008,78,Random,40.280564999394414
1008,79,Random,40.280564999394414
1008,80,Random,40.280564999394414
1009,0,BASS-BO,44.88341723841107
1009,1,BASS-BO,44.88341723841107
1009,2,BASS-BO,44.88341723841107
1009,3,BASS-BO,44.88341723841107
1009,4,BASS-BO,44.88341723841107
1009,5,BASS-BO,44.88341723841107
1009,6,BASS-BO,44.88341723841107
1009,7,BASS-BO,44.88341723841107
1009,8,BASS-BO,44.88341723841107
1009,9,BASS-BO,44.88341723841107
1009,10,BASS-BO,44.88341723841107
1009,11,BASS-BO,44.88341723841107
1009,12,BASS-BO,44.88341723841107
1009,13,BASS-BO,44.88341723841107
1009,14,BASS-BO,44.88341723841107
1009,15,BASS-BO,43.481339807769274
1009,16,BASS-BO,41.028570090043864
1009,17,BASS-BO,41.028570090043864
1009,18,BASS-BO,41.028570090043864
1009,19,BASS-BO,41.028570090043864
1009,20,BASS-BO,41.028570090043864
1009,21,BASS-BO,41.028570090043864
1009,22,BASS-BO,41.028570090043864
1009,23,BASS-BO,41.028570090043864
1009,24,BASS-BO,41.028570090043864
1009,25,BASS-BO,41.028570090043864
1009,26,BASS-BO,41.028570090043864
1009,27,BASS-BO,41.028570090043864
1009,28,BASS-BO,41.028570090043864
1009,29,BASS-BO,41.028570090043864
1009,30,BASS-BO,41.028570090043864
1009,31,BASS-BO,41.028570090043864
1009,32,BASS-BO,41.028570090043864
1009,33,BASS-BO,41.028570090043864
1009,34,BASS-BO,41.028570090043864
1009,35,BASS-BO,41.028570090043864
1009,36,BASS-BO,41.028570090043864
1009,37,BASS-BO,41.028570090043864
1009,38,BASS-BO,41.028570090043864
1009,39,BASS-BO,41.028570090043864
1009,40,BASS-BO,41.028570090043864
1009,41,BASS-BO,41.028570090043864
1009,42,BASS-BO,41.028570090043864
1009,43,BASS-BO,41.028570090043864
1009,44,BASS-BO,41.028570090043864
1009,45,BASS-BO,41.028570090043864
1009,46,BASS-BO,41.028570090043864
1009,47,BASS-BO,41.028570090043864
1009,48,BASS-BO,41.028570090043864
1009,49,BASS-BO,41.028570090043864
1009,50,BASS-BO,41.028570090043864
1009,51,BASS-BO,36.51503527826423
1009,52,BASS-BO,36.51503527826423
1009,53,BASS-BO,36.51503527826423
1009,54,BASS-BO,36.51503527826423
1009,55,BASS-BO,36.51503527826423
1009,56,BASS-BO,27.92391965995332
1009,57,BASS-BO,27.92391965995332
1009,58,BASS-BO,27.92391965995332
1009,59,BASS-BO,27.92391965995332
1009,60,BASS-BO,27.92391965995332
1009,61,BASS-BO,27.92391965995332
1009,62,BASS-BO,27.92391965995332
1009,63,BASS-BO,27.92391965995332
1009,64,BASS-BO,27.92391965995332
1009,65,BASS-BO,27.92391965995332
1009,66,BASS-BO,27.92391965995332
1009,67,BASS-BO,27.92391965995332
1009,68,BASS-BO,27.92391965995332
1009,69,BASS-BO,27.92391965995332
1009,70,BASS-BO,27.92391965995332
1009,71,BASS-BO,27.92391965995332
1009,72,BASS-BO,27.92391965995332
1009,73,BASS-BO,27.92391965995332
1009,74,BASS-BO,27.92391965995332
1009,75,BASS-BO,27.92391965995332
1009,76,BASS-BO,27.92391965995332
1009,77,BASS-BO,27.92391965995332
1009,78,BASS-BO,27.92391965995332
1009,79,BASS-BO,27.92391965995332
1009,80,BASS-BO,27.92391965995332
1009,0,GP-BO,44.88341723841107
1009,1,GP-BO,44.88341723841107
1009,2,GP-BO,44.88341723841107
1009,3,GP-BO,44.88341723841107
1009,4,GP-BO,44.88341723841107
1009,5,GP-BO,44.88341723841107
1009,6,GP-BO,44.88341723841107
1009,7,GP-BO,44.88341723841107
1009,8,GP-BO,44.88341723841107
1009,9,GP-BO,44.88341723841107
1009,10,GP-BO,44.88341723841107
1009,11,GP-BO,44.88341723841107
1009,12,GP-BO,44.88341723841107
1009,13,GP-BO,44.88341723841107
1009,14,GP-BO,44.88341723841107
1009,15,GP-BO,44.88341723841107
1009,16,GP-BO,44.88341723841107
1009,17,GP-BO,44.88341723841107
1009,18,GP-BO,44.88341723841107
1009,19,GP-BO,44.88341723841107
1009,20,GP-BO,44.88341723841107
1009,21,GP-BO,44.88341723841107
1009,22,GP-BO,44.88341723841107
1009,23,GP-BO,44.88341723841107
1009,24,GP-BO,44.88341723841107
1009,25,GP-BO,44.88341723841107
1009,26,GP-BO,44.88341723841107
1009,27,GP-BO,33.858178392384026
1009,28,GP-BO,33.858178392384026
1009,29,GP-BO,33.858178392384026
1009,30,GP-BO,33.858178392384026
1009,31,GP-BO,30.586238396540836
1009,32,GP-BO,30.586238396540836
1009,33,GP-BO,30.586238396540836
1009,34,GP-BO,30.586238396540836
1009,35,GP-BO,30.449105358463907
1009,36,GP-BO,30.040056736542184
1009,37,GP-BO,30.01296434460596
1009,38,GP-BO,30.01296434460596
1009,39,GP-BO,30.01296434460596
1009,40,GP-BO,29.989110094744873
1009,41,GP-BO,29.989110094744873
1009,42,GP-BO,29.989110094744873
1009,43,GP-BO,29.989110094744873
1009,44,GP-BO,29.989110094744873
1009,45,GP-BO,29.891441527687036
1009,46,GP-BO,29.891441527687036
1009,47,GP-BO,29.891441527687036
1009,48,GP-BO,29.891441527687036
1009,49,GP-BO,29.891441527687036
1009,50,GP-BO,29.891441527687036
1009,51,GP-BO,29.891441527687036
1009,52,GP-BO,29.891441527687036
1009,53,GP-BO,29.891441527687036
1009,54,GP-BO,29.891441527687036
1009,55,GP-BO,29.891441527687036
1009,56,GP-BO,29.891441527687036
1009,57,GP-BO,29.891441527687036
1009,58,GP-BO,29.891441527687036
1009,59,GP-BO,29.891441527687036
1009,60,GP-BO,29.891441527687036
1009,61,GP-BO,29.891441527687036
1009,62,GP-BO,29.891441527687036
1009,63,GP-BO,29.891441527687036
1009,64,GP-BO,29.891441527687036
1009,65,GP-BO,29.891441527687036
1009,66,GP-BO,29.891441527687036
1009,67,GP-BO,29.891441527687036
1009,68,GP-BO,29.891441527687036
1009,69,GP-BO,29.891441527687036
1009,70,GP-BO,29.891441527687036
1009,71,GP-BO,29.891441527687036
1009,72,GP-BO,29.891441527687036
1009,73,GP-BO,29.891441527687036
1009,74,GP-BO,29.891441527687036
1009,75,GP-BO,29.891441527687036
1009,76,GP-BO,29.891441527687036
1009,77,GP-BO,29.891441527687036
1009,78,GP-BO,29.891441527687036
1009,79,GP-BO,29.891441527687036
1009,80,GP-BO,29.891441527687036
1009,0,Random,44.88341723841107
1009,1,Random,44.88341723841107
1009,2,Random,44.88341723841107
1009,3,Random,44.88341723841107
1009,4,Random,44.88341723841107
1009,5,Random,26.219702069474835
1009,6,Random,26.219702069474835
1009,7,Random,26.219702069474835
1009,8,Random,26.219702069474835
1009,9,Random,26.219702069474835
1009,10,Random,26.219702069474835
1009,11,Random,26.219702069474835
1009,12,Random,26.219702069474835
1009,13,Random,26.219702069474835
1009,14,Random,26.219702069474835
1009,15,Random,26.219702069474835
1009,16,Random,26.219702069474835
1009,17,Random,26.219702069474835
1009,18,Random,26.219702069474835
1009,19,Random,26.219702069474835
1009,20,Random,26.219702069474835
1009,21,Random,26.219702069474835
1009,22,Random,26.219702069474835
1009,23,Random,23.59705464340879
1009,24,Random,23.59705464340879
1009,25,Random,23.59705464340879
1009,26,Random,23.59705464340879
1009,27,Random,23.59705464340879
1009,28,Random,23.59705464340879
1009,29,Random,23.59705464340879
1009,30,Random,23.59705464340879
1009,31,Random,23.59705464340879
1009,32,Random,23.59705464340879
1009,33,Random,23.59705464340879
1009,34,Random,23.59705464340879
1009,35,Random,23.59705464340879
1009,36,Random,23.59705464340879
1009,37,Random,23.59705464340879
1009,38,Random,23.59705464340879
1009,39,Random,23.59705464340879
1009,40,Random,23.59705464340879
1009,41,Random,23.59705464340879
1009,42,Random,23.59705464340879
1009,43,Random,23.59705464340879
1009,44,Random,23.59705464340879
1009,45,Random,23.59705464340879
1009,46,Random,23.59705464340879
1009,47,Random,23.59705464340879
1009,48,Random,23.59705464340879
1009,49,Random,23.59705464340879
1009,50,Random,23.59705464340879
1009,51,Random,23.59705464340879
1009,52,Random,23.59705464340879
1009,53,Random,23.59705464340879
1009,54,Random,23.59705464340879
1009,55,Random,23.59705464340879
1009,56,Random,23.59705464340879
1009,57,Random,23.59705464340879
1009,58,Random,23.59705464340879
1009,59,Random,23.59705464340879
1009,60,Random,23.59705464340879
1009,61,Random,23.59705464340879
1009,62,Random,23.59705464340879
1009,63,Random,23.59705464340879
1009,64,Random,23.59705464340879
1009,65,Random,23.59705464340879
1009,66,Random,23.59705464340879
1009,67,Random,23.59705464340879
1009,68,Random,23.59705464340879
1009,69,Random,23.59705464340879
1009,70,Random,23.59705464340879
1009,71,Random,23.59705464340879
1009,72,Random,23.59705464340879
1009,73,Random,23.59705464340879
1009,74,Random,23.59705464340879
1009,75,Random,23.59705464340879
1009,76,Random,23.59705464340879
1009,77,Random,23.59705464340879
1009,78,Random,23.59705464340879
1009,79,Random,23.59705464340879
1009,80,Random,23.59705464340879
1010,0,BASS-BO,33.43007162022091
1010,1,BASS-BO,33.43007162022091
1010,2,BASS-BO,33.43007162022091
1010,3,BASS-BO,33.43007162022091
1010,4,BASS-BO,33.43007162022091
1010,5,BASS-BO,33.43007162022091
1010,6,BASS-BO,33.43007162022091
1010,7,BASS-BO,33.43007162022091
1010,8,BASS-BO,33.43007162022091
1010,9,BASS-BO,33.43007162022091
1010,10,BASS-BO,33.43007162022091
1010,11,BASS-BO,33.43007162022091
1010,12,BASS-BO,33.43007162022091
1010,13,BASS-BO,33.43007162022091
1010,14,BASS-BO,33.43007162022091
1010,15,BASS-BO,33.43007162022091
1010,16,BASS-BO,33.43007162022091
1010,17,BASS-BO,33.43007162022091
1010,18,BASS-BO,33.43007162022091
1010,19,BASS-BO,33.43007162022091
1010,20,BASS-BO,33.43007162022091
1010,21,BASS-BO,33.43007162022091
1010,22,BASS-BO,33.43007162022091
1010,23,BASS-BO,31.518276728494328
1010,24,BASS-BO,31.518276728494328
1010,25,BASS-BO,31.518276728494328
1010,26,BASS-BO,31.518276728494328
1010,27,BASS-BO,31.518276728494328
1010,28,BASS-BO,31.518276728494328
1010,29,BASS-BO,31.518276728494328
1010,30,BASS-BO,31.518276728494328
1010,31,BASS-BO,31.518276728494328
1010,32,BASS-BO,31.518276728494328
1010,33,BASS-BO,31.518276728494328
1010,34,BASS-BO,31.518276728494328
1010,35,BASS-BO,31.518276728494328
1010,36,BASS-BO,31.518276728494328
1010,37,BASS-BO,31.518276728494328
1010,38,BASS-BO,31.518276728494328
1010,39,BASS-BO,31.518276728494328
1010,40,BASS-BO,31.518276728494328
1010,41,BASS-BO,31.518276728494328
1010,42,BASS-BO,31.518276728494328
1010,43,BASS-BO,31.518276728494328
1010,44,BASS-BO,31.518276728494328
1010,45,BASS-BO,31.518276728494328
1010,46,BASS-BO,31.518276728494328
1010,47,BASS-BO,31.518276728494328
1010,48,BASS-BO,31.518276728494328
1010,49,BASS-BO,31.518276728494328
1010,50,BASS-BO,31.518276728494328
1010,51,BASS-BO,31.518276728494328
1010,52,BASS-BO,25.178442870168357
1010,53,BASS-BO,25.178442870168357
1010,54,BASS-BO,25.178442870168357
1010,55,BASS-BO,25.178442870168357
1010,56,BASS-BO,25.178442870168357
1010,57,BASS-BO,25.178442870168357
1010,58,BASS-BO,25.178442870168357
1010,59,BASS-BO,25.178442870168357
1010,60,BASS-BO,25.178442870168357
1010,61,BASS-BO,25.178442870168357
1010,62,BASS-BO,25.178442870168357
1010,63,BASS-BO,25.178442870168357
1010,64,BASS-BO,25.178442870168357
1010,65,BASS-BO,25.178442870168357
1010,66,BASS-BO,25.178442870168357
1010,67,BASS-BO,25.178442870168357
1010,68,BASS-BO,25.178442870168357
1010,69,BASS-BO,25.178442870168357
1010,70,BASS-BO,25.178442870168357
1010,71,BASS-BO,25.178442870168357
1010,72,BASS-BO,25.178442870168357
1010,73,BASS-BO,25.178442870168357
1010,74,BASS-BO,25.178442870168357
1010,75,BASS-BO,25.178442870168357
1010,76,BASS-BO,25.178442870168357
1010,77,BASS-BO,25.178442870168357
1010,78,BASS-BO,25.178442870168357
1010,79,BASS-BO,25.178442870168357
1010,80,BASS-BO,25.178442870168357
1010,0,GP-BO,33.43007162022091
1010,1,GP-BO,33.43007162022091
1010,2,GP-BO,33.43007162022091
1010,3,GP-BO,33.43007162022091
1010,4,GP-BO,33.43007162022091
1010,5,GP-BO,33.30780659851427
1010,6,GP-BO,33.30780659851427
1010,7,GP-BO,33.30780659851427
1010,8,GP-BO,33.30780659851427
1010,9,GP-BO,33.30780659851427
1010,10,GP-BO,33.30780659851427
1010,11,GP-BO,33.30780659851427
1010,12,GP-BO,33.30780659851427
1010,13,GP-BO,33.30780659851427
1010,14,GP-BO,33.30780659851427
1010,15,GP-BO,33.30780659851427
1010,16,GP-BO,33.30780659851427
1010,17,GP-BO,33.30780659851427
1010,18,GP-BO,33.30780659851427
1010,19,GP-BO,33.30780659851427
1010,20,GP-BO,27.905446408277008
1010,21,GP-BO,27.905446408277008
1010,22,GP-BO,27.905446408277008
1010,23,GP-BO,27.905446408277008
1010,24,GP-BO,27.905446408277008
1010,25,GP-BO,27.905446408277008
1010,26,GP-BO,27.905446408277008
1010,27,GP-BO,27.905446408277008
1010,28,GP-BO,24.663746143791528
1010,29,GP-BO,24.663746143791528
1010,30,GP-BO,24.663746143791528
1010,31,GP-BO,24.663746143791528
1010,32,GP-BO,24.663746143791528
1010,33,GP-BO,24.663746143791528
1010,34,GP-BO,24.663746143791528
1010,35,GP-BO,24.663746143791528
1010,36,GP-BO,24.663746143791528
1010,37,GP-BO,24.663746143791528
1010,38,GP-BO,24.663746143791528
1010,39,GP-BO,24.663746143791528
1010,40,GP-BO,24.663746143791528
1010,41,GP-BO,24.663746143791528
1010,42,GP-BO,24.663746143791528
1010,43,GP-BO,24.663746143791528
1010,44,GP-BO,24.663746143791528
1010,45,GP-BO,24.663746143791528
1010,46,GP-BO,23.220692315292457
1010,47,GP-BO,23.220692315292457
1010,48,GP-BO,18.375097962533562
1010,49,GP-BO,18.375097962533562
1010,50,GP-BO,18.375097962533562
1010,51,GP-BO,18.375097962533562
1010,52,GP-BO,17.799196233131703
1010,53,GP-BO,12.124598937098412
1010,54,GP-BO,12.124598937098412
1010,55,GP-BO,12.124598937098412
1010,56,GP-BO,12.124598937098412
1010,57,GP-BO,10.27334410676875
1010,58,GP-BO,10.27334410676875
1010,59,GP-BO,10.27334410676875
1010,60,GP-BO,10.27334410676875
1010,61,GP-BO,10.27334410676875
1010,62,GP-BO,10.27334410676875
1010,63,GP-BO,10.27334410676875
1010,64,GP-BO,10.207426868888362
1010,65,GP-BO,10.187053689226389
1010,66,GP-BO,10.187053689226389
1010,67,GP-BO,9.99567843132425
1010,68,GP-BO,9.99567843132425
1010,69,GP-BO,9.99567843132425
1010,70,GP-BO,9.99567843132425
1010,71,GP-BO,9.99567843132425
1010,72,GP-BO,9.99567843132425
1010,73,GP-BO,9.99567843132425
1010,74,GP-BO,9.99567843132425
1010,75,GP-BO,9.99567843132425
1010,76,GP-BO,9.99567843132425
1010,77,GP-BO,9.99567843132425
1010,78,GP-BO,9.99567843132425
1010,79,GP-BO,9.99567843132425
1010,80,GP-BO,9.99567843132425
1010,0,Random,33.43007162022091
1010,1,Random,33.43007162022091
1010,2,Random,33.43007162022091
1010,3,Random,33.43007162022091
1010,4,Random,33.43007162022091
1010,5,Random,33.43007162022091
1010,6,Random,33.43007162022091
1010,7,Random,33.43007162022091
1010,8,Random,33.43007162022091
1010,9,Random,33.43007162022091
1010,10,Random,33.43007162022091
1010,11,Random,33.43007162022091
1010,12,Random,33.43007162022091
1010,13,Random,33.43007162022091
1010,14,Random,33.43007162022091
1010,15,Random,33.43007162022091
1010,16,Random,33.43007162022091
1010,17,Random,32.92471719621124
1010,18,Random,32.92471719621124
1010,19,Random,32.92471719621124
1010,20,Random,32.92471719621124
1010,21,Random,32.92471719621124
1010,22,Random,32.92471719621124
1010,23,Random,32.92471719621124
1010,24,Random,32.92471719621124
1010,25,Random,32.92471719621124
1010,26,Random,32.92471719621124
1010,27,Random,32.92471719621124
1010,28,Random,32.92471719621124
1010,29,Random,32.92471719621124
1010,30,Random,32.92471719621124
1010,31,Random,32.92471719621124
1010,32,Random,32.92471719621124
1010,33,Random,32.92471719621124
1010,34,Random,32.92471719621124
1010,35,Random,32.92471719621124
1010,36,Random,32.92471719621124
1010,37,Random,32.92471719621124
1010,38,Random,32.92471719621124
1010,39,Random,32.92471719621124
1010,40,Random,32.92471719621124
1010,41,Random,32.92471719621124
1010,42,Random,32.92471719621124
1010,43,Random,32.92471719621124
1010,44,Random,32.92471719621124
1010,45,Random,32.92471719621124
1010,46,Random,32.92471719621124
1010,47,Random,32.92471719621124
1010,48,Random,32.92471719621124
1010,49,Random,32.92471719621124
1010,50,Random,32.92471719621124
1010,51,Random,32.92471719621124
1010,52,Random,32.92471719621124
1010,53,Random,32.92471719621124
1010,54,Random,32.92471719621124
1010,55,Random,32.92471719621124
1010,56,Random,32.92471719621124
1010,57,Random,32.92471719621124
1010,58,Random,32.92471719621124
1010,59,Random,32.92471719621124
1010,60,Random,32.92471719621124
1010,61,Random,32.92471719621124
1010,62,Random,32.92471719621124
1010,63,Random,32.92471719621124
1010,64,Random,32.92471719621124
1010,65,Random,32.92471719621124
1010,66,Random,32.92471719621124
1010,67,Random,32.92471719621124
1010,68,Random,32.92471719621124
1010,69,Random,32.92471719621124
1010,70,Random,32.92471719621124
1010,71,Random,32.92471719621124
1010,72,Random,32.92471719621124
1010,73,Random,32.92471719621124
1010,74,Random,32.92471719621124
1010,75,Random,32.92471719621124
1010,76,Random,32.92471719621124
1010,77,Random,32.92471719621124
1010,78,Random,32.92471719621124
1010,79,Random,32.92471719621124
1010,80,Random,32.92471719621124
1011,0,BASS-BO,44.85262893309336
1011,1,BASS-BO,44.85262893309336
1011,2,BASS-BO,44.85262893309336
1011,3,BASS-BO,44.85262893309336
1011,4,BASS-BO,44.85262893309336
1011,5,BASS-BO,44.85262893309336
1011,6,BASS-BO,44.85262893309336
1011,7,BASS-BO,44.85262893309336
1011,8,BASS-BO,44.85262893309336
1011,9,BASS-BO,44.85262893309336
1011,10,BASS-BO,44.85262893309336
1011,11,BASS-BO,44.85262893309336
1011,12,BASS-BO,44.85262893309336
1011,13,BASS-BO,44.85262893309336
1011,14,BASS-BO,44.85262893309336
1011,15,BASS-BO,44.85262893309336
1011,16,BASS-BO,44.85262893309336
1011,17,BASS-BO,44.85262893309336
1011,18,BASS-BO,44.85262893309336
1011,19,BASS-BO,44.85262893309336
1011,20,BASS-BO,44.85262893309336
1011,21,BASS-BO,44.85262893309336
1011,22,BASS-BO,44.85262893309336
1011,23,BASS-BO,44.85262893309336
1011,24,BASS-BO,44.85262893309336
1011,25,BASS-BO,44.85262893309336
1011,26,BASS-BO,44.85262893309336
1011,27,BASS-BO,44.85262893309336
1011,28,BASS-BO,44.85262893309336
1011,29,BASS-BO,44.85262893309336
1011,30,BASS-BO,44.85262893309336
1011,31,BASS-BO,44.85262893309336
1011,32,BASS-BO,44.85262893309336
1011,33,BASS-BO,44.85262893309336
1011,34,BASS-BO,44.85262893309336
1011,35,BASS-BO,44.85262893309336
1011,36,BASS-BO,44.85262893309336
1011,37,BASS-BO,44.697028986930476
1011,38,BASS-BO,44.697028986930476
1011,39,BASS-BO,39.448831136855134
1011,40,BASS-BO,39.448831136855134
1011,41,BASS-BO,39.448831136855134
1011,42,BASS-BO,38.72748813556583
1011,43,BASS-BO,38.72748813556583
1011,44,BASS-BO,38.72748813556583
1011,45,BASS-BO,36.92282479370918
1011,46,BASS-BO,36.92282479370918
1011,47,BASS-BO,36.92282479370918
1011,48,BASS-BO,36.92282479370918
1011,49,BASS-BO,36.92282479370918
1011,50,BASS-BO,36.92282479370918
1011,51,BASS-BO,36.92282479370918
1011,52,BASS-BO,36.92282479370918
1011,53,BASS-BO,36.92282479370918
1011,54,BASS-BO,36.92282479370918
1011,55,BASS-BO,36.92282479370918
1011,56,BASS-BO,36.92282479370918
1011,57,BASS-BO,36.92282479370918
1011,58,BASS-BO,36.92282479370918
1011,59,BASS-BO,36.92282479370918
1011,60,BASS-BO,26.454841456007806
1011,61,BASS-BO,26.454841456007806
1011,62,BASS-BO,26.454841456007806
1011,63,BASS-BO,26.454841456007806
1011,64,BASS-BO,26.454841456007806
1011,65,BASS-BO,26.454841456007806
1011,66,BASS-BO,14.381209836336527
1011,67,BASS-BO,14.381209836336527
1011,68,BASS-BO,14.381209836336527
1011,69,BASS-BO,14.381209836336527
1011,70,BASS-BO,14.381209836336527
1011,71,BASS-BO,14.381209836336527
1011,72,BASS-BO,14.381209836336527
1011,73,BASS-BO,14.381209836336527
1011,74,BASS-BO,14.381209836336527
1011,75,BASS-BO,14.381209836336527
1011,76,BASS-BO,14.381209836336527
1011,77,BASS-BO,14.381209836336527
1011,78,BASS-BO,14.381209836336527
1011,79,BASS-BO,14.381209836336527
1011,80,BASS-BO,14.381209836336527
1011,0,GP-BO,44.85262893309336
1011,1,GP-BO,44.85262893309336
1011,2,GP-BO,44.85262893309336
1011,3,GP-BO,44.85262893309336
1011,4,GP-BO,44.85262893309336
1011,5,GP-BO,44.85262893309336
1011,6,GP-BO,44.85262893309336
1011,7,GP-BO,44.85262893309336
1011,8,GP-BO,44.85262893309336
1011,9,GP-BO,30.465189187334797
1011,10,GP-BO,30.465189187334797
1011,11,GP-BO,30.465189187334797
1011,12,GP-BO,30.465189187334797
1011,13,GP-BO,30.465189187334797
1011,14,GP-BO,30.465189187334797
1011,15,GP-BO,30.465189187334797
1011,16,GP-BO,30.465189187334797
1011,17,GP-BO,30.465189187334797
1011,18,GP-BO,30.465189187334797
1011,19,GP-BO,30.465189187334797
1011,20,GP-BO,30.465189187334797
1011,21,GP-BO,30.465189187334797
1011,22,GP-BO,30.465189187334797
1011,23,GP-BO,29.947604412246196
1011,24,GP-BO,29.31411254263214
1011,25,GP-BO,29.31411254263214
1011,26,GP-BO,29.31411254263214
1011,27,GP-BO,26.718321035062353
1011,28,GP-BO,26.718321035062353
1011,29,GP-BO,26.557925151032805
1011,30,GP-BO,26.35997588088972
1011,31,GP-BO,26.056134733414083
1011,32,GP-BO,26.0460942412991
1011,33,GP-BO,26.0460942412991
1011,34,GP-BO,26.0460942412991
1011,35,GP-BO,26.0460942412991
1011,36,GP-BO,26.0460942412991
1011,37,GP-BO,25.971758944317905
1011,38,GP-BO,25.955655390429538
1011,39,GP-BO,25.955655390429538
1011,40,GP-BO,25.955655390429538
1011,41,GP-BO,25.955655390429538
1011,42,GP-BO,25.955655390429538
1011,43,GP-BO,25.955655390429538
1011,44,GP-BO,25.955655390429538
1011,45,GP-BO,25.955655390429538
1011,46,GP-BO,25.955655390429538
1011,47,GP-BO,25.955655390429538
1011,48,GP-BO,25.955655390429538
1011,49,GP-BO,25.955655390429538
1011,50,GP-BO,25.955655390429538
1011,51,GP-BO,25.955655390429538
1011,52,GP-BO,25.955655390429538
1011,53,GP-BO,25.955655390429538
1011,54,GP-BO,25.955655390429538
1011,55,GP-BO,25.955655390429538
1011,56,GP-BO,25.955655390429538
1011,57,GP-BO,25.955655390429538
1011,58,GP-BO,25.955655390429538
1011,59,GP-BO,25.955655390429538
1011,60,GP-BO,25.955655390429538
1011,61,GP-BO,25.955655390429538
1011,62,GP-BO,25.955655390429538
1011,63,GP-BO,25.955655390429538
1011,64,GP-BO,25.955655390429538
1011,65,GP-BO,25.955655390429538
1011,66,GP-BO,25.955655390429538
1011,67,GP-BO,25.955655390429538
1011,68,GP-BO,25.955655390429538
1011,69,GP-BO,25.955655390429538
1011,70,GP-BO,21.608074556749706
1011,71,GP-BO,21.608074556749706
1011,72,GP-BO,19.013180839305424
1011,73,GP-BO,13.74095409211882
1011,74,GP-BO,11.158357655231377
1011,75,GP-BO,11.158357655231377
1011,76,GP-BO,11.158357655231377
1011,77,GP-BO,11.158357655231377
1011,78,GP-BO,9.485944094258244
1011,79,GP-BO,9.485944094258244
1011,80,GP-BO,9.20898337947143
1011,0,Random,44.85262893309336
1011,1,Random,44.85262893309336
1011,2,Random,42.74867609520118
1011,3,Random,42.74867609520118
1011,4,Random,42.74867609520118
1011,5,Random,42.74867609520118
1011,6,Random,42.74867609520118
1011,7,Random,42.74867609520118
1011,8,Random,42.74867609520118
1011,9,Random,42.74867609520118
1011,10,Random,42.74867609520118
1011,11,Random,42.74867609520118
1011,12,Random,42.74867609520118
1011,13,Random,42.74867609520118
1011,14,Random,42.74867609520118
1011,15,Random,42.74867609520118
1011,16,Random,42.74867609520118
1011,17,Random,42.74867609520118
1011,18,Random,42.74867609520118
1011,19,Random,42.74867609520118
1011,20,Random,42.74867609520118
1011,21,Random,42.74867609520118
1011,22,Random,42.74867609520118
1011,23,Random,42.74867609520118
1011,24,Random,42.74867609520118
1011,25,Random,42.74867609520118
1011,26,Random,42.74867609520118
1011,27,Random,42.74867609520118
1011,28,Random,30.727988296538733
1011,29,Random,30.727988296538733
1011,30,Random,30.727988296538733
1011,31,Random,30.727988296538733
1011,32,Random,30.727988296538733
1011,33,Random,30.727988296538733
1011,34,Random,30.727988296538733
1011,35,Random,30.727988296538733
1011,36,Random,30.727988296538733
1011,37,Random,30.727988296538733
1011,38,Random,30.727988296538733
1011,39,Random,30.727988296538733
1011,40,Random,30.727988296538733
1011,41,Random,30.727988296538733
1011,42,Random,30.727988296538733
1011,43,Random,30.727988296538733
1011,44,Random,30.727988296538733
1011,45,Random,30.727988296538733
1011,46,Random,30.727988296538733
1011,47,Random,30.727988296538733
1011,48,Random,30.727988296538733
1011,49,Random,30.727988296538733
1011,50,Random,30.727988296538733
1011,51,Random,30.727988296538733
1011,52,Random,30.727988296538733
1011,53,Random,30.727988296538733
1011,54,Random,30.727988296538733
1011,55,Random,30.727988296538733
1011,56,Random,30.727988296538733
1011,57,Random,30.727988296538733
1011,58,Random,30.727988296538733
1011,59,Random,30.727988296538733
1011,60,Random,30.727988296538733
1011,61,Random,30.727988296538733
1011,62,Random,30.727988296538733
1011,63,Random,30.727988296538733
1011,64,Random,30.727988296538733
1011,65,Random,30.727988296538733
1011,66,Random,30.727988296538733
1011,67,Random,30.727988296538733
1011,68,Random,30.727988296538733
1011,69,Random,30.727988296538733
1011,70,Random,30.727988296538733
1011,71,Random,30.727988296538733
1011,72,Random,30.727988296538733
1011,73,Random,30.727988296538733
1011,74,Random,30.727988296538733
1011,75,Random,30.727988296538733
1011,76,Random,30.727988296538733
1011,77,Random,30.277597940623995
1011,78,Random,30.277597940623995
1011,79,Random,30.277597940623995
1011,80,Random,30.277597940623995
1012,0,BASS-BO,36.73103141454576
1012,1,BASS-BO,36.73103141454576
1012,2,BASS-BO,36.73103141454576
1012,3,BASS-BO,36.73103141454576
1012,4,BASS-BO,36.73103141454576
1012,5,BASS-BO,36.73103141454576
1012,6,BASS-BO,36.73103141454576
1012,7,BASS-BO,36.73103141454576
1012,8,BASS-BO,36.73103141454576
1012,9,BASS-BO,36.73103141454576
1012,10,BASS-BO,36.73103141454576
1012,11,BASS-BO,36.73103141454576
1012,12,BASS-BO,36.73103141454576
1012,13,BASS-BO,36.73103141454576
1012,14,BASS-BO,36.354543276185765
1012,15,BASS-BO,36.354543276185765
1012,16,BASS-BO,36.354543276185765
1012,17,BASS-BO,36.354543276185765
1012,18,BASS-BO,36.354543276185765
1012,19,BASS-BO,36.354543276185765
1012,20,BASS-BO,36.354543276185765
1012,21,BASS-BO,36.354543276185765
1012,22,BASS-BO,36.354543276185765
1012,23,BASS-BO,36.354543276185765
1012,24,BASS-BO,36.354543276185765
1012,25,BASS-BO,36.354543276185765
1012,26,BASS-BO,36.354543276185765
1012,27,BASS-BO,36.354543276185765
1012,28,BASS-BO,36.354543276185765
1012,29,BASS-BO,36.354543276185765
1012,30,BASS-BO,36.354543276185765
1012,31,BASS-BO,36.354543276185765
1012,32,BASS-BO,36.354543276185765
1012,33,BASS-BO,36.354543276185765
1012,34,BASS-BO,36.354543276185765
1012,35,BASS-BO,36.354543276185765
1012,36,BASS-BO,36.354543276185765
1012,37,BASS-BO,36.354543276185765
1012,38,BASS-BO,36.354543276185765
1012,39,BASS-BO,36.354543276185765
1012,40,BASS-BO,36.354543276185765
1012,41,BASS-BO,36.354543276185765
1012,42,BASS-BO,36.354543276185765
1012,43,BASS-BO,36.354543276185765
1012,44,BASS-BO,36.354543276185765
1012,45,BASS-BO,36.354543276185765
1012,46,BASS-BO,36.354543276185765
1012,47,BASS-BO,36.354543276185765
1012,48,BASS-BO,36.354543276185765
1012,49,BASS-BO,31.957058638635125
1012,50,BASS-BO,31.957058638635125
1012,51,BASS-BO,31.957058638635125
1012,52,BASS-BO,31.957058638635125
1012,53,BASS-BO,31.957058638635125
1012,54,BASS-BO,31.957058638635125
1012,55,BASS-BO,31.957058638635125
1012,56,BASS-BO,29.63378382508185
1012,57,BASS-BO,29.63378382508185
1012,58,BASS-BO,29.63378382508185
1012,59,BASS-BO,29.63378382508185
1012,60,BASS-BO,29.63378382508185
1012,61,BASS-BO,20.395248445918188
1012,62,BASS-BO,20.395248445918188
1012,63,BASS-BO,20.395248445918188
1012,64,BASS-BO,20.395248445918188
1012,65,BASS-BO,20.395248445918188
1012,66,BASS-BO,20.395248445918188
1012,67,BASS-BO,20.395248445918188
1012,68,BASS-BO,20.395248445918188
1012,69,BASS-BO,3.4824508168064767
1012,70,BASS-BO,3.4824508168064767
1012,71,BASS-BO,3.4824508168064767
1012,72,BASS-BO,3.4824508168064767
1012,73,BASS-BO,3.4824508168064767
1012,74,BASS-BO,3.4824508168064767
1012,75,BASS-BO,3.4824508168064767
1012,76,BASS-BO,3.4824508168064767
1012,77,BASS-BO,3.4824508168064767
1012,78,BASS-BO,3.4824508168064767
1012,79,BASS-BO,3.4824508168064767
1012,80,BASS-BO,3.4824508168064767
1012,0,GP-BO,36.73103141454576
1012,1,GP-BO,36.73103141454576
1012,2,GP-BO,36.73103141454576
1012,3,GP-BO,36.73103141454576
1012,4,GP-BO,36.73103141454576
1012,5,GP-BO,36.73103141454576
1012,6,GP-BO,36.73103141454576
1012,7,GP-BO,36.73103141454576
1012,8,GP-BO,36.73103141454576
1012,9,GP-BO,36.73103141454576
1012,10,GP-BO,36.73103141454576
1012,11,GP-BO,36.73103141454576
1012,12,GP-BO,36.73103141454576
1012,13,GP-BO,36.73103141454576
1012,14,GP-BO,36.73103141454576
1012,15,GP-BO,36.73103141454576
1012,16,GP-BO,36.73103141454576
1012,17,GP-BO,36.73103141454576
1012,18,GP-BO,36.73103141454576
1012,19,GP-BO,36.73103141454576
1012,20,GP-BO,36.73103141454576
1012,21,GP-BO,36.73103141454576
1012,22,GP-BO,36.73103141454576
1012,23,GP-BO,36.73103141454576
1012,24,GP-BO,36.73103141454576
1012,25,GP-BO,36.73103141454576
1012,26,GP-BO,36.73103141454576
1012,27,GP-BO,36.73103141454576
1012,28,GP-BO,36.73103141454576
1012,29,GP-BO,36.73103141454576
1012,30,GP-BO,36.73103141454576
1012,31,GP-BO,36.73103141454576
1012,32,GP-BO,36.73103141454576
1012,33,GP-BO,36.73103141454576
1012,34,GP-BO,36.73103141454576
1012,35,GP-BO,24.08899681808556
1012,36,GP-BO,24.08899681808556
1012,37,GP-BO,24.08899681808556
1012,38,GP-BO,17.863586099905156
1012,39,GP-BO,17.863586099905156
1012,40,GP-BO,17.863586099905156
1012,41,GP-BO,17.863586099905156
1012,42,GP-BO,17.863586099905156
1012,43,GP-BO,16.745478325900507
1012,44,GP-BO,16.072661510594784
1012,45,GP-BO,16.072661510594784
1012,46,GP-BO,16.072661510594784
1012,47,GP-BO,16.009625038086444
1012,48,GP-BO,16.009625038086444
1012,49,GP-BO,16.009625038086444
1012,50,GP-BO,16.009625038086444
1012,51,GP-BO,16.009625038086444
1012,52,GP-BO,16.009625038086444
1012,53,GP-BO,16.009625038086444
1012,54,GP-BO,16.009625038086444
1012,55,GP-BO,16.009625038086444
1012,56,GP-BO,16.009625038086444
1012,57,GP-BO,16.009625038086444
1012,58,GP-BO,15.961042329077433
1012,59,GP-BO,15.961042329077433
1012,60,GP-BO,15.961042329077433
1012,61,GP-BO,15.961042329077433
1012,62,GP-BO,15.961042329077433
1012,63,GP-BO,15.961042329077433
1012,64,GP-BO,15.961042329077433
1012,65,GP-BO,15.961042329077433
1012,66,GP-BO,15.961042329077433
1012,67,GP-BO,15.961042329077433
1012,68,GP-BO,15.961042329077433
1012,69,GP-BO,15.961042329077433
1012,70,GP-BO,15.961042329077433
1012,71,GP-BO,15.961042329077433
1012,72,GP-BO,15.961042329077433
1012,73,GP-BO,15.961042329077433
1012,74,GP-BO,15.961042329077433
1012,75,GP-BO,15.961042329077433
1012,76,GP-BO,15.961042329077433
1012,77,GP-BO,15.961042329077433
1012,78,GP-BO,15.961042329077433
1012,79,GP-BO,15.961042329077433
1012,80,GP-BO,15.961042329077433
1012,0,Random,36.73103141454576
1012,1,Random,36.73103141454576
1012,2,Random,36.73103141454576
1012,3,Random,36.73103141454576
1012,4,Random,36.73103141454576
1012,5,Random,36.73103141454576
1012,6,Random,36.73103141454576
1012,7,Random,36.73103141454576
1012,8,Random,36.73103141454576
1012,9,Random,36.73103141454576
1012,10,Random,36.73103141454576
1012,11,Random,36.73103141454576
1012,12,Random,34.75083191964228
1012,13,Random,34.75083191964228
1012,14,Random,34.75083191964228
1012,15,Random,34.75083191964228
1012,16,Random,34.75083191964228
1012,17,Random,34.75083191964228
1012,18,Random,34.75083191964228
1012,19,Random,34.75083191964228
1012,20,Random,34.75083191964228
1012,21,Random,34.75083191964228
1012,22,Random,34.75083191964228
1012,23,Random,34.59073414922232
1012,24,Random,34.59073414922232
1012,25,Random,34.59073414922232
1012,26,Random,34.59073414922232
1012,27,Random,34.59073414922232
1012,28,Random,34.59073414922232
1012,29,Random,34.59073414922232
1012,30,Random,34.59073414922232
1012,31,Random,34.59073414922232
1012,32,Random,34.59073414922232
1012,33,Random,34.59073414922232
1012,34,Random,34.59073414922232
1012,35,Random,34.59073414922232
1012,36,Random,34.59073414922232
1012,37,Random,34.59073414922232
1012,38,Random,34.59073414922232
1012,39,Random,34.59073414922232
1012,40,Random,34.59073414922232
1012,41,Random,34.59073414922232
1012,42,Random,34.59073414922232
1012,43,Random,34.59073414922232
1012,44,Random,34.59073414922232
1012,45,Random,34.59073414922232
1012,46,Random,34.59073414922232
1012,47,Random,34.59073414922232
1012,48,Random,34.59073414922232
1012,49,Random,34.59073414922232
1012,50,Random,34.59073414922232
1012,51,Random,34.59073414922232
1012,52,Random,34.0385366924758
1012,53,Random,34.0385366924758
1012,54,Random,34.0385366924758
1012,55,Random,34.0385366924758
1012,56,Random,34.0385366924758
1012,57,Random,34.0385366924758
1012,58,Random,34.0385366924758
1012,59,Random,34.0385366924758
1012,60,Random,34.0385366924758
1012,61,Random,34.0385366924758
1012,62,Random,34.0385366924758
1012,63,Random,34.0385366924758
1012,64,Random,34.0385366924758
1012,65,Random,34.0385366924758
1012,66,Random,34.0385366924758
1012,67,Random,34.0385366924758
1012,68,Random,34.0385366924758
1012,69,Random,34.0385366924758
1012,70,Random,34.0385366924758
1012,71,Random,34.0385366924758
1012,72,Random,34.0385366924758
1012,73,Random,34.0385366924758
1012,74,Random,34.0385366924758
1012,75,Random,34.0385366924758
1012,76,Random,34.0385366924758
1012,77,Random,34.0385366924758
1012,78,Random,34.0385366924758
1012,79,Random,34.0385366924758
1012,80,Random,34.0385366924758
1013,0,BASS-BO,48.69624358886911
1013,1,BASS-BO,48.69624358886911
1013,2,BASS-BO,48.69624358886911
1013,3,BASS-BO,48.69624358886911
1013,4,BASS-BO,48.69624358886911
1013,5,BASS-BO,48.69624358886911
1013,6,BASS-BO,48.69624358886911
1013,7,BASS-BO,48.69624358886911
1013,8,BASS-BO,48.69624358886911
1013,9,BASS-BO,48.69624358886911
1013,10,BASS-BO,48.69624358886911
1013,11,BASS-BO,48.69624358886911
1013,12,BASS-BO,48.69624358886911
1013,13,BASS-BO,48.69624358886911
1013,14,BASS-BO,48.69624358886911
1013,15,BASS-BO,48.69624358886911
1013,16,BASS-BO,48.69624358886911
1013,17,BASS-BO,48.69624358886911
1013,18,BASS-BO,48.69624358886911
1013,19,BASS-BO,40.94973038147017
1013,20,BASS-BO,40.94973038147017
1013,21,BASS-BO,40.94973038147017
1013,22,BASS-BO,40.94973038147017
1013,23,BASS-BO,40.94973038147017
1013,24,BASS-BO,40.94973038147017
1013,25,BASS-BO,40.94973038147017
1013,26,BASS-BO,40.94973038147017
1013,27,BASS-BO,40.94973038147017
1013,28,BASS-BO,40.94973038147017
1013,29,BASS-BO,40.94973038147017
1013,30,BASS-BO,40.94973038147017
1013,31,BASS-BO,40.94973038147017
1013,32,BASS-BO,40.94973038147017
1013,33,BASS-BO,40.94973038147017
1013,34,BASS-BO,40.94973038147017
1013,35,BASS-BO,40.94973038147017
1013,36,BASS-BO,40.94973038147017
1013,37,BASS-BO,40.94973038147017
1013,38,BASS-BO,40.94973038147017
1013,39,BASS-BO,40.94973038147017
1013,40,BASS-BO,40.94973038147017
1013,41,BASS-BO,40.94973038147017
1013,42,BASS-BO,40.94973038147017
1013,43,BASS-BO,40.94973038147017
1013,44,BASS-BO,40.94973038147017
1013,45,BASS-BO,40.94973038147017
1013,46,BASS-BO,40.94973038147017
1013,47,BASS-BO,40.94973038147017
1013,48,BASS-BO,40.94973038147017
1013,49,BASS-BO,40.94973038147017
1013,50,BASS-BO,40.94973038147017
1013,51,BASS-BO,40.94973038147017
1013,52,BASS-BO,40.94973038147017
1013,53,BASS-BO,40.94973038147017
1013,54,BASS-BO,40.94973038147017
1013,55,BASS-BO,40.94973038147017
1013,56,BASS-BO,40.94973038147017
1013,57,BASS-BO,40.94973038147017
1013,58,BASS-BO,40.94973038147017
1013,59,BASS-BO,40.94973038147017
1013,60,BASS-BO,40.94973038147017
1013,61,BASS-BO,40.94973038147017
1013,62,BASS-BO,40.94973038147017
1013,63,BASS-BO,40.94973038147017
1013,64,BASS-BO,29.518719041206218
1013,65,BASS-BO,29.518719041206218
1013,66,BASS-BO,29.518719041206218
1013,67,BASS-BO,29.518719041206218
1013,68,BASS-BO,29.518719041206218
1013,69,BASS-BO,29.518719041206218
1013,70,BASS-BO,29.518719041206218
1013,71,BASS-BO,29.518719041206218
1013,72,BASS-BO,29.518719041206218
1013,73,BASS-BO,29.518719041206218
1013,74,BASS-BO,29.518719041206218
1013,75,BASS-BO,29.518719041206218
1013,76,BASS-BO,29.518719041206218
1013,77,BASS-BO,29.518719041206218
1013,78,BASS-BO,29.289231969047236
1013,79,BASS-BO,13.720480400558056
1013,80,BASS-BO,13.720480400558056
1013,0,GP-BO,48.69624358886911
1013,1,GP-BO,48.69624358886911
1013,2,GP-BO,48.69624358886911
1013,3,GP-BO,48.69624358886911
1013,4,GP-BO,48.69624358886911
1013,5,GP-BO,48.69624358886911
1013,6,GP-BO,48.69624358886911
1013,7,GP-BO,48.69624358886911
1013,8,GP-BO,38.80069289923921
1013,9,GP-BO,38.80069289923921
1013,10,GP-BO,38.80069289923921
1013,11,GP-BO,38.80069289923921
1013,12,GP-BO,38.80069289923921
1013,13,GP-BO,38.80069289923921
1013,14,GP-BO,38.80069289923921
1013,15,GP-BO,38.80069289923921
1013,16,GP-BO,38.80069289923921
1013,17,GP-BO,38.80069289923921
1013,18,GP-BO,38.80069289923921
1013,19,GP-BO,38.80069289923921
1013,20,GP-BO,38.80069289923921
1013,21,GP-BO,38.80069289923921
1013,22,GP-BO,38.80069289923921
1013,23,GP-BO,38.80069289923921
1013,24,GP-BO,38.80069289923921
1013,25,GP-BO,38.80069289923921
1013,26,GP-BO,38.80069289923921
1013,27,GP-BO,38.80069289923921
1013,28,GP-BO,38.80069289923921
1013,29,GP-BO,38.80069289923921
1013,30,GP-BO,38.80069289923921
1013,31,GP-BO,38.80069289923921
1013,32,GP-BO,38.80069289923921
1013,33,GP-BO,38.80069289923921
1013,34,GP-BO,38.80069289923921
1013,35,GP-BO,38.80069289923921
1013,36,GP-BO,38.80069289923921
1013,37,GP-BO,38.80069289923921
1013,38,GP-BO,38.80069289923921
1013,39,GP-BO,38.80069289923921
1013,40,GP-BO,38.80069289923921
1013,41,GP-BO,33.66224430900366
1013,42,GP-BO,33.66224430900366
1013,43,GP-BO,33.66224430900366
1013,44,GP-BO,33.66224430900366
1013,45,GP-BO,33.66224430900366
1013,46,GP-BO,33.66224430900366
1013,47,GP-BO,33.66224430900366
1013,48,GP-BO,33.66224430900366
1013,49,GP-BO,29.53150115088657
1013,50,GP-BO,29.53150115088657
1013,51,GP-BO,29.53150115088657
1013,52,GP-BO,29.53150115088657
1013,53,GP-BO,29.53150115088657
1013,54,GP-BO,29.53150115088657
1013,55,GP-BO,29.53150115088657
1013,56,GP-BO,29.53150115088657
1013,57,GP-BO,29.53150115088657
1013,58,GP-BO,29.53150115088657
1013,59,GP-BO,29.53150115088657
1013,60,GP-BO,29.53150115088657
1013,61,GP-BO,29.53150115088657
1013,62,GP-BO,29.53150115088657
1013,63,GP-BO,29.53150115088657
1013,64,GP-BO,29.53150115088657
1013,65,GP-BO,29.53150115088657
1013,66,GP-BO,29.53150115088657
1013,67,GP-BO,29.53150115088657
1013,68,GP-BO,29.53150115088657
1013,69,GP-BO,29.53150115088657
1013,70,GP-BO,29.53150115088657
1013,71,GP-BO,29.53150115088657
1013,72,GP-BO,29.53150115088657
1013,73,GP-BO,29.53150115088657
1013,74,GP-BO,29.53150115088657
1013,75,GP-BO,29.53150115088657
1013,76,GP-BO,29.53150115088657
1013,77,GP-BO,29.53150115088657
1013,78,GP-BO,29.53150115088657
1013,79,GP-BO,29.53150115088657
1013,80,GP-BO,29.53150115088657
1013,0,Random,48.69624358886911
1013,1,Random,48.69624358886911
1013,2,Random,48.69624358886911
1013,3,Random,48.69624358886911
1013,4,Random,48.69624358886911
1013,5,Random,48.69624358886911
1013,6,Random,48.69624358886911
1013,7,Random,48.69624358886911
1013,8,Random,48.69624358886911
1013,9,Random,48.69624358886911
1013,10,Random,45.57497979162687
1013,11,Random,45.57497979162687
1013,12,Random,45.57497979162687
1013,13,Random,36.55928837738283
1013,14,Random,36.55928837738283
1013,15,Random,36.55928837738283
1013,16,Random,36.55928837738283
1013,17,Random,36.55928837738283
1013,18,Random,35.142323245428265
1013,19,Random,35.142323245428265
1013,20,Random,35.142323245428265
1013,21,Random,35.142323245428265
1013,22,Random,35.142323245428265
1013,23,Random,35.142323245428265
1013,24,Random,35.142323245428265
1013,25,Random,35.142323245428265
1013,26,Random,35.142323245428265
1013,27,Random,35.142323245428265
1013,28,Random,35.142323245428265
1013,29,Random,35.142323245428265
1013,30,Random,35.142323245428265
1013,31,Random,35.142323245428265
1013,32,Random,35.142323245428265
1013,33,Random,35.142323245428265
1013,34,Random,35.142323245428265
1013,35,Random,35.142323245428265
1013,36,Random,35.142323245428265
1013,37,Random,35.142323245428265
1013,38,Random,35.142323245428265
1013,39,Random,35.142323245428265
1013,40,Random,35.142323245428265
1013,41,Random,35.142323245428265
1013,42,Random,35.142323245428265
1013,43,Random,35.142323245428265
1013,44,Random,35.142323245428265
1013,45,Random,35.142323245428265
1013,46,Random,35.142323245428265
1013,47,Random,35.142323245428265
1013,48,Random,35.142323245428265
1013,49,Random,35.142323245428265
1013,50,Random,35.142323245428265
1013,51,Random,35.142323245428265
1013,52,Random,35.142323245428265
1013,53,Random,35.142323245428265
1013,54,Random,35.142323245428265
1013,55,Random,35.142323245428265
1013,56,Random,35.142323245428265
1013,57,Random,35.142323245428265
1013,58,Random,35.142323245428265
1013,59,Random,35.142323245428265
1013,60,Random,35.142323245428265
1013,61,Random,35.142323245428265
1013,62,Random,35.142323245428265
1013,63,Random,35.142323245428265
1013,64,Random,35.142323245428265
1013,65,Random,35.142323245428265
1013,66,Random,35.142323245428265
1013,67,Random,35.142323245428265
1013,68,Random,35.142323245428265
1013,69,Random,35.142323245428265
1013,70,Random,35.142323245428265
1013,71,Random,35.142323245428265
1013,72,Random,35.142323245428265
1013,73,Random,35.142323245428265
1013,74,Random,35.142323245428265
1013,75,Random,35.142323245428265
1013,76,Random,35.142323245428265
1013,77,Random,35.142323245428265
1013,78,Random,35.142323245428265
1013,79,Random,35.142323245428265
1013,80,Random,35.142323245428265
1014,0,BASS-BO,46.37677696678427
1014,1,BASS-BO,46.37677696678427
1014,2,BASS-BO,46.37677696678427
1014,3,BASS-BO,46.37677696678427
1014,4,BASS-BO,46.37677696678427
1014,5,BASS-BO,46.37677696678427
1014,6,BASS-BO,46.37677696678427
1014,7,BASS-BO,46.37677696678427
1014,8,BASS-BO,46.37677696678427
1014,9,BASS-BO,46.37677696678427
1014,10,BASS-BO,46.37677696678427
1014,11,BASS-BO,46.37677696678427
1014,12,BASS-BO,46.37677696678427
1014,13,BASS-BO,46.37677696678427
1014,14,BASS-BO,18.449229486742
1014,15,BASS-BO,18.449229486742
1014,16,BASS-BO,18.449229486742
1014,17,BASS-BO,18.449229486742
1014,18,BASS-BO,18.449229486742
1014,19,BASS-BO,18.449229486742
1014,20,BASS-BO,18.449229486742
1014,21,BASS-BO,18.449229486742
1014,22,BASS-BO,18.449229486742
1014,23,BASS-BO,18.449229486742
1014,24,BASS-BO,18.449229486742
1014,25,BASS-BO,18.449229486742
1014,26,BASS-BO,18.449229486742
1014,27,BASS-BO,18.449229486742
1014,28,BASS-BO,18.449229486742
1014,29,BASS-BO,18.449229486742
1014,30,BASS-BO,18.449229486742
1014,31,BASS-BO,18.449229486742
1014,32,BASS-BO,18.449229486742
1014,33,BASS-BO,18.449229486742
1014,34,BASS-BO,18.449229486742
1014,35,BASS-BO,18.449229486742
1014,36,BASS-BO,18.449229486742
1014,37,BASS-BO,18.449229486742
1014,38,BASS-BO,18.449229486742
1014,39,BASS-BO,18.449229486742
1014,40,BASS-BO,18.449229486742
1014,41,BASS-BO,18.449229486742
1014,42,BASS-BO,18.449229486742
1014,43,BASS-BO,18.449229486742
1014,44,BASS-BO,18.449229486742
1014,45,BASS-BO,18.449229486742
1014,46,BASS-BO,18.449229486742
1014,47,BASS-BO,18.449229486742
1014,48,BASS-BO,18.449229486742
1014,49,BASS-BO,18.449229486742
1014,50,BASS-BO,18.449229486742
1014,51,BASS-BO,18.449229486742
1014,52,BASS-BO,18.449229486742
1014,53,BASS-BO,18.449229486742
1014,54,BASS-BO,18.449229486742
1014,55,BASS-BO,18.449229486742
1014,56,BASS-BO,18.449229486742
1014,57,BASS-BO,18.449229486742
1014,58,BASS-BO,18.449229486742
1014,59,BASS-BO,18.449229486742
1014,60,BASS-BO,18.449229486742
1014,61,BASS-BO,18.449229486742
1014,62,BASS-BO,18.449229486742
1014,63,BASS-BO,18.449229486742
1014,64,BASS-BO,18.449229486742
1014,65,BASS-BO,18.449229486742
1014,66,BASS-BO,18.449229486742
1014,67,BASS-BO,18.449229486742
1014,68,BASS-BO,18.449229486742
1014,69,BASS-BO,18.449229486742
1014,70,BASS-BO,18.449229486742
1014,71,BASS-BO,5.838749926926816
1014,72,BASS-BO,5.838749926926816
1014,73,BASS-BO,5.838749926926816
1014,74,BASS-BO,5.838749926926816
1014,75,BASS-BO,5.838749926926816
1014,76,BASS-BO,5.838749926926816
1014,77,BASS-BO,5.838749926926816
1014,78,BASS-BO,5.838749926926816
1014,79,BASS-BO,5.838749926926816
1014,80,BASS-BO,5.838749926926816
1014,0,GP-BO,46.37677696678427
1014,1,GP-BO,46.37677696678427
1014,2,GP-BO,46.37677696678427
1014,3,GP-BO,46.37677696678427
1014,4,GP-BO,46.37677696678427
1014,5,GP-BO,46.37677696678427
1014,6,GP-BO,46.37677696678427
1014,7,GP-BO,46.37677696678427
1014,8,GP-BO,46.37677696678427
1014,9,GP-BO,46.37677696678427
1014,10,GP-BO,46.37677696678427
1014,11,GP-BO,46.37677696678427
1014,12,GP-BO,46.37677696678427
1014,13,GP-BO,46.37677696678427
1014,14,GP-BO,46.37677696678427
1014,15,GP-BO,46.37677696678427
1014,16,GP-BO,46.37677696678427
1014,17,GP-BO,46.37677696678427
1014,18,GP-BO,46.37677696678427
1014,19,GP-BO,46.37677696678427
1014,20,GP-BO,46.37677696678427
1014,21,GP-BO,46.37677696678427
1014,22,GP-BO,46.37677696678427
1014,23,GP-BO,46.37677696678427
1014,24,GP-BO,46.37677696678427
1014,25,GP-BO,46.37677696678427
1014,26,GP-BO,32.46938056507662
1014,27,GP-BO,32.46938056507662
1014,28,GP-BO,32.46938056507662
1014,29,GP-BO,32.46938056507662
1014,30,GP-BO,32.46938056507662
1014,31,GP-BO,32.46938056507662
1014,32,GP-BO,32.46938056507662
1014,33,GP-BO,32.46938056507662
1014,34,GP-BO,32.46938056507662
1014,35,GP-BO,32.46938056507662
1014,36,GP-BO,32.46938056507662
1014,37,GP-BO,32.46938056507662
1014,38,GP-BO,32.46938056507662
1014,39,GP-BO,32.46938056507662
1014,40,GP-BO,32.46938056507662
1014,41,GP-BO,32.46938056507662
1014,42,GP-BO,32.46938056507662
1014,43,GP-BO,32.46938056507662
1014,44,GP-BO,32.46938056507662
1014,45,GP-BO,32.46938056507662
1014,46,GP-BO,32.46938056507662
1014,47,GP-BO,32.46938056507662
1014,48,GP-BO,32.46938056507662
1014,49,GP-BO,32.46938056507662
1014,50,GP-BO,32.46938056507662
1014,51,GP-BO,32.46938056507662
1014,52,GP-BO,32.46938056507662
1014,53,GP-BO,32.46938056507662
1014,54,GP-BO,32.46938056507662
1014,55,GP-BO,32.46938056507662
1014,56,GP-BO,32.46938056507662
1014,57,GP-BO,32.46938056507662
1014,58,GP-BO,32.46938056507662
1014,59,GP-BO,32.46938056507662
1014,60,GP-BO,32.46938056507662
1014,61,GP-BO,32.46938056507662
1014,62,GP-BO,32.46938056507662
1014,63,GP-BO,32.46938056507662
1014,64,GP-BO,32.46938056507662
1014,65,GP-BO,29.95430546874099
1014,66,GP-BO,29.95430546874099
1014,67,GP-BO,29.95430546874099
1014,68,GP-BO,29.95430546874099
1014,69,GP-BO,29.95430546874099
1014,70,GP-BO,29.95430546874099
1014,71,GP-BO,29.95430546874099
1014,72,GP-BO,29.115407889060972
1014,73,GP-BO,29.115407889060972
1014,74,GP-BO,20.310142698929752
1014,75,GP-BO,20.310142698929752
1014,76,GP-BO,20.044603897347827
1014,77,GP-BO,20.044603897347827
1014,78,GP-BO,20.044603897347827
1014,79,GP-BO,20.044603897347827
1014,80,GP-BO,20.044603897347827
1014,0,Random,46.37677696678427
1014,1,Random,46.37677696678427
1014,2,Random,46.37677696678427
1014,3,Random,40.77808276800481
1014,4,Random,40.77808276800481
1014,5,Random,40.77808276800481
1014,6,Random,40.77808276800481
1014,7,Random,40.77808276800481
1014,8,Random,40.77808276800481
1014,9,Random,19.606370737396745
1014,10,Random,19.606370737396745
1014,11,Random,19.606370737396745
1014,12,Random,19.606370737396745
1014,13,Random,19.606370737396745
1014,14,Random,19.606370737396745
1014,15,Random,19.606370737396745
1014,16,Random,19.606370737396745
1014,17,Random,19.606370737396745
1014,18,Random,19.606370737396745
1014,19,Random,19.606370737396745
1014,20,Random,19.606370737396745
1014,21,Random,19.606370737396745
1014,22,Random,19.606370737396745
1014,23,Random,19.606370737396745
1014,24,Random,19.606370737396745
1014,25,Random,19.606370737396745
1014,26,Random,19.606370737396745
1014,27,Random,19.606370737396745
1014,28,Random,19.606370737396745
1014,29,Random,19.606370737396745
1014,30,Random,19.606370737396745
1014,31,Random,19.606370737396745
1014,32,Random,19.606370737396745
1014,33,Random,19.606370737396745
1014,34,Random,19.606370737396745
1014,35,Random,19.606370737396745
1014,36,Random,19.606370737396745
1014,37,Random,19.606370737396745
1014,38,Random,19.606370737396745
1014,39,Random,19.606370737396745
1014,40,Random,19.606370737396745
1014,41,Random,19.606370737396745
1014,42,Random,19.606370737396745
1014,43,Random,19.606370737396745
1014,44,Random,19.606370737396745
1014,45,Random,19.606370737396745
1014,46,Random,19.606370737396745
1014,47,Random,19.606370737396745
1014,48,Random,19.606370737396745
1014,49,Random,19.606370737396745
1014,50,Random,19.606370737396745
1014,51,Random,19.606370737396745
1014,52,Random,19.606370737396745
1014,53,Random,19.606370737396745
1014,54,Random,19.606370737396745
1014,55,Random,19.606370737396745
1014,56,Random,19.606370737396745
1014,57,Random,19.606370737396745
1014,58,Random,19.606370737396745
1014,59,Random,19.606370737396745
1014,60,Random,19.606370737396745
1014,61,Random,19.606370737396745
1014,62,Random,19.606370737396745
1014,63,Random,19.606370737396745
1014,64,Random,19.606370737396745
1014,65,Random,19.606370737396745
1014,66,Random,19.606370737396745
1014,67,Random,19.606370737396745
1014,68,Random,19.606370737396745
1014,69,Random,19.606370737396745
1014,70,Random,19.606370737396745
1014,71,Random,19.606370737396745
1014,72,Random,19.606370737396745
1014,73,Random,19.606370737396745
1014,74,Random,19.606370737396745
1014,75,Random,19.606370737396745
1014,76,Random,19.606370737396745
1014,77,Random,19.606370737396745
1014,78,Random,19.606370737396745
1014,79,Random,19.606370737396745
1014,80,Random,19.606370737396745
1015,0,BASS-BO,42.652414304179814
1015,1,BASS-BO,42.652414304179814
1015,2,BASS-BO,42.652414304179814
1015,3,BASS-BO,42.652414304179814
1015,4,BASS-BO,42.652414304179814
1015,5,BASS-BO,42.652414304179814
1015,6,BASS-BO,42.652414304179814
1015,7,BASS-BO,42.652414304179814
1015,8,BASS-BO,42.652414304179814
1015,9,BASS-BO,42.652414304179814
1015,10,BASS-BO,42.652414304179814
1015,11,BASS-BO,42.652414304179814
1015,12,BASS-BO,42.652414304179814
1015,13,BASS-BO,42.652414304179814
1015,14,BASS-BO,42.652414304179814
1015,15,BASS-BO,42.652414304179814
1015,16,BASS-BO,42.652414304179814
1015,17,BASS-BO,42.652414304179814
1015,18,BASS-BO,42.652414304179814
1015,19,BASS-BO,42.652414304179814
1015,20,BASS-BO,42.652414304179814
1015,21,BASS-BO,42.652414304179814
1015,22,BASS-BO,42.652414304179814
1015,23,BASS-BO,42.652414304179814
1015,24,BASS-BO,42.652414304179814
1015,25,BASS-BO,42.652414304179814
1015,26,BASS-BO,42.652414304179814
1015,27,BASS-BO,42.652414304179814
1015,28,BASS-BO,42.652414304179814
1015,29,BASS-BO,42.652414304179814
1015,30,BASS-BO,42.652414304179814
1015,31,BASS-BO,42.652414304179814
1015,32,BASS-BO,42.652414304179814
1015,33,BASS-BO,42.652414304179814
1015,34,BASS-BO,42.652414304179814
1015,35,BASS-BO,42.652414304179814
1015,36,BASS-BO,42.652414304179814
1015,37,BASS-BO,42.652414304179814
1015,38,BASS-BO,42.652414304179814
1015,39,BASS-BO,42.59562365712671
1015,40,BASS-BO,42.59562365712671
1015,41,BASS-BO,42.59562365712671
1015,42,BASS-BO,42.59562365712671
1015,43,BASS-BO,42.59562365712671
1015,44,BASS-BO,42.59562365712671
1015,45,BASS-BO,42.59562365712671
1015,46,BASS-BO,42.59562365712671
1015,47,BASS-BO,42.59562365712671
1015,48,BASS-BO,42.59562365712671
1015,49,BASS-BO,42.59562365712671
1015,50,BASS-BO,42.59562365712671
1015,51,BASS-BO,42.59562365712671
1015,52,BASS-BO,42.59562365712671
1015,53,BASS-BO,42.59562365712671
1015,54,BASS-BO,42.59562365712671
1015,55,BASS-BO,42.59562365712671
1015,56,BASS-BO,35.9566714806047
1015,57,BASS-BO,35.9566714806047
1015,58,BASS-BO,35.9566714806047
1015,59,BASS-BO,35.9566714806047
1015,60,BASS-BO,35.9566714806047
1015,61,BASS-BO,35.9566714806047
1015,62,BASS-BO,35.9566714806047
1015,63,BASS-BO,35.9566714806047
1015,64,BASS-BO,35.9566714806047
1015,65,BASS-BO,35.9566714806047
1015,66,BASS-BO,35.9566714806047
1015,67,BASS-BO,35.9566714806047
1015,68,BASS-BO,35.9566714806047
1015,69,BASS-BO,35.9566714806047
1015,70,BASS-BO,35.9566714806047
1015,71,BASS-BO,35.9566714806047
1015,72,BASS-BO,35.9566714806047
1015,73,BASS-BO,35.9566714806047
1015,74,BASS-BO,35.9566714806047
1015,75,BASS-BO,35.9566714806047
1015,76,BASS-BO,35.9566714806047
1015,77,BASS-BO,35.9566714806047
1015,78,BASS-BO,35.9566714806047
1015,79,BASS-BO,35.9566714806047
1015,80,BASS-BO,35.9566714806047
1015,0,GP-BO,42.652414304179814
1015,1,GP-BO,42.652414304179814
1015,2,GP-BO,42.652414304179814
1015,3,GP-BO,42.652414304179814
1015,4,GP-BO,42.652414304179814
1015,5,GP-BO,42.652414304179814
1015,6,GP-BO,42.652414304179814
1015,7,GP-BO,42.652414304179814
1015,8,GP-BO,38.231142062684995
1015,9,GP-BO,38.231142062684995
1015,10,GP-BO,38.231142062684995
1015,11,GP-BO,38.231142062684995
1015,12,GP-BO,38.231142062684995
1015,13,GP-BO,38.231142062684995
1015,14,GP-BO,38.231142062684995
1015,15,GP-BO,38.231142062684995
1015,16,GP-BO,38.231142062684995
1015,17,GP-BO,38.231142062684995
1015,18,GP-BO,38.231142062684995
1015,19,GP-BO,38.231142062684995
1015,20,GP-BO,38.231142062684995
1015,21,GP-BO,38.231142062684995
1015,22,GP-BO,38.231142062684995
1015,23,GP-BO,35.643837292427555
1015,24,GP-BO,35.643837292427555
1015,25,GP-BO,35.643837292427555
1015,26,GP-BO,35.643837292427555
1015,27,GP-BO,35.643837292427555
1015,28,GP-BO,35.643837292427555
1015,29,GP-BO,23.019310479920833
1015,30,GP-BO,15.814216702619799
1015,31,GP-BO,15.814216702619799
1015,32,GP-BO,15.814216702619799
1015,33,GP-BO,15.814216702619799
1015,34,GP-BO,15.814216702619799
1015,35,GP-BO,12.93761978517718
1015,36,GP-BO,12.93761978517718
1015,37,GP-BO,12.93761978517718
1015,38,GP-BO,12.93761978517718
1015,39,GP-BO,12.93761978517718
1015,40,GP-BO,12.93761978517718
1015,41,GP-BO,12.93761978517718
1015,42,GP-BO,12.144864211013005
1015,43,GP-BO,12.093425423232596
1015,44,GP-BO,12.093425423232596
1015,45,GP-BO,12.093425423232596
1015,46,GP-BO,12.093425423232596
1015,47,GP-BO,12.093425423232596
1015,48,GP-BO,12.093425423232596
1015,49,GP-BO,12.093425423232596
1015,50,GP-BO,12.093425423232596
1015,51,GP-BO,12.093425423232596
1015,52,GP-BO,12.043393849434075
1015,53,GP-BO,12.043393849434075
1015,54,GP-BO,12.043393849434075
1015,55,GP-BO,12.043393849434075
1015,56,GP-BO,12.043393849434075
1015,57,GP-BO,12.043393849434075
1015,58,GP-BO,12.022048751274255
1015,59,GP-BO,12.022048751274255
1015,60,GP-BO,12.017084225646816
1015,61,GP-BO,12.017084225646816
1015,62,GP-BO,12.017084225646816
1015,63,GP-BO,12.017084225646816
1015,64,GP-BO,12.017084225646816
1015,65,GP-BO,12.017084225646816
1015,66,GP-BO,12.017084225646816
1015,67,GP-BO,12.017084225646816
1015,68,GP-BO,12.017084225646816
1015,69,GP-BO,12.017084225646816
1015,70,GP-BO,12.017084225646816
1015,71,GP-BO,12.017084225646816
1015,72,GP-BO,12.017084225646816
1015,73,GP-BO,12.017084225646816
1015,74,GP-BO,12.017084225646816
1015,75,GP-BO,12.017084225646816
1015,76,GP-BO,12.017084225646816
1015,77,GP-BO,12.017084225646816
1015,78,GP-BO,12.017084225646816
1015,79,GP-BO,12.017084225646816
1015,80,GP-BO,12.017084225646816
1015,0,Random,42.652414304179814
1015,1,Random,42.652414304179814
1015,2,Random,42.652414304179814
1015,3,Random,42.652414304179814
1015,4,Random,42.652414304179814
1015,5,Random,42.652414304179814
1015,6,Random,42.652414304179814
1015,7,Random,42.652414304179814
1015,8,Random,42.652414304179814
1015,9,Random,42.652414304179814
1015,10,Random,42.652414304179814
1015,11,Random,42.652414304179814
1015,12,Random,42.652414304179814
1015,13,Random,42.652414304179814
1015,14,Random,42.652414304179814
1015,15,Random,42.652414304179814
1015,16,Random,42.652414304179814
1015,17,Random,42.652414304179814
1015,18,Random,38.23418941950907
1015,19,Random,38.23418941950907
1015,20,Random,38.23418941950907
1015,21,Random,38.23418941950907
1015,22,Random,38.23418941950907
1015,23,Random,38.23418941950907
1015,24,Random,11.974491192525228
1015,25,Random,11.974491192525228
1015,26,Random,11.974491192525228
1015,27,Random,11.974491192525228
1015,28,Random,11.974491192525228
1015,29,Random,11.974491192525228
1015,30,Random,11.974491192525228
1015,31,Random,11.974491192525228
1015,32,Random,11.974491192525228
1015,33,Random,11.974491192525228
1015,34,Random,11.974491192525228
1015,35,Random,11.974491192525228
1015,36,Random,11.974491192525228
1015,37,Random,11.974491192525228
1015,38,Random,11.974491192525228
1015,39,Random,11.974491192525228
1015,40,Random,11.974491192525228
1015,41,Random,11.974491192525228
1015,42,Random,11.974491192525228
1015,43,Random,11.974491192525228
1015,44,Random,11.974491192525228
1015,45,Random,11.974491192525228
1015,46,Random,11.974491192525228
1015,47,Random,11.974491192525228
1015,48,Random,11.974491192525228
1015,49,Random,11.974491192525228
1015,50,Random,11.974491192525228
1015,51,Random,11.974491192525228
1015,52,Random,11.974491192525228
1015,53,Random,11.974491192525228
1015,54,Random,11.974491192525228
1015,55,Random,11.974491192525228
1015,56,Random,11.974491192525228
1015,57,Random,11.974491192525228
1015,58,Random,11.974491192525228
1015,59,Random,11.974491192525228
1015,60,Random,11.974491192525228
1015,61,Random,11.974491192525228
1015,62,Random,11.974491192525228
1015,63,Random,11.974491192525228
1015,64,Random,11.974491192525228
1015,65,Random,11.974491192525228
1015,66,Random,11.974491192525228
1015,67,Random,11.974491192525228
1015,68,Random,11.974491192525228
1015,69,Random,11.974491192525228
1015,70,Random,11.974491192525228
1015,71,Random,11.974491192525228
1015,72,Random,11.974491192525228
1015,73,Random,11.974491192525228
1015,74,Random,11.974491192525228
1015,75,Random,11.974491192525228
1015,76,Random,11.974491192525228
1015,77,Random,11.974491192525228
1015,78,Random,11.974491192525228
1015,79,Random,11.974491192525228
1015,80,Random,11.974491192525228
1016,0,BASS-BO,63.60114317567398
1016,1,BASS-BO,63.60114317567398
1016,2,BASS-BO,63.60114317567398
1016,3,BASS-BO,63.60114317567398
1016,4,BASS-BO,63.60114317567398
1016,5,BASS-BO,63.60114317567398
1016,6,BASS-BO,63.60114317567398
1016,7,BASS-BO,63.60114317567398
1016,8,BASS-BO,63.60114317567398
1016,9,BASS-BO,63.60114317567398
1016,10,BASS-BO,63.60114317567398
1016,11,BASS-BO,63.60114317567398
1016,12,BASS-BO,63.60114317567398
1016,13,BASS-BO,63.60114317567398
1016,14,BASS-BO,63.60114317567398
1016,15,BASS-BO,63.60114317567398
1016,16,BASS-BO,63.60114317567398
1016,17,BASS-BO,63.60114317567398
1016,18,BASS-BO,63.60114317567398
1016,19,BASS-BO,63.60114317567398
1016,20,BASS-BO,63.60114317567398
1016,21,BASS-BO,63.60114317567398
1016,22,BASS-BO,29.943369467523596
1016,23,BASS-BO,29.943369467523596
1016,24,BASS-BO,29.943369467523596
1016,25,BASS-BO,29.943369467523596
1016,26,BASS-BO,29.943369467523596
1016,27,BASS-BO,29.943369467523596
1016,28,BASS-BO,29.943369467523596
1016,29,BASS-BO,29.943369467523596
1016,30,BASS-BO,29.943369467523596
1016,31,BASS-BO,29.943369467523596
1016,32,BASS-BO,29.943369467523596
1016,33,BASS-BO,29.943369467523596
1016,34,BASS-BO,29.943369467523596
1016,35,BASS-BO,29.943369467523596
1016,36,BASS-BO,29.943369467523596
1016,37,BASS-BO,29.943369467523596
1016,38,BASS-BO,29.943369467523596
1016,39,BASS-BO,29.943369467523596
1016,40,BASS-BO,29.943369467523596
1016,41,BASS-BO,29.943369467523596
1016,42,BASS-BO,29.943369467523596
1016,43,BASS-BO,29.943369467523596
1016,44,BASS-BO,29.943369467523596
1016,45,BASS-BO,29.943369467523596
1016,46,BASS-BO,29.943369467523596
1016,47,BASS-BO,29.943369467523596
1016,48,BASS-BO,29.943369467523596
1016,49,BASS-BO,29.943369467523596
1016,50,BASS-BO,29.943369467523596
1016,51,BASS-BO,29.943369467523596
1016,52,BASS-BO,29.943369467523596
1016,53,BASS-BO,29.943369467523596
1016,54,BASS-BO,29.943369467523596
1016,55,BASS-BO,29.943369467523596
1016,56,BASS-BO,29.943369467523596
1016,57,BASS-BO,29.943369467523596
1016,58,BASS-BO,29.943369467523596
1016,59,BASS-BO,29.943369467523596
1016,60,BASS-BO,29.943369467523596
1016,61,BASS-BO,29.943369467523596
1016,62,BASS-BO,29.943369467523596
1016,63,BASS-BO,29.943369467523596
1016,64,BASS-BO,29.943369467523596
1016,65,BASS-BO,29.943369467523596
1016,66,BASS-BO,29.943369467523596
1016,67,BASS-BO,29.943369467523596
1016,68,BASS-BO,29.943369467523596
1016,69,BASS-BO,29.943369467523596
1016,70,BASS-BO,29.943369467523596
1016,71,BASS-BO,29.943369467523596
1016,72,BASS-BO,29.943369467523596
1016,73,BASS-BO,29.943369467523596
1016,74,BASS-BO,29.943369467523596
1016,75,BASS-BO,29.943369467523596
1016,76,BASS-BO,29.943369467523596
1016,77,BASS-BO,29.943369467523596
1016,78,BASS-BO,29.943369467523596
1016,79,BASS-BO,29.943369467523596
1016,80,BASS-BO,29.943369467523596
1016,0,GP-BO,63.60114317567398
1016,1,GP-BO,63.60114317567398
1016,2,GP-BO,63.60114317567398
1016,3,GP-BO,53.012496480428325
1016,4,GP-BO,53.012496480428325
1016,5,GP-BO,53.012496480428325
1016,6,GP-BO,53.012496480428325
1016,7,GP-BO,26.51854108202246
1016,8,GP-BO,26.51854108202246
1016,9,GP-BO,11.341032520578388
1016,10,GP-BO,11.341032520578388
1016,11,GP-BO,11.341032520578388
1016,12,GP-BO,11.341032520578388
1016,13,GP-BO,11.341032520578388
1016,14,GP-BO,11.341032520578388
1016,15,GP-BO,11.341032520578388
1016,16,GP-BO,11.341032520578388
1016,17,GP-BO,11.341032520578388
1016,18,GP-BO,11.341032520578388
1016,19,GP-BO,11.341032520578388
1016,20,GP-BO,11.341032520578388
1016,21,GP-BO,11.341032520578388
1016,22,GP-BO,11.341032520578388
1016,23,GP-BO,11.341032520578388
1016,24,GP-BO,11.341032520578388
1016,25,GP-BO,11.341032520578388
1016,26,GP-BO,11.341032520578388
1016,27,GP-BO,11.341032520578388
1016,28,GP-BO,11.341032520578388
1016,29,GP-BO,11.341032520578388
1016,30,GP-BO,11.341032520578388
1016,31,GP-BO,11.341032520578388
1016,32,GP-BO,11.341032520578388
1016,33,GP-BO,11.341032520578388
1016,34,GP-BO,11.341032520578388
1016,35,GP-BO,11.341032520578388
1016,36,GP-BO,11.341032520578388
1016,37,GP-BO,11.341032520578388
1016,38,GP-BO,11.341032520578388
1016,39,GP-BO,11.341032520578388
1016,40,GP-BO,11.341032520578388
1016,41,GP-BO,5.285588502726505
1016,42,GP-BO,5.285588502726505
1016,43,GP-BO,5.285588502726505
1016,44,GP-BO,5.285588502726505
1016,45,GP-BO,5.285588502726505
1016,46,GP-BO,5.208221336373249
1016,47,GP-BO,5.208221336373249
1016,48,GP-BO,5.078476052097528
1016,49,GP-BO,5.078476052097528
1016,50,GP-BO,5.010377280748152
1016,51,GP-BO,5.010377280748152
1016,52,GP-BO,5.010377280748152
1016,53,GP-BO,5.010377280748152
1016,54,GP-BO,5.010377280748152
1016,55,GP-BO,5.010377280748152
1016,56,GP-BO,5.010377280748152
1016,57,GP-BO,5.010377280748152
1016,58,GP-BO,5.010377280748152
1016,59,GP-BO,5.010377280748152
1016,60,GP-BO,5.010377280748152
1016,61,GP-BO,5.010377280748152
1016,62,GP-BO,5.010377280748152
1016,63,GP-BO,4.997482852661115
1016,64,GP-BO,4.997482852661115
1016,65,GP-BO,4.997482852661115
1016,66,GP-BO,4.997482852661115
1016,67,GP-BO,4.997482852661115
1016,68,GP-BO,4.997482852661115
1016,69,GP-BO,4.997482852661115
1016,70,GP-BO,4.997482852661115
1016,71,GP-BO,4.997482852661115
1016,72,GP-BO,4.997482852661115
1016,73,GP-BO,4.997482852661115
1016,74,GP-BO,4.997482852661115
1016,75,GP-BO,4.997482852661115
1016,76,GP-BO,4.997482852661115
1016,77,GP-BO,4.997482852661115
1016,78,GP-BO,4.997482852661115
1016,79,GP-BO,4.997482852661115
1016,80,GP-BO,4.997482852661115
1016,0,Random,63.60114317567398
1016,1,Random,60.299410349735545
1016,2,Random,50.19852589640716
1016,3,Random,50.19852589640716
1016,4,Random,50.19852589640716
1016,5,Random,50.19852589640716
1016,6,Random,50.19852589640716
1016,7,Random,50.19852589640716
1016,8,Random,50.19852589640716
1016,9,Random,50.19852589640716
1016,10,Random,50.19852589640716
1016,11,Random,50.19852589640716
1016,12,Random,50.19852589640716
1016,13,Random,48.111441767775034
1016,14,Random,37.18932614469885
1016,15,Random,37.18932614469885
1016,16,Random,37.18932614469885
1016,17,Random,37.18932614469885
1016,18,Random,37.18932614469885
1016,19,Random,37.18932614469885
1016,20,Random,37.18932614469885
1016,21,Random,37.18932614469885
1016,22,Random,37.18932614469885
1016,23,Random,37.18932614469885
1016,24,Random,37.18932614469885
1016,25,Random,37.18932614469885
1016,26,Random,37.18932614469885
1016,27,Random,37.18932614469885
1016,28,Random,37.18932614469885
1016,29,Random,37.18932614469885
1016,30,Random,37.18932614469885
1016,31,Random,37.18932614469885
1016,32,Random,37.18932614469885
1016,33,Random,37.18932614469885
1016,34,Random,37.18932614469885
1016,35,Random,37.18932614469885
1016,36,Random,37.18932614469885
1016,37,Random,37.18932614469885
1016,38,Random,37.18932614469885
1016,39,Random,37.18932614469885
1016,40,Random,37.18932614469885
1016,41,Random,37.18932614469885
1016,42,Random,37.18932614469885
1016,43,Random,37.18932614469885
1016,44,Random,37.18932614469885
1016,45,Random,37.18932614469885
1016,46,Random,37.18932614469885
1016,47,Random,37.18932614469885
1016,48,Random,37.18932614469885
1016,49,Random,37.18932614469885
1016,50,Random,37.18932614469885
1016,51,Random,37.18932614469885
1016,52,Random,37.18932614469885
1016,53,Random,37.18932614469885
1016,54,Random,37.18932614469885
1016,55,Random,37.18932614469885
1016,56,Random,37.18932614469885
1016,57,Random,37.18932614469885
1016,58,Random,37.18932614469885
1016,59,Random,37.18932614469885
1016,60,Random,37.18932614469885
1016,61,Random,37.18932614469885
1016,62,Random,37.18932614469885
1016,63,Random,37.18932614469885
1016,64,Random,37.18932614469885
1016,65,Random,37.18932614469885
1016,66,Random,36.23743184096311
1016,67,Random,36.23743184096311
1016,68,Random,36.23743184096311
1016,69,Random,36.23743184096311
1016,70,Random,36.23743184096311
1016,71,Random,36.23743184096311
1016,72,Random,36.23743184096311
1016,73,Random,36.23743184096311
1016,74,Random,36.23743184096311
1016,75,Random,36.23743184096311
1016,76,Random,36.23743184096311
1016,77,Random,36.23743184096311
1016,78,Random,36.23743184096311
1016,79,Random,36.23743184096311
1016,80,Random,36.23743184096311
1017,0,BASS-BO,40.98445548170953
1017,1,BASS-BO,40.98445548170953
1017,2,BASS-BO,40.98445548170953
1017,3,BASS-BO,40.98445548170953
1017,4,BASS-BO,40.98445548170953
1017,5,BASS-BO,40.98445548170953
1017,6,BASS-BO,40.98445548170953
1017,7,BASS-BO,40.98445548170953
1017,8,BASS-BO,40.98445548170953
1017,9,BASS-BO,40.98445548170953
1017,10,BASS-BO,40.98445548170953
1017,11,BASS-BO,40.98445548170953
1017,12,BASS-BO,40.98445548170953
1017,13,BASS-BO,40.98445548170953
1017,14,BASS-BO,40.98445548170953
1017,15,BASS-BO,27.182960284544173
1017,16,BASS-BO,27.182960284544173
1017,17,BASS-BO,27.182960284544173
1017,18,BASS-BO,27.182960284544173
1017,19,BASS-BO,27.182960284544173
1017,20,BASS-BO,27.182960284544173
1017,21,BASS-BO,27.182960284544173
1017,22,BASS-BO,27.182960284544173
1017,23,BASS-BO,27.182960284544173
1017,24,BASS-BO,27.182960284544173
1017,25,BASS-BO,27.182960284544173
1017,26,BASS-BO,27.182960284544173
1017,27,BASS-BO,27.182960284544173
1017,28,BASS-BO,27.182960284544173
1017,29,BASS-BO,27.182960284544173
1017,30,BASS-BO,27.182960284544173
1017,31,BASS-BO,27.182960284544173
1017,32,BASS-BO,27.182960284544173
1017,33,BASS-BO,27.182960284544173
1017,34,BASS-BO,27.182960284544173
1017,35,BASS-BO,27.182960284544173
1017,36,BASS-BO,27.182960284544173
1017,37,BASS-BO,27.182960284544173
1017,38,BASS-BO,27.182960284544173
1017,39,BASS-BO,27.182960284544173
1017,40,BASS-BO,27.182960284544173
1017,41,BASS-BO,27.182960284544173
1017,42,BASS-BO,27.182960284544173
1017,43,BASS-BO,27.182960284544173
1017,44,BASS-BO,27.182960284544173
1017,45,BASS-BO,27.182960284544173
1017,46,BASS-BO,27.182960284544173
1017,47,BASS-BO,27.182960284544173
1017,48,BASS-BO,27.182960284544173
1017,49,BASS-BO,27.182960284544173
1017,50,BASS-BO,27.182960284544173
1017,51,BASS-BO,27.182960284544173
1017,52,BASS-BO,27.182960284544173
1017,53,BASS-BO,27.182960284544173
1017,54,BASS-BO,27.182960284544173
1017,55,BASS-BO,27.182960284544173
1017,56,BASS-BO,27.182960284544173
1017,57,BASS-BO,27.182960284544173
1017,58,BASS-BO,27.182960284544173
1017,59,BASS-BO,27.182960284544173
1017,60,BASS-BO,27.182960284544173
1017,61,BASS-BO,27.182960284544173
1017,62,BASS-BO,27.182960284544173
1017,63,BASS-BO,27.182960284544173
1017,64,BASS-BO,27.182960284544173
1017,65,BASS-BO,27.182960284544173
1017,66,BASS-BO,27.182960284544173
1017,67,BASS-BO,27.182960284544173
1017,68,BASS-BO,27.182960284544173
1017,69,BASS-BO,27.182960284544173
1017,70,BASS-BO,27.182960284544173
1017,71,BASS-BO,27.182960284544173
1017,72,BASS-BO,27.182960284544173
1017,73,BASS-BO,27.182960284544173
1017,74,BASS-BO,27.182960284544173
1017,75,BASS-BO,27.182960284544173
1017,76,BASS-BO,27.182960284544173
1017,77,BASS-BO,27.182960284544173
1017,78,BASS-BO,27.182960284544173
1017,79,BASS-BO,27.182960284544173
1017,80,BASS-BO,27.182960284544173
1017,0,GP-BO,40.98445548170953
1017,1,GP-BO,40.98445548170953
1017,2,GP-BO,40.98445548170953
1017,3,GP-BO,40.98445548170953
1017,4,GP-BO,40.98445548170953
1017,5,GP-BO,40.98445548170953
1017,6,GP-BO,40.98445548170953
1017,7,GP-BO,40.98445548170953
1017,8,GP-BO,24.697114195085955
1017,9,GP-BO,24.181664785278834
1017,10,GP-BO,24.181664785278834
1017,11,GP-BO,24.181664785278834
1017,12,GP-BO,24.181664785278834
1017,13,GP-BO,24.181664785278834
1017,14,GP-BO,24.181664785278834
1017,15,GP-BO,24.181664785278834
1017,16,GP-BO,24.181664785278834
1017,17,GP-BO,24.181664785278834
1017,18,GP-BO,24.181664785278834
1017,19,GP-BO,24.181664785278834
1017,20,GP-BO,24.181664785278834
1017,21,GP-BO,24.181664785278834
1017,22,GP-BO,24.181664785278834
1017,23,GP-BO,23.872285617490615
1017,24,GP-BO,23.872285617490615
1017,25,GP-BO,23.872285617490615
1017,26,GP-BO,14.444264639786752
1017,27,GP-BO,14.444264639786752
1017,28,GP-BO,14.444264639786752
1017,29,GP-BO,14.444264639786752
1017,30,GP-BO,14.444264639786752
1017,31,GP-BO,14.444264639786752
1017,32,GP-BO,14.444264639786752
1017,33,GP-BO,14.444264639786752
1017,34,GP-BO,14.444264639786752
1017,35,GP-BO,13.793195209482906
1017,36,GP-BO,13.793195209482906
1017,37,GP-BO,13.402830904154541
1017,38,GP-BO,13.160014996010972
1017,39,GP-BO,13.050085698000409
1017,40,GP-BO,13.050085698000409
1017,41,GP-BO,12.988035721688775
1017,42,GP-BO,12.988035721688775
1017,43,GP-BO,12.988035721688775
1017,44,GP-BO,12.988035721688775
1017,45,GP-BO,12.988035721688775
1017,46,GP-BO,12.988035721688775
1017,47,GP-BO,12.988035721688775
1017,48,GP-BO,12.988035721688775
1017,49,GP-BO,12.988035721688775
1017,50,GP-BO,12.988035721688775
1017,51,GP-BO,12.988035721688775
1017,52,GP-BO,12.988035721688775
1017,53,GP-BO,12.988035721688775
1017,54,GP-BO,12.988035721688775
1017,55,GP-BO,12.988035721688775
1017,56,GP-BO,12.988035721688775
1017,57,GP-BO,12.988035721688775
1017,58,GP-BO,12.988035721688775
1017,59,GP-BO,12.988035721688775
1017,60,GP-BO,12.988035721688775
1017,61,GP-BO,12.988035721688775
1017,62,GP-BO,12.988035721688775
1017,63,GP-BO,12.988035721688775
1017,64,GP-BO,12.988035721688775
1017,65,GP-BO,12.988035721688775
1017,66,GP-BO,12.988035721688775
1017,67,GP-BO,12.988035721688775
1017,68,GP-BO,12.988035721688775
1017,69,GP-BO,12.988035721688775
1017,70,GP-BO,12.988035721688775
1017,71,GP-BO,12.988035721688775
1017,72,GP-BO,12.988035721688775
1017,73,GP-BO,12.988035721688775
1017,74,GP-BO,12.988035721688775
1017,75,GP-BO,12.988035721688775
1017,76,GP-BO,12.988035721688775
1017,77,GP-BO,12.988035721688775
1017,78,GP-BO,12.988035721688775
1017,79,GP-BO,12.988035721688775
1017,80,GP-BO,12.988035721688775
1017,0,Random,40.98445548170953
1017,1,Random,40.98445548170953
1017,2,Random,40.98445548170953
1017,3,Random,40.98445548170953
1017,4,Random,40.98445548170953
1017,5,Random,40.98445548170953
1017,6,Random,40.98445548170953
1017,7,Random,40.98445548170953
1017,8,Random,40.98445548170953
1017,9,Random,40.98445548170953
1017,10,Random,40.98445548170953
1017,11,Random,40.98445548170953
1017,12,Random,40.98445548170953
1017,13,Random,40.98445548170953
1017,14,Random,40.98445548170953
1017,15,Random,40.98445548170953
1017,16,Random,40.98445548170953
1017,17,Random,40.98445548170953
1017,18,Random,40.98445548170953
1017,19,Random,40.98445548170953
1017,20,Random,40.98445548170953
1017,21,Random,40.98445548170953
1017,22,Random,40.98445548170953
1017,23,Random,40.98445548170953
1017,24,Random,40.98445548170953
1017,25,Random,40.98445548170953
1017,26,Random,40.98445548170953
1017,27,Random,40.98445548170953
1017,28,Random,40.98445548170953
1017,29,Random,40.98445548170953
1017,30,Random,40.98445548170953
1017,31,Random,40.98445548170953
1017,32,Random,32.54444944311258
1017,33,Random,32.54444944311258
1017,34,Random,32.54444944311258
1017,35,Random,32.54444944311258
1017,36,Random,32.54444944311258
1017,37,Random,32.54444944311258
1017,38,Random,32.54444944311258
1017,39,Random,32.54444944311258
1017,40,Random,32.54444944311258
1017,41,Random,32.54444944311258
1017,42,Random,32.54444944311258
1017,43,Random,32.54444944311258
1017,44,Random,32.54444944311258
1017,45,Random,32.54444944311258
1017,46,Random,32.54444944311258
1017,47,Random,32.54444944311258
1017,48,Random,32.54444944311258
1017,49,Random,32.54444944311258
1017,50,Random,32.54444944311258
1017,51,Random,32.54444944311258
1017,52,Random,32.54444944311258
1017,53,Random,32.54444944311258
1017,54,Random,32.54444944311258
1017,55,Random,32.54444944311258
1017,56,Random,32.54444944311258
1017,57,Random,32.54444944311258
1017,58,Random,32.54444944311258
1017,59,Random,32.54444944311258
1017,60,Random,32.54444944311258
1017,61,Random,32.54444944311258
1017,62,Random,32.54444944311258
1017,63,Random,32.54444944311258
1017,64,Random,32.54444944311258
1017,65,Random,32.54444944311258
1017,66,Random,23.942386841068036
1017,67,Random,23.942386841068036
1017,68,Random,23.942386841068036
1017,69,Random,23.942386841068036
1017,70,Random,23.942386841068036
1017,71,Random,23.942386841068036
1017,72,Random,23.942386841068036
1017,73,Random,23.942386841068036
1017,74,Random,23.942386841068036
1017,75,Random,23.942386841068036
1017,76,Random,23.942386841068036
1017,77,Random,23.942386841068036
1017,78,Random,23.942386841068036
1017,79,Random,23.942386841068036
1017,80,Random,23.942386841068036
1018,0,BASS-BO,59.86297555725267
1018,1,BASS-BO,59.86297555725267
1018,2,BASS-BO,59.86297555725267
1018,3,BASS-BO,59.86297555725267
1018,4,BASS-BO,59.86297555725267
1018,5,BASS-BO,59.86297555725267
1018,6,BASS-BO,59.86297555725267
1018,7,BASS-BO,59.86297555725267
1018,8,BASS-BO,59.86297555725267
1018,9,BASS-BO,59.86297555725267
1018,10,BASS-BO,59.86297555725267
1018,11,BASS-BO,59.86297555725267
1018,12,BASS-BO,59.86297555725267
1018,13,BASS-BO,59.86297555725267
1018,14,BASS-BO,59.86297555725267
1018,15,BASS-BO,59.86297555725267
1018,16,BASS-BO,59.86297555725267
1018,17,BASS-BO,41.522390470210325
1018,18,BASS-BO,41.522390470210325
1018,19,BASS-BO,41.522390470210325
1018,20,BASS-BO,41.522390470210325
1018,21,BASS-BO,41.522390470210325
1018,22,BASS-BO,14.47468034402587
1018,23,BASS-BO,14.47468034402587
1018,24,BASS-BO,14.47468034402587
1018,25,BASS-BO,14.47468034402587
1018,26,BASS-BO,14.47468034402587
1018,27,BASS-BO,14.47468034402587
1018,28,BASS-BO,14.47468034402587
1018,29,BASS-BO,14.47468034402587
1018,30,BASS-BO,14.47468034402587
1018,31,BASS-BO,14.47468034402587
1018,32,BASS-BO,14.47468034402587
1018,33,BASS-BO,14.47468034402587
1018,34,BASS-BO,14.47468034402587
1018,35,BASS-BO,14.47468034402587
1018,36,BASS-BO,14.47468034402587
1018,37,BASS-BO,14.47468034402587
1018,38,BASS-BO,14.47468034402587
1018,39,BASS-BO,14.47468034402587
1018,40,BASS-BO,14.47468034402587
1018,41,BASS-BO,14.47468034402587
1018,42,BASS-BO,14.47468034402587
1018,43,BASS-BO,14.47468034402587
1018,44,BASS-BO,14.47468034402587
1018,45,BASS-BO,14.47468034402587
1018,46,BASS-BO,14.47468034402587
1018,47,BASS-BO,14.47468034402587
1018,48,BASS-BO,14.47468034402587
1018,49,BASS-BO,14.47468034402587
1018,50,BASS-BO,14.47468034402587
1018,51,BASS-BO,14.47468034402587
1018,52,BASS-BO,14.47468034402587
1018,53,BASS-BO,14.47468034402587
1018,54,BASS-BO,14.47468034402587
1018,55,BASS-BO,14.47468034402587
1018,56,BASS-BO,14.47468034402587
1018,57,BASS-BO,14.47468034402587
1018,58,BASS-BO,14.47468034402587
1018,59,BASS-BO,14.47468034402587
1018,60,BASS-BO,14.47468034402587
1018,61,BASS-BO,14.47468034402587
1018,62,BASS-BO,14.47468034402587
1018,63,BASS-BO,14.47468034402587
1018,64,BASS-BO,14.47468034402587
1018,65,BASS-BO,14.47468034402587
1018,66,BASS-BO,14.47468034402587
1018,67,BASS-BO,14.47468034402587
1018,68,BASS-BO,14.47468034402587
1018,69,BASS-BO,14.47468034402587
1018,70,BASS-BO,14.47468034402587
1018,71,BASS-BO,14.47468034402587
1018,72,BASS-BO,14.47468034402587
1018,73,BASS-BO,14.47468034402587
1018,74,BASS-BO,14.47468034402587
1018,75,BASS-BO,14.47468034402587
1018,76,BASS-BO,14.47468034402587
1018,77,BASS-BO,14.47468034402587
1018,78,BASS-BO,14.47468034402587
1018,79,BASS-BO,14.47468034402587
1018,80,BASS-BO,14.47468034402587
1018,0,GP-BO,59.86297555725267
1018,1,GP-BO,59.86297555725267
1018,2,GP-BO,59.86297555725267
1018,3,GP-BO,59.86297555725267
1018,4,GP-BO,41.236014618712495
1018,5,GP-BO,41.236014618712495
1018,6,GP-BO,41.236014618712495
1018,7,GP-BO,41.236014618712495
1018,8,GP-BO,41.236014618712495
1018,9,GP-BO,41.236014618712495
1018,10,GP-BO,41.236014618712495
1018,11,GP-BO,41.236014618712495
1018,12,GP-BO,41.236014618712495
1018,13,GP-BO,32.343928721604875
1018,14,GP-BO,32.343928721604875
1018,15,GP-BO,32.343928721604875
1018,16,GP-BO,32.343928721604875
1018,17,GP-BO,32.343928721604875
1018,18,GP-BO,28.005616833643405
1018,19,GP-BO,28.005616833643405
1018,20,GP-BO,28.005616833643405
1018,21,GP-BO,28.005616833643405
1018,22,GP-BO,28.005616833643405
1018,23,GP-BO,28.005616833643405
1018,24,GP-BO,28.005616833643405
1018,25,GP-BO,28.005616833643405
1018,26,GP-BO,28.005616833643405
1018,27,GP-BO,28.005616833643405
1018,28,GP-BO,28.005616833643405
1018,29,GP-BO,28.005616833643405
1018,30,GP-BO,28.005616833643405
1018,31,GP-BO,28.005616833643405
1018,32,GP-BO,28.005616833643405
1018,33,GP-BO,28.005616833643405
1018,34,GP-BO,28.005616833643405
1018,35,GP-BO,28.005616833643405
1018,36,GP-BO,28.005616833643405
1018,37,GP-BO,28.005616833643405
1018,38,GP-BO,28.005616833643405
1018,39,GP-BO,27.681109935391312
1018,40,GP-BO,27.681109935391312
1018,41,GP-BO,27.681109935391312
1018,42,GP-BO,27.681109935391312
1018,43,GP-BO,27.099141035840017
1018,44,GP-BO,27.099141035840017
1018,45,GP-BO,27.099141035840017
1018,46,GP-BO,27.099141035840017
1018,47,GP-BO,16.685636772362034
1018,48,GP-BO,16.685636772362034
1018,49,GP-BO,13.225216971570507
1018,50,GP-BO,13.225216971570507
1018,51,GP-BO,13.225216971570507
1018,52,GP-BO,13.225216971570507
1018,53,GP-BO,13.225216971570507
1018,54,GP-BO,11.069961258133041
1018,55,GP-BO,11.069961258133041
1018,56,GP-BO,11.069961258133041
1018,57,GP-BO,11.069961258133041
1018,58,GP-BO,11.069961258133041
1018,59,GP-BO,11.042265978568729
1018,60,GP-BO,11.042265978568729
1018,61,GP-BO,11.02607251474788
1018,62,GP-BO,11.02607251474788
1018,63,GP-BO,11.02607251474788
1018,64,GP-BO,10.99379009095022
1018,65,GP-BO,10.99379009095022
1018,66,GP-BO,10.99379009095022
1018,67,GP-BO,10.99379009095022
1018,68,GP-BO,10.99379009095022
1018,69,GP-BO,10.99379009095022
1018,70,GP-BO,10.98727032101359
1018,71,GP-BO,10.98727032101359
1018,72,GP-BO,10.98727032101359
1018,73,GP-BO,10.98727032101359
1018,74,GP-BO,10.98727032101359
1018,75,GP-BO,10.98727032101359
1018,76,GP-BO,10.98727032101359
1018,77,GP-BO,10.98727032101359
1018,78,GP-BO,10.98727032101359
1018,79,GP-BO,10.98727032101359
1018,80,GP-BO,10.98727032101359
1018,0,Random,59.86297555725267
1018,1,Random,59.86297555725267
1018,2,Random,59.86297555725267
1018,3,Random,38.25314043007127
1018,4,Random,38.25314043007127
1018,5,Random,38.25314043007127
1018,6,Random,38.25314043007127
1018,7,Random,38.25314043007127
1018,8,Random,38.25314043007127
1018,9,Random,38.25314043007127
1018,10,Random,38.25314043007127
1018,11,Random,38.25314043007127
1018,12,Random,38.25314043007127
1018,13,Random,38.25314043007127
1018,14,Random,38.25314043007127
1018,15,Random,38.25314043007127
1018,16,Random,38.25314043007127
1018,17,Random,38.25314043007127
1018,18,Random,38.25314043007127
1018,19,Random,38.25314043007127
1018,20,Random,38.25314043007127
1018,21,Random,38.25314043007127
1018,22,Random,38.25314043007127
1018,23,Random,38.25314043007127
1018,24,Random,38.25314043007127
1018,25,Random,38.25314043007127
1018,26,Random,38.25314043007127
1018,27,Random,38.25314043007127
1018,28,Random,38.25314043007127
1018,29,Random,38.25314043007127
1018,30,Random,38.25314043007127
1018,31,Random,38.25314043007127
1018,32,Random,38.25314043007127
1018,33,Random,38.25314043007127
1018,34,Random,38.25314043007127
1018,35,Random,38.25314043007127
1018,36,Random,38.25314043007127
1018,37,Random,38.25314043007127
1018,38,Random,38.25314043007127
1018,39,Random,38.25314043007127
1018,40,Random,38.25314043007127
1018,41,Random,38.25314043007127
1018,42,Random,38.25314043007127
1018,43,Random,38.25314043007127
1018,44,Random,38.25314043007127
1018,45,Random,38.25314043007127
1018,46,Random,38.25314043007127
1018,47,Random,38.25314043007127
1018,48,Random,38.25314043007127
1018,49,Random,38.25314043007127
1018,50,Random,38.25314043007127
1018,51,Random,38.25314043007127
1018,52,Random,31.035536914649395
1018,53,Random,31.035536914649395
1018,54,Random,31.035536914649395
1018,55,Random,31.035536914649395
1018,56,Random,31.035536914649395
1018,57,Random,31.035536914649395
1018,58,Random,31.035536914649395
1018,59,Random,31.035536914649395
1018,60,Random,31.035536914649395
1018,61,Random,31.035536914649395
1018,62,Random,31.035536914649395
1018,63,Random,31.035536914649395
1018,64,Random,31.035536914649395
1018,65,Random,31.035536914649395
1018,66,Random,31.035536914649395
1018,67,Random,31.035536914649395
1018,68,Random,31.035536914649395
1018,69,Random,31.035536914649395
1018,70,Random,31.035536914649395
1018,71,Random,31.035536914649395
1018,72,Random,31.035536914649395
1018,73,Random,31.035536914649395
1018,74,Random,31.035536914649395
1018,75,Random,31.035536914649395
1018,76,Random,31.035536914649395
1018,77,Random,31.035536914649395
1018,78,Random,31.035536914649395
1018,79,Random,31.035536914649395
1018,80,Random,31.035536914649395
1019,0,BASS-BO,46.75628584635703
1019,1,BASS-BO,46.75628584635703
1019,2,BASS-BO,46.75628584635703
1019,3,BASS-BO,46.75628584635703
1019,4,BASS-BO,46.75628584635703
1019,5,BASS-BO,46.75628584635703
1019,6,BASS-BO,46.75628584635703
1019,7,BASS-BO,46.75628584635703
1019,8,BASS-BO,46.75628584635703
1019,9,BASS-BO,46.75628584635703
1019,10,BASS-BO,46.75628584635703
1019,11,BASS-BO,46.75628584635703
1019,12,BASS-BO,46.75628584635703
1019,13,BASS-BO,25.254979491208758
1019,14,BASS-BO,25.254979491208758
1019,15,BASS-BO,25.254979491208758
1019,16,BASS-BO,25.254979491208758
1019,17,BASS-BO,25.254979491208758
1019,18,BASS-BO,25.254979491208758
1019,19,BASS-BO,25.254979491208758
1019,20,BASS-BO,25.254979491208758
1019,21,BASS-BO,25.254979491208758
1019,22,BASS-BO,25.254979491208758
1019,23,BASS-BO,25.254979491208758
1019,24,BASS-BO,23.184259041672597
1019,25,BASS-BO,23.184259041672597
1019,26,BASS-BO,23.184259041672597
1019,27,BASS-BO,23.184259041672597
1019,28,BASS-BO,23.184259041672597
1019,29,BASS-BO,23.184259041672597
1019,30,BASS-BO,23.184259041672597
1019,31,BASS-BO,23.184259041672597
1019,32,BASS-BO,23.184259041672597
1019,33,BASS-BO,23.184259041672597
1019,34,BASS-BO,23.184259041672597
1019,35,BASS-BO,23.184259041672597
1019,36,BASS-BO,23.184259041672597
1019,37,BASS-BO,23.184259041672597
1019,38,BASS-BO,23.184259041672597
1019,39,BASS-BO,23.184259041672597
1019,40,BASS-BO,23.184259041672597
1019,41,BASS-BO,23.184259041672597
1019,42,BASS-BO,23.184259041672597
1019,43,BASS-BO,23.184259041672597
1019,44,BASS-BO,23.184259041672597
1019,45,BASS-BO,23.184259041672597
1019,46,BASS-BO,23.184259041672597
1019,47,BASS-BO,23.184259041672597
1019,48,BASS-BO,23.184259041672597
1019,49,BASS-BO,23.184259041672597
1019,50,BASS-BO,23.184259041672597
1019,51,BASS-BO,23.184259041672597
1019,52,BASS-BO,23.184259041672597
1019,53,BASS-BO,23.184259041672597
1019,54,BASS-BO,23.184259041672597
1019,55,BASS-BO,23.184259041672597
1019,56,BASS-BO,23.184259041672597
1019,57,BASS-BO,23.184259041672597
1019,58,BASS-BO,23.184259041672597
1019,59,BASS-BO,23.184259041672597
1019,60,BASS-BO,23.184259041672597
1019,61,BASS-BO,23.184259041672597
1019,62,BASS-BO,23.184259041672597
1019,63,BASS-BO,23.184259041672597
1019,64,BASS-BO,23.184259041672597
1019,65,BASS-BO,23.184259041672597
1019,66,BASS-BO,23.184259041672597
1019,67,BASS-BO,23.184259041672597
1019,68,BASS-BO,23.184259041672597
1019,69,BASS-BO,23.184259041672597
1019,70,BASS-BO,23.184259041672597
1019,71,BASS-BO,23.184259041672597
1019,72,BASS-BO,23.184259041672597
1019,73,BASS-BO,23.184259041672597
1019,74,BASS-BO,23.184259041672597
1019,75,BASS-BO,23.184259041672597
1019,76,BASS-BO,23.184259041672597
1019,77,BASS-BO,23.184259041672597
1019,78,BASS-BO,23.184259041672597
1019,79,BASS-BO,23.184259041672597
1019,80,BASS-BO,23.184259041672597
1019,0,GP-BO,46.75628584635703
1019,1,GP-BO,46.75628584635703
1019,2,GP-BO,46.75628584635703
1019,3,GP-BO,46.75628584635703
1019,4,GP-BO,46.75628584635703
1019,5,GP-BO,46.75628584635703
1019,6,GP-BO,39.99211976380786
1019,7,GP-BO,37.759625634787575
1019,8,GP-BO,37.759625634787575
1019,9,GP-BO,37.759625634787575
1019,10,GP-BO,37.759625634787575
1019,11,GP-BO,37.759625634787575
1019,12,GP-BO,37.759625634787575
1019,13,GP-BO,37.759625634787575
1019,14,GP-BO,37.759625634787575
1019,15,GP-BO,36.57301875014349
1019,16,GP-BO,33.95640487696304
1019,17,GP-BO,9.342813980749881
1019,18,GP-BO,9.342813980749881
1019,19,GP-BO,9.342813980749881
1019,20,GP-BO,9.342813980749881
1019,21,GP-BO,9.342813980749881
1019,22,GP-BO,9.342813980749881
1019,23,GP-BO,9.342813980749881
1019,24,GP-BO,9.342813980749881
1019,25,GP-BO,9.342813980749881
1019,26,GP-BO,9.342813980749881
1019,27,GP-BO,9.342813980749881
1019,28,GP-BO,9.342813980749881
1019,29,GP-BO,9.342813980749881
1019,30,GP-BO,9.342813980749881
1019,31,GP-BO,9.342813980749881
1019,32,GP-BO,9.342813980749881
1019,33,GP-BO,9.342813980749881
1019,34,GP-BO,9.342813980749881
1019,35,GP-BO,9.342813980749881
1019,36,GP-BO,9.342813980749881
1019,37,GP-BO,9.342813980749881
1019,38,GP-BO,9.342813980749881
1019,39,GP-BO,9.342813980749881
1019,40,GP-BO,9.342813980749881
1019,41,GP-BO,9.342813980749881
1019,42,GP-BO,9.342813980749881
1019,43,GP-BO,9.31442197859997
1019,44,GP-BO,9.31442197859997
1019,45,GP-BO,9.31442197859997
1019,46,GP-BO,9.31442197859997
1019,47,GP-BO,9.31442197859997
1019,48,GP-BO,9.31442197859997
1019,49,GP-BO,9.31442197859997
1019,50,GP-BO,6.029251749076394
1019,51,GP-BO,6.029251749076394
1019,52,GP-BO,6.029251749076394
1019,53,GP-BO,6.029251749076394
1019,54,GP-BO,6.029251749076394
1019,55,GP-BO,6.029251749076394
1019,56,GP-BO,6.029251749076394
1019,57,GP-BO,6.029251749076394
1019,58,GP-BO,5.983969600295204
1019,59,GP-BO,5.983969600295204
1019,60,GP-BO,5.983969600295204
1019,61,GP-BO,5.983969600295204
1019,62,GP-BO,5.983969600295204
1019,63,GP-BO,5.983969600295204
1019,64,GP-BO,5.983969600295204
1019,65,GP-BO,5.983969600295204
1019,66,GP-BO,5.983969600295204
1019,67,GP-BO,5.983969600295204
1019,68,GP-BO,5.983969600295204
1019,69,GP-BO,5.983969600295204
1019,70,GP-BO,5.983969600295204
1019,71,GP-BO,5.983969600295204
1019,72,GP-BO,5.983969600295204
1019,73,GP-BO,5.983969600295204
1019,74,GP-BO,5.983969600295204
1019,75,GP-BO,5.983969600295204
1019,76,GP-BO,5.983969600295204
1019,77,GP-BO,5.983969600295204
1019,78,GP-BO,5.983969600295204
1019,79,GP-BO,5.983969600295204
1019,80,GP-BO,5.983969600295204
1019,0,Random,46.75628584635703
1019,1,Random,46.75628584635703
1019,2,Random,46.75628584635703
1019,3,Random,46.75628584635703
1019,4,Random,46.75628584635703
1019,5,Random,46.75628584635703
1019,6,Random,46.75628584635703
1019,7,Random,46.75628584635703
1019,8,Random,39.27563227277587
1019,9,Random,39.27563227277587
1019,10,Random,39.27563227277587
1019,11,Random,37.75059048110934
1019,12,Random,37.75059048110934
1019,13,Random,37.75059048110934
1019,14,Random,37.75059048110934
1019,15,Random,37.75059048110934
1019,16,Random,37.75059048110934
1019,17,Random,37.75059048110934
1019,18,Random,37.75059048110934
1019,19,Random,37.575751752828666
1019,20,Random,37.575751752828666
1019,21,Random,37.575751752828666
1019,22,Random,37.575751752828666
1019,23,Random,37.575751752828666
1019,24,Random,37.575751752828666
1019,25,Random,37.575751752828666
1019,26,Random,37.575751752828666
1019,27,Random,37.575751752828666
1019,28,Random,37.575751752828666
1019,29,Random,37.575751752828666
1019,30,Random,37.575751752828666
1019,31,Random,37.575751752828666
1019,32,Random,37.575751752828666
1019,33,Random,37.575751752828666
1019,34,Random,37.575751752828666
1019,35,Random,37.575751752828666
1019,36,Random,37.575751752828666
1019,37,Random,37.575751752828666
1019,38,Random,37.575751752828666
1019,39,Random,37.575751752828666
1019,40,Random,37.575751752828666
1019,41,Random,37.575751752828666
1019,42,Random,37.575751752828666
1019,43,Random,37.575751752828666
1019,44,Random,37.575751752828666
1019,45,Random,37.575751752828666
1019,46,Random,37.575751752828666
1019,47,Random,37.575751752828666
1019,48,Random,37.575751752828666
1019,49,Random,37.575751752828666
1019,50,Random,37.575751752828666
1019,51,Random,37.575751752828666
1019,52,Random,37.575751752828666
1019,53,Random,37.575751752828666
1019,54,Random,37.575751752828666
1019,55,Random,37.575751752828666
1019,56,Random,37.575751752828666
1019,57,Random,37.575751752828666
1019,58,Random,37.575751752828666
1019,59,Random,37.575751752828666
1019,60,Random,37.575751752828666
1019,61,Random,37.575751752828666
1019,62,Random,37.575751752828666
1019,63,Random,37.575751752828666
1019,64,Random,37.575751752828666
1019,65,Random,37.575751752828666
1019,66,Random,37.575751752828666
1019,67,Random,37.575751752828666
1019,68,Random,37.575751752828666
1019,69,Random,37.575751752828666
1019,70,Random,24.921054159880313
1019,71,Random,24.921054159880313
1019,72,Random,24.921054159880313
1019,73,Random,24.921054159880313
1019,74,Random,24.921054159880313
1019,75,Random,24.921054159880313
1019,76,Random,24.921054159880313
1019,77,Random,24.921054159880313
1019,78,Random,24.921054159880313
1019,79,Random,24.921054159880313
1019,80,Random,24.921054159880313
1020,0,BASS-BO,33.057698734630485
1020,1,BASS-BO,33.057698734630485
1020,2,BASS-BO,33.057698734630485
1020,3,BASS-BO,33.057698734630485
1020,4,BASS-BO,33.057698734630485
1020,5,BASS-BO,33.057698734630485
1020,6,BASS-BO,33.057698734630485
1020,7,BASS-BO,33.057698734630485
1020,8,BASS-BO,33.057698734630485
1020,9,BASS-BO,33.057698734630485
1020,10,BASS-BO,33.057698734630485
1020,11,BASS-BO,33.057698734630485
1020,12,BASS-BO,33.057698734630485
1020,13,BASS-BO,33.057698734630485
1020,14,BASS-BO,33.057698734630485
1020,15,BASS-BO,33.057698734630485
1020,16,BASS-BO,33.057698734630485
1020,17,BASS-BO,33.057698734630485
1020,18,BASS-BO,33.057698734630485
1020,19,BASS-BO,33.057698734630485
1020,20,BASS-BO,33.057698734630485
1020,21,BASS-BO,33.057698734630485
1020,22,BASS-BO,33.057698734630485
1020,23,BASS-BO,33.057698734630485
1020,24,BASS-BO,33.057698734630485
1020,25,BASS-BO,33.057698734630485
1020,26,BASS-BO,33.057698734630485
1020,27,BASS-BO,33.057698734630485
1020,28,BASS-BO,33.057698734630485
1020,29,BASS-BO,33.057698734630485
1020,30,BASS-BO,33.057698734630485
1020,31,BASS-BO,33.057698734630485
1020,32,BASS-BO,33.057698734630485
1020,33,BASS-BO,33.057698734630485
1020,34,BASS-BO,33.057698734630485
1020,35,BASS-BO,33.057698734630485
1020,36,BASS-BO,33.057698734630485
1020,37,BASS-BO,33.057698734630485
1020,38,BASS-BO,33.057698734630485
1020,39,BASS-BO,33.057698734630485
1020,40,BASS-BO,33.057698734630485
1020,41,BASS-BO,33.057698734630485
1020,42,BASS-BO,33.057698734630485
1020,43,BASS-BO,33.057698734630485
1020,44,BASS-BO,33.057698734630485
1020,45,BASS-BO,33.057698734630485
1020,46,BASS-BO,33.057698734630485
1020,47,BASS-BO,33.057698734630485
1020,48,BASS-BO,33.057698734630485
1020,49,BASS-BO,24.736735241176174
1020,50,BASS-BO,24.736735241176174
1020,51,BASS-BO,24.736735241176174
1020,52,BASS-BO,24.736735241176174
1020,53,BASS-BO,24.736735241176174
1020,54,BASS-BO,24.736735241176174
1020,55,BASS-BO,24.736735241176174
1020,56,BASS-BO,24.736735241176174
1020,57,BASS-BO,24.736735241176174
1020,58,BASS-BO,24.736735241176174
1020,59,BASS-BO,24.736735241176174
1020,60,BASS-BO,24.736735241176174
1020,61,BASS-BO,24.736735241176174
1020,62,BASS-BO,24.736735241176174
1020,63,BASS-BO,24.736735241176174
1020,64,BASS-BO,24.736735241176174
1020,65,BASS-BO,24.736735241176174
1020,66,BASS-BO,24.736735241176174
1020,67,BASS-BO,24.736735241176174
1020,68,BASS-BO,24.736735241176174
1020,69,BASS-BO,24.736735241176174
1020,70,BASS-BO,24.736735241176174
1020,71,BASS-BO,24.736735241176174
1020,72,BASS-BO,24.736735241176174
1020,73,BASS-BO,24.736735241176174
1020,74,BASS-BO,24.736735241176174
1020,75,BASS-BO,24.736735241176174
1020,76,BASS-BO,24.736735241176174
1020,77,BASS-BO,24.736735241176174
1020,78,BASS-BO,24.736735241176174
1020,79,BASS-BO,24.736735241176174
1020,80,BASS-BO,24.736735241176174
1020,0,GP-BO,33.057698734630485
1020,1,GP-BO,33.057698734630485
1020,2,GP-BO,33.057698734630485
1020,3,GP-BO,33.057698734630485
1020,4,GP-BO,33.057698734630485
1020,5,GP-BO,33.057698734630485
1020,6,GP-BO,33.057698734630485
1020,7,GP-BO,33.057698734630485
1020,8,GP-BO,33.057698734630485
1020,9,GP-BO,29.71750028788639
1020,10,GP-BO,29.71750028788639
1020,11,GP-BO,29.71750028788639
1020,12,GP-BO,29.71750028788639
1020,13,GP-BO,29.71750028788639
1020,14,GP-BO,29.71750028788639
1020,15,GP-BO,17.187016583681583
1020,16,GP-BO,17.187016583681583
1020,17,GP-BO,17.187016583681583
1020,18,GP-BO,17.187016583681583
1020,19,GP-BO,10.334866932397048
1020,20,GP-BO,10.334866932397048
1020,21,GP-BO,10.334866932397048
1020,22,GP-BO,10.334866932397048
1020,23,GP-BO,10.334866932397048
1020,24,GP-BO,10.334866932397048
1020,25,GP-BO,10.334866932397048
1020,26,GP-BO,10.334866932397048
1020,27,GP-BO,7.104034709554654
1020,28,GP-BO,7.104034709554654
1020,29,GP-BO,7.104034709554654
1020,30,GP-BO,7.104034709554654
1020,31,GP-BO,6.391870707720145
1020,32,GP-BO,5.403985442758618
1020,33,GP-BO,4.296924421500975
1020,34,GP-BO,4.296924421500975
1020,35,GP-BO,3.2504156651349945
1020,36,GP-BO,3.2504156651349945
1020,37,GP-BO,3.1866734253181477
1020,38,GP-BO,3.1866734253181477
1020,39,GP-BO,3.1866734253181477
1020,40,GP-BO,3.1657559914215483
1020,41,GP-BO,3.1657559914215483
1020,42,GP-BO,3.1657559914215483
1020,43,GP-BO,3.1657559914215483
1020,44,GP-BO,3.083404589624209
1020,45,GP-BO,3.083404589624209
1020,46,GP-BO,3.083404589624209
1020,47,GP-BO,3.083404589624209
1020,48,GP-BO,3.083404589624209
1020,49,GP-BO,3.083404589624209
1020,50,GP-BO,3.083404589624209
1020,51,GP-BO,3.083404589624209
1020,52,GP-BO,3.083404589624209
1020,53,GP-BO,3.062469016589276
1020,54,GP-BO,3.062469016589276
1020,55,GP-BO,3.062469016589276
1020,56,GP-BO,3.062469016589276
1020,57,GP-BO,3.062469016589276
1020,58,GP-BO,3.058459398573113
1020,59,GP-BO,3.009225410995107
1020,60,GP-BO,3.009225410995107
1020,61,GP-BO,3.009225410995107
1020,62,GP-BO,3.009225410995107
1020,63,GP-BO,3.009225410995107
1020,64,GP-BO,3.009225410995107
1020,65,GP-BO,3.009225410995107
1020,66,GP-BO,3.009225410995107
1020,67,GP-BO,3.009225410995107
1020,68,GP-BO,3.009225410995107
1020,69,GP-BO,3.009225410995107
1020,70,GP-BO,3.009225410995107
1020,71,GP-BO,3.009225410995107
1020,72,GP-BO,3.009225410995107
1020,73,GP-BO,3.009225410995107
1020,74,GP-BO,3.009225410995107
1020,75,GP-BO,3.009225410995107
1020,76,GP-BO,3.009225410995107
1020,77,GP-BO,3.009225410995107
1020,78,GP-BO,3.009225410995107
1020,79,GP-BO,3.009225410995107
1020,80,GP-BO,3.009225410995107
1020,0,Random,33.057698734630485
1020,1,Random,33.057698734630485
1020,2,Random,33.057698734630485
1020,3,Random,33.057698734630485
1020,4,Random,33.057698734630485
1020,5,Random,33.057698734630485
1020,6,Random,33.057698734630485
1020,7,Random,33.057698734630485
1020,8,Random,33.057698734630485
1020,9,Random,33.057698734630485
1020,10,Random,33.057698734630485
1020,11,Random,33.057698734630485
1020,12,Random,33.057698734630485
1020,13,Random,33.057698734630485
1020,14,Random,33.057698734630485
1020,15,Random,33.057698734630485
1020,16,Random,33.057698734630485
1020,17,Random,33.057698734630485
1020,18,Random,33.057698734630485
1020,19,Random,33.057698734630485
1020,20,Random,33.057698734630485
1020,21,Random,33.057698734630485
1020,22,Random,33.057698734630485
1020,23,Random,33.057698734630485
1020,24,Random,33.057698734630485
1020,25,Random,33.057698734630485
1020,26,Random,33.057698734630485
1020,27,Random,33.057698734630485
1020,28,Random,33.057698734630485
1020,29,Random,33.057698734630485
1020,30,Random,33.057698734630485
1020,31,Random,33.057698734630485
1020,32,Random,33.057698734630485
1020,33,Random,33.057698734630485
1020,34,Random,33.057698734630485
1020,35,Random,33.057698734630485
1020,36,Random,33.057698734630485
1020,37,Random,33.057698734630485
1020,38,Random,33.057698734630485
1020,39,Random,33.057698734630485
1020,40,Random,33.057698734630485
1020,41,Random,33.057698734630485
1020,42,Random,33.057698734630485
1020,43,Random,33.057698734630485
1020,44,Random,33.057698734630485
1020,45,Random,33.057698734630485
1020,46,Random,33.057698734630485
1020,47,Random,33.057698734630485
1020,48,Random,33.057698734630485
1020,49,Random,33.057698734630485
1020,50,Random,33.057698734630485
1020,51,Random,33.057698734630485
1020,52,Random,33.057698734630485
1020,53,Random,33.057698734630485
1020,54,Random,33.057698734630485
1020,55,Random,33.057698734630485
1020,56,Random,33.057698734630485
1020,57,Random,33.057698734630485
1020,58,Random,33.057698734630485
1020,59,Random,33.057698734630485
1020,60,Random,33.057698734630485
1020,61,Random,33.057698734630485
1020,62,Random,33.057698734630485
1020,63,Random,33.057698734630485
1020,64,Random,33.057698734630485
1020,65,Random,33.057698734630485
1020,66,Random,33.057698734630485
1020,67,Random,33.057698734630485
1020,68,Random,33.057698734630485
1020,69,Random,33.057698734630485
1020,70,Random,33.057698734630485
1020,71,Random,33.057698734630485
1020,72,Random,33.057698734630485
1020,73,Random,33.057698734630485
1020,74,Random,33.057698734630485
1020,75,Random,33.057698734630485
1020,76,Random,33.057698734630485
1020,77,Random,33.057698734630485
1020,78,Random,33.057698734630485
1020,79,Random,33.057698734630485
1020,80,Random,33.057698734630485
1021,0,BASS-BO,31.917635195629202
1021,1,BASS-BO,31.917635195629202
1021,2,BASS-BO,31.917635195629202
1021,3,BASS-BO,31.917635195629202
1021,4,BASS-BO,31.917635195629202
1021,5,BASS-BO,31.917635195629202
1021,6,BASS-BO,31.917635195629202
1021,7,BASS-BO,31.917635195629202
1021,8,BASS-BO,31.917635195629202
1021,9,BASS-BO,31.917635195629202
1021,10,BASS-BO,31.917635195629202
1021,11,BASS-BO,31.917635195629202
1021,12,BASS-BO,31.917635195629202
1021,13,BASS-BO,31.917635195629202
1021,14,BASS-BO,31.917635195629202
1021,15,BASS-BO,31.917635195629202
1021,16,BASS-BO,31.917635195629202
1021,17,BASS-BO,31.917635195629202
1021,18,BASS-BO,31.917635195629202
1021,19,BASS-BO,31.917635195629202
1021,20,BASS-BO,31.917635195629202
1021,21,BASS-BO,31.917635195629202
1021,22,BASS-BO,31.917635195629202
1021,23,BASS-BO,31.917635195629202
1021,24,BASS-BO,31.917635195629202
1021,25,BASS-BO,31.917635195629202
1021,26,BASS-BO,31.917635195629202
1021,27,BASS-BO,31.917635195629202
1021,28,BASS-BO,31.917635195629202
1021,29,BASS-BO,31.917635195629202
1021,30,BASS-BO,31.917635195629202
1021,31,BASS-BO,31.917635195629202
1021,32,BASS-BO,31.917635195629202
1021,33,BASS-BO,31.917635195629202
1021,34,BASS-BO,31.917635195629202
1021,35,BASS-BO,31.917635195629202
1021,36,BASS-BO,31.917635195629202
1021,37,BASS-BO,31.917635195629202
1021,38,BASS-BO,31.917635195629202
1021,39,BASS-BO,31.917635195629202
1021,40,BASS-BO,31.917635195629202
1021,41,BASS-BO,31.917635195629202
1021,42,BASS-BO,31.917635195629202
1021,43,BASS-BO,31.917635195629202
1021,44,BASS-BO,31.917635195629202
1021,45,BASS-BO,31.917635195629202
1021,46,BASS-BO,31.917635195629202
1021,47,BASS-BO,31.917635195629202
1021,48,BASS-BO,31.917635195629202
1021,49,BASS-BO,31.917635195629202
1021,50,BASS-BO,31.917635195629202
1021,51,BASS-BO,31.917635195629202
1021,52,BASS-BO,31.917635195629202
1021,53,BASS-BO,31.917635195629202
1021,54,BASS-BO,31.917635195629202
1021,55,BASS-BO,31.917635195629202
1021,56,BASS-BO,31.917635195629202
1021,57,BASS-BO,31.917635195629202
1021,58,BASS-BO,31.917635195629202
1021,59,BASS-BO,31.917635195629202
1021,60,BASS-BO,31.917635195629202
1021,61,BASS-BO,31.917635195629202
1021,62,BASS-BO,31.917635195629202
1021,63,BASS-BO,31.917635195629202
1021,64,BASS-BO,31.917635195629202
1021,65,BASS-BO,31.917635195629202
1021,66,BASS-BO,31.917635195629202
1021,67,BASS-BO,31.917635195629202
1021,68,BASS-BO,31.917635195629202
1021,69,BASS-BO,31.917635195629202
1021,70,BASS-BO,31.917635195629202
1021,71,BASS-BO,31.917635195629202
1021,72,BASS-BO,31.917635195629202
1021,73,BASS-BO,31.917635195629202
1021,74,BASS-BO,31.917635195629202
1021,75,BASS-BO,31.917635195629202
1021,76,BASS-BO,31.917635195629202
1021,77,BASS-BO,31.917635195629202
1021,78,BASS-BO,31.917635195629202
1021,79,BASS-BO,31.917635195629202
1021,80,BASS-BO,31.917635195629202
1021,0,GP-BO,31.917635195629202
1021,1,GP-BO,31.917635195629202
1021,2,GP-BO,31.917635195629202
1021,3,GP-BO,31.917635195629202
1021,4,GP-BO,31.917635195629202
1021,5,GP-BO,31.917635195629202
1021,6,GP-BO,31.917635195629202
1021,7,GP-BO,31.917635195629202
1021,8,GP-BO,31.917635195629202
1021,9,GP-BO,31.917635195629202
1021,10,GP-BO,31.917635195629202
1021,11,GP-BO,31.917635195629202
1021,12,GP-BO,31.917635195629202
1021,13,GP-BO,31.917635195629202
1021,14,GP-BO,31.917635195629202
1021,15,GP-BO,31.917635195629202
1021,16,GP-BO,31.917635195629202
1021,17,GP-BO,31.917635195629202
1021,18,GP-BO,31.917635195629202
1021,19,GP-BO,31.917635195629202
1021,20,GP-BO,31.917635195629202
1021,21,GP-BO,31.917635195629202
1021,22,GP-BO,31.917635195629202
1021,23,GP-BO,31.917635195629202
1021,24,GP-BO,31.917635195629202
1021,25,GP-BO,31.917635195629202
1021,26,GP-BO,31.917635195629202
1021,27,GP-BO,31.917635195629202
1021,28,GP-BO,29.679214439142534
1021,29,GP-BO,29.679214439142534
1021,30,GP-BO,29.679214439142534
1021,31,GP-BO,29.679214439142534
1021,32,GP-BO,27.3417049470783
1021,33,GP-BO,26.953682463342624
1021,34,GP-BO,26.520558460380602
1021,35,GP-BO,26.340874428773173
1021,36,GP-BO,26.26438122524589
1021,37,GP-BO,26.091928901450743
1021,38,GP-BO,26.091928901450743
1021,39,GP-BO,25.985092501317343
1021,40,GP-BO,25.940289632818185
1021,41,GP-BO,25.940289632818185
1021,42,GP-BO,25.940289632818185
1021,43,GP-BO,25.93571178364102
1021,44,GP-BO,25.93571178364102
1021,45,GP-BO,25.93571178364102
1021,46,GP-BO,25.93571178364102
1021,47,GP-BO,25.93571178364102
1021,48,GP-BO,25.93571178364102
1021,49,GP-BO,25.93571178364102
1021,50,GP-BO,25.93571178364102
1021,51,GP-BO,25.93571178364102
1021,52,GP-BO,25.93571178364102
1021,53,GP-BO,25.93571178364102
1021,54,GP-BO,25.93571178364102
1021,55,GP-BO,25.93571178364102
1021,56,GP-BO,25.93571178364102
1021,57,GP-BO,25.93571178364102
1021,58,GP-BO,25.93571178364102
1021,59,GP-BO,25.93571178364102
1021,60,GP-BO,25.93571178364102
1021,61,GP-BO,25.93571178364102
1021,62,GP-BO,25.93571178364102
1021,63,GP-BO,25.93571178364102
1021,64,GP-BO,25.93571178364102
1021,65,GP-BO,25.93571178364102
1021,66,GP-BO,25.93571178364102
1021,67,GP-BO,25.93571178364102
1021,68,GP-BO,25.93571178364102
1021,69,GP-BO,25.93571178364102
1021,70,GP-BO,25.93571178364102
1021,71,GP-BO,25.93571178364102
1021,72,GP-BO,25.93571178364102
1021,73,GP-BO,25.93571178364102
1021,74,GP-BO,25.93571178364102
1021,75,GP-BO,25.93571178364102
1021,76,GP-BO,25.93571178364102
1021,77,GP-BO,25.93571178364102
1021,78,GP-BO,25.93571178364102
1021,79,GP-BO,25.93571178364102
1021,80,GP-BO,25.93571178364102
1021,0,Random,31.917635195629202
1021,1,Random,31.917635195629202
1021,2,Random,31.917635195629202
1021,3,Random,31.917635195629202
1021,4,Random,31.917635195629202
1021,5,Random,31.917635195629202
1021,6,Random,31.917635195629202
1021,7,Random,31.917635195629202
1021,8,Random,31.917635195629202
1021,9,Random,31.917635195629202
1021,10,Random,31.917635195629202
1021,11,Random,31.917635195629202
1021,12,Random,31.917635195629202
1021,13,Random,31.917635195629202
1021,14,Random,31.917635195629202
1021,15,Random,31.917635195629202
1021,16,Random,31.917635195629202
1021,17,Random,31.917635195629202
1021,18,Random,31.917635195629202
1021,19,Random,31.917635195629202
1021,20,Random,31.917635195629202
1021,21,Random,31.917635195629202
1021,22,Random,31.917635195629202
1021,23,Random,31.917635195629202
1021,24,Random,31.917635195629202
1021,25,Random,31.917635195629202
1021,26,Random,31.917635195629202
1021,27,Random,31.917635195629202
1021,28,Random,31.917635195629202
1021,29,Random,31.917635195629202
1021,30,Random,31.917635195629202
1021,31,Random,31.917635195629202
1021,32,Random,31.917635195629202
1021,33,Random,31.917635195629202
1021,34,Random,31.917635195629202
1021,35,Random,31.917635195629202
1021,36,Random,31.917635195629202
1021,37,Random,31.917635195629202
1021,38,Random,31.917635195629202
1021,39,Random,31.917635195629202
1021,40,Random,31.917635195629202
1021,41,Random,31.917635195629202
1021,42,Random,31.917635195629202
1021,43,Random,31.917635195629202
1021,44,Random,31.917635195629202
1021,45,Random,31.917635195629202
1021,46,Random,31.917635195629202
1021,47,Random,31.917635195629202
1021,48,Random,31.917635195629202
1021,49,Random,31.917635195629202
1021,50,Random,31.917635195629202
1021,51,Random,31.917635195629202
1021,52,Random,31.917635195629202
1021,53,Random,31.917635195629202
1021,54,Random,31.917635195629202
1021,55,Random,31.917635195629202
1021,56,Random,31.917635195629202
1021,57,Random,31.917635195629202
1021,58,Random,31.917635195629202
1021,59,Random,31.917635195629202
1021,60,Random,31.917635195629202
1021,61,Random,31.917635195629202
1021,62,Random,31.917635195629202
1021,63,Random,31.917635195629202
1021,64,Random,31.917635195629202
1021,65,Random,31.917635195629202
1021,66,Random,31.917635195629202
1021,67,Random,31.917635195629202
1021,68,Random,31.917635195629202
1021,69,Random,31.917635195629202
1021,70,Random,31.917635195629202
1021,71,Random,31.917635195629202
1021,72,Random,31.917635195629202
1021,73,Random,31.917635195629202
1021,74,Random,31.917635195629202
1021,75,Random,31.917635195629202
1021,76,Random,31.917635195629202
1021,77,Random,31.917635195629202
1021,78,Random,31.917635195629202
1021,79,Random,31.917635195629202
1021,80,Random,31.917635195629202
1022,0,BASS-BO,35.0404060453802
1022,1,BASS-BO,35.0404060453802
1022,2,BASS-BO,35.0404060453802
1022,3,BASS-BO,35.0404060453802
1022,4,BASS-BO,35.0404060453802
1022,5,BASS-BO,35.0404060453802
1022,6,BASS-BO,35.0404060453802
1022,7,BASS-BO,35.0404060453802
1022,8,BASS-BO,35.0404060453802
1022,9,BASS-BO,35.0404060453802
1022,10,BASS-BO,35.0404060453802
1022,11,BASS-BO,35.0404060453802
1022,12,BASS-BO,35.0404060453802
1022,13,BASS-BO,35.0404060453802
1022,14,BASS-BO,35.0404060453802
1022,15,BASS-BO,35.0404060453802
1022,16,BASS-BO,35.0404060453802
1022,17,BASS-BO,35.0404060453802
1022,18,BASS-BO,35.0404060453802
1022,19,BASS-BO,35.0404060453802
1022,20,BASS-BO,35.0404060453802
1022,21,BASS-BO,35.0404060453802
1022,22,BASS-BO,35.0404060453802
1022,23,BASS-BO,35.0404060453802
1022,24,BASS-BO,35.0404060453802
1022,25,BASS-BO,35.0404060453802
1022,26,BASS-BO,35.0404060453802
1022,27,BASS-BO,35.0404060453802
1022,28,BASS-BO,35.0404060453802
1022,29,BASS-BO,35.0404060453802
1022,30,BASS-BO,35.0404060453802
1022,31,BASS-BO,35.0404060453802
1022,32,BASS-BO,35.0404060453802
1022,33,BASS-BO,35.0404060453802
1022,34,BASS-BO,35.0404060453802
1022,35,BASS-BO,35.0404060453802
1022,36,BASS-BO,35.0404060453802
1022,37,BASS-BO,35.0404060453802
1022,38,BASS-BO,35.0404060453802
1022,39,BASS-BO,35.0404060453802
1022,40,BASS-BO,35.0404060453802
1022,41,BASS-BO,35.0404060453802
1022,42,BASS-BO,35.0404060453802
1022,43,BASS-BO,35.0404060453802
1022,44,BASS-BO,35.0404060453802
1022,45,BASS-BO,35.0404060453802
1022,46,BASS-BO,35.0404060453802
1022,47,BASS-BO,35.0404060453802
1022,48,BASS-BO,35.0404060453802
1022,49,BASS-BO,35.0404060453802
1022,50,BASS-BO,35.0404060453802
1022,51,BASS-BO,35.0404060453802
1022,52,BASS-BO,35.0404060453802
1022,53,BASS-BO,35.0404060453802
1022,54,BASS-BO,35.0404060453802
1022,55,BASS-BO,35.0404060453802
1022,56,BASS-BO,35.0404060453802
1022,57,BASS-BO,35.0404060453802
1022,58,BASS-BO,35.0404060453802
1022,59,BASS-BO,35.0404060453802
1022,60,BASS-BO,35.0404060453802
1022,61,BASS-BO,35.0404060453802
1022,62,BASS-BO,35.0404060453802
1022,63,BASS-BO,35.0404060453802
1022,64,BASS-BO,35.0404060453802
1022,65,BASS-BO,35.0404060453802
1022,66,BASS-BO,35.0404060453802
1022,67,BASS-BO,35.0404060453802
1022,68,BASS-BO,35.0404060453802
1022,69,BASS-BO,35.0404060453802
1022,70,BASS-BO,35.0404060453802
1022,71,BASS-BO,35.0404060453802
1022,72,BASS-BO,35.0404060453802
1022,73,BASS-BO,35.0404060453802
1022,74,BASS-BO,35.0404060453802
1022,75,BASS-BO,35.0404060453802
1022,76,BASS-BO,35.0404060453802
1022,77,BASS-BO,35.0404060453802
1022,78,BASS-BO,35.0404060453802
1022,79,BASS-BO,35.0404060453802
1022,80,BASS-BO,35.0404060453802
1022,0,GP-BO,35.0404060453802
1022,1,GP-BO,35.0404060453802
1022,2,GP-BO,35.0404060453802
1022,3,GP-BO,35.0404060453802
1022,4,GP-BO,35.0404060453802
1022,5,GP-BO,35.0404060453802
1022,6,GP-BO,35.0404060453802
1022,7,GP-BO,34.63869018481927
1022,8,GP-BO,34.63869018481927
1022,9,GP-BO,34.63869018481927
1022,10,GP-BO,34.63869018481927
1022,11,GP-BO,34.63869018481927
1022,12,GP-BO,34.14739015169958
1022,13,GP-BO,34.14739015169958
1022,14,GP-BO,34.14739015169958
1022,15,GP-BO,34.14739015169958
1022,16,GP-BO,34.14739015169958
1022,17,GP-BO,30.879376738591173
1022,18,GP-BO,30.879376738591173
1022,19,GP-BO,26.367848405429484
1022,20,GP-BO,26.367848405429484
1022,21,GP-BO,26.367848405429484
1022,22,GP-BO,26.22914412718293
1022,23,GP-BO,26.22914412718293
1022,24,GP-BO,26.03857062215079
1022,25,GP-BO,25.957634722078502
1022,26,GP-BO,25.957634722078502
1022,27,GP-BO,25.957634722078502
1022,28,GP-BO,25.957634722078502
1022,29,GP-BO,25.957634722078502
1022,30,GP-BO,25.957634722078502
1022,31,GP-BO,25.957634722078502
1022,32,GP-BO,25.957634722078502
1022,33,GP-BO,25.957634722078502
1022,34,GP-BO,25.957634722078502
1022,35,GP-BO,25.957634722078502
1022,36,GP-BO,25.940132990258284
1022,37,GP-BO,25.940132990258284
1022,38,GP-BO,25.92987045953341
1022,39,GP-BO,25.92987045953341
1022,40,GP-BO,25.92987045953341
1022,41,GP-BO,25.92987045953341
1022,42,GP-BO,25.92987045953341
1022,43,GP-BO,25.92987045953341
1022,44,GP-BO,25.92987045953341
1022,45,GP-BO,25.921730162633644
1022,46,GP-BO,25.921730162633644
1022,47,GP-BO,25.921341979546952
1022,48,GP-BO,25.921341979546952
1022,49,GP-BO,25.921341979546952
1022,50,GP-BO,25.921341979546952
1022,51,GP-BO,25.921341979546952
1022,52,GP-BO,25.90693464672197
1022,53,GP-BO,25.90693464672197
1022,54,GP-BO,25.90693464672197
1022,55,GP-BO,25.90693464672197
1022,56,GP-BO,25.90693464672197
1022,57,GP-BO,25.90693464672197
1022,58,GP-BO,25.90693464672197
1022,59,GP-BO,25.90693464672197
1022,60,GP-BO,25.902132701985508
1022,61,GP-BO,25.902132701985508
1022,62,GP-BO,25.902132701985508
1022,63,GP-BO,25.902132701985508
1022,64,GP-BO,25.902132701985508
1022,65,GP-BO,25.902132701985508
1022,66,GP-BO,25.902132701985508
1022,67,GP-BO,25.902132701985508
1022,68,GP-BO,25.902132701985508
1022,69,GP-BO,25.902132701985508
1022,70,GP-BO,25.902132701985508
1022,71,GP-BO,25.902132701985508
1022,72,GP-BO,25.902132701985508
1022,73,GP-BO,25.902132701985508
1022,74,GP-BO,25.902132701985508
1022,75,GP-BO,25.902132701985508
1022,76,GP-BO,25.902132701985508
1022,77,GP-BO,25.902132701985508
1022,78,GP-BO,25.902132701985508
1022,79,GP-BO,25.902132701985508
1022,80,GP-BO,25.902132701985508
1022,0,Random,35.0404060453802
1022,1,Random,35.0404060453802
1022,2,Random,35.0404060453802
1022,3,Random,34.54869515280866
1022,4,Random,34.54869515280866
1022,5,Random,34.54869515280866
1022,6,Random,34.54869515280866
1022,7,Random,34.54869515280866
1022,8,Random,34.54869515280866
1022,9,Random,34.54869515280866
1022,10,Random,34.54869515280866
1022,11,Random,34.54869515280866
1022,12,Random,34.54869515280866
1022,13,Random,34.54869515280866
1022,14,Random,34.54869515280866
1022,15,Random,34.54869515280866
1022,16,Random,34.54869515280866
1022,17,Random,34.54869515280866
1022,18,Random,34.54869515280866
1022,19,Random,34.54869515280866
1022,20,Random,34.54869515280866
1022,21,Random,34.54869515280866
1022,22,Random,34.54869515280866
1022,23,Random,34.54869515280866
1022,24,Random,34.54869515280866
1022,25,Random,34.54869515280866
1022,26,Random,34.54869515280866
1022,27,Random,34.54869515280866
1022,28,Random,34.54869515280866
1022,29,Random,34.54869515280866
1022,30,Random,34.54869515280866
1022,31,Random,34.54869515280866
1022,32,Random,34.54869515280866
1022,33,Random,34.54869515280866
1022,34,Random,34.54869515280866
1022,35,Random,34.54869515280866
1022,36,Random,34.54869515280866
1022,37,Random,34.54869515280866
1022,38,Random,34.54869515280866
1022,39,Random,34.54869515280866
1022,40,Random,34.54869515280866
1022,41,Random,34.54869515280866
1022,42,Random,34.54869515280866
1022,43,Random,34.54869515280866
1022,44,Random,34.54869515280866
1022,45,Random,34.54869515280866
1022,46,Random,34.54869515280866
1022,47,Random,34.54869515280866
1022,48,Random,34.54869515280866
1022,49,Random,34.54869515280866
1022,50,Random,34.54869515280866
1022,51,Random,34.54869515280866
1022,52,Random,34.54869515280866
1022,53,Random,34.54869515280866
1022,54,Random,34.54869515280866
1022,55,Random,34.54869515280866
1022,56,Random,34.54869515280866
1022,57,Random,34.54869515280866
1022,58,Random,34.54869515280866
1022,59,Random,34.54869515280866
1022,60,Random,34.54869515280866
1022,61,Random,34.54869515280866
1022,62,Random,34.54869515280866
1022,63,Random,34.54869515280866
1022,64,Random,34.54869515280866
1022,65,Random,34.54869515280866
1022,66,Random,34.54869515280866
1022,67,Random,34.54869515280866
1022,68,Random,34.54869515280866
1022,69,Random,34.54869515280866
1022,70,Random,34.54869515280866
1022,71,Random,34.54869515280866
1022,72,Random,34.54869515280866
1022,73,Random,34.54869515280866
1022,74,Random,34.54869515280866
1022,75,Random,34.54869515280866
1022,76,Random,34.54869515280866
1022,77,Random,34.54869515280866
1022,78,Random,34.54869515280866
1022,79,Random,34.54869515280866
1022,80,Random,34.54869515280866
1023,0,BASS-BO,37.506528551271586
1023,1,BASS-BO,37.506528551271586
1023,2,BASS-BO,37.506528551271586
1023,3,BASS-BO,37.506528551271586
1023,4,BASS-BO,37.506528551271586
1023,5,BASS-BO,37.506528551271586
1023,6,BASS-BO,37.506528551271586
1023,7,BASS-BO,37.506528551271586
1023,8,BASS-BO,37.506528551271586
1023,9,BASS-BO,37.506528551271586
1023,10,BASS-BO,37.506528551271586
1023,11,BASS-BO,37.506528551271586
1023,12,BASS-BO,37.506528551271586
1023,13,BASS-BO,37.506528551271586
1023,14,BASS-BO,37.506528551271586
1023,15,BASS-BO,37.506528551271586
1023,16,BASS-BO,37.506528551271586
1023,17,BASS-BO,37.506528551271586
1023,18,BASS-BO,37.506528551271586
1023,19,BASS-BO,37.506528551271586
1023,20,BASS-BO,37.506528551271586
1023,21,BASS-BO,37.506528551271586
1023,22,BASS-BO,37.506528551271586
1023,23,BASS-BO,37.506528551271586
1023,24,BASS-BO,37.506528551271586
1023,25,BASS-BO,37.506528551271586
1023,26,BASS-BO,37.506528551271586
1023,27,BASS-BO,37.506528551271586
1023,28,BASS-BO,37.506528551271586
1023,29,BASS-BO,37.506528551271586
1023,30,BASS-BO,37.506528551271586
1023,31,BASS-BO,37.506528551271586
1023,32,BASS-BO,37.506528551271586
1023,33,BASS-BO,37.506528551271586
1023,34,BASS-BO,37.506528551271586
1023,35,BASS-BO,37.506528551271586
1023,36,BASS-BO,37.506528551271586
1023,37,BASS-BO,33.456121070807285
1023,38,BASS-BO,33.456121070807285
1023,39,BASS-BO,33.456121070807285
1023,40,BASS-BO,33.456121070807285
1023,41,BASS-BO,33.456121070807285
1023,42,BASS-BO,33.456121070807285
1023,43,BASS-BO,33.456121070807285
1023,44,BASS-BO,33.456121070807285
1023,45,BASS-BO,33.456121070807285
1023,46,BASS-BO,32.84356784051122
1023,47,BASS-BO,32.84356784051122
1023,48,BASS-BO,32.84356784051122
1023,49,BASS-BO,32.84356784051122
1023,50,BASS-BO,29.780099552431864
1023,51,BASS-BO,29.780099552431864
1023,52,BASS-BO,29.780099552431864
1023,53,BASS-BO,29.780099552431864
1023,54,BASS-BO,26.62110063704885
1023,55,BASS-BO,26.62110063704885
1023,56,BASS-BO,26.62110063704885
1023,57,BASS-BO,26.62110063704885
1023,58,BASS-BO,26.62110063704885
1023,59,BASS-BO,26.62110063704885
1023,60,BASS-BO,26.62110063704885
1023,61,BASS-BO,26.62110063704885
1023,62,BASS-BO,26.62110063704885
1023,63,BASS-BO,26.62110063704885
1023,64,BASS-BO,26.62110063704885
1023,65,BASS-BO,26.62110063704885
1023,66,BASS-BO,26.62110063704885
1023,67,BASS-BO,26.62110063704885
1023,68,BASS-BO,26.62110063704885
1023,69,BASS-BO,26.62110063704885
1023,70,BASS-BO,26.62110063704885
1023,71,BASS-BO,18.39245883591925
1023,72,BASS-BO,18.39245883591925
1023,73,BASS-BO,18.39245883591925
1023,74,BASS-BO,18.39245883591925
1023,75,BASS-BO,18.39245883591925
1023,76,BASS-BO,18.39245883591925
1023,77,BASS-BO,18.39245883591925
1023,78,BASS-BO,18.39245883591925
1023,79,BASS-BO,18.39245883591925
1023,80,BASS-BO,18.39245883591925
1023,0,GP-BO,37.506528551271586
1023,1,GP-BO,37.506528551271586
1023,2,GP-BO,28.270503071212552
1023,3,GP-BO,28.270503071212552
1023,4,GP-BO,26.69782967943777
1023,5,GP-BO,26.69782967943777
1023,6,GP-BO,26.69782967943777
1023,7,GP-BO,26.69782967943777
1023,8,GP-BO,26.69782967943777
1023,9,GP-BO,26.69782967943777
1023,10,GP-BO,26.69782967943777
1023,11,GP-BO,26.69782967943777
1023,12,GP-BO,26.69782967943777
1023,13,GP-BO,26.69782967943777
1023,14,GP-BO,26.69782967943777
1023,15,GP-BO,26.69782967943777
1023,16,GP-BO,26.69782967943777
1023,17,GP-BO,26.69782967943777
1023,18,GP-BO,26.69782967943777
1023,19,GP-BO,26.69782967943777
1023,20,GP-BO,26.69782967943777
1023,21,GP-BO,26.69782967943777
1023,22,GP-BO,26.69782967943777
1023,23,GP-BO,26.69782967943777
1023,24,GP-BO,26.69782967943777
1023,25,GP-BO,26.69782967943777
1023,26,GP-BO,26.69782967943777
1023,27,GP-BO,26.69782967943777
1023,28,GP-BO,26.69782967943777
1023,29,GP-BO,26.69782967943777
1023,30,GP-BO,19.260848179200153
1023,31,GP-BO,19.260848179200153
1023,32,GP-BO,18.12008358164547
1023,33,GP-BO,17.558383500476744
1023,34,GP-BO,17.49556487558356
1023,35,GP-BO,17.256659549417243
1023,36,GP-BO,17.096412496348503
1023,37,GP-BO,17.096412496348503
1023,38,GP-BO,16.954293191925338
1023,39,GP-BO,16.954293191925338
1023,40,GP-BO,16.954293191925338
1023,41,GP-BO,16.954293191925338
1023,42,GP-BO,16.954293191925338
1023,43,GP-BO,16.954293191925338
1023,44,GP-BO,16.954293191925338
1023,45,GP-BO,16.954293191925338
1023,46,GP-BO,16.954293191925338
1023,47,GP-BO,16.954293191925338
1023,48,GP-BO,16.954293191925338
1023,49,GP-BO,16.954293191925338
1023,50,GP-BO,16.954293191925338
1023,51,GP-BO,16.954293191925338
1023,52,GP-BO,16.954293191925338
1023,53,GP-BO,16.954293191925338
1023,54,GP-BO,16.954293191925338
1023,55,GP-BO,16.954293191925338
1023,56,GP-BO,16.954293191925338
1023,57,GP-BO,16.954293191925338
1023,58,GP-BO,16.954293191925338
1023,59,GP-BO,16.954293191925338
1023,60,GP-BO,16.954293191925338
1023,61,GP-BO,16.954293191925338
1023,62,GP-BO,16.954293191925338
1023,63,GP-BO,16.954293191925338
1023,64,GP-BO,16.954293191925338
1023,65,GP-BO,16.954293191925338
1023,66,GP-BO,16.954293191925338
1023,67,GP-BO,16.954293191925338
1023,68,GP-BO,16.954293191925338
1023,69,GP-BO,16.954293191925338
1023,70,GP-BO,16.954293191925338
1023,71,GP-BO,16.954293191925338
1023,72,GP-BO,16.954293191925338
1023,73,GP-BO,16.954293191925338
1023,74,GP-BO,16.954293191925338
1023,75,GP-BO,16.954293191925338
1023,76,GP-BO,16.954293191925338
1023,77,GP-BO,16.954293191925338
1023,78,GP-BO,16.954293191925338
1023,79,GP-BO,16.954293191925338
1023,80,GP-BO,16.954293191925338
1023,0,Random,37.506528551271586
1023,1,Random,37.506528551271586
1023,2,Random,37.506528551271586
1023,3,Random,37.506528551271586
1023,4,Random,37.506528551271586
1023,5,Random,37.506528551271586
1023,6,Random,37.506528551271586
1023,7,Random,37.506528551271586
1023,8,Random,37.506528551271586
1023,9,Random,37.506528551271586
1023,10,Random,37.506528551271586
1023,11,Random,37.506528551271586
1023,12,Random,37.506528551271586
1023,13,Random,37.506528551271586
1023,14,Random,37.506528551271586
1023,15,Random,37.506528551271586
1023,16,Random,37.506528551271586
1023,17,Random,37.506528551271586
1023,18,Random,37.506528551271586
1023,19,Random,37.506528551271586
1023,20,Random,37.506528551271586
1023,21,Random,37.506528551271586
1023,22,Random,37.506528551271586
1023,23,Random,37.506528551271586
1023,24,Random,37.506528551271586
1023,25,Random,37.506528551271586
1023,26,Random,37.506528551271586
1023,27,Random,37.506528551271586
1023,28,Random,37.506528551271586
1023,29,Random,37.506528551271586
1023,30,Random,37.506528551271586
1023,31,Random,37.506528551271586
1023,32,Random,37.506528551271586
1023,33,Random,37.506528551271586
1023,34,Random,37.506528551271586
1023,35,Random,17.626212884706547
1023,36,Random,17.626212884706547
1023,37,Random,17.626212884706547
1023,38,Random,17.626212884706547
1023,39,Random,17.626212884706547
1023,40,Random,17.626212884706547
1023,41,Random,17.626212884706547
1023,42,Random,17.626212884706547
1023,43,Random,17.626212884706547
1023,44,Random,17.626212884706547
1023,45,Random,17.626212884706547
1023,46,Random,17.626212884706547
1023,47,Random,17.626212884706547
1023,48,Random,17.626212884706547
1023,49,Random,17.626212884706547
1023,50,Random,17.626212884706547
1023,51,Random,17.626212884706547
1023,52,Random,17.626212884706547
1023,53,Random,17.626212884706547
1023,54,Random,17.626212884706547
1023,55,Random,17.626212884706547
1023,56,Random,17.626212884706547
1023,57,Random,17.626212884706547
1023,58,Random,17.626212884706547
1023,59,Random,17.626212884706547
1023,60,Random,17.626212884706547
1023,61,Random,17.626212884706547
1023,62,Random,17.626212884706547
1023,63,Random,17.626212884706547
1023,64,Random,17.626212884706547
1023,65,Random,17.626212884706547
1023,66,Random,17.626212884706547
1023,67,Random,17.626212884706547
1023,68,Random,17.626212884706547
1023,69,Random,17.626212884706547
1023,70,Random,17.626212884706547
1023,71,Random,17.626212884706547
1023,72,Random,17.626212884706547
1023,73,Random,17.626212884706547
1023,74,Random,17.626212884706547
1023,75,Random,17.626212884706547
1023,76,Random,17.626212884706547
1023,77,Random,17.626212884706547
1023,78,Random,17.626212884706547
1023,79,Random,17.626212884706547
1023,80,Random,17.626212884706547
1024,0,BASS-BO,25.913566334041825
1024,1,BASS-BO,25.913566334041825
1024,2,BASS-BO,25.913566334041825
1024,3,BASS-BO,25.913566334041825
1024,4,BASS-BO,25.913566334041825
1024,5,BASS-BO,25.913566334041825
1024,6,BASS-BO,25.913566334041825
1024,7,BASS-BO,25.913566334041825
1024,8,BASS-BO,25.913566334041825
1024,9,BASS-BO,25.913566334041825
1024,10,BASS-BO,25.913566334041825
1024,11,BASS-BO,25.913566334041825
1024,12,BASS-BO,25.913566334041825
1024,13,BASS-BO,25.913566334041825
1024,14,BASS-BO,25.913566334041825
1024,15,BASS-BO,25.913566334041825
1024,16,BASS-BO,25.913566334041825
1024,17,BASS-BO,25.913566334041825
1024,18,BASS-BO,25.913566334041825
1024,19,BASS-BO,25.913566334041825
1024,20,BASS-BO,25.913566334041825
1024,21,BASS-BO,25.913566334041825
1024,22,BASS-BO,25.913566334041825
1024,23,BASS-BO,25.913566334041825
1024,24,BASS-BO,25.913566334041825
1024,25,BASS-BO,25.913566334041825
1024,26,BASS-BO,25.913566334041825
1024,27,BASS-BO,25.913566334041825
1024,28,BASS-BO,25.913566334041825
1024,29,BASS-BO,25.913566334041825
1024,30,BASS-BO,25.913566334041825
1024,31,BASS-BO,25.913566334041825
1024,32,BASS-BO,25.913566334041825
1024,33,BASS-BO,25.913566334041825
1024,34,BASS-BO,25.913566334041825
1024,35,BASS-BO,25.913566334041825
1024,36,BASS-BO,25.913566334041825
1024,37,BASS-BO,25.913566334041825
1024,38,BASS-BO,25.913566334041825
1024,39,BASS-BO,25.913566334041825
1024,40,BASS-BO,25.913566334041825
1024,41,BASS-BO,25.913566334041825
1024,42,BASS-BO,25.913566334041825
1024,43,BASS-BO,25.913566334041825
1024,44,BASS-BO,25.913566334041825
1024,45,BASS-BO,25.913566334041825
1024,46,BASS-BO,25.913566334041825
1024,47,BASS-BO,25.913566334041825
1024,48,BASS-BO,25.913566334041825
1024,49,BASS-BO,25.913566334041825
1024,50,BASS-BO,25.913566334041825
1024,51,BASS-BO,25.913566334041825
1024,52,BASS-BO,25.913566334041825
1024,53,BASS-BO,25.913566334041825
1024,54,BASS-BO,25.913566334041825
1024,55,BASS-BO,25.913566334041825
1024,56,BASS-BO,25.913566334041825
1024,57,BASS-BO,25.913566334041825
1024,58,BASS-BO,25.913566334041825
1024,59,BASS-BO,25.913566334041825
1024,60,BASS-BO,25.913566334041825
1024,61,BASS-BO,25.913566334041825
1024,62,BASS-BO,25.913566334041825
1024,63,BASS-BO,25.913566334041825
1024,64,BASS-BO,25.913566334041825
1024,65,BASS-BO,25.913566334041825
1024,66,BASS-BO,25.913566334041825
1024,67,BASS-BO,25.913566334041825
1024,68,BASS-BO,25.913566334041825
1024,69,BASS-BO,25.913566334041825
1024,70,BASS-BO,25.913566334041825
1024,71,BASS-BO,25.913566334041825
1024,72,BASS-BO,25.913566334041825
1024,73,BASS-BO,25.913566334041825
1024,74,BASS-BO,25.913566334041825
1024,75,BASS-BO,25.913566334041825
1024,76,BASS-BO,25.913566334041825
1024,77,BASS-BO,25.913566334041825
1024,78,BASS-BO,25.913566334041825
1024,79,BASS-BO,25.913566334041825
1024,80,BASS-BO,25.913566334041825
1024,0,GP-BO,25.913566334041825
1024,1,GP-BO,25.913566334041825
1024,2,GP-BO,25.913566334041825
1024,3,GP-BO,21.323034001572143
1024,4,GP-BO,21.323034001572143
1024,5,GP-BO,21.323034001572143
1024,6,GP-BO,21.323034001572143
1024,7,GP-BO,16.473348272711497
1024,8,GP-BO,16.473348272711497
1024,9,GP-BO,16.473348272711497
1024,10,GP-BO,16.473348272711497
1024,11,GP-BO,16.473348272711497
1024,12,GP-BO,16.473348272711497
1024,13,GP-BO,16.473348272711497
1024,14,GP-BO,16.473348272711497
1024,15,GP-BO,16.473348272711497
1024,16,GP-BO,16.473348272711497
1024,17,GP-BO,16.473348272711497
1024,18,GP-BO,16.473348272711497
1024,19,GP-BO,4.3391438232278645
1024,20,GP-BO,4.3391438232278645
1024,21,GP-BO,4.3391438232278645
1024,22,GP-BO,4.3391438232278645
1024,23,GP-BO,4.3391438232278645
1024,24,GP-BO,4.3391438232278645
1024,25,GP-BO,4.3391438232278645
1024,26,GP-BO,4.3391438232278645
1024,27,GP-BO,4.3391438232278645
1024,28,GP-BO,4.3391438232278645
1024,29,GP-BO,4.3391438232278645
1024,30,GP-BO,4.3391438232278645
1024,31,GP-BO,4.3391438232278645
1024,32,GP-BO,4.3391438232278645
1024,33,GP-BO,4.3391438232278645
1024,34,GP-BO,4.3391438232278645
1024,35,GP-BO,4.3391438232278645
1024,36,GP-BO,4.3391438232278645
1024,37,GP-BO,4.3391438232278645
1024,38,GP-BO,4.3391438232278645
1024,39,GP-BO,1.777986655922433
1024,40,GP-BO,1.777986655922433
1024,41,GP-BO,1.0691713417601818
1024,42,GP-BO,1.0691713417601818
1024,43,GP-BO,1.0691713417601818
1024,44,GP-BO,1.0691713417601818
1024,45,GP-BO,1.0691713417601818
1024,46,GP-BO,1.0691713417601818
1024,47,GP-BO,1.0691713417601818
1024,48,GP-BO,1.0691713417601818
1024,49,GP-BO,1.0691713417601818
1024,50,GP-BO,1.0691713417601818
1024,51,GP-BO,1.0691713417601818
1024,52,GP-BO,1.0691713417601818
1024,53,GP-BO,1.0691713417601818
1024,54,GP-BO,1.0691713417601818
1024,55,GP-BO,1.0691713417601818
1024,56,GP-BO,1.0691713417601818
1024,57,GP-BO,1.0691713417601818
1024,58,GP-BO,1.0691713417601818
1024,59,GP-BO,1.0691713417601818
1024,60,GP-BO,1.0691713417601818
1024,61,GP-BO,1.0691713417601818
1024,62,GP-BO,1.0691713417601818
1024,63,GP-BO,1.0691713417601818
1024,64,GP-BO,1.0691713417601818
1024,65,GP-BO,1.0691713417601818
1024,66,GP-BO,1.0691713417601818
1024,67,GP-BO,1.0691713417601818
1024,68,GP-BO,1.0691713417601818
1024,69,GP-BO,1.0691713417601818
1024,70,GP-BO,1.0691713417601818
1024,71,GP-BO,1.0691713417601818
1024,72,GP-BO,1.0691713417601818
1024,73,GP-BO,1.0691713417601818
1024,74,GP-BO,1.0691713417601818
1024,75,GP-BO,1.0691713417601818
1024,76,GP-BO,1.0691713417601818
1024,77,GP-BO,1.0691713417601818
1024,78,GP-BO,1.0691713417601818
1024,79,GP-BO,1.0691713417601818
1024,80,GP-BO,1.0691713417601818
1024,0,Random,25.913566334041825
1024,1,Random,25.913566334041825
1024,2,Random,25.913566334041825
1024,3,Random,25.913566334041825
1024,4,Random,25.913566334041825
1024,5,Random,25.913566334041825
1024,6,Random,25.913566334041825
1024,7,Random,25.913566334041825
1024,8,Random,25.913566334041825
1024,9,Random,25.913566334041825
1024,10,Random,25.913566334041825
1024,11,Random,25.913566334041825
1024,12,Random,25.913566334041825
1024,13,Random,25.913566334041825
1024,14,Random,25.913566334041825
1024,15,Random,25.913566334041825
1024,16,Random,25.913566334041825
1024,17,Random,25.913566334041825
1024,18,Random,25.913566334041825
1024,19,Random,25.913566334041825
1024,20,Random,25.913566334041825
1024,21,Random,25.913566334041825
1024,22,Random,25.913566334041825
1024,23,Random,25.913566334041825
1024,24,Random,25.913566334041825
1024,25,Random,25.913566334041825
1024,26,Random,25.913566334041825
1024,27,Random,25.913566334041825
1024,28,Random,25.913566334041825
1024,29,Random,25.913566334041825
1024,30,Random,25.913566334041825
1024,31,Random,25.913566334041825
1024,32,Random,25.913566334041825
1024,33,Random,25.913566334041825
1024,34,Random,25.913566334041825
1024,35,Random,25.913566334041825
1024,36,Random,25.913566334041825
1024,37,Random,25.913566334041825
1024,38,Random,25.913566334041825
1024,39,Random,25.913566334041825
1024,40,Random,25.913566334041825
1024,41,Random,25.913566334041825
1024,42,Random,25.913566334041825
1024,43,Random,25.913566334041825
1024,44,Random,25.913566334041825
1024,45,Random,25.913566334041825
1024,46,Random,25.913566334041825
1024,47,Random,25.913566334041825
1024,48,Random,25.913566334041825
1024,49,Random,25.913566334041825
1024,50,Random,25.913566334041825
1024,51,Random,25.913566334041825
1024,52,Random,25.913566334041825
1024,53,Random,25.913566334041825
1024,54,Random,25.913566334041825
1024,55,Random,25.913566334041825
1024,56,Random,25.913566334041825
1024,57,Random,25.913566334041825
1024,58,Random,25.913566334041825
1024,59,Random,25.913566334041825
1024,60,Random,25.913566334041825
1024,61,Random,25.913566334041825
1024,62,Random,25.913566334041825
1024,63,Random,25.913566334041825
1024,64,Random,25.913566334041825
1024,65,Random,25.913566334041825
1024,66,Random,25.913566334041825
1024,67,Random,25.913566334041825
1024,68,Random,25.913566334041825
1024,69,Random,25.913566334041825
1024,70,Random,25.913566334041825
1024,71,Random,25.913566334041825
1024,72,Random,25.913566334041825
1024,73,Random,25.913566334041825
1024,74,Random,25.913566334041825
1024,75,Random,25.913566334041825
1024,76,Random,25.913566334041825
1024,77,Random,25.913566334041825
1024,78,Random,25.913566334041825
1024,79,Random,25.913566334041825
1024,80,Random,25.913566334041825
1025,0,BASS-BO,25.743223290656168
1025,1,BASS-BO,25.743223290656168
1025,2,BASS-BO,25.743223290656168
1025,3,BASS-BO,25.743223290656168
1025,4,BASS-BO,25.743223290656168
1025,5,BASS-BO,25.743223290656168
1025,6,BASS-BO,25.743223290656168
1025,7,BASS-BO,25.743223290656168
1025,8,BASS-BO,25.743223290656168
1025,9,BASS-BO,25.743223290656168
1025,10,BASS-BO,25.743223290656168
1025,11,BASS-BO,25.743223290656168
1025,12,BASS-BO,25.743223290656168
1025,13,BASS-BO,25.743223290656168
1025,14,BASS-BO,25.743223290656168
1025,15,BASS-BO,25.743223290656168
1025,16,BASS-BO,25.743223290656168
1025,17,BASS-BO,25.486827480718855
1025,18,BASS-BO,25.486827480718855
1025,19,BASS-BO,25.486827480718855
1025,20,BASS-BO,25.486827480718855
1025,21,BASS-BO,25.486827480718855
1025,22,BASS-BO,25.486827480718855
1025,23,BASS-BO,25.486827480718855
1025,24,BASS-BO,25.486827480718855
1025,25,BASS-BO,25.486827480718855
1025,26,BASS-BO,25.486827480718855
1025,27,BASS-BO,25.486827480718855
1025,28,BASS-BO,25.486827480718855
1025,29,BASS-BO,25.486827480718855
1025,30,BASS-BO,25.486827480718855
1025,31,BASS-BO,25.486827480718855
1025,32,BASS-BO,25.486827480718855
1025,33,BASS-BO,25.486827480718855
1025,34,BASS-BO,25.486827480718855
1025,35,BASS-BO,25.486827480718855
1025,36,BASS-BO,25.486827480718855
1025,37,BASS-BO,25.486827480718855
1025,38,BASS-BO,25.486827480718855
1025,39,BASS-BO,25.486827480718855
1025,40,BASS-BO,25.486827480718855
1025,41,BASS-BO,25.486827480718855
1025,42,BASS-BO,25.486827480718855
1025,43,BASS-BO,25.486827480718855
1025,44,BASS-BO,25.486827480718855
1025,45,BASS-BO,25.486827480718855
1025,46,BASS-BO,25.486827480718855
1025,47,BASS-BO,25.486827480718855
1025,48,BASS-BO,21.406221232144436
1025,49,BASS-BO,21.406221232144436
1025,50,BASS-BO,21.406221232144436
1025,51,BASS-BO,21.406221232144436
1025,52,BASS-BO,21.406221232144436
1025,53,BASS-BO,21.406221232144436
1025,54,BASS-BO,21.406221232144436
1025,55,BASS-BO,21.406221232144436
1025,56,BASS-BO,21.406221232144436
1025,57,BASS-BO,21.406221232144436
1025,58,BASS-BO,21.406221232144436
1025,59,BASS-BO,21.406221232144436
1025,60,BASS-BO,21.406221232144436
1025,61,BASS-BO,21.406221232144436
1025,62,BASS-BO,21.406221232144436
1025,63,BASS-BO,21.406221232144436
1025,64,BASS-BO,21.406221232144436
1025,65,BASS-BO,21.406221232144436
1025,66,BASS-BO,21.406221232144436
1025,67,BASS-BO,21.406221232144436
1025,68,BASS-BO,21.406221232144436
1025,69,BASS-BO,21.406221232144436
1025,70,BASS-BO,21.406221232144436
1025,71,BASS-BO,21.406221232144436
1025,72,BASS-BO,21.406221232144436
1025,73,BASS-BO,21.406221232144436
1025,74,BASS-BO,21.406221232144436
1025,75,BASS-BO,21.406221232144436
1025,76,BASS-BO,21.406221232144436
1025,77,BASS-BO,21.406221232144436
1025,78,BASS-BO,21.406221232144436
1025,79,BASS-BO,21.406221232144436
1025,80,BASS-BO,21.406221232144436
1025,0,GP-BO,25.743223290656168
1025,1,GP-BO,25.743223290656168
1025,2,GP-BO,25.743223290656168
1025,3,GP-BO,25.743223290656168
1025,4,GP-BO,25.743223290656168
1025,5,GP-BO,25.743223290656168
1025,6,GP-BO,25.743223290656168
1025,7,GP-BO,25.743223290656168
1025,8,GP-BO,25.743223290656168
1025,9,GP-BO,25.743223290656168
1025,10,GP-BO,25.743223290656168
1025,11,GP-BO,25.743223290656168
1025,12,GP-BO,15.092327637310916
1025,13,GP-BO,15.092327637310916
1025,14,GP-BO,15.092327637310916
1025,15,GP-BO,15.092327637310916
1025,16,GP-BO,15.092327637310916
1025,17,GP-BO,15.092327637310916
1025,18,GP-BO,15.092327637310916
1025,19,GP-BO,15.092327637310916
1025,20,GP-BO,15.092327637310916
1025,21,GP-BO,15.092327637310916
1025,22,GP-BO,15.092327637310916
1025,23,GP-BO,15.092327637310916
1025,24,GP-BO,15.092327637310916
1025,25,GP-BO,15.092327637310916
1025,26,GP-BO,15.092327637310916
1025,27,GP-BO,15.092327637310916
1025,28,GP-BO,12.996376919084195
1025,29,GP-BO,12.585275971944995
1025,30,GP-BO,12.28180879465043
1025,31,GP-BO,11.170297437373915
1025,32,GP-BO,11.170297437373915
1025,33,GP-BO,11.170297437373915
1025,34,GP-BO,11.091410541144043
1025,35,GP-BO,11.069506439533924
1025,36,GP-BO,11.069506439533924
1025,37,GP-BO,11.069506439533924
1025,38,GP-BO,11.069506439533924
1025,39,GP-BO,11.069506439533924
1025,40,GP-BO,11.069506439533924
1025,41,GP-BO,11.069506439533924
1025,42,GP-BO,11.069506439533924
1025,43,GP-BO,11.069506439533924
1025,44,GP-BO,11.069506439533924
1025,45,GP-BO,11.069506439533924
1025,46,GP-BO,11.069506439533924
1025,47,GP-BO,11.069506439533924
1025,48,GP-BO,11.069506439533924
1025,49,GP-BO,11.069506439533924
1025,50,GP-BO,11.069506439533924
1025,51,GP-BO,11.03570674753032
1025,52,GP-BO,11.03570674753032
1025,53,GP-BO,11.03570674753032
1025,54,GP-BO,11.03570674753032
1025,55,GP-BO,11.03570674753032
1025,56,GP-BO,11.03570674753032
1025,57,GP-BO,10.986278654376562
1025,58,GP-BO,10.986278654376562
1025,59,GP-BO,10.986278654376562
1025,60,GP-BO,10.986278654376562
1025,61,GP-BO,10.986278654376562
1025,62,GP-BO,10.986278654376562
1025,63,GP-BO,10.986278654376562
1025,64,GP-BO,10.986278654376562
1025,65,GP-BO,10.986278654376562
1025,66,GP-BO,10.986278654376562
1025,67,GP-BO,10.986278654376562
1025,68,GP-BO,10.986278654376562
1025,69,GP-BO,10.986278654376562
1025,70,GP-BO,10.986278654376562
1025,71,GP-BO,10.986278654376562
1025,72,GP-BO,10.986278654376562
1025,73,GP-BO,10.986278654376562
1025,74,GP-BO,10.986278654376562
1025,75,GP-BO,10.986278654376562
1025,76,GP-BO,10.986278654376562
1025,77,GP-BO,10.986278654376562
1025,78,GP-BO,10.986278654376562
1025,79,GP-BO,10.986278654376562
1025,80,GP-BO,10.986278654376562
1025,0,Random,25.743223290656168
1025,1,Random,25.743223290656168
1025,2,Random,25.743223290656168
1025,3,Random,25.743223290656168
1025,4,Random,25.743223290656168
1025,5,Random,25.743223290656168
1025,6,Random,25.743223290656168
1025,7,Random,25.743223290656168
1025,8,Random,25.743223290656168
1025,9,Random,25.743223290656168
1025,10,Random,25.743223290656168
1025,11,Random,25.743223290656168
1025,12,Random,25.743223290656168
1025,13,Random,25.743223290656168
1025,14,Random,25.743223290656168
1025,15,Random,25.743223290656168
1025,16,Random,25.743223290656168
1025,17,Random,25.743223290656168
1025,18,Random,25.743223290656168
1025,19,Random,25.743223290656168
1025,20,Random,25.743223290656168
1025,21,Random,25.743223290656168
1025,22,Random,25.743223290656168
1025,23,Random,25.743223290656168
1025,24,Random,25.743223290656168
1025,25,Random,25.743223290656168
1025,26,Random,25.743223290656168
1025,27,Random,25.743223290656168
1025,28,Random,25.743223290656168
1025,29,Random,25.743223290656168
1025,30,Random,25.743223290656168
1025,31,Random,25.743223290656168
1025,32,Random,25.743223290656168
1025,33,Random,25.743223290656168
1025,34,Random,25.743223290656168
1025,35,Random,25.743223290656168
1025,36,Random,25.743223290656168
1025,37,Random,25.743223290656168
1025,38,Random,25.743223290656168
1025,39,Random,25.743223290656168
1025,40,Random,25.743223290656168
1025,41,Random,25.743223290656168
1025,42,Random,25.743223290656168
1025,43,Random,25.743223290656168
1025,44,Random,25.743223290656168
1025,45,Random,25.743223290656168
1025,46,Random,25.743223290656168
1025,47,Random,25.743223290656168
1025,48,Random,25.743223290656168
1025,49,Random,25.743223290656168
1025,50,Random,25.743223290656168
1025,51,Random,25.743223290656168
1025,52,Random,25.743223290656168
1025,53,Random,25.743223290656168
1025,54,Random,25.743223290656168
1025,55,Random,25.743223290656168
1025,56,Random,25.743223290656168
1025,57,Random,25.743223290656168
1025,58,Random,25.743223290656168
1025,59,Random,25.743223290656168
1025,60,Random,25.743223290656168
1025,61,Random,25.743223290656168
1025,62,Random,25.743223290656168
1025,63,Random,25.743223290656168
1025,64,Random,25.743223290656168
1025,65,Random,25.743223290656168
1025,66,Random,25.743223290656168
1025,67,Random,25.743223290656168
1025,68,Random,25.743223290656168
1025,69,Random,25.743223290656168
1025,70,Random,25.743223290656168
1025,71,Random,25.743223290656168
1025,72,Random,25.743223290656168
1025,73,Random,25.743223290656168
1025,74,Random,25.743223290656168
1025,75,Random,25.743223290656168
1025,76,Random,25.743223290656168
1025,77,Random,25.743223290656168
1025,78,Random,25.743223290656168
1025,79,Random,25.743223290656168
1025,80,Random,25.743223290656168
